code,indicator,year,value,standard_error
AS,land,1850,0.1,0
AS,land,1851,-0.3,0
AS,land,1852,0,0
AS,land,1853,0.3,0.1
AS,land,1854,0.1,0.1
AS,land,1855,-0.2,0
AS,land,1856,-0.2,0.1
AS,land,1857,-0.5,0
AS,land,1858,-0.2,0.1
AS,land,1859,0.1,0
AS,land,1860,-0.3,0
AS,land,1861,-0.6,0.1
AS,land,1862,-0.4,0
AS,land,1863,-0.4,0
AS,land,1864,-0.3,0
AS,land,1865,-0.3,0
AS,land,1866,-0.3,0
AS,land,1867,-0.2,0
AS,land,1868,-0.2,0.1
AS,land,1869,-0.1,0.1
AS,land,1870,-0.4,0
AS,land,1871,-0.1,0
AS,land,1872,-0.1,0.1
AS,land,1873,-0.5,0
AS,land,1874,-0.1,0.1
AS,land,1875,-0.2,0.1
AS,land,1876,-0.2,0
AS,land,1877,-0.2,0
AS,land,1878,-0.2,0.1
AS,land,1879,-0.4,0.1
AS,land,1880,-0.3,0
AS,land,1881,0.1,0.1
AS,land,1882,0,0.1
AS,land,1883,-0.4,0.1
AS,land,1884,-0.4,0.1
AS,land,1885,-0.5,0.1
AS,land,1886,-0.4,0.1
AS,land,1887,-0.4,0.1
AS,land,1888,-0.1,0
AS,land,1889,-0.2,0
AS,land,1890,-0.5,0.1
AS,land,1891,-0.4,0.1
AS,land,1892,-0.3,0.1
AS,land,1893,-0.7,0.1
AS,land,1894,-0.3,0.1
AS,land,1895,-0.2,0.1
AS,land,1896,-0.3,0.1
AS,land,1897,-0.2,0.1
AS,land,1898,-0.3,0
AS,land,1899,-0.2,0.1
AS,land,1900,0.2,0.1
AS,land,1901,0.1,0.1
AS,land,1902,-0.4,0.1
AS,land,1903,-0.2,0.1
AS,land,1904,-0.6,0.1
AS,land,1905,-0.4,0
AS,land,1906,-0.3,0.1
AS,land,1907,-0.4,0.1
AS,land,1908,-0.5,0.1
AS,land,1909,-0.8,0.1
AS,land,1910,-0.9,0
AS,land,1911,-0.6,0.1
AS,land,1912,-0.3,0
AS,land,1913,-0.5,0
AS,land,1914,-0.3,0.1
AS,land,1915,-0.2,0.1
AS,land,1916,-0.5,0.1
AS,land,1917,-1.1,0.1
AS,land,1918,-0.6,0.1
AS,land,1919,-0.8,0.1
AS,land,1920,-0.5,0.1
AS,land,1921,-0.5,0.1
AS,land,1922,-0.2,0.1
AS,land,1923,-0.4,0
AS,land,1924,-0.2,0.1
AS,land,1925,-0.3,0.1
AS,land,1926,-0.2,0.1
AS,land,1927,-0.4,0.1
AS,land,1928,-0.3,0.1
AS,land,1929,-0.3,0
AS,land,1930,-0.3,0.1
AS,land,1931,-0.2,0
AS,land,1932,-0.2,0
AS,land,1933,-0.6,0.1
AS,land,1934,-0.4,0.1
AS,land,1935,-0.4,0.1
AS,land,1936,-0.3,0
AS,land,1937,-0.3,0
AS,land,1938,-0.4,0
AS,land,1939,-0.6,0
AS,land,1940,0,0.1
AS,land,1941,0.1,0
AS,land,1942,0,0.1
AS,land,1943,-0.1,0.1
AS,land,1944,0.1,0.1
AS,land,1945,0.1,0
AS,land,1946,0.2,0.1
AS,land,1947,0.1,0.1
AS,land,1948,-0.2,0.1
AS,land,1949,-0.2,0
AS,land,1950,-0.4,0.1
AS,land,1951,-0.1,0
AS,land,1952,0,0
AS,land,1953,0.1,0.1
AS,land,1954,-0.1,0.1
AS,land,1955,-0.4,0.1
AS,land,1956,-0.4,0.1
AS,land,1957,-0.2,0
AS,land,1958,0,0
AS,land,1959,0.1,0.1
AS,land,1960,-0.1,0.1
AS,land,1961,0,0.1
AS,land,1962,-0.1,0
AS,land,1963,0,0
AS,land,1964,-0.2,0.1
AS,land,1965,-0.3,0
AS,land,1966,0.1,0
AS,land,1967,-0.3,0
AS,land,1968,-0.1,0.1
AS,land,1969,0.3,0
AS,land,1970,0,0.1
AS,land,1971,-0.3,0.1
AS,land,1972,-0.2,0
AS,land,1973,0,0.1
AS,land,1974,-0.4,0.1
AS,land,1975,-0.4,0.1
AS,land,1976,-0.4,0.1
AS,land,1977,0,0
AS,land,1978,0,0.1
AS,land,1979,0,0
AS,land,1980,0.2,0
AS,land,1981,-0.1,0.1
AS,land,1982,0,0.1
AS,land,1983,-0.2,0.1
AS,land,1984,0,0.1
AS,land,1985,-0.2,0
AS,land,1986,0,0
AS,land,1987,0,0.1
AS,land,1988,0.1,0.1
AS,land,1989,-0.2,0.1
AS,land,1990,0.1,0.1
AS,land,1991,0.4,0
AS,land,1992,0.2,0.1
AS,land,1993,0.1,0
AS,land,1994,0.3,0
AS,land,1995,0.3,0
AS,land,1996,0.1,0
AS,land,1997,-0.1,0.1
AS,land,1998,-0.2,0
AS,land,1999,0,0
AS,land,2000,0.2,0
AS,land,2001,0.2,0
AS,land,2002,0.4,0
AS,land,2003,0.5,0
AS,land,2004,0.5,0
AS,land,2005,0.6,0
AS,land,2006,0.5,0
AS,land,2007,0.5,0.1
AS,land,2008,0,0.1
AS,land,2009,0.4,0
AS,land,2010,0.4,0.1
AS,land,2011,0,0.1
AS,land,2012,0.4,0.1
AS,land,2013,0.5,0
AS,land,2014,0.6,0
AS,land,2015,0.5,0.1
AS,land,2016,0.6,0
AS,land,2017,0.6,0
AS,land,2018,0.6,0.1
AS,land,2019,0.7,0
AS,land,2020,0.6,0.1
AS,land,2021,0.3,0
AS,land,2022,0.2,0
AS,land,2023,0.6,0
AS,land,2024,0.8,0.1
AS,land,2025,0.5,0
CK,land,1850,-0.2,0.1
CK,land,1851,-0.3,0.1
CK,land,1852,-0.1,0.1
CK,land,1853,0.4,0.1
CK,land,1854,0.3,0.1
CK,land,1855,-0.2,0
CK,land,1856,-0.2,0.1
CK,land,1857,-0.6,0.1
CK,land,1858,-0.1,0.1
CK,land,1859,0.2,0.1
CK,land,1860,-0.1,0.1
CK,land,1861,-0.5,0.1
CK,land,1862,-0.4,0
CK,land,1863,-0.5,0
CK,land,1864,-0.2,0
CK,land,1865,-0.2,0
CK,land,1866,-0.2,0
CK,land,1867,-0.3,0
CK,land,1868,-0.1,0.1
CK,land,1869,-0.2,0.1
CK,land,1870,-0.3,0.1
CK,land,1871,0.1,0
CK,land,1872,0,0.1
CK,land,1873,-0.4,0
CK,land,1874,-0.1,0.2
CK,land,1875,-0.1,0.1
CK,land,1876,0,0.1
CK,land,1877,0,0.1
CK,land,1878,-0.1,0.1
CK,land,1879,-0.2,0.1
CK,land,1880,-0.2,0
CK,land,1881,0,0.1
CK,land,1882,0,0
CK,land,1883,-0.4,0.1
CK,land,1884,-0.6,0.1
CK,land,1885,-0.6,0.1
CK,land,1886,-0.6,0.1
CK,land,1887,-0.5,0.1
CK,land,1888,-0.3,0
CK,land,1889,0,0.1
CK,land,1890,-0.6,0.1
CK,land,1891,-0.4,0.1
CK,land,1892,-0.2,0
CK,land,1893,-0.6,0.1
CK,land,1894,-0.2,0.1
CK,land,1895,-0.1,0.1
CK,land,1896,-0.3,0.1
CK,land,1897,-0.1,0.1
CK,land,1898,-0.1,0.1
CK,land,1899,0,0.1
CK,land,1900,0.1,0.1
CK,land,1901,0.6,0.1
CK,land,1902,-0.2,0.1
CK,land,1903,0,0.1
CK,land,1904,-0.6,0.1
CK,land,1905,-0.4,0.1
CK,land,1906,0,0.1
CK,land,1907,-0.4,0.1
CK,land,1908,-0.4,0
CK,land,1909,-0.8,0.1
CK,land,1910,-0.7,0.1
CK,land,1911,-0.6,0.1
CK,land,1912,-0.3,0
CK,land,1913,-0.4,0.1
CK,land,1914,-0.3,0.1
CK,land,1915,0,0.1
CK,land,1916,-0.1,0.1
CK,land,1917,-0.8,0.1
CK,land,1918,-0.4,0
CK,land,1919,-0.6,0.1
CK,land,1920,-0.2,0.1
CK,land,1921,-0.4,0.2
CK,land,1922,-0.1,0.1
CK,land,1923,-0.4,0.1
CK,land,1924,-0.2,0.1
CK,land,1925,-0.4,0.1
CK,land,1926,-0.2,0.1
CK,land,1927,-0.2,0
CK,land,1928,-0.2,0.1
CK,land,1929,-0.3,0
CK,land,1930,-0.3,0.1
CK,land,1931,-0.2,0
CK,land,1932,-0.1,0
CK,land,1933,-0.6,0.1
CK,land,1934,-0.4,0
CK,land,1935,-0.4,0.1
CK,land,1936,-0.4,0
CK,land,1937,-0.3,0
CK,land,1938,-0.5,0
CK,land,1939,-0.5,0.1
CK,land,1940,0,0.1
CK,land,1941,0.1,0.1
CK,land,1942,0.2,0.1
CK,land,1943,0.1,0.1
CK,land,1944,0.3,0.1
CK,land,1945,0.2,0.1
CK,land,1946,0.2,0.1
CK,land,1947,0.1,0.1
CK,land,1948,-0.2,0.1
CK,land,1949,0,0.1
CK,land,1950,-0.2,0
CK,land,1951,0,0
CK,land,1952,0.3,0.1
CK,land,1953,0.2,0.1
CK,land,1954,0,0.1
CK,land,1955,-0.3,0
CK,land,1956,-0.4,0.1
CK,land,1957,-0.1,0.1
CK,land,1958,0,0.1
CK,land,1959,0.1,0.1
CK,land,1960,0,0.1
CK,land,1961,0,0.1
CK,land,1962,-0.3,0
CK,land,1963,0,0
CK,land,1964,-0.1,0.1
CK,land,1965,-0.2,0.1
CK,land,1966,0,0.1
CK,land,1967,-0.2,0.1
CK,land,1968,-0.1,0.1
CK,land,1969,0.2,0.1
CK,land,1970,0.1,0.1
CK,land,1971,-0.3,0.1
CK,land,1972,-0.1,0.1
CK,land,1973,0.3,0.1
CK,land,1974,-0.3,0.1
CK,land,1975,-0.4,0
CK,land,1976,-0.4,0.1
CK,land,1977,-0.1,0.1
CK,land,1978,-0.2,0.1
CK,land,1979,-0.3,0.1
CK,land,1980,0,0.1
CK,land,1981,-0.2,0.1
CK,land,1982,0,0.1
CK,land,1983,-0.3,0.1
CK,land,1984,-0.1,0.1
CK,land,1985,-0.3,0
CK,land,1986,-0.2,0.1
CK,land,1987,0,0
CK,land,1988,0.2,0.1
CK,land,1989,-0.1,0.1
CK,land,1990,-0.1,0.1
CK,land,1991,0.3,0
CK,land,1992,0.3,0.1
CK,land,1993,0.1,0
CK,land,1994,0.2,0.1
CK,land,1995,0.2,0.1
CK,land,1996,0.1,0
CK,land,1997,0,0.1
CK,land,1998,0,0.1
CK,land,1999,0.2,0
CK,land,2000,0.2,0.1
CK,land,2001,0.2,0.1
CK,land,2002,0.4,0
CK,land,2003,0.5,0
CK,land,2004,0.6,0
CK,land,2005,0.5,0.1
CK,land,2006,0.5,0
CK,land,2007,0.5,0.1
CK,land,2008,0.2,0.1
CK,land,2009,0.5,0
CK,land,2010,0.6,0.1
CK,land,2011,0.1,0.1
CK,land,2012,0.3,0.1
CK,land,2013,0.4,0.1
CK,land,2014,0.5,0
CK,land,2015,0.4,0
CK,land,2016,0.6,0.1
CK,land,2017,0.6,0.1
CK,land,2018,0.4,0.1
CK,land,2019,0.6,0
CK,land,2020,0.6,0.1
CK,land,2021,0.5,0
CK,land,2022,0.2,0
CK,land,2023,0.5,0.1
CK,land,2024,0.6,0.1
CK,land,2025,0.5,0
FJ,land,1850,-0.1,0
FJ,land,1851,-0.2,0
FJ,land,1852,-0.2,0
FJ,land,1853,-0.1,0.2
FJ,land,1854,-0.4,0.1
FJ,land,1855,-0.4,0.1
FJ,land,1856,-0.5,0.1
FJ,land,1857,0.1,0.1
FJ,land,1858,-0.2,0
FJ,land,1859,0,0
FJ,land,1860,0,0
FJ,land,1861,-0.1,0.1
FJ,land,1862,-0.1,0.1
FJ,land,1863,0,0.1
FJ,land,1864,0,0.1
FJ,land,1865,-0.1,0
FJ,land,1866,0,0
FJ,land,1867,0.1,0.1
FJ,land,1868,0,0.1
FJ,land,1869,0,0.1
FJ,land,1870,0.1,0.1
FJ,land,1871,0.1,0.1
FJ,land,1872,0.2,0.1
FJ,land,1873,0.1,0.1
FJ,land,1874,0.1,0.2
FJ,land,1875,0,0.1
FJ,land,1876,-0.1,0
FJ,land,1877,-0.5,0.1
FJ,land,1878,-0.3,0.1
FJ,land,1879,0.2,0.1
FJ,land,1880,0,0.1
FJ,land,1881,-0.1,0.1
FJ,land,1882,0,0.1
FJ,land,1883,-0.5,0.1
FJ,land,1884,-0.8,0.1
FJ,land,1885,-1.1,0.1
FJ,land,1886,-0.7,0.1
FJ,land,1887,-0.5,0.1
FJ,land,1888,-0.8,0.1
FJ,land,1889,-0.4,0.1
FJ,land,1890,-0.3,0.1
FJ,land,1891,-0.3,0.1
FJ,land,1892,-0.4,0.1
FJ,land,1893,0,0.1
FJ,land,1894,-0.5,0.1
FJ,land,1895,-0.4,0.1
FJ,land,1896,-0.5,0.1
FJ,land,1897,-0.5,0.1
FJ,land,1898,-0.1,0
FJ,land,1899,-0.2,0.1
FJ,land,1900,-0.7,0.1
FJ,land,1901,-0.4,0.1
FJ,land,1902,-1,0.1
FJ,land,1903,-0.8,0.1
FJ,land,1904,-0.6,0.1
FJ,land,1905,-1.1,0.1
FJ,land,1906,-0.6,0.1
FJ,land,1907,-0.6,0
FJ,land,1908,-0.5,0
FJ,land,1909,-0.5,0.1
FJ,land,1910,-0.3,0.1
FJ,land,1911,-0.5,0
FJ,land,1912,-0.7,0
FJ,land,1913,-0.8,0.1
FJ,land,1914,-0.8,0.1
FJ,land,1915,-0.5,0.1
FJ,land,1916,0,0.1
FJ,land,1917,-0.1,0.1
FJ,land,1918,-0.5,0
FJ,land,1919,-0.9,0.1
FJ,land,1920,-0.5,0.1
FJ,land,1921,-0.6,0.1
FJ,land,1922,-0.2,0
FJ,land,1923,-0.5,0.1
FJ,land,1924,-0.1,0.1
FJ,land,1925,-0.4,0.1
FJ,land,1926,-0.7,0.1
FJ,land,1927,-0.2,0.1
FJ,land,1928,-0.5,0.1
FJ,land,1929,-0.5,0.1
FJ,land,1930,-0.8,0.1
FJ,land,1931,-0.7,0.1
FJ,land,1932,-0.4,0
FJ,land,1933,-0.4,0.1
FJ,land,1934,-0.5,0
FJ,land,1935,-0.3,0.1
FJ,land,1936,-0.3,0.1
FJ,land,1937,-0.2,0.1
FJ,land,1938,-0.2,0.1
FJ,land,1939,-0.5,0.1
FJ,land,1940,-0.7,0
FJ,land,1941,-0.6,0
FJ,land,1942,-0.3,0.1
FJ,land,1943,0.3,0.1
FJ,land,1944,0.1,0.1
FJ,land,1945,0,0.1
FJ,land,1946,-0.3,0.1
FJ,land,1947,-0.1,0.1
FJ,land,1948,-0.2,0.1
FJ,land,1949,-0.1,0
FJ,land,1950,0,0.1
FJ,land,1951,-0.1,0.1
FJ,land,1952,0,0.1
FJ,land,1953,-0.1,0.1
FJ,land,1954,-0.2,0.1
FJ,land,1955,-0.1,0.1
FJ,land,1956,0.2,0.1
FJ,land,1957,-0.3,0.1
FJ,land,1958,-0.4,0.1
FJ,land,1959,-0.3,0.1
FJ,land,1960,-0.1,0.1
FJ,land,1961,0,0.1
FJ,land,1962,-0.1,0.1
FJ,land,1963,-0.2,0.1
FJ,land,1964,-0.1,0.1
FJ,land,1965,-0.6,0.1
FJ,land,1966,-0.4,0.1
FJ,land,1967,-0.2,0.1
FJ,land,1968,-0.1,0.1
FJ,land,1969,-0.3,0.1
FJ,land,1970,0.1,0.1
FJ,land,1971,0.1,0.1
FJ,land,1972,-0.2,0
FJ,land,1973,0.2,0.1
FJ,land,1974,0.3,0.1
FJ,land,1975,0.2,0.1
FJ,land,1976,0,0
FJ,land,1977,-0.4,0.1
FJ,land,1978,-0.3,0.1
FJ,land,1979,-0.1,0.1
FJ,land,1980,-0.1,0.1
FJ,land,1981,-0.1,0.1
FJ,land,1982,-0.3,0.1
FJ,land,1983,-0.4,0.1
FJ,land,1984,0.2,0.1
FJ,land,1985,0,0.1
FJ,land,1986,-0.4,0.1
FJ,land,1987,-0.4,0.1
FJ,land,1988,0.3,0.1
FJ,land,1989,0.2,0.1
FJ,land,1990,0.1,0.1
FJ,land,1991,-0.1,0.1
FJ,land,1992,-0.2,0.1
FJ,land,1993,-0.5,0.1
FJ,land,1994,-0.4,0.1
FJ,land,1995,0.2,0.1
FJ,land,1996,0.3,0.1
FJ,land,1997,-0.2,0.1
FJ,land,1998,0,0.1
FJ,land,1999,0.4,0
FJ,land,2000,0.5,0
FJ,land,2001,0.4,0
FJ,land,2002,0.3,0.1
FJ,land,2003,0.2,0.1
FJ,land,2004,0.2,0
FJ,land,2005,0.3,0.1
FJ,land,2006,0.2,0.1
FJ,land,2007,0.4,0.1
FJ,land,2008,0.6,0.1
FJ,land,2009,0.1,0.1
FJ,land,2010,0.4,0.1
FJ,land,2011,0.6,0.1
FJ,land,2012,0.4,0.1
FJ,land,2013,0.6,0.1
FJ,land,2014,0.4,0.1
FJ,land,2015,-0.2,0.1
FJ,land,2016,0.4,0.1
FJ,land,2017,0.5,0.1
FJ,land,2018,0.5,0
FJ,land,2019,0.4,0.1
FJ,land,2020,0.6,0.1
FJ,land,2021,0.7,0.1
FJ,land,2022,1.1,0.1
FJ,land,2023,0.6,0.1
FJ,land,2024,0.6,0
FJ,land,2025,0.7,0.1
FM,land,1850,0,0.1
FM,land,1851,0.1,0.1
FM,land,1852,0,0.1
FM,land,1853,-0.1,0.1
FM,land,1854,-0.2,0.1
FM,land,1855,-0.4,0.1
FM,land,1856,-0.2,0
FM,land,1857,0,0.1
FM,land,1858,-0.5,0.1
FM,land,1859,0.1,0
FM,land,1860,-0.3,0.1
FM,land,1861,-0.8,0.2
FM,land,1862,-0.5,0.1
FM,land,1863,-0.2,0.1
FM,land,1864,-0.1,0.1
FM,land,1865,0,0
FM,land,1866,0,0.1
FM,land,1867,-0.2,0.1
FM,land,1868,-0.2,0.1
FM,land,1869,0.2,0.1
FM,land,1870,0,0.1
FM,land,1871,-0.2,0
FM,land,1872,-0.1,0.1
FM,land,1873,0,0
FM,land,1874,-0.1,0.1
FM,land,1875,-0.3,0.1
FM,land,1876,-0.1,0
FM,land,1877,-0.2,0.1
FM,land,1878,0,0.1
FM,land,1879,-0.2,0.1
FM,land,1880,-0.4,0
FM,land,1881,-0.1,0.1
FM,land,1882,0,0.1
FM,land,1883,-0.4,0.1
FM,land,1884,-0.7,0
FM,land,1885,-0.5,0.1
FM,land,1886,-0.3,0.1
FM,land,1887,0.1,0.1
FM,land,1888,-0.1,0.1
FM,land,1889,0,0.1
FM,land,1890,0.1,0.1
FM,land,1891,0.4,0.1
FM,land,1892,0.2,0.1
FM,land,1893,0.1,0.1
FM,land,1894,0,0.1
FM,land,1895,0.1,0
FM,land,1896,-0.1,0.1
FM,land,1897,0.3,0.1
FM,land,1898,-0.1,0.1
FM,land,1899,-0.3,0.1
FM,land,1900,0,0.1
FM,land,1901,-0.1,0
FM,land,1902,-0.4,0.1
FM,land,1903,-0.5,0.1
FM,land,1904,-0.6,0.1
FM,land,1905,-0.7,0.1
FM,land,1906,-0.5,0.1
FM,land,1907,-0.4,0.1
FM,land,1908,-0.4,0.1
FM,land,1909,-0.4,0
FM,land,1910,-0.4,0
FM,land,1911,-0.7,0
FM,land,1912,-0.7,0
FM,land,1913,-0.7,0
FM,land,1914,-0.6,0.1
FM,land,1915,-0.4,0.1
FM,land,1916,-0.3,0.1
FM,land,1917,-0.6,0.1
FM,land,1918,-0.8,0.1
FM,land,1919,-0.9,0.1
FM,land,1920,-0.7,0.1
FM,land,1921,-0.1,0
FM,land,1922,-0.2,0.1
FM,land,1923,-0.4,0
FM,land,1924,-0.3,0.1
FM,land,1925,-0.2,0
FM,land,1926,-0.3,0
FM,land,1927,-0.2,0.1
FM,land,1928,-0.3,0.1
FM,land,1929,-0.4,0.1
FM,land,1930,-0.5,0
FM,land,1931,-0.3,0
FM,land,1932,-0.4,0
FM,land,1933,-0.4,0
FM,land,1934,-0.3,0
FM,land,1935,-0.4,0
FM,land,1936,-0.4,0
FM,land,1937,-0.3,0
FM,land,1938,-0.3,0
FM,land,1939,-0.3,0
FM,land,1940,-0.4,0
FM,land,1941,-0.3,0
FM,land,1942,-0.3,0.1
FM,land,1943,0.3,0.1
FM,land,1944,0.2,0.1
FM,land,1945,0.3,0
FM,land,1946,0.2,0.1
FM,land,1947,-0.1,0.1
FM,land,1948,-0.2,0
FM,land,1949,-0.4,0.1
FM,land,1950,-0.1,0.1
FM,land,1951,-0.2,0.1
FM,land,1952,-0.3,0
FM,land,1953,-0.2,0
FM,land,1954,-0.2,0
FM,land,1955,-0.4,0.1
FM,land,1956,-0.2,0.1
FM,land,1957,-0.2,0
FM,land,1958,-0.4,0
FM,land,1959,-0.3,0
FM,land,1960,-0.1,0
FM,land,1961,-0.2,0
FM,land,1962,-0.1,0
FM,land,1963,0,0
FM,land,1964,0,0
FM,land,1965,-0.4,0.1
FM,land,1966,-0.3,0.1
FM,land,1967,-0.2,0
FM,land,1968,-0.1,0
FM,land,1969,-0.1,0
FM,land,1970,0,0
FM,land,1971,-0.1,0.1
FM,land,1972,-0.5,0
FM,land,1973,-0.2,0.1
FM,land,1974,-0.2,0
FM,land,1975,-0.3,0
FM,land,1976,-0.3,0.1
FM,land,1977,-0.2,0
FM,land,1978,-0.1,0
FM,land,1979,-0.2,0
FM,land,1980,-0.2,0
FM,land,1981,0.1,0.1
FM,land,1982,-0.1,0.1
FM,land,1983,-0.2,0.1
FM,land,1984,0.1,0
FM,land,1985,0,0
FM,land,1986,0,0.1
FM,land,1987,-0.1,0
FM,land,1988,0.2,0
FM,land,1989,0.1,0
FM,land,1990,0,0
FM,land,1991,-0.2,0
FM,land,1992,-0.3,0
FM,land,1993,-0.4,0.1
FM,land,1994,0,0.1
FM,land,1995,0.3,0.1
FM,land,1996,0.4,0
FM,land,1997,0,0
FM,land,1998,0.2,0.1
FM,land,1999,0.2,0
FM,land,2000,0.3,0
FM,land,2001,0.4,0
FM,land,2002,0.2,0
FM,land,2003,0.3,0
FM,land,2004,0.2,0.1
FM,land,2005,0.3,0
FM,land,2006,0.3,0.1
FM,land,2007,0.4,0
FM,land,2008,0.3,0.1
FM,land,2009,0.4,0
FM,land,2010,0.5,0.1
FM,land,2011,0.5,0.1
FM,land,2012,0.4,0
FM,land,2013,0.5,0
FM,land,2014,0.6,0
FM,land,2015,0.3,0.1
FM,land,2016,0.6,0.1
FM,land,2017,0.8,0
FM,land,2018,0.6,0
FM,land,2019,0.5,0.1
FM,land,2020,0.8,0.1
FM,land,2021,0.8,0
FM,land,2022,0.7,0
FM,land,2023,0.7,0
FM,land,2024,0.8,0
FM,land,2025,0.9,0.1
GU,land,1850,-0.2,0.1
GU,land,1851,0.1,0.1
GU,land,1852,0,0.1
GU,land,1853,-0.2,0.1
GU,land,1854,-0.2,0.1
GU,land,1855,-0.6,0.1
GU,land,1856,-0.3,0
GU,land,1857,-0.1,0.1
GU,land,1858,-0.6,0.1
GU,land,1859,0,0.1
GU,land,1860,-0.4,0.1
GU,land,1861,-0.7,0.1
GU,land,1862,-0.6,0.1
GU,land,1863,-0.3,0.1
GU,land,1864,-0.2,0.1
GU,land,1865,-0.1,0
GU,land,1866,0,0.1
GU,land,1867,-0.2,0.1
GU,land,1868,-0.2,0.1
GU,land,1869,0.1,0.1
GU,land,1870,0.1,0.1
GU,land,1871,-0.1,0.1
GU,land,1872,0,0.1
GU,land,1873,0.1,0.1
GU,land,1874,-0.1,0.1
GU,land,1875,-0.2,0.1
GU,land,1876,0.1,0.1
GU,land,1877,-0.1,0.1
GU,land,1878,0.2,0.1
GU,land,1879,-0.1,0.1
GU,land,1880,-0.5,0.1
GU,land,1881,-0.1,0.1
GU,land,1882,-0.2,0.1
GU,land,1883,-0.5,0.1
GU,land,1884,-0.7,0.1
GU,land,1885,-0.7,0.1
GU,land,1886,-0.4,0.1
GU,land,1887,0,0.1
GU,land,1888,-0.2,0.1
GU,land,1889,0,0.1
GU,land,1890,0,0.1
GU,land,1891,0.3,0.1
GU,land,1892,0.2,0.1
GU,land,1893,0,0.1
GU,land,1894,-0.1,0.1
GU,land,1895,0,0
GU,land,1896,-0.1,0.1
GU,land,1897,0.3,0.1
GU,land,1898,0,0.1
GU,land,1899,-0.4,0.1
GU,land,1900,-0.1,0.1
GU,land,1901,-0.1,0
GU,land,1902,-0.4,0.1
GU,land,1903,-0.7,0.1
GU,land,1904,-0.6,0.1
GU,land,1905,-0.7,0
GU,land,1906,-0.5,0.1
GU,land,1907,-0.4,0.1
GU,land,1908,-0.3,0.1
GU,land,1909,-0.4,0.1
GU,land,1910,-0.2,0
GU,land,1911,-0.6,0.1
GU,land,1912,-0.7,0
GU,land,1913,-0.7,0
GU,land,1914,-0.7,0
GU,land,1915,-0.5,0.1
GU,land,1916,-0.4,0.1
GU,land,1917,-0.4,0.1
GU,land,1918,-0.8,0.1
GU,land,1919,-0.9,0.1
GU,land,1920,-0.8,0.1
GU,land,1921,-0.1,0
GU,land,1922,-0.2,0.1
GU,land,1923,-0.6,0.1
GU,land,1924,-0.4,0.1
GU,land,1925,-0.2,0
GU,land,1926,-0.3,0
GU,land,1927,-0.1,0.1
GU,land,1928,-0.4,0.1
GU,land,1929,-0.4,0.1
GU,land,1930,-0.6,0.1
GU,land,1931,-0.3,0.1
GU,land,1932,-0.5,0
GU,land,1933,-0.4,0
GU,land,1934,-0.3,0.1
GU,land,1935,-0.4,0
GU,land,1936,-0.4,0.1
GU,land,1937,-0.3,0.1
GU,land,1938,-0.2,0
GU,land,1939,-0.2,0.1
GU,land,1940,-0.4,0
GU,land,1941,-0.4,0
GU,land,1942,-0.4,0.1
GU,land,1943,0.2,0.1
GU,land,1944,0.2,0
GU,land,1945,0.3,0
GU,land,1946,0.2,0.1
GU,land,1947,0,0.1
GU,land,1948,-0.2,0
GU,land,1949,-0.2,0.1
GU,land,1950,-0.1,0.1
GU,land,1951,-0.1,0.1
GU,land,1952,-0.2,0
GU,land,1953,-0.1,0
GU,land,1954,-0.2,0
GU,land,1955,-0.3,0.1
GU,land,1956,-0.3,0
GU,land,1957,-0.3,0
GU,land,1958,-0.5,0
GU,land,1959,-0.3,0.1
GU,land,1960,-0.1,0
GU,land,1961,-0.2,0.1
GU,land,1962,-0.2,0
GU,land,1963,-0.2,0
GU,land,1964,-0.1,0
GU,land,1965,-0.4,0.1
GU,land,1966,-0.3,0.1
GU,land,1967,-0.3,0.1
GU,land,1968,-0.2,0
GU,land,1969,-0.1,0.1
GU,land,1970,0,0
GU,land,1971,0,0.1
GU,land,1972,-0.6,0
GU,land,1973,-0.2,0.1
GU,land,1974,-0.1,0.1
GU,land,1975,-0.1,0
GU,land,1976,-0.2,0.1
GU,land,1977,-0.2,0
GU,land,1978,-0.2,0
GU,land,1979,-0.2,0
GU,land,1980,-0.2,0
GU,land,1981,0.1,0.1
GU,land,1982,-0.1,0.1
GU,land,1983,-0.2,0.1
GU,land,1984,0.2,0.1
GU,land,1985,0,0
GU,land,1986,0,0.1
GU,land,1987,-0.1,0
GU,land,1988,0.3,0
GU,land,1989,0.2,0.1
GU,land,1990,-0.1,0
GU,land,1991,-0.2,0.1
GU,land,1992,-0.4,0
GU,land,1993,-0.3,0.1
GU,land,1994,0,0.1
GU,land,1995,0.2,0.1
GU,land,1996,0.4,0
GU,land,1997,0,0
GU,land,1998,0.2,0.1
GU,land,1999,0.4,0.1
GU,land,2000,0.4,0
GU,land,2001,0.5,0.1
GU,land,2002,0.3,0.1
GU,land,2003,0.3,0
GU,land,2004,0.1,0.1
GU,land,2005,0.2,0.1
GU,land,2006,0.1,0.1
GU,land,2007,0.4,0.1
GU,land,2008,0.5,0
GU,land,2009,0.4,0.1
GU,land,2010,0.3,0.1
GU,land,2011,0.5,0.1
GU,land,2012,0.4,0.1
GU,land,2013,0.5,0
GU,land,2014,0.5,0
GU,land,2015,0.2,0
GU,land,2016,0.4,0.1
GU,land,2017,0.8,0
GU,land,2018,0.6,0.1
GU,land,2019,0.6,0.1
GU,land,2020,0.7,0.1
GU,land,2021,0.8,0.1
GU,land,2022,0.7,0
GU,land,2023,0.7,0
GU,land,2024,0.6,0.1
GU,land,2025,0.9,0.1
KI,land,1850,0.1,0.1
KI,land,1851,-0.5,0.1
KI,land,1852,-0.1,0.1
KI,land,1853,0,0.1
KI,land,1854,0,0.1
KI,land,1855,0.2,0.2
KI,land,1856,-0.4,0.2
KI,land,1857,-0.6,0.1
KI,land,1858,-0.1,0.1
KI,land,1859,0.2,0
KI,land,1860,-0.4,0.1
KI,land,1861,-0.5,0.1
KI,land,1862,-0.4,0
KI,land,1863,-0.4,0
KI,land,1864,-0.3,0
KI,land,1865,-0.3,0
KI,land,1866,-0.3,0
KI,land,1867,-0.4,0
KI,land,1868,-0.4,0
KI,land,1869,-0.5,0.1
KI,land,1870,-1,0.1
KI,land,1871,-0.3,0
KI,land,1872,-0.5,0.1
KI,land,1873,-0.6,0.1
KI,land,1874,-0.5,0
KI,land,1875,-0.4,0
KI,land,1876,-0.4,0.1
KI,land,1877,0.2,0.1
KI,land,1878,-0.2,0.1
KI,land,1879,-0.9,0
KI,land,1880,-0.4,0.1
KI,land,1881,0.1,0.1
KI,land,1882,0.3,0.1
KI,land,1883,0,0
KI,land,1884,0.1,0.1
KI,land,1885,0,0.1
KI,land,1886,-0.7,0.2
KI,land,1887,-1,0.2
KI,land,1888,0.2,0.1
KI,land,1889,-0.5,0.2
KI,land,1890,-0.8,0.1
KI,land,1891,-0.2,0
KI,land,1892,-0.5,0.1
KI,land,1893,-0.6,0
KI,land,1894,-0.5,0
KI,land,1895,-0.2,0
KI,land,1896,0,0
KI,land,1897,-0.2,0.2
KI,land,1898,-0.7,0.1
KI,land,1899,-0.2,0.2
KI,land,1900,0.4,0
KI,land,1901,-0.1,0.1
KI,land,1902,0.1,0.2
KI,land,1903,-0.1,0.2
KI,land,1904,-0.6,0.1
KI,land,1905,0.2,0.1
KI,land,1906,-0.5,0.1
KI,land,1907,-0.3,0.1
KI,land,1908,-0.9,0.2
KI,land,1909,-1,0.1
KI,land,1910,-1.4,0.1
KI,land,1911,-0.6,0.1
KI,land,1912,-0.1,0.1
KI,land,1913,-0.4,0.1
KI,land,1914,0.2,0.1
KI,land,1915,-0.2,0.2
KI,land,1916,-1.5,0.2
KI,land,1917,-2.3,0.2
KI,land,1918,-0.3,0.2
KI,land,1919,-0.7,0.2
KI,land,1920,-0.3,0.1
KI,land,1921,-0.7,0.1
KI,land,1922,-0.6,0.1
KI,land,1923,-0.3,0.1
KI,land,1924,-0.6,0.2
KI,land,1925,-0.6,0.2
KI,land,1926,-0.2,0.1
KI,land,1927,-0.8,0.1
KI,land,1928,-0.4,0.1
KI,land,1929,-0.3,0
KI,land,1930,0.1,0.1
KI,land,1931,-0.2,0.1
KI,land,1932,-0.5,0.1
KI,land,1933,-1.1,0.1
KI,land,1934,-0.9,0.2
KI,land,1935,-0.5,0.1
KI,land,1936,-0.4,0
KI,land,1937,-0.5,0.1
KI,land,1938,-1.1,0.1
KI,land,1939,-0.6,0.1
KI,land,1940,0.4,0.1
KI,land,1941,0.7,0
KI,land,1942,-0.1,0.2
KI,land,1943,-0.7,0.1
KI,land,1944,-0.1,0
KI,land,1945,-0.5,0.1
KI,land,1946,0,0.1
KI,land,1947,0,0.1
KI,land,1948,-0.6,0.3
KI,land,1949,-0.8,0.1
KI,land,1950,-1.1,0.1
KI,land,1951,-0.1,0.1
KI,land,1952,-0.2,0.1
KI,land,1953,0,0.1
KI,land,1954,-0.6,0.1
KI,land,1955,-1,0.1
KI,land,1956,-0.8,0.1
KI,land,1957,-0.1,0.1
KI,land,1958,0.4,0.1
KI,land,1959,-0.1,0
KI,land,1960,-0.4,0.1
KI,land,1961,-0.4,0
KI,land,1962,-0.5,0
KI,land,1963,-0.2,0.1
KI,land,1964,-0.8,0.1
KI,land,1965,-0.1,0.1
KI,land,1966,0.3,0.1
KI,land,1967,-0.2,0.1
KI,land,1968,-0.1,0.1
KI,land,1969,0.6,0.1
KI,land,1970,-0.3,0.2
KI,land,1971,-1,0.1
KI,land,1972,0.2,0.1
KI,land,1973,-0.5,0.2
KI,land,1974,-0.9,0.1
KI,land,1975,-1.2,0.2
KI,land,1976,-0.5,0.1
KI,land,1977,0.2,0.1
KI,land,1978,0,0.1
KI,land,1979,0.2,0.1
KI,land,1980,0.4,0
KI,land,1981,-0.1,0.1
KI,land,1982,0.5,0.1
KI,land,1983,0,0.1
KI,land,1984,-0.5,0
KI,land,1985,-0.4,0.1
KI,land,1986,0.2,0.1
KI,land,1987,0.6,0.1
KI,land,1988,-0.4,0.2
KI,land,1989,-0.6,0.1
KI,land,1990,0.5,0.1
KI,land,1991,0.7,0
KI,land,1992,0.5,0
KI,land,1993,0.4,0
KI,land,1994,0.6,0.1
KI,land,1995,0.4,0.1
KI,land,1996,-0.1,0
KI,land,1997,0.6,0
KI,land,1998,-0.3,0.2
KI,land,1999,-0.9,0.1
KI,land,2000,-0.7,0.1
KI,land,2001,0,0.1
KI,land,2002,0.7,0
KI,land,2003,0.6,0
KI,land,2004,0.7,0.1
KI,land,2005,0.5,0.1
KI,land,2006,0.4,0.2
KI,land,2007,0.1,0.2
KI,land,2008,-0.8,0.1
KI,land,2009,0.4,0.2
KI,land,2010,-0.2,0.3
KI,land,2011,-0.6,0.1
KI,land,2012,0,0.2
KI,land,2013,0.1,0
KI,land,2014,0.7,0.1
KI,land,2015,1.2,0
KI,land,2016,0.7,0.1
KI,land,2017,0.3,0.1
KI,land,2018,0.6,0.1
KI,land,2019,0.9,0
KI,land,2020,0.3,0.2
KI,land,2021,-0.2,0.1
KI,land,2022,-0.6,0.1
KI,land,2023,0.7,0.2
KI,land,2024,0.9,0.1
KI,land,2025,0,0.1
MH,land,1850,-0.1,0.1
MH,land,1851,-0.4,0.1
MH,land,1852,0,0.1
MH,land,1853,-0.1,0.1
MH,land,1854,-0.1,0
MH,land,1855,-0.1,0.1
MH,land,1856,-0.3,0.1
MH,land,1857,-0.1,0.1
MH,land,1858,-0.3,0.1
MH,land,1859,0.1,0
MH,land,1860,-0.2,0
MH,land,1861,-0.4,0.1
MH,land,1862,0,0
MH,land,1863,0,0
MH,land,1864,0,0
MH,land,1865,-0.1,0
MH,land,1866,-0.1,0
MH,land,1867,-0.2,0.1
MH,land,1868,-0.2,0.1
MH,land,1869,-0.1,0.1
MH,land,1870,-0.7,0.1
MH,land,1871,-0.4,0
MH,land,1872,-0.5,0
MH,land,1873,-0.5,0
MH,land,1874,-0.3,0.1
MH,land,1875,-0.6,0
MH,land,1876,-0.6,0.1
MH,land,1877,-0.4,0
MH,land,1878,-0.5,0
MH,land,1879,-0.6,0
MH,land,1880,-0.5,0
MH,land,1881,-0.1,0.1
MH,land,1882,0.1,0.1
MH,land,1883,-0.1,0.1
MH,land,1884,-0.2,0.1
MH,land,1885,-0.4,0.1
MH,land,1886,-0.4,0.1
MH,land,1887,-0.5,0.1
MH,land,1888,-0.4,0.1
MH,land,1889,-0.6,0.1
MH,land,1890,-0.4,0.1
MH,land,1891,-0.1,0.1
MH,land,1892,-0.3,0.1
MH,land,1893,-0.2,0.1
MH,land,1894,-0.2,0.1
MH,land,1895,-0.2,0
MH,land,1896,-0.4,0.1
MH,land,1897,-0.3,0.1
MH,land,1898,-0.5,0
MH,land,1899,-0.3,0.1
MH,land,1900,-0.2,0.1
MH,land,1901,-0.1,0.1
MH,land,1902,-0.5,0.1
MH,land,1903,-0.3,0
MH,land,1904,-0.4,0.1
MH,land,1905,-0.4,0.1
MH,land,1906,-0.5,0.1
MH,land,1907,-0.2,0.1
MH,land,1908,-0.7,0.1
MH,land,1909,-0.6,0.1
MH,land,1910,-0.8,0.1
MH,land,1911,-0.6,0
MH,land,1912,-0.6,0.1
MH,land,1913,-0.7,0.1
MH,land,1914,-0.5,0
MH,land,1915,-0.6,0.1
MH,land,1916,-1.1,0.1
MH,land,1917,-1.4,0.2
MH,land,1918,-0.5,0.1
MH,land,1919,-0.9,0.1
MH,land,1920,-0.5,0.1
MH,land,1921,-0.4,0.1
MH,land,1922,-0.4,0.1
MH,land,1923,-0.3,0
MH,land,1924,-0.3,0.1
MH,land,1925,-0.5,0.1
MH,land,1926,-0.3,0.1
MH,land,1927,-0.5,0.1
MH,land,1928,-0.3,0.1
MH,land,1929,-0.2,0
MH,land,1930,-0.3,0.1
MH,land,1931,-0.4,0
MH,land,1932,-0.5,0.1
MH,land,1933,-0.7,0.1
MH,land,1934,-0.5,0.1
MH,land,1935,-0.3,0
MH,land,1936,-0.3,0
MH,land,1937,-0.4,0
MH,land,1938,-0.5,0.1
MH,land,1939,-0.3,0.1
MH,land,1940,0,0
MH,land,1941,0.1,0.1
MH,land,1942,-0.1,0.1
MH,land,1943,0,0.1
MH,land,1944,0.1,0
MH,land,1945,0,0.1
MH,land,1946,0.2,0
MH,land,1947,0.1,0
MH,land,1948,-0.4,0.2
MH,land,1949,-0.6,0.1
MH,land,1950,-0.4,0.1
MH,land,1951,-0.1,0.1
MH,land,1952,-0.3,0.1
MH,land,1953,-0.2,0
MH,land,1954,-0.3,0
MH,land,1955,-0.4,0.1
MH,land,1956,-0.1,0.1
MH,land,1957,-0.1,0.1
MH,land,1958,0.1,0
MH,land,1959,0,0.1
MH,land,1960,-0.1,0
MH,land,1961,-0.1,0
MH,land,1962,0.1,0
MH,land,1963,0.2,0
MH,land,1964,-0.2,0.1
MH,land,1965,-0.1,0
MH,land,1966,0.2,0
MH,land,1967,0.1,0
MH,land,1968,0.2,0
MH,land,1969,0.2,0
MH,land,1970,-0.2,0.1
MH,land,1971,-0.5,0
MH,land,1972,-0.2,0
MH,land,1973,-0.3,0
MH,land,1974,-0.3,0.1
MH,land,1975,-0.7,0.1
MH,land,1976,-0.3,0
MH,land,1977,-0.1,0
MH,land,1978,0,0
MH,land,1979,0.1,0
MH,land,1980,0.2,0
MH,land,1981,0.1,0.1
MH,land,1982,0.1,0.1
MH,land,1983,-0.2,0
MH,land,1984,-0.1,0
MH,land,1985,0,0
MH,land,1986,0.2,0
MH,land,1987,0,0.1
MH,land,1988,0,0.1
MH,land,1989,-0.1,0.1
MH,land,1990,0.4,0
MH,land,1991,0.3,0.1
MH,land,1992,0.1,0.1
MH,land,1993,0,0
MH,land,1994,0.2,0
MH,land,1995,0.3,0
MH,land,1996,0.3,0
MH,land,1997,0.3,0.1
MH,land,1998,-0.3,0
MH,land,1999,-0.3,0
MH,land,2000,-0.1,0.1
MH,land,2001,0.2,0.1
MH,land,2002,0.4,0.1
MH,land,2003,0.5,0
MH,land,2004,0.6,0
MH,land,2005,0.5,0
MH,land,2006,0.4,0
MH,land,2007,0.3,0.1
MH,land,2008,-0.2,0
MH,land,2009,0.4,0.1
MH,land,2010,0,0.1
MH,land,2011,0.2,0
MH,land,2012,0.2,0.1
MH,land,2013,0.4,0
MH,land,2014,0.7,0
MH,land,2015,0.7,0
MH,land,2016,0.5,0
MH,land,2017,0.6,0
MH,land,2018,0.7,0.1
MH,land,2019,0.7,0.1
MH,land,2020,0.5,0.1
MH,land,2021,0.3,0.1
MH,land,2022,0.2,0.1
MH,land,2023,0.6,0.1
MH,land,2024,0.8,0
MH,land,2025,0.4,0
MP,land,1850,-0.4,0.1
MP,land,1851,0.2,0.1
MP,land,1852,0.1,0.1
MP,land,1853,-0.2,0.1
MP,land,1854,-0.1,0.1
MP,land,1855,-0.6,0.1
MP,land,1856,-0.3,0.1
MP,land,1857,-0.1,0.2
MP,land,1858,-0.5,0.1
MP,land,1859,0.1,0.1
MP,land,1860,-0.3,0.1
MP,land,1861,-0.6,0.1
MP,land,1862,-0.6,0.1
MP,land,1863,-0.4,0.1
MP,land,1864,-0.4,0.1
MP,land,1865,-0.1,0.1
MP,land,1866,-0.1,0.1
MP,land,1867,-0.3,0.2
MP,land,1868,-0.3,0.1
MP,land,1869,0.2,0.1
MP,land,1870,0.3,0.2
MP,land,1871,-0.2,0.1
MP,land,1872,0,0
MP,land,1873,0,0.1
MP,land,1874,-0.2,0.1
MP,land,1875,-0.1,0.1
MP,land,1876,0.1,0.1
MP,land,1877,-0.1,0.1
MP,land,1878,0.4,0.1
MP,land,1879,0.1,0.1
MP,land,1880,-0.8,0.2
MP,land,1881,-0.1,0.1
MP,land,1882,-0.1,0.2
MP,land,1883,-0.6,0.2
MP,land,1884,-0.4,0.1
MP,land,1885,-0.8,0.1
MP,land,1886,-0.4,0.1
MP,land,1887,0.1,0.1
MP,land,1888,0,0.1
MP,land,1889,0.1,0.1
MP,land,1890,0.1,0.1
MP,land,1891,0.1,0
MP,land,1892,0.3,0.1
MP,land,1893,-0.2,0.1
MP,land,1894,0,0.1
MP,land,1895,0.1,0.1
MP,land,1896,0.3,0.1
MP,land,1897,0.6,0.1
MP,land,1898,0.2,0.1
MP,land,1899,-0.5,0.1
MP,land,1900,-0.1,0.2
MP,land,1901,0,0.1
MP,land,1902,-0.3,0.1
MP,land,1903,-0.7,0.1
MP,land,1904,-0.6,0.2
MP,land,1905,-0.5,0.1
MP,land,1906,-0.3,0.1
MP,land,1907,-0.5,0.1
MP,land,1908,-0.3,0.1
MP,land,1909,-0.4,0.1
MP,land,1910,-0.2,0.1
MP,land,1911,-0.6,0.2
MP,land,1912,-0.6,0
MP,land,1913,-0.6,0
MP,land,1914,-0.7,0.1
MP,land,1915,-0.5,0.1
MP,land,1916,-0.4,0.1
MP,land,1917,-0.5,0.1
MP,land,1918,-0.7,0.1
MP,land,1919,-0.6,0.1
MP,land,1920,-0.8,0.1
MP,land,1921,-0.2,0
MP,land,1922,-0.3,0.1
MP,land,1923,-0.7,0.1
MP,land,1924,-0.3,0.1
MP,land,1925,-0.4,0.1
MP,land,1926,-0.3,0.1
MP,land,1927,-0.2,0.1
MP,land,1928,-0.6,0.1
MP,land,1929,-0.4,0.1
MP,land,1930,-0.5,0.1
MP,land,1931,-0.2,0.1
MP,land,1932,-0.5,0
MP,land,1933,-0.4,0.1
MP,land,1934,-0.4,0.1
MP,land,1935,-0.4,0.1
MP,land,1936,-0.4,0.1
MP,land,1937,-0.3,0
MP,land,1938,-0.2,0
MP,land,1939,-0.3,0.1
MP,land,1940,-0.4,0.1
MP,land,1941,0,0
MP,land,1942,-0.2,0.1
MP,land,1943,0.1,0.2
MP,land,1944,0.2,0.1
MP,land,1945,0.4,0.1
MP,land,1946,0.3,0.1
MP,land,1947,0,0.1
MP,land,1948,-0.1,0.1
MP,land,1949,-0.1,0.1
MP,land,1950,0,0.1
MP,land,1951,0.1,0.1
MP,land,1952,0,0
MP,land,1953,0,0
MP,land,1954,0,0
MP,land,1955,-0.2,0.1
MP,land,1956,-0.3,0
MP,land,1957,-0.3,0.1
MP,land,1958,-0.3,0
MP,land,1959,-0.2,0.1
MP,land,1960,0,0.1
MP,land,1961,0,0.1
MP,land,1962,-0.2,0
MP,land,1963,-0.2,0.1
MP,land,1964,-0.1,0
MP,land,1965,-0.4,0.1
MP,land,1966,-0.1,0.1
MP,land,1967,-0.1,0
MP,land,1968,-0.2,0.1
MP,land,1969,0,0.1
MP,land,1970,0.1,0
MP,land,1971,0,0.1
MP,land,1972,-0.6,0.1
MP,land,1973,-0.1,0.1
MP,land,1974,-0.1,0.1
MP,land,1975,0,0.1
MP,land,1976,-0.1,0.1
MP,land,1977,-0.2,0.1
MP,land,1978,-0.1,0
MP,land,1979,-0.2,0.1
MP,land,1980,-0.1,0.1
MP,land,1981,0.1,0.1
MP,land,1982,-0.2,0.1
MP,land,1983,-0.2,0.1
MP,land,1984,0.1,0
MP,land,1985,-0.1,0
MP,land,1986,-0.1,0.1
MP,land,1987,0,0
MP,land,1988,0.5,0
MP,land,1989,0.1,0.1
MP,land,1990,-0.2,0
MP,land,1991,-0.2,0.1
MP,land,1992,-0.3,0.1
MP,land,1993,-0.3,0.1
MP,land,1994,-0.1,0.1
MP,land,1995,0,0.1
MP,land,1996,0.3,0.1
MP,land,1997,0,0
MP,land,1998,0.2,0.1
MP,land,1999,0.6,0.1
MP,land,2000,0.4,0.1
MP,land,2001,0.6,0.1
MP,land,2002,0.3,0.1
MP,land,2003,0.3,0.1
MP,land,2004,0.1,0.1
MP,land,2005,0.2,0
MP,land,2006,0.1,0.1
MP,land,2007,0.4,0.1
MP,land,2008,0.6,0.1
MP,land,2009,0.4,0.1
MP,land,2010,0.2,0
MP,land,2011,0.3,0.1
MP,land,2012,0.2,0.1
MP,land,2013,0.4,0.1
MP,land,2014,0.4,0.1
MP,land,2015,0.2,0.1
MP,land,2016,0.5,0.1
MP,land,2017,0.8,0.1
MP,land,2018,0.6,0.1
MP,land,2019,0.7,0
MP,land,2020,0.8,0.1
MP,land,2021,0.8,0.1
MP,land,2022,0.7,0
MP,land,2023,0.6,0
MP,land,2024,0.6,0.1
MP,land,2025,0.9,0.1
NC,land,1850,-0.6,0
NC,land,1851,0.2,0.1
NC,land,1852,-0.4,0.1
NC,land,1853,-0.6,0.2
NC,land,1854,-0.9,0.2
NC,land,1855,-0.8,0.1
NC,land,1856,-1.1,0.2
NC,land,1857,-0.3,0.2
NC,land,1858,-0.7,0.1
NC,land,1859,-0.2,0.1
NC,land,1860,-0.4,0.1
NC,land,1861,-0.6,0.2
NC,land,1862,-0.5,0.1
NC,land,1863,0.1,0.2
NC,land,1864,0.4,0.2
NC,land,1865,0.1,0.1
NC,land,1866,0,0.2
NC,land,1867,-0.1,0.2
NC,land,1868,-0.4,0.2
NC,land,1869,-0.1,0.1
NC,land,1870,0.1,0.1
NC,land,1871,-0.2,0.1
NC,land,1872,-0.1,0.1
NC,land,1873,-0.1,0.1
NC,land,1874,0,0.1
NC,land,1875,0,0.2
NC,land,1876,-0.1,0.1
NC,land,1877,-0.3,0.1
NC,land,1878,0.1,0.1
NC,land,1879,0.2,0.1
NC,land,1880,-0.2,0.1
NC,land,1881,-0.6,0.1
NC,land,1882,-0.3,0.1
NC,land,1883,-0.6,0.1
NC,land,1884,-1.1,0.1
NC,land,1885,-1.1,0.1
NC,land,1886,-0.5,0.1
NC,land,1887,-0.7,0.1
NC,land,1888,-1,0.1
NC,land,1889,-0.3,0.1
NC,land,1890,-0.2,0.1
NC,land,1891,-0.3,0.1
NC,land,1892,-0.4,0.2
NC,land,1893,0.6,0.1
NC,land,1894,-0.3,0.1
NC,land,1895,-0.5,0.2
NC,land,1896,-0.3,0.1
NC,land,1897,-0.2,0.1
NC,land,1898,-0.3,0.1
NC,land,1899,-0.8,0.1
NC,land,1900,-0.5,0.1
NC,land,1901,-0.9,0.1
NC,land,1902,-1.1,0.1
NC,land,1903,-0.9,0.1
NC,land,1904,-1,0.1
NC,land,1905,-1.2,0.1
NC,land,1906,-0.8,0.1
NC,land,1907,-0.4,0.1
NC,land,1908,-0.6,0.1
NC,land,1909,-0.5,0.1
NC,land,1910,-0.3,0
NC,land,1911,-0.7,0.1
NC,land,1912,-0.8,0
NC,land,1913,-0.9,0
NC,land,1914,-0.9,0.1
NC,land,1915,-0.5,0.1
NC,land,1916,-0.1,0.1
NC,land,1917,-0.3,0.1
NC,land,1918,-0.7,0.1
NC,land,1919,-0.6,0.1
NC,land,1920,-0.6,0.1
NC,land,1921,-0.7,0.1
NC,land,1922,-0.7,0.1
NC,land,1923,-0.7,0.1
NC,land,1924,-0.2,0.1
NC,land,1925,-0.9,0.1
NC,land,1926,-0.6,0.1
NC,land,1927,-0.5,0.1
NC,land,1928,-0.7,0.1
NC,land,1929,-0.7,0
NC,land,1930,-1.1,0.1
NC,land,1931,-0.7,0.1
NC,land,1932,-0.8,0.1
NC,land,1933,-0.4,0.1
NC,land,1934,-1,0.1
NC,land,1935,-0.5,0.1
NC,land,1936,-0.7,0.1
NC,land,1937,-0.7,0.1
NC,land,1938,-0.2,0.1
NC,land,1939,-0.7,0.1
NC,land,1940,-0.8,0.1
NC,land,1941,-0.6,0.1
NC,land,1942,-0.3,0.1
NC,land,1943,0,0.1
NC,land,1944,-0.1,0.1
NC,land,1945,-0.2,0.1
NC,land,1946,-0.5,0.1
NC,land,1947,-0.6,0.1
NC,land,1948,-0.4,0.1
NC,land,1949,-0.4,0
NC,land,1950,-0.2,0.1
NC,land,1951,-0.5,0.1
NC,land,1952,-0.2,0.1
NC,land,1953,-0.2,0.1
NC,land,1954,-0.5,0.1
NC,land,1955,-0.2,0.1
NC,land,1956,0.1,0.1
NC,land,1957,-0.4,0.1
NC,land,1958,-0.1,0.1
NC,land,1959,-0.4,0.1
NC,land,1960,-0.3,0.1
NC,land,1961,-0.5,0.1
NC,land,1962,-0.2,0.1
NC,land,1963,-0.5,0.1
NC,land,1964,-0.2,0.1
NC,land,1965,-0.8,0
NC,land,1966,-0.7,0.1
NC,land,1967,-0.3,0.1
NC,land,1968,-0.3,0.1
NC,land,1969,-0.5,0.1
NC,land,1970,0.1,0.1
NC,land,1971,0.1,0.1
NC,land,1972,-0.3,0.1
NC,land,1973,0.4,0.1
NC,land,1974,0.2,0.1
NC,land,1975,0.3,0.1
NC,land,1976,0,0.1
NC,land,1977,-0.5,0.1
NC,land,1978,-0.4,0.1
NC,land,1979,-0.2,0.1
NC,land,1980,-0.2,0.1
NC,land,1981,-0.1,0.1
NC,land,1982,-0.5,0.1
NC,land,1983,-0.1,0.1
NC,land,1984,0,0.1
NC,land,1985,-0.1,0.1
NC,land,1986,-0.1,0.1
NC,land,1987,-0.2,0.1
NC,land,1988,0.5,0.1
NC,land,1989,0.1,0.1
NC,land,1990,0.2,0.1
NC,land,1991,-0.5,0.1
NC,land,1992,-0.4,0.1
NC,land,1993,-0.5,0.1
NC,land,1994,-0.7,0.1
NC,land,1995,0,0.1
NC,land,1996,0.1,0.1
NC,land,1997,-0.1,0.1
NC,land,1998,0.9,0.1
NC,land,1999,0.2,0.1
NC,land,2000,-0.1,0.1
NC,land,2001,0.3,0.1
NC,land,2002,0.2,0.1
NC,land,2003,0.1,0.1
NC,land,2004,0.1,0.1
NC,land,2005,0.2,0
NC,land,2006,-0.1,0.1
NC,land,2007,0.1,0.1
NC,land,2008,0.4,0.1
NC,land,2009,0.1,0.1
NC,land,2010,0.4,0.1
NC,land,2011,0.4,0
NC,land,2012,0,0
NC,land,2013,0.2,0.1
NC,land,2014,0.1,0.1
NC,land,2015,0,0
NC,land,2016,0.7,0.1
NC,land,2017,0.5,0.1
NC,land,2018,0.3,0.1
NC,land,2019,0.2,0.1
NC,land,2020,0.4,0.1
NC,land,2021,0.4,0.1
NC,land,2022,1.1,0.1
NC,land,2023,0.3,0.1
NC,land,2024,0.6,0.1
NC,land,2025,0.7,0.1
NR,land,1850,0.3,0.1
NR,land,1851,-0.2,0.1
NR,land,1852,0.2,0.1
NR,land,1853,0.2,0.1
NR,land,1854,0.3,0.1
NR,land,1855,0.2,0.2
NR,land,1856,-0.1,0.2
NR,land,1857,-0.2,0.1
NR,land,1858,0,0.1
NR,land,1859,0.4,0.1
NR,land,1860,-0.1,0
NR,land,1861,-0.4,0.2
NR,land,1862,-0.1,0
NR,land,1863,-0.1,0
NR,land,1864,0,0
NR,land,1865,0,0
NR,land,1866,0,0
NR,land,1867,-0.2,0
NR,land,1868,-0.1,0
NR,land,1869,-0.1,0.1
NR,land,1870,-0.7,0.1
NR,land,1871,-0.2,0
NR,land,1872,-0.2,0
NR,land,1873,-0.5,0.1
NR,land,1874,-0.1,0.1
NR,land,1875,-0.2,0
NR,land,1876,-0.3,0
NR,land,1877,-0.4,0
NR,land,1878,-0.4,0
NR,land,1879,-0.7,0
NR,land,1880,-0.4,0
NR,land,1881,0.2,0.1
NR,land,1882,0.5,0.1
NR,land,1883,-0.1,0.1
NR,land,1884,0,0.1
NR,land,1885,-0.3,0.1
NR,land,1886,-0.4,0.1
NR,land,1887,-0.5,0.2
NR,land,1888,0,0.2
NR,land,1889,-0.5,0.1
NR,land,1890,-0.3,0.1
NR,land,1891,0,0.1
NR,land,1892,0.1,0.1
NR,land,1893,-0.2,0
NR,land,1894,-0.1,0
NR,land,1895,-0.1,0
NR,land,1896,-0.2,0
NR,land,1897,-0.1,0.2
NR,land,1898,-0.4,0.1
NR,land,1899,-0.1,0.2
NR,land,1900,0.3,0.1
NR,land,1901,0.1,0
NR,land,1902,-0.4,0.2
NR,land,1903,-0.2,0.1
NR,land,1904,-0.5,0.1
NR,land,1905,-0.3,0.1
NR,land,1906,-0.6,0.1
NR,land,1907,-0.3,0.1
NR,land,1908,-0.8,0.2
NR,land,1909,-0.8,0.1
NR,land,1910,-1.3,0.1
NR,land,1911,-0.7,0.1
NR,land,1912,-0.4,0.2
NR,land,1913,-0.5,0.2
NR,land,1914,-0.2,0.1
NR,land,1915,-0.5,0.1
NR,land,1916,-1.3,0.2
NR,land,1917,-2,0.3
NR,land,1918,-0.6,0.2
NR,land,1919,-1.1,0.2
NR,land,1920,-0.4,0.1
NR,land,1921,-0.5,0.1
NR,land,1922,-0.4,0.1
NR,land,1923,-0.2,0.1
NR,land,1924,-0.4,0.2
NR,land,1925,-0.7,0.1
NR,land,1926,-0.4,0.1
NR,land,1927,-0.8,0.1
NR,land,1928,-0.3,0.1
NR,land,1929,-0.2,0.1
NR,land,1930,-0.2,0.1
NR,land,1931,-0.2,0.1
NR,land,1932,-0.3,0.1
NR,land,1933,-0.9,0.1
NR,land,1934,-0.9,0.2
NR,land,1935,-0.4,0
NR,land,1936,-0.4,0.1
NR,land,1937,-0.5,0.1
NR,land,1938,-0.7,0.2
NR,land,1939,-0.4,0.1
NR,land,1940,0,0.1
NR,land,1941,0.2,0.1
NR,land,1942,0,0.1
NR,land,1943,-0.3,0.1
NR,land,1944,0.1,0.1
NR,land,1945,-0.2,0.1
NR,land,1946,0.1,0.1
NR,land,1947,-0.1,0.1
NR,land,1948,-0.8,0.4
NR,land,1949,-0.9,0.2
NR,land,1950,-0.9,0.1
NR,land,1951,-0.3,0.1
NR,land,1952,-0.4,0.1
NR,land,1953,-0.4,0.1
NR,land,1954,-0.6,0.1
NR,land,1955,-0.9,0.1
NR,land,1956,-0.6,0.1
NR,land,1957,-0.6,0.1
NR,land,1958,0,0.1
NR,land,1959,-0.2,0.1
NR,land,1960,-0.4,0.1
NR,land,1961,-0.5,0.1
NR,land,1962,-0.4,0
NR,land,1963,-0.3,0.1
NR,land,1964,-0.9,0.1
NR,land,1965,-0.6,0.1
NR,land,1966,0,0
NR,land,1967,-0.3,0.1
NR,land,1968,-0.2,0.1
NR,land,1969,0.5,0.1
NR,land,1970,-0.3,0.2
NR,land,1971,-0.8,0.1
NR,land,1972,-0.2,0.1
NR,land,1973,-0.4,0.1
NR,land,1974,-0.7,0.1
NR,land,1975,-1,0.1
NR,land,1976,-0.4,0.1
NR,land,1977,0.1,0
NR,land,1978,0.1,0.1
NR,land,1979,0.2,0.1
NR,land,1980,0.4,0
NR,land,1981,0,0.1
NR,land,1982,0.3,0.1
NR,land,1983,-0.2,0.1
NR,land,1984,-0.3,0
NR,land,1985,-0.3,0.1
NR,land,1986,0.2,0.1
NR,land,1987,0.1,0.1
NR,land,1988,-0.1,0.1
NR,land,1989,-0.3,0.1
NR,land,1990,0.4,0
NR,land,1991,0.5,0.1
NR,land,1992,0.1,0.1
NR,land,1993,0.1,0.1
NR,land,1994,0.3,0.1
NR,land,1995,0.4,0.1
NR,land,1996,0.1,0.1
NR,land,1997,0.2,0.1
NR,land,1998,-0.4,0.1
NR,land,1999,-0.6,0.1
NR,land,2000,-0.4,0.1
NR,land,2001,0.2,0.1
NR,land,2002,0.6,0.1
NR,land,2003,0.8,0
NR,land,2004,0.7,0.1
NR,land,2005,0.7,0
NR,land,2006,0.5,0.1
NR,land,2007,0.4,0.1
NR,land,2008,-0.5,0.1
NR,land,2009,0.5,0.1
NR,land,2010,0,0.2
NR,land,2011,-0.4,0.1
NR,land,2012,0.1,0.2
NR,land,2013,0.3,0.1
NR,land,2014,0.8,0.1
NR,land,2015,0.7,0.1
NR,land,2016,0.7,0.1
NR,land,2017,0.5,0
NR,land,2018,0.8,0.1
NR,land,2019,0.9,0.1
NR,land,2020,0.6,0.1
NR,land,2021,0,0.1
NR,land,2022,-0.2,0.1
NR,land,2023,0.7,0.1
NR,land,2024,1.1,0.1
NR,land,2025,0.3,0.1
NU,land,1850,-0.1,0.1
NU,land,1851,-0.4,0
NU,land,1852,0,0
NU,land,1853,0.7,0.1
NU,land,1854,0.4,0.1
NU,land,1855,-0.2,0.1
NU,land,1856,0,0.1
NU,land,1857,-0.3,0.1
NU,land,1858,-0.2,0
NU,land,1859,0.2,0.1
NU,land,1860,0,0
NU,land,1861,-0.4,0.2
NU,land,1862,-0.2,0
NU,land,1863,-0.3,0
NU,land,1864,0,0
NU,land,1865,0,0
NU,land,1866,-0.1,0
NU,land,1867,0,0
NU,land,1868,0.2,0.1
NU,land,1869,0.1,0.1
NU,land,1870,0.1,0.1
NU,land,1871,0.4,0.1
NU,land,1872,0.3,0.1
NU,land,1873,-0.1,0.1
NU,land,1874,0.3,0.2
NU,land,1875,0.2,0.1
NU,land,1876,0.2,0.1
NU,land,1877,-0.3,0.1
NU,land,1878,-0.2,0.1
NU,land,1879,0.1,0.1
NU,land,1880,0.1,0
NU,land,1881,0.1,0.1
NU,land,1882,0.2,0.1
NU,land,1883,-0.4,0.1
NU,land,1884,-0.5,0.2
NU,land,1885,-0.8,0.1
NU,land,1886,-0.5,0.1
NU,land,1887,-0.3,0.2
NU,land,1888,-0.5,0.1
NU,land,1889,-0.2,0.1
NU,land,1890,-0.2,0.1
NU,land,1891,-0.4,0.1
NU,land,1892,-0.2,0.1
NU,land,1893,-0.5,0.1
NU,land,1894,-0.2,0.1
NU,land,1895,-0.1,0.1
NU,land,1896,-0.6,0.1
NU,land,1897,-0.4,0.1
NU,land,1898,0,0
NU,land,1899,0.1,0.1
NU,land,1900,-0.1,0.2
NU,land,1901,0.4,0.1
NU,land,1902,-0.7,0.1
NU,land,1903,-0.2,0.1
NU,land,1904,-0.4,0.1
NU,land,1905,-0.7,0.1
NU,land,1906,0,0.1
NU,land,1907,-0.5,0.1
NU,land,1908,-0.5,0.1
NU,land,1909,-0.6,0.1
NU,land,1910,-0.5,0.1
NU,land,1911,-0.5,0.1
NU,land,1912,-0.4,0.1
NU,land,1913,-0.5,0.1
NU,land,1914,-0.2,0.1
NU,land,1915,-0.1,0.1
NU,land,1916,0.2,0.1
NU,land,1917,-0.3,0.1
NU,land,1918,-0.4,0
NU,land,1919,-0.9,0.1
NU,land,1920,-0.5,0.1
NU,land,1921,-0.4,0.1
NU,land,1922,0,0.1
NU,land,1923,-0.4,0.1
NU,land,1924,0,0.1
NU,land,1925,-0.3,0.1
NU,land,1926,-0.5,0.1
NU,land,1927,-0.2,0.1
NU,land,1928,-0.3,0.1
NU,land,1929,-0.3,0
NU,land,1930,-0.6,0.1
NU,land,1931,-0.5,0.1
NU,land,1932,-0.1,0.1
NU,land,1933,-0.5,0.1
NU,land,1934,-0.4,0.1
NU,land,1935,-0.4,0.1
NU,land,1936,-0.2,0.1
NU,land,1937,-0.3,0.1
NU,land,1938,-0.2,0.1
NU,land,1939,-0.4,0.1
NU,land,1940,-0.3,0.1
NU,land,1941,-0.1,0.1
NU,land,1942,0.3,0.1
NU,land,1943,0.5,0.1
NU,land,1944,0.4,0.1
NU,land,1945,0.2,0.1
NU,land,1946,0.3,0.1
NU,land,1947,0.2,0.1
NU,land,1948,-0.2,0.1
NU,land,1949,-0.1,0.1
NU,land,1950,0.2,0.1
NU,land,1951,0,0.1
NU,land,1952,0.3,0.1
NU,land,1953,0.1,0.1
NU,land,1954,0.1,0.1
NU,land,1955,-0.1,0.1
NU,land,1956,0,0.1
NU,land,1957,-0.2,0.1
NU,land,1958,-0.2,0.1
NU,land,1959,0.1,0.1
NU,land,1960,0,0.1
NU,land,1961,0.2,0.1
NU,land,1962,-0.1,0.1
NU,land,1963,0,0.1
NU,land,1964,0,0.1
NU,land,1965,-0.3,0
NU,land,1966,-0.1,0.1
NU,land,1967,-0.2,0.1
NU,land,1968,0.2,0.1
NU,land,1969,0.1,0.1
NU,land,1970,0.2,0.1
NU,land,1971,0.1,0.1
NU,land,1972,-0.1,0.1
NU,land,1973,0.4,0.1
NU,land,1974,0.1,0.1
NU,land,1975,0,0
NU,land,1976,-0.2,0
NU,land,1977,-0.3,0.1
NU,land,1978,-0.1,0.1
NU,land,1979,-0.1,0.1
NU,land,1980,0.1,0.1
NU,land,1981,-0.1,0.1
NU,land,1982,-0.1,0.1
NU,land,1983,-0.3,0.1
NU,land,1984,0,0.1
NU,land,1985,-0.2,0.1
NU,land,1986,-0.3,0
NU,land,1987,-0.4,0.1
NU,land,1988,0.3,0.1
NU,land,1989,0,0.1
NU,land,1990,0,0.1
NU,land,1991,0.3,0.1
NU,land,1992,0.2,0.1
NU,land,1993,0,0.1
NU,land,1994,0.1,0.1
NU,land,1995,0.3,0.1
NU,land,1996,0.3,0
NU,land,1997,-0.2,0.2
NU,land,1998,-0.3,0.2
NU,land,1999,0.4,0.1
NU,land,2000,0.5,0.1
NU,land,2001,0.2,0.1
NU,land,2002,0.4,0.1
NU,land,2003,0.4,0
NU,land,2004,0.6,0
NU,land,2005,0.6,0.1
NU,land,2006,0.5,0.1
NU,land,2007,0.5,0.1
NU,land,2008,0.3,0.1
NU,land,2009,0.4,0.1
NU,land,2010,0.7,0.1
NU,land,2011,0.5,0.1
NU,land,2012,0.4,0.1
NU,land,2013,0.6,0.1
NU,land,2014,0.6,0
NU,land,2015,0.1,0.1
NU,land,2016,0.4,0.2
NU,land,2017,0.8,0.1
NU,land,2018,0.6,0.1
NU,land,2019,0.7,0
NU,land,2020,0.7,0.1
NU,land,2021,0.7,0
NU,land,2022,0.7,0.1
NU,land,2023,0.5,0.1
NU,land,2024,0.6,0.1
NU,land,2025,0.5,0
PF,land,1850,-0.6,0.1
PF,land,1851,-0.3,0
PF,land,1852,-0.4,0.1
PF,land,1853,0,0.2
PF,land,1854,0.1,0.1
PF,land,1855,-0.2,0.1
PF,land,1856,-0.3,0.2
PF,land,1857,-0.7,0.1
PF,land,1858,0,0.1
PF,land,1859,0,0.1
PF,land,1860,-0.3,0.1
PF,land,1861,-0.7,0.1
PF,land,1862,-0.8,0
PF,land,1863,-0.6,0
PF,land,1864,-0.4,0
PF,land,1865,-0.4,0
PF,land,1866,-0.4,0
PF,land,1867,-0.5,0
PF,land,1868,-0.4,0.1
PF,land,1869,-0.6,0
PF,land,1870,-0.6,0.1
PF,land,1871,-0.4,0
PF,land,1872,-0.5,0.1
PF,land,1873,-1.1,0.1
PF,land,1874,-0.9,0.1
PF,land,1875,-0.8,0.1
PF,land,1876,-0.7,0.1
PF,land,1877,0,0.1
PF,land,1878,-0.1,0.1
PF,land,1879,-0.6,0.1
PF,land,1880,-0.4,0.1
PF,land,1881,-0.1,0.1
PF,land,1882,-0.2,0.1
PF,land,1883,-0.5,0.1
PF,land,1884,-0.5,0.1
PF,land,1885,-0.5,0.1
PF,land,1886,-0.8,0.1
PF,land,1887,-0.6,0.1
PF,land,1888,0.1,0.1
PF,land,1889,0.1,0.1
PF,land,1890,-1.3,0.1
PF,land,1891,-0.7,0.1
PF,land,1892,-0.5,0.1
PF,land,1893,-1.1,0.1
PF,land,1894,-0.4,0.1
PF,land,1895,-0.3,0.1
PF,land,1896,0.2,0.1
PF,land,1897,0.4,0.1
PF,land,1898,-0.2,0.1
PF,land,1899,0,0.1
PF,land,1900,0.6,0.1
PF,land,1901,0.5,0.2
PF,land,1902,0.4,0.1
PF,land,1903,0,0.2
PF,land,1904,-0.7,0.2
PF,land,1905,0,0
PF,land,1906,0.1,0.1
PF,land,1907,-0.4,0.1
PF,land,1908,-0.3,0.1
PF,land,1909,-1.1,0.1
PF,land,1910,-1.1,0.1
PF,land,1911,-0.7,0.1
PF,land,1912,-0.3,0.1
PF,land,1913,-0.3,0.1
PF,land,1914,-0.3,0.1
PF,land,1915,0.1,0.1
PF,land,1916,-0.4,0.2
PF,land,1917,-1.2,0.1
PF,land,1918,-0.5,0.1
PF,land,1919,-0.2,0
PF,land,1920,0,0.1
PF,land,1921,-0.6,0.2
PF,land,1922,-0.4,0.1
PF,land,1923,-0.5,0
PF,land,1924,-0.5,0.1
PF,land,1925,-0.5,0.1
PF,land,1926,0,0.1
PF,land,1927,-0.3,0
PF,land,1928,-0.3,0
PF,land,1929,-0.3,0
PF,land,1930,-0.1,0.1
PF,land,1931,0.1,0.1
PF,land,1932,0,0
PF,land,1933,-0.5,0.1
PF,land,1934,-0.5,0
PF,land,1935,-0.5,0.1
PF,land,1936,-0.6,0
PF,land,1937,-0.4,0.1
PF,land,1938,-0.7,0.1
PF,land,1939,-0.7,0.1
PF,land,1940,0.3,0.1
PF,land,1941,0.2,0.1
PF,land,1942,-0.1,0.1
PF,land,1943,-0.2,0.1
PF,land,1944,0.2,0.1
PF,land,1945,0.2,0.1
PF,land,1946,-0.2,0.1
PF,land,1947,-0.1,0.1
PF,land,1948,0,0.1
PF,land,1949,0.2,0.1
PF,land,1950,-0.6,0.1
PF,land,1951,-0.2,0.1
PF,land,1952,0.2,0
PF,land,1953,0.2,0.1
PF,land,1954,-0.2,0.1
PF,land,1955,-0.8,0.1
PF,land,1956,-0.8,0
PF,land,1957,0,0.1
PF,land,1958,0.1,0.1
PF,land,1959,0,0.1
PF,land,1960,0,0
PF,land,1961,-0.2,0.1
PF,land,1962,-0.4,0
PF,land,1963,-0.1,0
PF,land,1964,-0.3,0.1
PF,land,1965,-0.1,0.1
PF,land,1966,0,0.1
PF,land,1967,-0.5,0.1
PF,land,1968,-0.5,0.1
PF,land,1969,0.2,0
PF,land,1970,-0.2,0.1
PF,land,1971,-0.8,0.1
PF,land,1972,-0.2,0.1
PF,land,1973,0.1,0.1
PF,land,1974,-0.9,0
PF,land,1975,-0.8,0.1
PF,land,1976,-0.7,0.1
PF,land,1977,0.1,0.1
PF,land,1978,-0.2,0.1
PF,land,1979,-0.2,0.1
PF,land,1980,0,0
PF,land,1981,-0.4,0.1
PF,land,1982,0.2,0
PF,land,1983,0,0.1
PF,land,1984,0.1,0.1
PF,land,1985,-0.2,0
PF,land,1986,-0.1,0.1
PF,land,1987,0.4,0
PF,land,1988,0.1,0.1
PF,land,1989,-0.3,0
PF,land,1990,-0.1,0.1
PF,land,1991,0.4,0
PF,land,1992,0.3,0
PF,land,1993,0.2,0
PF,land,1994,0.4,0.1
PF,land,1995,0.2,0.1
PF,land,1996,-0.1,0
PF,land,1997,0.1,0.1
PF,land,1998,0.3,0.1
PF,land,1999,0.1,0
PF,land,2000,0,0
PF,land,2001,0.2,0
PF,land,2002,0.4,0.1
PF,land,2003,0.5,0
PF,land,2004,0.4,0.1
PF,land,2005,0.4,0.1
PF,land,2006,0.4,0
PF,land,2007,0.4,0.1
PF,land,2008,-0.1,0.1
PF,land,2009,0.4,0.1
PF,land,2010,0.3,0.1
PF,land,2011,-0.5,0.1
PF,land,2012,0.4,0.1
PF,land,2013,0.3,0
PF,land,2014,0.2,0
PF,land,2015,0.4,0.1
PF,land,2016,0.9,0.1
PF,land,2017,0.6,0.1
PF,land,2018,0.2,0.1
PF,land,2019,0.6,0
PF,land,2020,0.5,0.1
PF,land,2021,0.1,0
PF,land,2022,-0.3,0
PF,land,2023,0.5,0.1
PF,land,2024,0.7,0.1
PF,land,2025,0.5,0.1
PG,land,1850,-0.1,0.1
PG,land,1851,0.3,0.1
PG,land,1852,0.1,0.1
PG,land,1853,0.1,0.1
PG,land,1854,-0.2,0.1
PG,land,1855,-0.5,0.1
PG,land,1856,-0.4,0.1
PG,land,1857,-0.3,0.1
PG,land,1858,-0.5,0.1
PG,land,1859,-0.1,0.1
PG,land,1860,-0.4,0.1
PG,land,1861,-0.9,0.2
PG,land,1862,-0.5,0.1
PG,land,1863,-0.3,0.1
PG,land,1864,0,0.1
PG,land,1865,-0.2,0.1
PG,land,1866,-0.3,0.2
PG,land,1867,-0.4,0.1
PG,land,1868,-0.5,0.2
PG,land,1869,0,0.1
PG,land,1870,-0.2,0.1
PG,land,1871,-0.3,0.1
PG,land,1872,-0.2,0.1
PG,land,1873,-0.3,0.1
PG,land,1874,0,0.1
PG,land,1875,-0.1,0.1
PG,land,1876,-0.1,0.1
PG,land,1877,-0.3,0.1
PG,land,1878,0.3,0.1
PG,land,1879,-0.1,0.1
PG,land,1880,-0.2,0
PG,land,1881,-0.1,0.1
PG,land,1882,-0.1,0.1
PG,land,1883,-0.5,0.1
PG,land,1884,-0.7,0.1
PG,land,1885,-0.8,0.1
PG,land,1886,-0.3,0.1
PG,land,1887,-0.3,0.1
PG,land,1888,-0.7,0.1
PG,land,1889,-0.1,0.1
PG,land,1890,-0.2,0.1
PG,land,1891,-0.4,0.1
PG,land,1892,-0.2,0.1
PG,land,1893,-0.1,0
PG,land,1894,-0.3,0.1
PG,land,1895,-0.4,0.1
PG,land,1896,-0.4,0.1
PG,land,1897,-0.1,0.1
PG,land,1898,-0.5,0.1
PG,land,1899,-0.7,0.1
PG,land,1900,-0.1,0.1
PG,land,1901,-0.5,0.1
PG,land,1902,-1,0.1
PG,land,1903,-0.7,0.1
PG,land,1904,-0.9,0.1
PG,land,1905,-0.9,0.1
PG,land,1906,-0.5,0.1
PG,land,1907,-0.4,0.1
PG,land,1908,-0.4,0.1
PG,land,1909,-0.3,0.1
PG,land,1910,-0.3,0.1
PG,land,1911,-0.9,0.1
PG,land,1912,-0.6,0.1
PG,land,1913,-0.7,0.1
PG,land,1914,-0.8,0.1
PG,land,1915,-0.4,0.1
PG,land,1916,-0.3,0.1
PG,land,1917,-0.7,0.1
PG,land,1918,-0.9,0.1
PG,land,1919,-1,0.1
PG,land,1920,-0.7,0.1
PG,land,1921,-0.3,0.1
PG,land,1922,-0.4,0.1
PG,land,1923,-0.7,0.1
PG,land,1924,-0.4,0.1
PG,land,1925,-0.7,0.1
PG,land,1926,-0.4,0.1
PG,land,1927,-0.4,0.1
PG,land,1928,-0.4,0.1
PG,land,1929,-0.6,0.1
PG,land,1930,-0.6,0
PG,land,1931,-0.3,0
PG,land,1932,-0.6,0.1
PG,land,1933,-0.3,0
PG,land,1934,-0.3,0
PG,land,1935,-0.4,0
PG,land,1936,-0.4,0
PG,land,1937,-0.5,0.1
PG,land,1938,-0.3,0.1
PG,land,1939,-0.5,0
PG,land,1940,-0.6,0.1
PG,land,1941,-0.5,0.1
PG,land,1942,-0.2,0.1
PG,land,1943,-0.1,0.1
PG,land,1944,-0.2,0
PG,land,1945,-0.1,0.1
PG,land,1946,-0.4,0.2
PG,land,1947,-0.5,0.1
PG,land,1948,-0.6,0.1
PG,land,1949,-0.8,0
PG,land,1950,-0.3,0.1
PG,land,1951,-0.5,0
PG,land,1952,-0.4,0.1
PG,land,1953,-0.5,0
PG,land,1954,-0.4,0.1
PG,land,1955,-0.4,0.1
PG,land,1956,-0.1,0
PG,land,1957,-0.4,0
PG,land,1958,-0.2,0.1
PG,land,1959,-0.4,0.1
PG,land,1960,-0.3,0
PG,land,1961,-0.4,0.1
PG,land,1962,0,0.1
PG,land,1963,-0.2,0.1
PG,land,1964,-0.1,0.1
PG,land,1965,-0.8,0.1
PG,land,1966,-0.5,0
PG,land,1967,-0.5,0
PG,land,1968,-0.2,0.1
PG,land,1969,-0.1,0.1
PG,land,1970,0.1,0
PG,land,1971,-0.1,0.1
PG,land,1972,-0.5,0.1
PG,land,1973,0.1,0
PG,land,1974,-0.2,0
PG,land,1975,-0.1,0.1
PG,land,1976,-0.3,0.1
PG,land,1977,-0.3,0.1
PG,land,1978,0,0.1
PG,land,1979,-0.1,0
PG,land,1980,-0.2,0
PG,land,1981,0.1,0
PG,land,1982,-0.5,0.1
PG,land,1983,0,0
PG,land,1984,-0.1,0.1
PG,land,1985,0,0
PG,land,1986,0,0.1
PG,land,1987,-0.1,0.1
PG,land,1988,0.3,0.1
PG,land,1989,0.2,0.1
PG,land,1990,0,0.1
PG,land,1991,-0.1,0.1
PG,land,1992,-0.2,0.1
PG,land,1993,-0.4,0
PG,land,1994,-0.2,0.1
PG,land,1995,0.2,0
PG,land,1996,0.4,0
PG,land,1997,-0.2,0.1
PG,land,1998,0.6,0.1
PG,land,1999,0.2,0.1
PG,land,2000,0.2,0.1
PG,land,2001,0.3,0.1
PG,land,2002,0.3,0
PG,land,2003,0.3,0
PG,land,2004,0.1,0.1
PG,land,2005,0.3,0
PG,land,2006,0.1,0.1
PG,land,2007,0.3,0
PG,land,2008,0.2,0.1
PG,land,2009,0.4,0.1
PG,land,2010,0.7,0.1
PG,land,2011,0.3,0.1
PG,land,2012,0.2,0
PG,land,2013,0.4,0
PG,land,2014,0.2,0
PG,land,2015,0.2,0.1
PG,land,2016,0.8,0.1
PG,land,2017,0.7,0
PG,land,2018,0.5,0
PG,land,2019,0.2,0
PG,land,2020,0.7,0
PG,land,2021,0.7,0.1
PG,land,2022,0.9,0.1
PG,land,2023,0.6,0.1
PG,land,2024,1,0
PG,land,2025,1.1,0
PN,land,1850,0.1,0.1
PN,land,1851,-0.2,0.1
PN,land,1852,-0.1,0.1
PN,land,1853,-0.1,0.1
PN,land,1854,0.2,0.2
PN,land,1855,-0.4,0.1
PN,land,1856,0,0.2
PN,land,1857,0.2,0.1
PN,land,1858,-0.2,0.2
PN,land,1859,-0.3,0.1
PN,land,1860,-0.1,0.1
PN,land,1861,-0.2,0
PN,land,1862,-0.1,0
PN,land,1863,-0.2,0
PN,land,1864,-0.2,0
PN,land,1865,-0.2,0
PN,land,1866,-0.2,0
PN,land,1867,-0.2,0
PN,land,1868,0.1,0.1
PN,land,1869,-0.4,0
PN,land,1870,0.3,0.1
PN,land,1871,0.1,0.1
PN,land,1872,-0.5,0.1
PN,land,1873,-0.5,0.1
PN,land,1874,-0.3,0
PN,land,1875,-0.6,0
PN,land,1876,-0.6,0.1
PN,land,1877,-0.6,0.1
PN,land,1878,-0.4,0.2
PN,land,1879,-0.3,0.1
PN,land,1880,0.1,0.1
PN,land,1881,-0.1,0.1
PN,land,1882,0,0.1
PN,land,1883,-0.2,0.1
PN,land,1884,-0.2,0.1
PN,land,1885,-0.7,0.1
PN,land,1886,-0.5,0.2
PN,land,1887,0.1,0.1
PN,land,1888,-0.5,0.1
PN,land,1889,-0.4,0.1
PN,land,1890,-0.6,0.1
PN,land,1891,-0.5,0.1
PN,land,1892,-0.1,0.1
PN,land,1893,-0.1,0.1
PN,land,1894,-0.3,0.1
PN,land,1895,-0.3,0.1
PN,land,1896,-0.1,0.1
PN,land,1897,-0.1,0.1
PN,land,1898,-0.2,0.1
PN,land,1899,0.4,0.1
PN,land,1900,-0.1,0.1
PN,land,1901,-0.3,0.1
PN,land,1902,-0.1,0.1
PN,land,1903,-0.2,0.1
PN,land,1904,-0.4,0
PN,land,1905,-0.6,0.1
PN,land,1906,-0.4,0.1
PN,land,1907,-0.1,0.1
PN,land,1908,-0.2,0.1
PN,land,1909,-0.7,0.1
PN,land,1910,-0.7,0.2
PN,land,1911,-0.5,0.1
PN,land,1912,-0.8,0.1
PN,land,1913,-0.8,0
PN,land,1914,-0.9,0.2
PN,land,1915,-0.8,0.1
PN,land,1916,-0.2,0.1
PN,land,1917,-0.8,0.3
PN,land,1918,-0.1,0.1
PN,land,1919,-0.3,0.1
PN,land,1920,-0.2,0.1
PN,land,1921,-0.6,0.1
PN,land,1922,-0.4,0.1
PN,land,1923,-0.6,0.1
PN,land,1924,-0.8,0.1
PN,land,1925,-0.4,0.1
PN,land,1926,-0.4,0.1
PN,land,1927,-0.3,0.1
PN,land,1928,-0.3,0.1
PN,land,1929,-0.4,0
PN,land,1930,-0.4,0.1
PN,land,1931,-0.5,0.1
PN,land,1932,-0.2,0.1
PN,land,1933,0.1,0.1
PN,land,1934,-0.2,0.1
PN,land,1935,0,0.1
PN,land,1936,-0.4,0.1
PN,land,1937,-0.3,0.1
PN,land,1938,-0.4,0.1
PN,land,1939,0,0.1
PN,land,1940,-0.3,0.2
PN,land,1941,-0.3,0.1
PN,land,1942,-0.3,0.1
PN,land,1943,-0.2,0.1
PN,land,1944,0.1,0.2
PN,land,1945,-0.1,0.1
PN,land,1946,-0.3,0.1
PN,land,1947,-0.1,0.1
PN,land,1948,-0.3,0.1
PN,land,1949,-0.3,0.1
PN,land,1950,-0.3,0.1
PN,land,1951,-0.3,0.1
PN,land,1952,-0.2,0.1
PN,land,1953,-0.1,0.1
PN,land,1954,-0.3,0.1
PN,land,1955,-0.3,0.1
PN,land,1956,-0.2,0
PN,land,1957,0,0
PN,land,1958,-0.5,0.1
PN,land,1959,-0.4,0.1
PN,land,1960,-0.2,0.1
PN,land,1961,-0.1,0.1
PN,land,1962,-0.4,0.1
PN,land,1963,-0.5,0.1
PN,land,1964,-0.3,0.1
PN,land,1965,-0.3,0.1
PN,land,1966,-0.5,0.1
PN,land,1967,-0.2,0.1
PN,land,1968,-0.5,0.1
PN,land,1969,-0.3,0.1
PN,land,1970,-0.2,0.1
PN,land,1971,-0.1,0.1
PN,land,1972,-0.2,0.1
PN,land,1973,-0.1,0.1
PN,land,1974,-0.3,0.1
PN,land,1975,-0.3,0.1
PN,land,1976,-0.4,0
PN,land,1977,-0.5,0.1
PN,land,1978,-0.4,0.1
PN,land,1979,-0.5,0.1
PN,land,1980,-0.1,0.1
PN,land,1981,-0.1,0.1
PN,land,1982,0,0.1
PN,land,1983,-0.5,0.1
PN,land,1984,0.2,0.1
PN,land,1985,0.1,0.1
PN,land,1986,-0.1,0
PN,land,1987,0,0.1
PN,land,1988,-0.2,0.1
PN,land,1989,0,0.1
PN,land,1990,0.1,0.1
PN,land,1991,-0.1,0.1
PN,land,1992,-0.1,0.1
PN,land,1993,-0.4,0.1
PN,land,1994,0,0.1
PN,land,1995,0.3,0.1
PN,land,1996,-0.1,0
PN,land,1997,0.1,0
PN,land,1998,-0.2,0.1
PN,land,1999,0.4,0.1
PN,land,2000,0.3,0.1
PN,land,2001,0.5,0.1
PN,land,2002,0.8,0.1
PN,land,2003,0.1,0.1
PN,land,2004,0,0
PN,land,2005,0.1,0.1
PN,land,2006,0.4,0.1
PN,land,2007,0.2,0.1
PN,land,2008,0,0.1
PN,land,2009,0.1,0.1
PN,land,2010,0.1,0
PN,land,2011,0.1,0
PN,land,2012,0.1,0.1
PN,land,2013,0,0
PN,land,2014,-0.1,0.1
PN,land,2015,0,0.1
PN,land,2016,0.2,0.1
PN,land,2017,0.5,0.1
PN,land,2018,0.5,0.1
PN,land,2019,0.1,0.1
PN,land,2020,0.2,0.1
PN,land,2021,0.3,0.1
PN,land,2022,0.3,0
PN,land,2023,0.3,0.1
PN,land,2024,-0.1,0.1
PN,land,2025,0.6,0.1
PW,land,1850,0,0.1
PW,land,1851,0,0
PW,land,1852,0,0.1
PW,land,1853,0.1,0.1
PW,land,1854,0.2,0.2
PW,land,1855,-0.5,0.1
PW,land,1856,0,0
PW,land,1857,-0.1,0.1
PW,land,1858,-0.6,0.1
PW,land,1859,0.1,0.1
PW,land,1860,-0.1,0.1
PW,land,1861,-0.6,0.1
PW,land,1862,-0.7,0.1
PW,land,1863,-0.1,0.1
PW,land,1864,-0.1,0.1
PW,land,1865,0,0.1
PW,land,1866,-0.1,0.1
PW,land,1867,-0.2,0.1
PW,land,1868,-0.2,0.2
PW,land,1869,0.3,0.1
PW,land,1870,0.2,0.1
PW,land,1871,-0.1,0.1
PW,land,1872,0.1,0.1
PW,land,1873,0.3,0
PW,land,1874,0,0
PW,land,1875,-0.2,0.1
PW,land,1876,0,0.1
PW,land,1877,0,0.1
PW,land,1878,0.4,0.1
PW,land,1879,0,0.1
PW,land,1880,-0.2,0.1
PW,land,1881,-0.1,0.1
PW,land,1882,-0.1,0.1
PW,land,1883,-0.6,0.1
PW,land,1884,-1,0.1
PW,land,1885,-0.5,0.1
PW,land,1886,-0.2,0.1
PW,land,1887,0.1,0.1
PW,land,1888,0,0.1
PW,land,1889,0.3,0.1
PW,land,1890,0.1,0.1
PW,land,1891,0.2,0.1
PW,land,1892,0,0.1
PW,land,1893,-0.1,0.1
PW,land,1894,-0.2,0
PW,land,1895,-0.1,0.1
PW,land,1896,-0.3,0.1
PW,land,1897,0.3,0.1
PW,land,1898,-0.1,0.1
PW,land,1899,-0.4,0.1
PW,land,1900,-0.1,0.1
PW,land,1901,-0.4,0.1
PW,land,1902,-0.6,0.1
PW,land,1903,-0.5,0.1
PW,land,1904,-0.7,0.1
PW,land,1905,-0.8,0.1
PW,land,1906,-0.4,0.1
PW,land,1907,-0.5,0.1
PW,land,1908,-0.3,0.1
PW,land,1909,-0.4,0.1
PW,land,1910,-0.3,0.1
PW,land,1911,-0.6,0.1
PW,land,1912,-0.7,0
PW,land,1913,-0.8,0.1
PW,land,1914,-0.6,0.1
PW,land,1915,-0.3,0.1
PW,land,1916,-0.2,0.1
PW,land,1917,-0.3,0.1
PW,land,1918,-1,0.1
PW,land,1919,-0.7,0.1
PW,land,1920,-0.7,0.1
PW,land,1921,-0.1,0
PW,land,1922,-0.2,0.1
PW,land,1923,-0.5,0.1
PW,land,1924,-0.4,0.1
PW,land,1925,-0.3,0
PW,land,1926,-0.4,0
PW,land,1927,-0.2,0.1
PW,land,1928,-0.4,0.1
PW,land,1929,-0.6,0.1
PW,land,1930,-0.5,0.1
PW,land,1931,-0.3,0
PW,land,1932,-0.5,0
PW,land,1933,-0.4,0
PW,land,1934,-0.5,0.1
PW,land,1935,-0.6,0
PW,land,1936,-0.5,0
PW,land,1937,-0.3,0.1
PW,land,1938,-0.3,0.1
PW,land,1939,-0.3,0
PW,land,1940,-0.4,0.1
PW,land,1941,-0.3,0.1
PW,land,1942,-0.2,0.1
PW,land,1943,0.1,0.1
PW,land,1944,0.1,0.1
PW,land,1945,0.3,0.1
PW,land,1946,0.2,0.2
PW,land,1947,-0.1,0.1
PW,land,1948,-0.3,0.1
PW,land,1949,-0.4,0.1
PW,land,1950,-0.2,0.1
PW,land,1951,-0.3,0.1
PW,land,1952,-0.4,0.1
PW,land,1953,-0.2,0.1
PW,land,1954,-0.1,0.1
PW,land,1955,-0.3,0.1
PW,land,1956,-0.3,0.1
PW,land,1957,-0.2,0
PW,land,1958,-0.5,0
PW,land,1959,-0.4,0
PW,land,1960,-0.1,0
PW,land,1961,-0.3,0.1
PW,land,1962,-0.3,0
PW,land,1963,-0.4,0
PW,land,1964,-0.1,0
PW,land,1965,-0.5,0.1
PW,land,1966,-0.4,0.1
PW,land,1967,-0.5,0.1
PW,land,1968,-0.3,0.1
PW,land,1969,-0.2,0.1
PW,land,1970,0,0
PW,land,1971,-0.2,0.1
PW,land,1972,-0.4,0.1
PW,land,1973,-0.1,0.1
PW,land,1974,-0.2,0.1
PW,land,1975,-0.2,0.1
PW,land,1976,-0.4,0.1
PW,land,1977,-0.2,0
PW,land,1978,-0.1,0.1
PW,land,1979,-0.2,0.1
PW,land,1980,-0.3,0
PW,land,1981,0.1,0.1
PW,land,1982,-0.1,0.1
PW,land,1983,-0.1,0.1
PW,land,1984,0,0.1
PW,land,1985,0,0.1
PW,land,1986,-0.1,0.1
PW,land,1987,-0.1,0.1
PW,land,1988,0.3,0.1
PW,land,1989,0.2,0.1
PW,land,1990,-0.2,0.1
PW,land,1991,-0.4,0
PW,land,1992,-0.2,0.1
PW,land,1993,-0.3,0.1
PW,land,1994,-0.1,0.1
PW,land,1995,0.2,0.1
PW,land,1996,0.3,0.1
PW,land,1997,0,0.1
PW,land,1998,0.4,0.2
PW,land,1999,0.3,0.1
PW,land,2000,0.3,0.1
PW,land,2001,0.3,0.1
PW,land,2002,0.1,0.1
PW,land,2003,0.1,0
PW,land,2004,0,0.1
PW,land,2005,0.2,0.1
PW,land,2006,0.2,0.1
PW,land,2007,0.2,0
PW,land,2008,0.2,0.1
PW,land,2009,0.3,0.1
PW,land,2010,0.7,0.1
PW,land,2011,0.4,0.1
PW,land,2012,0.4,0.1
PW,land,2013,0.6,0.1
PW,land,2014,0.5,0.1
PW,land,2015,0.2,0.1
PW,land,2016,0.6,0
PW,land,2017,0.7,0.1
PW,land,2018,0.5,0.1
PW,land,2019,0.3,0.1
PW,land,2020,0.8,0.1
PW,land,2021,0.8,0.1
PW,land,2022,0.8,0.1
PW,land,2023,0.8,0.1
PW,land,2024,0.9,0.1
PW,land,2025,0.9,0.1
SB,land,1850,0.1,0.1
SB,land,1851,0.2,0.1
SB,land,1852,0.1,0
SB,land,1853,-0.2,0.1
SB,land,1854,-0.4,0.1
SB,land,1855,-0.4,0.1
SB,land,1856,-0.6,0.1
SB,land,1857,0.1,0.1
SB,land,1858,-0.2,0.2
SB,land,1859,0,0.1
SB,land,1860,-0.4,0.1
SB,land,1861,-1.1,0.5
SB,land,1862,-0.4,0.1
SB,land,1863,-0.3,0
SB,land,1864,-0.2,0
SB,land,1865,-0.2,0
SB,land,1866,0,0
SB,land,1867,-0.1,0.1
SB,land,1868,-0.2,0
SB,land,1869,0.2,0.1
SB,land,1870,-0.1,0
SB,land,1871,-0.2,0
SB,land,1872,-0.1,0
SB,land,1873,-0.1,0.1
SB,land,1874,0.1,0.1
SB,land,1875,-0.1,0
SB,land,1876,-0.2,0.1
SB,land,1877,-0.4,0.1
SB,land,1878,-0.1,0.1
SB,land,1879,-0.2,0.1
SB,land,1880,-0.4,0
SB,land,1881,0.3,0.1
SB,land,1882,0.2,0.1
SB,land,1883,-0.4,0.1
SB,land,1884,-0.6,0.1
SB,land,1885,-1,0.1
SB,land,1886,-0.7,0.1
SB,land,1887,-0.1,0.1
SB,land,1888,-0.4,0.2
SB,land,1889,-0.3,0.1
SB,land,1890,0,0.1
SB,land,1891,0.1,0.2
SB,land,1892,0,0.1
SB,land,1893,-0.1,0
SB,land,1894,-0.4,0.1
SB,land,1895,-0.3,0.1
SB,land,1896,-0.3,0
SB,land,1897,0,0.1
SB,land,1898,-0.3,0.1
SB,land,1899,-0.3,0.1
SB,land,1900,-0.1,0.2
SB,land,1901,-0.4,0.1
SB,land,1902,-1,0.2
SB,land,1903,-0.9,0.1
SB,land,1904,-0.7,0.1
SB,land,1905,-0.9,0.1
SB,land,1906,-0.7,0.1
SB,land,1907,-0.2,0.1
SB,land,1908,-0.3,0.1
SB,land,1909,-0.4,0.1
SB,land,1910,-0.3,0.1
SB,land,1911,-0.8,0.1
SB,land,1912,-0.7,0.1
SB,land,1913,-0.7,0.1
SB,land,1914,-0.8,0.1
SB,land,1915,-0.5,0.2
SB,land,1916,-0.3,0.1
SB,land,1917,-0.9,0.1
SB,land,1918,-0.9,0.1
SB,land,1919,-1.4,0.2
SB,land,1920,-0.9,0.1
SB,land,1921,-0.2,0.1
SB,land,1922,-0.1,0.1
SB,land,1923,-0.5,0.1
SB,land,1924,-0.3,0.2
SB,land,1925,-0.5,0.1
SB,land,1926,-0.6,0.1
SB,land,1927,-0.5,0.1
SB,land,1928,-0.4,0.1
SB,land,1929,-0.4,0.1
SB,land,1930,-0.6,0.1
SB,land,1931,-0.4,0.1
SB,land,1932,-0.5,0.1
SB,land,1933,-0.4,0
SB,land,1934,-0.4,0
SB,land,1935,-0.4,0
SB,land,1936,-0.3,0.1
SB,land,1937,-0.3,0.1
SB,land,1938,-0.2,0.1
SB,land,1939,-0.4,0.1
SB,land,1940,-0.6,0.1
SB,land,1941,-0.6,0.1
SB,land,1942,-0.2,0.1
SB,land,1943,0.6,0.1
SB,land,1944,0.3,0.1
SB,land,1945,0.3,0.1
SB,land,1946,-0.2,0.2
SB,land,1947,-0.3,0.1
SB,land,1948,-0.4,0.1
SB,land,1949,-0.7,0.1
SB,land,1950,-0.3,0.2
SB,land,1951,-0.4,0.1
SB,land,1952,-0.4,0.1
SB,land,1953,-0.5,0
SB,land,1954,-0.4,0.1
SB,land,1955,-0.4,0.1
SB,land,1956,-0.1,0.1
SB,land,1957,-0.5,0.1
SB,land,1958,-0.5,0.1
SB,land,1959,-0.5,0.1
SB,land,1960,-0.3,0.1
SB,land,1961,-0.3,0
SB,land,1962,0,0
SB,land,1963,-0.1,0.1
SB,land,1964,-0.3,0.1
SB,land,1965,-0.9,0.1
SB,land,1966,-0.6,0
SB,land,1967,-0.3,0.1
SB,land,1968,-0.1,0.1
SB,land,1969,0.1,0
SB,land,1970,0.1,0
SB,land,1971,-0.1,0
SB,land,1972,-0.5,0.1
SB,land,1973,0,0
SB,land,1974,0,0.1
SB,land,1975,-0.2,0.1
SB,land,1976,-0.3,0
SB,land,1977,-0.2,0.1
SB,land,1978,-0.1,0.1
SB,land,1979,-0.1,0
SB,land,1980,-0.1,0.1
SB,land,1981,0.1,0
SB,land,1982,-0.3,0.1
SB,land,1983,-0.3,0.1
SB,land,1984,0,0.1
SB,land,1985,0.1,0.1
SB,land,1986,-0.1,0.1
SB,land,1987,-0.3,0.1
SB,land,1988,0.2,0
SB,land,1989,0.2,0.1
SB,land,1990,0.1,0
SB,land,1991,0.1,0.1
SB,land,1992,-0.4,0
SB,land,1993,-0.7,0.1
SB,land,1994,-0.2,0.1
SB,land,1995,0.4,0
SB,land,1996,0.4,0.1
SB,land,1997,-0.2,0.1
SB,land,1998,0.3,0.1
SB,land,1999,0.3,0.1
SB,land,2000,0.4,0.1
SB,land,2001,0.4,0
SB,land,2002,0.3,0.1
SB,land,2003,0.5,0.1
SB,land,2004,0.3,0.1
SB,land,2005,0.5,0
SB,land,2006,0.3,0.1
SB,land,2007,0.6,0
SB,land,2008,0.3,0.1
SB,land,2009,0.4,0.1
SB,land,2010,0.5,0.1
SB,land,2011,0.5,0
SB,land,2012,0.3,0.1
SB,land,2013,0.4,0
SB,land,2014,0.5,0
SB,land,2015,0.1,0.1
SB,land,2016,0.7,0.1
SB,land,2017,0.8,0
SB,land,2018,0.6,0
SB,land,2019,0.5,0
SB,land,2020,0.8,0.1
SB,land,2021,0.6,0.1
SB,land,2022,0.8,0
SB,land,2023,0.6,0.1
SB,land,2024,0.9,0
SB,land,2025,1,0
TK,land,1850,0,0.1
TK,land,1851,-0.3,0.1
TK,land,1852,-0.1,0.1
TK,land,1853,0,0.1
TK,land,1854,0,0
TK,land,1855,-0.1,0.1
TK,land,1856,-0.3,0.1
TK,land,1857,-0.7,0.1
TK,land,1858,-0.2,0.1
TK,land,1859,0.1,0
TK,land,1860,-0.4,0.1
TK,land,1861,-0.6,0.1
TK,land,1862,-0.6,0
TK,land,1863,-0.5,0
TK,land,1864,-0.4,0
TK,land,1865,-0.4,0
TK,land,1866,-0.4,0
TK,land,1867,-0.4,0
TK,land,1868,-0.4,0
TK,land,1869,-0.4,0
TK,land,1870,-0.7,0.1
TK,land,1871,-0.4,0
TK,land,1872,-0.3,0.1
TK,land,1873,-0.6,0.1
TK,land,1874,-0.4,0.1
TK,land,1875,-0.5,0.1
TK,land,1876,-0.3,0
TK,land,1877,0.1,0.1
TK,land,1878,-0.1,0.1
TK,land,1879,-0.6,0.1
TK,land,1880,-0.5,0.1
TK,land,1881,0,0.1
TK,land,1882,-0.1,0.1
TK,land,1883,-0.4,0
TK,land,1884,-0.3,0
TK,land,1885,-0.3,0.1
TK,land,1886,-0.6,0.1
TK,land,1887,-0.8,0.2
TK,land,1888,0.1,0.1
TK,land,1889,-0.1,0.1
TK,land,1890,-0.9,0.1
TK,land,1891,-0.5,0.1
TK,land,1892,-0.4,0.1
TK,land,1893,-0.8,0
TK,land,1894,-0.5,0
TK,land,1895,-0.3,0.1
TK,land,1896,-0.1,0.1
TK,land,1897,0,0.1
TK,land,1898,-0.5,0.1
TK,land,1899,-0.3,0.1
TK,land,1900,0.4,0
TK,land,1901,0.1,0.1
TK,land,1902,0,0.1
TK,land,1903,-0.1,0.2
TK,land,1904,-0.8,0.1
TK,land,1905,0,0
TK,land,1906,-0.3,0
TK,land,1907,-0.4,0.1
TK,land,1908,-0.6,0.1
TK,land,1909,-1,0
TK,land,1910,-1.1,0.1
TK,land,1911,-0.7,0.1
TK,land,1912,-0.2,0.1
TK,land,1913,-0.5,0.1
TK,land,1914,-0.2,0.1
TK,land,1915,-0.1,0.1
TK,land,1916,-0.9,0.2
TK,land,1917,-1.7,0.1
TK,land,1918,-0.5,0.1
TK,land,1919,-0.6,0.1
TK,land,1920,-0.3,0.1
TK,land,1921,-0.7,0.1
TK,land,1922,-0.4,0.1
TK,land,1923,-0.4,0.1
TK,land,1924,-0.4,0.1
TK,land,1925,-0.5,0.1
TK,land,1926,0,0.1
TK,land,1927,-0.5,0.1
TK,land,1928,-0.3,0
TK,land,1929,-0.3,0
TK,land,1930,-0.1,0.1
TK,land,1931,-0.1,0
TK,land,1932,-0.3,0.1
TK,land,1933,-0.7,0.1
TK,land,1934,-0.6,0.1
TK,land,1935,-0.5,0
TK,land,1936,-0.4,0
TK,land,1937,-0.4,0.1
TK,land,1938,-0.8,0.1
TK,land,1939,-0.7,0.1
TK,land,1940,0.3,0.1
TK,land,1941,0.5,0
TK,land,1942,0,0.1
TK,land,1943,-0.4,0.1
TK,land,1944,0,0
TK,land,1945,-0.2,0
TK,land,1946,0,0.1
TK,land,1947,0,0.1
TK,land,1948,-0.3,0.1
TK,land,1949,-0.3,0.1
TK,land,1950,-0.8,0
TK,land,1951,-0.2,0.1
TK,land,1952,0,0
TK,land,1953,0.1,0
TK,land,1954,-0.3,0.1
TK,land,1955,-0.8,0.1
TK,land,1956,-0.8,0
TK,land,1957,-0.1,0.1
TK,land,1958,0.3,0.1
TK,land,1959,0.1,0
TK,land,1960,-0.2,0
TK,land,1961,-0.3,0
TK,land,1962,-0.3,0
TK,land,1963,-0.1,0.1
TK,land,1964,-0.4,0.1
TK,land,1965,-0.1,0.1
TK,land,1966,0.2,0
TK,land,1967,-0.3,0
TK,land,1968,-0.1,0.1
TK,land,1969,0.4,0.1
TK,land,1970,-0.1,0.1
TK,land,1971,-0.7,0
TK,land,1972,0,0.1
TK,land,1973,-0.1,0.1
TK,land,1974,-0.8,0.1
TK,land,1975,-0.7,0.1
TK,land,1976,-0.5,0.1
TK,land,1977,0.2,0
TK,land,1978,0,0
TK,land,1979,0,0
TK,land,1980,0.2,0
TK,land,1981,-0.2,0
TK,land,1982,0.2,0
TK,land,1983,-0.1,0
TK,land,1984,-0.2,0
TK,land,1985,-0.3,0
TK,land,1986,0.1,0.1
TK,land,1987,0.5,0
TK,land,1988,0,0.1
TK,land,1989,-0.4,0.1
TK,land,1990,0.2,0
TK,land,1991,0.5,0
TK,land,1992,0.4,0
TK,land,1993,0.3,0
TK,land,1994,0.5,0
TK,land,1995,0.4,0.1
TK,land,1996,0,0
TK,land,1997,0.2,0
TK,land,1998,-0.1,0.1
TK,land,1999,-0.4,0
TK,land,2000,-0.3,0
TK,land,2001,0.1,0.1
TK,land,2002,0.5,0
TK,land,2003,0.6,0.1
TK,land,2004,0.5,0.1
TK,land,2005,0.4,0
TK,land,2006,0.4,0.1
TK,land,2007,0.3,0.1
TK,land,2008,-0.3,0.1
TK,land,2009,0.5,0.1
TK,land,2010,0.2,0.2
TK,land,2011,-0.4,0.1
TK,land,2012,0.2,0.1
TK,land,2013,0.3,0
TK,land,2014,0.5,0
TK,land,2015,0.9,0
TK,land,2016,0.7,0.1
TK,land,2017,0.5,0
TK,land,2018,0.5,0.1
TK,land,2019,0.8,0
TK,land,2020,0.5,0.1
TK,land,2021,0,0
TK,land,2022,-0.2,0
TK,land,2023,0.6,0.1
TK,land,2024,0.8,0.1
TK,land,2025,0.4,0
TO,land,1850,-0.2,0.1
TO,land,1851,-0.3,0
TO,land,1852,-0.1,0
TO,land,1853,0.4,0.1
TO,land,1854,0.1,0.1
TO,land,1855,-0.2,0.1
TO,land,1856,-0.2,0.1
TO,land,1857,0,0.1
TO,land,1858,-0.1,0
TO,land,1859,0.2,0.1
TO,land,1860,0.1,0
TO,land,1861,0,0.1
TO,land,1862,-0.1,0
TO,land,1863,0,0
TO,land,1864,0.1,0.1
TO,land,1865,0,0
TO,land,1866,0,0
TO,land,1867,0.2,0.1
TO,land,1868,0.1,0.1
TO,land,1869,0.1,0.2
TO,land,1870,0.2,0.1
TO,land,1871,0.4,0.1
TO,land,1872,0.3,0.1
TO,land,1873,0,0.1
TO,land,1874,0.3,0.2
TO,land,1875,0.2,0.1
TO,land,1876,0.2,0.1
TO,land,1877,-0.4,0.1
TO,land,1878,-0.2,0.1
TO,land,1879,0.3,0.1
TO,land,1880,0.1,0.1
TO,land,1881,0,0.1
TO,land,1882,0.1,0.1
TO,land,1883,-0.5,0.1
TO,land,1884,-0.7,0.2
TO,land,1885,-1,0.1
TO,land,1886,-0.6,0.1
TO,land,1887,-0.4,0.1
TO,land,1888,-0.7,0.1
TO,land,1889,-0.2,0.1
TO,land,1890,-0.2,0.1
TO,land,1891,-0.4,0.1
TO,land,1892,-0.3,0.1
TO,land,1893,-0.1,0.1
TO,land,1894,-0.3,0
TO,land,1895,-0.2,0.1
TO,land,1896,-0.6,0.1
TO,land,1897,-0.5,0.1
TO,land,1898,0,0.1
TO,land,1899,-0.1,0.1
TO,land,1900,-0.6,0.2
TO,land,1901,0,0.1
TO,land,1902,-0.9,0.1
TO,land,1903,-0.6,0
TO,land,1904,-0.6,0.1
TO,land,1905,-1,0.1
TO,land,1906,-0.3,0.1
TO,land,1907,-0.6,0.1
TO,land,1908,-0.6,0.1
TO,land,1909,-0.5,0.1
TO,land,1910,-0.3,0.1
TO,land,1911,-0.5,0.1
TO,land,1912,-0.6,0.1
TO,land,1913,-0.7,0.1
TO,land,1914,-0.5,0.1
TO,land,1915,-0.2,0.1
TO,land,1916,0.2,0.1
TO,land,1917,0,0.1
TO,land,1918,-0.4,0
TO,land,1919,-0.9,0.1
TO,land,1920,-0.5,0.1
TO,land,1921,-0.6,0.1
TO,land,1922,-0.2,0
TO,land,1923,-0.5,0.1
TO,land,1924,-0.1,0.1
TO,land,1925,-0.4,0.1
TO,land,1926,-0.6,0.1
TO,land,1927,-0.2,0.1
TO,land,1928,-0.5,0.1
TO,land,1929,-0.4,0
TO,land,1930,-0.8,0.1
TO,land,1931,-0.7,0.1
TO,land,1932,-0.3,0
TO,land,1933,-0.4,0.1
TO,land,1934,-0.5,0.1
TO,land,1935,-0.3,0.1
TO,land,1936,-0.2,0.1
TO,land,1937,-0.2,0.1
TO,land,1938,-0.2,0.1
TO,land,1939,-0.5,0.1
TO,land,1940,-0.6,0.1
TO,land,1941,-0.4,0.1
TO,land,1942,-0.1,0.1
TO,land,1943,0.3,0.1
TO,land,1944,0.3,0.1
TO,land,1945,0.1,0.1
TO,land,1946,0,0.1
TO,land,1947,0,0.1
TO,land,1948,-0.2,0.1
TO,land,1949,-0.1,0.1
TO,land,1950,0.1,0.1
TO,land,1951,-0.1,0.1
TO,land,1952,0.3,0.1
TO,land,1953,0.1,0.1
TO,land,1954,-0.1,0.1
TO,land,1955,0,0.1
TO,land,1956,0.1,0.1
TO,land,1957,-0.2,0.1
TO,land,1958,-0.3,0.1
TO,land,1959,-0.1,0.1
TO,land,1960,0,0.1
TO,land,1961,0.1,0.1
TO,land,1962,-0.1,0.1
TO,land,1963,-0.2,0.1
TO,land,1964,0,0.1
TO,land,1965,-0.4,0
TO,land,1966,-0.3,0.1
TO,land,1967,-0.2,0.1
TO,land,1968,0.1,0.1
TO,land,1969,-0.2,0.1
TO,land,1970,0.2,0.1
TO,land,1971,0.2,0.1
TO,land,1972,-0.1,0.1
TO,land,1973,0.4,0.1
TO,land,1974,0.3,0.1
TO,land,1975,0.2,0.1
TO,land,1976,0,0.1
TO,land,1977,-0.4,0.1
TO,land,1978,-0.3,0.1
TO,land,1979,-0.2,0.1
TO,land,1980,0,0.1
TO,land,1981,-0.1,0
TO,land,1982,-0.2,0.1
TO,land,1983,-0.3,0.1
TO,land,1984,0.1,0.1
TO,land,1985,-0.1,0.1
TO,land,1986,-0.4,0.1
TO,land,1987,-0.5,0.1
TO,land,1988,0.4,0.1
TO,land,1989,0.1,0.1
TO,land,1990,0,0.1
TO,land,1991,0,0.1
TO,land,1992,0,0.1
TO,land,1993,-0.3,0.1
TO,land,1994,-0.3,0.1
TO,land,1995,0.2,0.1
TO,land,1996,0.3,0.1
TO,land,1997,-0.2,0.2
TO,land,1998,-0.1,0.2
TO,land,1999,0.4,0
TO,land,2000,0.5,0.1
TO,land,2001,0.2,0.1
TO,land,2002,0.3,0.1
TO,land,2003,0.3,0.1
TO,land,2004,0.4,0.1
TO,land,2005,0.4,0.1
TO,land,2006,0.4,0.1
TO,land,2007,0.4,0.1
TO,land,2008,0.5,0.1
TO,land,2009,0.3,0.1
TO,land,2010,0.6,0.1
TO,land,2011,0.7,0.1
TO,land,2012,0.4,0.1
TO,land,2013,0.6,0.1
TO,land,2014,0.5,0.1
TO,land,2015,-0.1,0.1
TO,land,2016,0.4,0.2
TO,land,2017,0.6,0.1
TO,land,2018,0.5,0.1
TO,land,2019,0.5,0.1
TO,land,2020,0.7,0.1
TO,land,2021,0.8,0
TO,land,2022,1.1,0.1
TO,land,2023,0.5,0.1
TO,land,2024,0.6,0.1
TO,land,2025,0.6,0.1
TV,land,1850,0,0
TV,land,1851,-0.4,0.1
TV,land,1852,-0.1,0
TV,land,1853,-0.1,0.1
TV,land,1854,0,0
TV,land,1855,-0.2,0.1
TV,land,1856,-0.3,0.1
TV,land,1857,-0.5,0
TV,land,1858,-0.2,0.1
TV,land,1859,0.2,0
TV,land,1860,-0.2,0
TV,land,1861,-0.2,0.1
TV,land,1862,-0.1,0
TV,land,1863,0,0
TV,land,1864,0,0
TV,land,1865,0,0
TV,land,1866,0,0
TV,land,1867,0,0
TV,land,1868,0.1,0
TV,land,1869,0.2,0.1
TV,land,1870,-0.2,0.1
TV,land,1871,0,0
TV,land,1872,0,0.1
TV,land,1873,-0.3,0.1
TV,land,1874,-0.1,0.1
TV,land,1875,-0.3,0.1
TV,land,1876,-0.3,0
TV,land,1877,-0.2,0
TV,land,1878,-0.2,0
TV,land,1879,-0.5,0
TV,land,1880,-0.5,0
TV,land,1881,0.1,0.1
TV,land,1882,0.2,0.1
TV,land,1883,-0.3,0.1
TV,land,1884,-0.4,0.1
TV,land,1885,-0.4,0.1
TV,land,1886,-0.5,0.1
TV,land,1887,-0.5,0.1
TV,land,1888,-0.1,0.1
TV,land,1889,-0.4,0.1
TV,land,1890,-0.7,0.1
TV,land,1891,-0.4,0.1
TV,land,1892,-0.2,0.1
TV,land,1893,-0.6,0
TV,land,1894,-0.3,0
TV,land,1895,-0.3,0
TV,land,1896,-0.3,0
TV,land,1897,-0.1,0.1
TV,land,1898,-0.4,0
TV,land,1899,-0.3,0.1
TV,land,1900,0.1,0.1
TV,land,1901,0,0.1
TV,land,1902,-0.4,0.1
TV,land,1903,-0.3,0.1
TV,land,1904,-0.7,0.1
TV,land,1905,-0.3,0.1
TV,land,1906,-0.5,0.1
TV,land,1907,-0.4,0.1
TV,land,1908,-0.6,0.1
TV,land,1909,-0.8,0.1
TV,land,1910,-1.1,0.1
TV,land,1911,-0.7,0.1
TV,land,1912,-0.4,0.1
TV,land,1913,-0.6,0.1
TV,land,1914,-0.4,0.1
TV,land,1915,-0.3,0.1
TV,land,1916,-1,0.1
TV,land,1917,-1.5,0.2
TV,land,1918,-0.6,0.1
TV,land,1919,-0.9,0.1
TV,land,1920,-0.5,0.1
TV,land,1921,-0.5,0.1
TV,land,1922,-0.4,0.1
TV,land,1923,-0.4,0
TV,land,1924,-0.4,0.1
TV,land,1925,-0.5,0.1
TV,land,1926,-0.3,0.1
TV,land,1927,-0.6,0.1
TV,land,1928,-0.3,0.1
TV,land,1929,-0.3,0
TV,land,1930,-0.2,0.1
TV,land,1931,-0.2,0
TV,land,1932,-0.3,0.1
TV,land,1933,-0.7,0.1
TV,land,1934,-0.6,0.1
TV,land,1935,-0.4,0
TV,land,1936,-0.4,0
TV,land,1937,-0.4,0
TV,land,1938,-0.6,0.1
TV,land,1939,-0.5,0.1
TV,land,1940,0.1,0.1
TV,land,1941,0.3,0
TV,land,1942,0,0.1
TV,land,1943,-0.1,0.1
TV,land,1944,0.1,0
TV,land,1945,0,0
TV,land,1946,0.2,0.1
TV,land,1947,0,0.1
TV,land,1948,-0.3,0.2
TV,land,1949,-0.4,0.1
TV,land,1950,-0.7,0.1
TV,land,1951,-0.2,0.1
TV,land,1952,-0.2,0
TV,land,1953,-0.2,0
TV,land,1954,-0.5,0.1
TV,land,1955,-0.7,0.1
TV,land,1956,-0.6,0
TV,land,1957,-0.4,0
TV,land,1958,-0.1,0
TV,land,1959,-0.2,0.1
TV,land,1960,-0.3,0.1
TV,land,1961,-0.4,0
TV,land,1962,-0.4,0
TV,land,1963,-0.3,0
TV,land,1964,-0.6,0.1
TV,land,1965,-0.5,0.1
TV,land,1966,-0.1,0
TV,land,1967,-0.4,0
TV,land,1968,-0.3,0.1
TV,land,1969,0.3,0
TV,land,1970,-0.2,0.1
TV,land,1971,-0.6,0.1
TV,land,1972,-0.1,0
TV,land,1973,-0.2,0.1
TV,land,1974,-0.5,0.1
TV,land,1975,-0.7,0.1
TV,land,1976,-0.4,0.1
TV,land,1977,0.1,0
TV,land,1978,0,0
TV,land,1979,0.1,0
TV,land,1980,0.2,0
TV,land,1981,-0.1,0.1
TV,land,1982,0.1,0
TV,land,1983,-0.2,0
TV,land,1984,-0.1,0
TV,land,1985,-0.2,0
TV,land,1986,0,0
TV,land,1987,0.1,0.1
TV,land,1988,0,0.1
TV,land,1989,-0.2,0.1
TV,land,1990,0.3,0
TV,land,1991,0.4,0
TV,land,1992,0.2,0.1
TV,land,1993,0.1,0
TV,land,1994,0.3,0
TV,land,1995,0.4,0
TV,land,1996,0.1,0
TV,land,1997,0.1,0
TV,land,1998,-0.1,0.1
TV,land,1999,-0.2,0
TV,land,2000,-0.1,0.1
TV,land,2001,0.2,0
TV,land,2002,0.5,0
TV,land,2003,0.6,0
TV,land,2004,0.6,0
TV,land,2005,0.5,0
TV,land,2006,0.5,0.1
TV,land,2007,0.4,0.1
TV,land,2008,-0.1,0.1
TV,land,2009,0.4,0.1
TV,land,2010,0.2,0.1
TV,land,2011,-0.2,0.1
TV,land,2012,0.3,0.1
TV,land,2013,0.4,0
TV,land,2014,0.6,0
TV,land,2015,0.6,0.1
TV,land,2016,0.7,0
TV,land,2017,0.5,0
TV,land,2018,0.6,0.1
TV,land,2019,0.8,0
TV,land,2020,0.6,0.1
TV,land,2021,0.2,0
TV,land,2022,0,0.1
TV,land,2023,0.7,0.1
TV,land,2024,0.9,0
TV,land,2025,0.5,0
VU,land,1850,-0.4,0.1
VU,land,1851,0,0.1
VU,land,1852,-0.3,0
VU,land,1853,-0.6,0.2
VU,land,1854,-0.9,0.1
VU,land,1855,-0.7,0.1
VU,land,1856,-1,0.1
VU,land,1857,-0.1,0.1
VU,land,1858,-0.5,0.1
VU,land,1859,-0.3,0
VU,land,1860,-0.5,0.1
VU,land,1861,-0.6,0.2
VU,land,1862,-0.3,0.1
VU,land,1863,0,0.1
VU,land,1864,0.1,0.1
VU,land,1865,-0.1,0.1
VU,land,1866,0,0.1
VU,land,1867,0,0.1
VU,land,1868,-0.3,0.1
VU,land,1869,0,0.1
VU,land,1870,0,0.1
VU,land,1871,-0.2,0.1
VU,land,1872,-0.1,0.1
VU,land,1873,-0.1,0.1
VU,land,1874,-0.1,0.1
VU,land,1875,0,0.1
VU,land,1876,-0.2,0.1
VU,land,1877,-0.5,0.1
VU,land,1878,-0.2,0.1
VU,land,1879,0.1,0.1
VU,land,1880,-0.1,0.1
VU,land,1881,-0.2,0.1
VU,land,1882,-0.1,0.1
VU,land,1883,-0.4,0.1
VU,land,1884,-0.9,0
VU,land,1885,-1.1,0.1
VU,land,1886,-0.7,0.1
VU,land,1887,-0.4,0.1
VU,land,1888,-0.9,0.1
VU,land,1889,-0.4,0.1
VU,land,1890,-0.1,0.1
VU,land,1891,-0.2,0.1
VU,land,1892,-0.3,0.1
VU,land,1893,0.4,0.1
VU,land,1894,-0.4,0.1
VU,land,1895,-0.4,0.1
VU,land,1896,-0.3,0.1
VU,land,1897,-0.2,0.1
VU,land,1898,-0.2,0
VU,land,1899,-0.4,0.1
VU,land,1900,-0.4,0.1
VU,land,1901,-0.7,0.1
VU,land,1902,-1,0.1
VU,land,1903,-0.9,0.1
VU,land,1904,-0.7,0.1
VU,land,1905,-1.1,0.1
VU,land,1906,-0.8,0.1
VU,land,1907,-0.4,0.1
VU,land,1908,-0.4,0.1
VU,land,1909,-0.4,0.1
VU,land,1910,-0.2,0
VU,land,1911,-0.6,0.1
VU,land,1912,-0.7,0
VU,land,1913,-0.9,0
VU,land,1914,-0.9,0.1
VU,land,1915,-0.5,0.1
VU,land,1916,0,0.1
VU,land,1917,-0.2,0.1
VU,land,1918,-0.6,0.1
VU,land,1919,-0.9,0.1
VU,land,1920,-0.6,0.1
VU,land,1921,-0.5,0.1
VU,land,1922,-0.4,0
VU,land,1923,-0.6,0
VU,land,1924,-0.1,0.1
VU,land,1925,-0.6,0.1
VU,land,1926,-0.6,0.1
VU,land,1927,-0.4,0
VU,land,1928,-0.5,0
VU,land,1929,-0.6,0
VU,land,1930,-0.9,0.1
VU,land,1931,-0.7,0.1
VU,land,1932,-0.7,0
VU,land,1933,-0.3,0.1
VU,land,1934,-0.7,0.1
VU,land,1935,-0.4,0.1
VU,land,1936,-0.4,0.1
VU,land,1937,-0.4,0.1
VU,land,1938,-0.1,0.1
VU,land,1939,-0.5,0.1
VU,land,1940,-0.8,0.1
VU,land,1941,-0.7,0
VU,land,1942,-0.4,0.1
VU,land,1943,0.3,0.1
VU,land,1944,0,0.1
VU,land,1945,0,0
VU,land,1946,-0.5,0.1
VU,land,1947,-0.4,0.1
VU,land,1948,-0.3,0
VU,land,1949,-0.4,0
VU,land,1950,-0.1,0.1
VU,land,1951,-0.3,0.1
VU,land,1952,-0.2,0
VU,land,1953,-0.3,0.1
VU,land,1954,-0.4,0
VU,land,1955,-0.2,0.1
VU,land,1956,0.2,0.1
VU,land,1957,-0.4,0.1
VU,land,1958,-0.4,0.1
VU,land,1959,-0.4,0.1
VU,land,1960,-0.2,0.1
VU,land,1961,-0.2,0
VU,land,1962,0,0
VU,land,1963,-0.3,0.1
VU,land,1964,-0.2,0.1
VU,land,1965,-0.8,0.1
VU,land,1966,-0.7,0.1
VU,land,1967,-0.3,0.1
VU,land,1968,-0.2,0.1
VU,land,1969,-0.3,0.1
VU,land,1970,0.1,0
VU,land,1971,0.2,0.1
VU,land,1972,-0.3,0.1
VU,land,1973,0.2,0.1
VU,land,1974,0.3,0.1
VU,land,1975,0.2,0.1
VU,land,1976,0,0
VU,land,1977,-0.4,0.1
VU,land,1978,-0.3,0.1
VU,land,1979,-0.1,0.1
VU,land,1980,-0.2,0.1
VU,land,1981,0,0.1
VU,land,1982,-0.4,0.1
VU,land,1983,-0.3,0.1
VU,land,1984,0.1,0.1
VU,land,1985,0.1,0.1
VU,land,1986,-0.2,0.1
VU,land,1987,-0.4,0.1
VU,land,1988,0.4,0.1
VU,land,1989,0.2,0.1
VU,land,1990,0.2,0
VU,land,1991,-0.3,0.1
VU,land,1992,-0.4,0.1
VU,land,1993,-0.7,0.1
VU,land,1994,-0.5,0.1
VU,land,1995,0.1,0.1
VU,land,1996,0.2,0.1
VU,land,1997,-0.2,0.1
VU,land,1998,0.5,0.1
VU,land,1999,0.4,0.1
VU,land,2000,0.3,0
VU,land,2001,0.4,0.1
VU,land,2002,0.2,0.1
VU,land,2003,0.2,0.1
VU,land,2004,0,0.1
VU,land,2005,0.3,0
VU,land,2006,0.1,0.1
VU,land,2007,0.4,0.1
VU,land,2008,0.5,0.1
VU,land,2009,0.1,0.1
VU,land,2010,0.4,0.1
VU,land,2011,0.5,0
VU,land,2012,0.2,0
VU,land,2013,0.4,0.1
VU,land,2014,0.2,0
VU,land,2015,-0.1,0.1
VU,land,2016,0.6,0.1
VU,land,2017,0.5,0.1
VU,land,2018,0.4,0
VU,land,2019,0.2,0.1
VU,land,2020,0.5,0.1
VU,land,2021,0.6,0.1
VU,land,2022,1.2,0.1
VU,land,2023,0.5,0.1
VU,land,2024,0.7,0
VU,land,2025,0.9,0.1
WF,land,1850,0,0
WF,land,1851,-0.4,0
WF,land,1852,-0.1,0
WF,land,1853,0.1,0.1
WF,land,1854,-0.1,0.1
WF,land,1855,-0.3,0
WF,land,1856,-0.3,0.1
WF,land,1857,-0.4,0
WF,land,1858,-0.2,0
WF,land,1859,0.1,0
WF,land,1860,-0.2,0
WF,land,1861,-0.5,0.2
WF,land,1862,-0.3,0
WF,land,1863,-0.3,0
WF,land,1864,-0.2,0
WF,land,1865,-0.2,0
WF,land,1866,-0.2,0
WF,land,1867,-0.1,0.1
WF,land,1868,-0.1,0.1
WF,land,1869,0,0.1
WF,land,1870,-0.2,0
WF,land,1871,0.1,0.1
WF,land,1872,0,0.1
WF,land,1873,-0.3,0
WF,land,1874,0,0.1
WF,land,1875,-0.2,0.1
WF,land,1876,-0.1,0
WF,land,1877,-0.2,0.1
WF,land,1878,-0.2,0.1
WF,land,1879,-0.2,0
WF,land,1880,-0.2,0
WF,land,1881,0.2,0
WF,land,1882,0.1,0
WF,land,1883,-0.3,0
WF,land,1884,-0.3,0.1
WF,land,1885,-0.5,0.1
WF,land,1886,-0.5,0.1
WF,land,1887,-0.3,0.1
WF,land,1888,-0.3,0.1
WF,land,1889,-0.3,0.1
WF,land,1890,-0.5,0.1
WF,land,1891,-0.4,0.1
WF,land,1892,-0.3,0.1
WF,land,1893,-0.6,0.1
WF,land,1894,-0.4,0
WF,land,1895,-0.2,0.1
WF,land,1896,-0.4,0
WF,land,1897,-0.3,0.1
WF,land,1898,-0.3,0
WF,land,1899,-0.2,0.1
WF,land,1900,-0.1,0.1
WF,land,1901,-0.1,0
WF,land,1902,-0.6,0.1
WF,land,1903,-0.4,0.1
WF,land,1904,-0.6,0.1
WF,land,1905,-0.5,0
WF,land,1906,-0.4,0.1
WF,land,1907,-0.5,0.1
WF,land,1908,-0.6,0
WF,land,1909,-0.7,0.1
WF,land,1910,-0.8,0
WF,land,1911,-0.6,0
WF,land,1912,-0.5,0
WF,land,1913,-0.6,0
WF,land,1914,-0.4,0.1
WF,land,1915,-0.3,0
WF,land,1916,-0.5,0.1
WF,land,1917,-0.9,0.1
WF,land,1918,-0.6,0.1
WF,land,1919,-1,0.1
WF,land,1920,-0.6,0.1
WF,land,1921,-0.5,0.1
WF,land,1922,-0.2,0
WF,land,1923,-0.4,0
WF,land,1924,-0.2,0.1
WF,land,1925,-0.3,0.1
WF,land,1926,-0.4,0
WF,land,1927,-0.4,0.1
WF,land,1928,-0.3,0.1
WF,land,1929,-0.3,0
WF,land,1930,-0.4,0.1
WF,land,1931,-0.4,0
WF,land,1932,-0.3,0
WF,land,1933,-0.6,0.1
WF,land,1934,-0.4,0.1
WF,land,1935,-0.4,0
WF,land,1936,-0.2,0
WF,land,1937,-0.3,0
WF,land,1938,-0.4,0
WF,land,1939,-0.5,0
WF,land,1940,-0.2,0.1
WF,land,1941,0,0
WF,land,1942,0,0
WF,land,1943,0,0.1
WF,land,1944,0.1,0.1
WF,land,1945,0,0
WF,land,1946,0.1,0.1
WF,land,1947,0.1,0.1
WF,land,1948,-0.2,0.1
WF,land,1949,-0.3,0
WF,land,1950,-0.3,0.1
WF,land,1951,-0.1,0
WF,land,1952,0,0
WF,land,1953,0,0.1
WF,land,1954,-0.2,0.1
WF,land,1955,-0.4,0
WF,land,1956,-0.3,0.1
WF,land,1957,-0.2,0.1
WF,land,1958,-0.1,0
WF,land,1959,-0.1,0.1
WF,land,1960,-0.1,0.1
WF,land,1961,-0.1,0.1
WF,land,1962,-0.1,0
WF,land,1963,-0.1,0
WF,land,1964,-0.2,0.1
WF,land,1965,-0.4,0
WF,land,1966,-0.1,0
WF,land,1967,-0.3,0
WF,land,1968,-0.1,0.1
WF,land,1969,0.2,0
WF,land,1970,0,0.1
WF,land,1971,-0.2,0.1
WF,land,1972,-0.1,0
WF,land,1973,0,0.1
WF,land,1974,-0.2,0.1
WF,land,1975,-0.3,0.1
WF,land,1976,-0.3,0.1
WF,land,1977,-0.1,0
WF,land,1978,0,0.1
WF,land,1979,0,0
WF,land,1980,0.1,0
WF,land,1981,-0.1,0
WF,land,1982,0,0.1
WF,land,1983,-0.3,0
WF,land,1984,0,0.1
WF,land,1985,-0.2,0
WF,land,1986,-0.1,0
WF,land,1987,-0.1,0.1
WF,land,1988,0,0.1
WF,land,1989,-0.1,0.1
WF,land,1990,0.1,0.1
WF,land,1991,0.3,0
WF,land,1992,0.1,0.1
WF,land,1993,0,0
WF,land,1994,0.2,0
WF,land,1995,0.3,0
WF,land,1996,0.1,0
WF,land,1997,0,0.1
WF,land,1998,-0.2,0.1
WF,land,1999,0.1,0
WF,land,2000,0.3,0
WF,land,2001,0.3,0
WF,land,2002,0.4,0
WF,land,2003,0.5,0
WF,land,2004,0.5,0
WF,land,2005,0.5,0
WF,land,2006,0.4,0
WF,land,2007,0.5,0
WF,land,2008,0.2,0.1
WF,land,2009,0.4,0
WF,land,2010,0.4,0.1
WF,land,2011,0.2,0.1
WF,land,2012,0.4,0.1
WF,land,2013,0.5,0
WF,land,2014,0.6,0
WF,land,2015,0.4,0.1
WF,land,2016,0.6,0
WF,land,2017,0.6,0
WF,land,2018,0.5,0.1
WF,land,2019,0.7,0
WF,land,2020,0.6,0.1
WF,land,2021,0.4,0
WF,land,2022,0.4,0
WF,land,2023,0.6,0
WF,land,2024,0.7,0.1
WF,land,2025,0.5,0
WS,land,1850,0.1,0
WS,land,1851,-0.3,0
WS,land,1852,0,0
WS,land,1853,0.3,0.1
WS,land,1854,0.1,0.1
WS,land,1855,-0.2,0
WS,land,1856,-0.2,0.1
WS,land,1857,-0.5,0
WS,land,1858,-0.2,0.1
WS,land,1859,0.1,0
WS,land,1860,-0.3,0
WS,land,1861,-0.6,0.1
WS,land,1862,-0.4,0
WS,land,1863,-0.4,0
WS,land,1864,-0.3,0
WS,land,1865,-0.3,0
WS,land,1866,-0.3,0
WS,land,1867,-0.2,0
WS,land,1868,-0.2,0.1
WS,land,1869,-0.1,0.1
WS,land,1870,-0.4,0
WS,land,1871,-0.1,0
WS,land,1872,-0.1,0.1
WS,land,1873,-0.5,0
WS,land,1874,-0.1,0.1
WS,land,1875,-0.2,0.1
WS,land,1876,-0.2,0
WS,land,1877,-0.2,0
WS,land,1878,-0.2,0.1
WS,land,1879,-0.4,0.1
WS,land,1880,-0.3,0
WS,land,1881,0.1,0.1
WS,land,1882,0,0.1
WS,land,1883,-0.4,0.1
WS,land,1884,-0.4,0.1
WS,land,1885,-0.5,0.1
WS,land,1886,-0.4,0.1
WS,land,1887,-0.4,0.1
WS,land,1888,-0.1,0
WS,land,1889,-0.2,0
WS,land,1890,-0.5,0.1
WS,land,1891,-0.4,0.1
WS,land,1892,-0.3,0.1
WS,land,1893,-0.7,0.1
WS,land,1894,-0.3,0.1
WS,land,1895,-0.2,0.1
WS,land,1896,-0.3,0.1
WS,land,1897,-0.2,0.1
WS,land,1898,-0.3,0
WS,land,1899,-0.2,0.1
WS,land,1900,0.2,0.1
WS,land,1901,0.1,0.1
WS,land,1902,-0.4,0.1
WS,land,1903,-0.2,0.1
WS,land,1904,-0.6,0.1
WS,land,1905,-0.4,0
WS,land,1906,-0.3,0.1
WS,land,1907,-0.4,0.1
WS,land,1908,-0.5,0.1
WS,land,1909,-0.8,0.1
WS,land,1910,-0.9,0
WS,land,1911,-0.6,0.1
WS,land,1912,-0.3,0
WS,land,1913,-0.5,0
WS,land,1914,-0.3,0.1
WS,land,1915,-0.2,0.1
WS,land,1916,-0.5,0.1
WS,land,1917,-1.1,0.1
WS,land,1918,-0.6,0.1
WS,land,1919,-0.8,0.1
WS,land,1920,-0.5,0.1
WS,land,1921,-0.5,0.1
WS,land,1922,-0.2,0.1
WS,land,1923,-0.4,0
WS,land,1924,-0.2,0.1
WS,land,1925,-0.3,0.1
WS,land,1926,-0.2,0.1
WS,land,1927,-0.4,0.1
WS,land,1928,-0.3,0.1
WS,land,1929,-0.3,0
WS,land,1930,-0.3,0.1
WS,land,1931,-0.2,0
WS,land,1932,-0.2,0
WS,land,1933,-0.6,0.1
WS,land,1934,-0.4,0.1
WS,land,1935,-0.4,0.1
WS,land,1936,-0.3,0
WS,land,1937,-0.3,0
WS,land,1938,-0.4,0
WS,land,1939,-0.6,0
WS,land,1940,0,0.1
WS,land,1941,0.1,0
WS,land,1942,0,0.1
WS,land,1943,-0.1,0.1
WS,land,1944,0.1,0.1
WS,land,1945,0.1,0
WS,land,1946,0.2,0.1
WS,land,1947,0.1,0.1
WS,land,1948,-0.2,0.1
WS,land,1949,-0.2,0
WS,land,1950,-0.4,0.1
WS,land,1951,-0.1,0
WS,land,1952,0,0
WS,land,1953,0.1,0.1
WS,land,1954,-0.1,0.1
WS,land,1955,-0.4,0.1
WS,land,1956,-0.4,0.1
WS,land,1957,-0.2,0
WS,land,1958,0,0
WS,land,1959,0.1,0.1
WS,land,1960,-0.1,0.1
WS,land,1961,0,0.1
WS,land,1962,-0.1,0
WS,land,1963,0,0
WS,land,1964,-0.2,0.1
WS,land,1965,-0.3,0
WS,land,1966,0.1,0
WS,land,1967,-0.3,0
WS,land,1968,-0.1,0.1
WS,land,1969,0.3,0
WS,land,1970,0,0.1
WS,land,1971,-0.3,0.1
WS,land,1972,-0.2,0
WS,land,1973,0,0.1
WS,land,1974,-0.4,0.1
WS,land,1975,-0.4,0.1
WS,land,1976,-0.4,0.1
WS,land,1977,0,0
WS,land,1978,0,0.1
WS,land,1979,0,0
WS,land,1980,0.2,0
WS,land,1981,-0.1,0.1
WS,land,1982,0,0.1
WS,land,1983,-0.2,0.1
WS,land,1984,0,0.1
WS,land,1985,-0.2,0
WS,land,1986,0,0
WS,land,1987,0,0.1
WS,land,1988,0.1,0.1
WS,land,1989,-0.2,0.1
WS,land,1990,0.1,0.1
WS,land,1991,0.4,0
WS,land,1992,0.2,0.1
WS,land,1993,0.1,0
WS,land,1994,0.3,0
WS,land,1995,0.3,0
WS,land,1996,0.1,0
WS,land,1997,-0.1,0.1
WS,land,1998,-0.2,0
WS,land,1999,0,0
WS,land,2000,0.2,0
WS,land,2001,0.2,0
WS,land,2002,0.4,0
WS,land,2003,0.5,0
WS,land,2004,0.5,0
WS,land,2005,0.6,0
WS,land,2006,0.5,0
WS,land,2007,0.5,0.1
WS,land,2008,0,0.1
WS,land,2009,0.4,0
WS,land,2010,0.4,0.1
WS,land,2011,0,0.1
WS,land,2012,0.4,0.1
WS,land,2013,0.5,0
WS,land,2014,0.6,0
WS,land,2015,0.5,0.1
WS,land,2016,0.6,0
WS,land,2017,0.6,0
WS,land,2018,0.6,0.1
WS,land,2019,0.7,0
WS,land,2020,0.6,0.1
WS,land,2021,0.3,0
WS,land,2022,0.2,0
WS,land,2023,0.6,0
WS,land,2024,0.8,0.1
WS,land,2025,0.5,0
AS,ocean,1850,0,0
AS,ocean,1851,-0.3,0
AS,ocean,1852,0,0
AS,ocean,1853,0.4,0.1
AS,ocean,1854,0.2,0.1
AS,ocean,1855,-0.3,0
AS,ocean,1856,-0.1,0.1
AS,ocean,1857,-0.5,0.1
AS,ocean,1858,-0.2,0.1
AS,ocean,1859,0.2,0.1
AS,ocean,1860,-0.2,0
AS,ocean,1861,-0.5,0.2
AS,ocean,1862,-0.4,0
AS,ocean,1863,-0.4,0
AS,ocean,1864,-0.2,0
AS,ocean,1865,-0.2,0
AS,ocean,1866,-0.3,0
AS,ocean,1867,-0.2,0
AS,ocean,1868,-0.1,0.1
AS,ocean,1869,-0.1,0.1
AS,ocean,1870,-0.2,0
AS,ocean,1871,0.1,0
AS,ocean,1872,0.1,0.1
AS,ocean,1873,-0.4,0.1
AS,ocean,1874,0,0.2
AS,ocean,1875,-0.1,0.1
AS,ocean,1876,-0.1,0.1
AS,ocean,1877,-0.2,0.1
AS,ocean,1878,-0.2,0.1
AS,ocean,1879,-0.2,0.1
AS,ocean,1880,-0.2,0
AS,ocean,1881,0.1,0
AS,ocean,1882,0.1,0.1
AS,ocean,1883,-0.4,0.1
AS,ocean,1884,-0.4,0.1
AS,ocean,1885,-0.6,0.1
AS,ocean,1886,-0.5,0.1
AS,ocean,1887,-0.4,0.1
AS,ocean,1888,-0.2,0
AS,ocean,1889,-0.1,0.1
AS,ocean,1890,-0.5,0.1
AS,ocean,1891,-0.4,0.1
AS,ocean,1892,-0.3,0.1
AS,ocean,1893,-0.7,0.1
AS,ocean,1894,-0.3,0.1
AS,ocean,1895,-0.2,0.1
AS,ocean,1896,-0.4,0.1
AS,ocean,1897,-0.2,0.1
AS,ocean,1898,-0.2,0
AS,ocean,1899,-0.1,0.1
AS,ocean,1900,0.1,0.1
AS,ocean,1901,0.2,0.1
AS,ocean,1902,-0.4,0.1
AS,ocean,1903,-0.2,0.1
AS,ocean,1904,-0.6,0.1
AS,ocean,1905,-0.5,0.1
AS,ocean,1906,-0.1,0.1
AS,ocean,1907,-0.4,0.1
AS,ocean,1908,-0.5,0
AS,ocean,1909,-0.7,0.1
AS,ocean,1910,-0.7,0.1
AS,ocean,1911,-0.6,0.1
AS,ocean,1912,-0.3,0
AS,ocean,1913,-0.5,0
AS,ocean,1914,-0.3,0.1
AS,ocean,1915,-0.1,0.1
AS,ocean,1916,-0.2,0.1
AS,ocean,1917,-0.8,0.1
AS,ocean,1918,-0.5,0.1
AS,ocean,1919,-0.8,0.1
AS,ocean,1920,-0.5,0.1
AS,ocean,1921,-0.4,0.1
AS,ocean,1922,-0.1,0.1
AS,ocean,1923,-0.4,0.1
AS,ocean,1924,-0.1,0.1
AS,ocean,1925,-0.3,0.1
AS,ocean,1926,-0.3,0.1
AS,ocean,1927,-0.3,0.1
AS,ocean,1928,-0.2,0.1
AS,ocean,1929,-0.3,0
AS,ocean,1930,-0.4,0.1
AS,ocean,1931,-0.3,0.1
AS,ocean,1932,-0.1,0
AS,ocean,1933,-0.5,0.1
AS,ocean,1934,-0.4,0.1
AS,ocean,1935,-0.4,0.1
AS,ocean,1936,-0.2,0
AS,ocean,1937,-0.3,0
AS,ocean,1938,-0.4,0
AS,ocean,1939,-0.5,0.1
AS,ocean,1940,-0.1,0.1
AS,ocean,1941,0.1,0.1
AS,ocean,1942,0.1,0.1
AS,ocean,1943,0.1,0.1
AS,ocean,1944,0.2,0.1
AS,ocean,1945,0.1,0
AS,ocean,1946,0.2,0.1
AS,ocean,1947,0.2,0.1
AS,ocean,1948,-0.2,0.1
AS,ocean,1949,-0.2,0
AS,ocean,1950,-0.2,0
AS,ocean,1951,-0.1,0
AS,ocean,1952,0.2,0
AS,ocean,1953,0.1,0.1
AS,ocean,1954,0,0.1
AS,ocean,1955,-0.3,0.1
AS,ocean,1956,-0.3,0.1
AS,ocean,1957,-0.1,0.1
AS,ocean,1958,0,0.1
AS,ocean,1959,0.1,0.1
AS,ocean,1960,0,0.1
AS,ocean,1961,0,0.1
AS,ocean,1962,-0.1,0
AS,ocean,1963,0,0
AS,ocean,1964,-0.1,0.1
AS,ocean,1965,-0.3,0
AS,ocean,1966,0,0.1
AS,ocean,1967,-0.2,0
AS,ocean,1968,0,0.1
AS,ocean,1969,0.2,0.1
AS,ocean,1970,0.1,0.1
AS,ocean,1971,-0.2,0.1
AS,ocean,1972,-0.2,0
AS,ocean,1973,0.2,0.1
AS,ocean,1974,-0.3,0.1
AS,ocean,1975,-0.3,0
AS,ocean,1976,-0.3,0.1
AS,ocean,1977,-0.1,0.1
AS,ocean,1978,0,0.1
AS,ocean,1979,-0.1,0.1
AS,ocean,1980,0.1,0.1
AS,ocean,1981,-0.1,0.1
AS,ocean,1982,0,0.1
AS,ocean,1983,-0.3,0.1
AS,ocean,1984,0,0.1
AS,ocean,1985,-0.2,0
AS,ocean,1986,-0.1,0
AS,ocean,1987,-0.1,0.1
AS,ocean,1988,0.1,0.1
AS,ocean,1989,-0.1,0.1
AS,ocean,1990,0,0.1
AS,ocean,1991,0.3,0
AS,ocean,1992,0.2,0.1
AS,ocean,1993,0.1,0
AS,ocean,1994,0.2,0.1
AS,ocean,1995,0.3,0.1
AS,ocean,1996,0.2,0
AS,ocean,1997,-0.1,0.1
AS,ocean,1998,-0.2,0.1
AS,ocean,1999,0.1,0
AS,ocean,2000,0.3,0
AS,ocean,2001,0.2,0
AS,ocean,2002,0.4,0
AS,ocean,2003,0.5,0
AS,ocean,2004,0.6,0
AS,ocean,2005,0.6,0.1
AS,ocean,2006,0.5,0
AS,ocean,2007,0.5,0.1
AS,ocean,2008,0.1,0.1
AS,ocean,2009,0.4,0
AS,ocean,2010,0.5,0.1
AS,ocean,2011,0.1,0.1
AS,ocean,2012,0.4,0.1
AS,ocean,2013,0.5,0
AS,ocean,2014,0.6,0
AS,ocean,2015,0.3,0.1
AS,ocean,2016,0.6,0.1
AS,ocean,2017,0.7,0
AS,ocean,2018,0.6,0.1
AS,ocean,2019,0.7,0
AS,ocean,2020,0.7,0.1
AS,ocean,2021,0.4,0
AS,ocean,2022,0.4,0
AS,ocean,2023,0.5,0
AS,ocean,2024,0.7,0.1
AS,ocean,2025,0.5,0
CK,ocean,1850,-0.2,0.1
CK,ocean,1851,-0.3,0.1
CK,ocean,1852,-0.1,0.1
CK,ocean,1853,0.4,0.1
CK,ocean,1854,0.3,0.1
CK,ocean,1855,-0.2,0
CK,ocean,1856,-0.2,0.1
CK,ocean,1857,-0.6,0.1
CK,ocean,1858,-0.1,0.1
CK,ocean,1859,0.2,0.1
CK,ocean,1860,-0.1,0.1
CK,ocean,1861,-0.5,0.1
CK,ocean,1862,-0.5,0
CK,ocean,1863,-0.5,0
CK,ocean,1864,-0.2,0
CK,ocean,1865,-0.2,0
CK,ocean,1866,-0.2,0
CK,ocean,1867,-0.3,0
CK,ocean,1868,-0.1,0.1
CK,ocean,1869,-0.2,0.1
CK,ocean,1870,-0.3,0.1
CK,ocean,1871,0,0
CK,ocean,1872,0,0.1
CK,ocean,1873,-0.4,0.1
CK,ocean,1874,-0.1,0.2
CK,ocean,1875,-0.1,0.1
CK,ocean,1876,0,0.1
CK,ocean,1877,0,0.1
CK,ocean,1878,-0.1,0.1
CK,ocean,1879,-0.2,0.1
CK,ocean,1880,-0.2,0
CK,ocean,1881,0,0.1
CK,ocean,1882,0,0.1
CK,ocean,1883,-0.4,0.1
CK,ocean,1884,-0.5,0.1
CK,ocean,1885,-0.6,0.1
CK,ocean,1886,-0.6,0.1
CK,ocean,1887,-0.5,0.2
CK,ocean,1888,-0.2,0
CK,ocean,1889,0,0
CK,ocean,1890,-0.6,0.1
CK,ocean,1891,-0.4,0.1
CK,ocean,1892,-0.3,0.1
CK,ocean,1893,-0.6,0.1
CK,ocean,1894,-0.2,0.1
CK,ocean,1895,-0.1,0.1
CK,ocean,1896,-0.3,0.1
CK,ocean,1897,-0.1,0.1
CK,ocean,1898,-0.2,0.1
CK,ocean,1899,0,0.1
CK,ocean,1900,0.2,0.1
CK,ocean,1901,0.5,0.1
CK,ocean,1902,-0.2,0.1
CK,ocean,1903,-0.1,0.1
CK,ocean,1904,-0.6,0.1
CK,ocean,1905,-0.4,0.1
CK,ocean,1906,0,0.1
CK,ocean,1907,-0.4,0.1
CK,ocean,1908,-0.4,0
CK,ocean,1909,-0.8,0.1
CK,ocean,1910,-0.7,0.1
CK,ocean,1911,-0.6,0.1
CK,ocean,1912,-0.3,0
CK,ocean,1913,-0.4,0.1
CK,ocean,1914,-0.2,0.1
CK,ocean,1915,0,0.1
CK,ocean,1916,-0.1,0.1
CK,ocean,1917,-0.8,0.1
CK,ocean,1918,-0.4,0
CK,ocean,1919,-0.6,0.1
CK,ocean,1920,-0.2,0.1
CK,ocean,1921,-0.4,0.2
CK,ocean,1922,-0.1,0.1
CK,ocean,1923,-0.4,0.1
CK,ocean,1924,-0.2,0.1
CK,ocean,1925,-0.4,0.1
CK,ocean,1926,-0.2,0.1
CK,ocean,1927,-0.2,0
CK,ocean,1928,-0.2,0.1
CK,ocean,1929,-0.3,0
CK,ocean,1930,-0.3,0.1
CK,ocean,1931,-0.2,0
CK,ocean,1932,-0.1,0
CK,ocean,1933,-0.6,0.1
CK,ocean,1934,-0.4,0
CK,ocean,1935,-0.4,0.1
CK,ocean,1936,-0.4,0
CK,ocean,1937,-0.3,0
CK,ocean,1938,-0.5,0
CK,ocean,1939,-0.6,0.1
CK,ocean,1940,0,0.1
CK,ocean,1941,0.1,0.1
CK,ocean,1942,0.2,0.1
CK,ocean,1943,0.1,0.1
CK,ocean,1944,0.3,0.1
CK,ocean,1945,0.1,0
CK,ocean,1946,0.2,0.1
CK,ocean,1947,0.1,0.1
CK,ocean,1948,-0.2,0.1
CK,ocean,1949,0,0.1
CK,ocean,1950,-0.2,0
CK,ocean,1951,0,0
CK,ocean,1952,0.3,0
CK,ocean,1953,0.2,0.1
CK,ocean,1954,0,0.1
CK,ocean,1955,-0.4,0
CK,ocean,1956,-0.4,0.1
CK,ocean,1957,-0.1,0.1
CK,ocean,1958,0,0.1
CK,ocean,1959,0.1,0.1
CK,ocean,1960,0,0.1
CK,ocean,1961,0,0.1
CK,ocean,1962,-0.3,0
CK,ocean,1963,0,0
CK,ocean,1964,-0.1,0.1
CK,ocean,1965,-0.2,0.1
CK,ocean,1966,0,0.1
CK,ocean,1967,-0.2,0.1
CK,ocean,1968,0,0.1
CK,ocean,1969,0.2,0.1
CK,ocean,1970,0.1,0.1
CK,ocean,1971,-0.3,0.1
CK,ocean,1972,-0.1,0.1
CK,ocean,1973,0.3,0.1
CK,ocean,1974,-0.4,0.1
CK,ocean,1975,-0.4,0
CK,ocean,1976,-0.4,0.1
CK,ocean,1977,-0.1,0.1
CK,ocean,1978,-0.2,0.1
CK,ocean,1979,-0.2,0.1
CK,ocean,1980,0,0.1
CK,ocean,1981,-0.3,0.1
CK,ocean,1982,0,0.1
CK,ocean,1983,-0.3,0.1
CK,ocean,1984,-0.1,0.1
CK,ocean,1985,-0.3,0
CK,ocean,1986,-0.2,0.1
CK,ocean,1987,0,0
CK,ocean,1988,0.2,0.1
CK,ocean,1989,-0.2,0.1
CK,ocean,1990,0,0.1
CK,ocean,1991,0.3,0
CK,ocean,1992,0.3,0.1
CK,ocean,1993,0.1,0
CK,ocean,1994,0.2,0.1
CK,ocean,1995,0.3,0.1
CK,ocean,1996,0.1,0
CK,ocean,1997,0,0.1
CK,ocean,1998,0,0.1
CK,ocean,1999,0.1,0
CK,ocean,2000,0.2,0.1
CK,ocean,2001,0.2,0.1
CK,ocean,2002,0.4,0
CK,ocean,2003,0.5,0
CK,ocean,2004,0.6,0
CK,ocean,2005,0.5,0.1
CK,ocean,2006,0.5,0
CK,ocean,2007,0.5,0.1
CK,ocean,2008,0.1,0.1
CK,ocean,2009,0.5,0
CK,ocean,2010,0.6,0.1
CK,ocean,2011,0.1,0.1
CK,ocean,2012,0.3,0.1
CK,ocean,2013,0.5,0
CK,ocean,2014,0.5,0
CK,ocean,2015,0.4,0
CK,ocean,2016,0.6,0.1
CK,ocean,2017,0.6,0.1
CK,ocean,2018,0.4,0.1
CK,ocean,2019,0.7,0
CK,ocean,2020,0.6,0.1
CK,ocean,2021,0.4,0
CK,ocean,2022,0.2,0
CK,ocean,2023,0.5,0.1
CK,ocean,2024,0.7,0.1
CK,ocean,2025,0.5,0
FJ,ocean,1850,-0.2,0
FJ,ocean,1851,-0.1,0
FJ,ocean,1852,-0.2,0
FJ,ocean,1853,-0.1,0.2
FJ,ocean,1854,-0.4,0.1
FJ,ocean,1855,-0.4,0.1
FJ,ocean,1856,-0.5,0.1
FJ,ocean,1857,0.1,0.1
FJ,ocean,1858,-0.2,0
FJ,ocean,1859,0,0
FJ,ocean,1860,0,0
FJ,ocean,1861,-0.1,0.1
FJ,ocean,1862,-0.1,0
FJ,ocean,1863,0.1,0.1
FJ,ocean,1864,0.1,0
FJ,ocean,1865,0,0
FJ,ocean,1866,0,0
FJ,ocean,1867,0.1,0.1
FJ,ocean,1868,0,0.1
FJ,ocean,1869,0,0.2
FJ,ocean,1870,0.2,0.1
FJ,ocean,1871,0.1,0.1
FJ,ocean,1872,0.2,0.1
FJ,ocean,1873,0.1,0.1
FJ,ocean,1874,0.1,0.2
FJ,ocean,1875,0,0.1
FJ,ocean,1876,0,0
FJ,ocean,1877,-0.4,0.1
FJ,ocean,1878,-0.1,0.1
FJ,ocean,1879,0.3,0.1
FJ,ocean,1880,0.1,0.1
FJ,ocean,1881,-0.1,0.1
FJ,ocean,1882,0,0.1
FJ,ocean,1883,-0.5,0.1
FJ,ocean,1884,-0.8,0.1
FJ,ocean,1885,-1,0.1
FJ,ocean,1886,-0.7,0.1
FJ,ocean,1887,-0.5,0.1
FJ,ocean,1888,-0.7,0.1
FJ,ocean,1889,-0.3,0.1
FJ,ocean,1890,-0.2,0.1
FJ,ocean,1891,-0.3,0.1
FJ,ocean,1892,-0.4,0.1
FJ,ocean,1893,0.1,0.1
FJ,ocean,1894,-0.4,0.1
FJ,ocean,1895,-0.3,0.1
FJ,ocean,1896,-0.4,0.1
FJ,ocean,1897,-0.4,0.1
FJ,ocean,1898,-0.1,0
FJ,ocean,1899,-0.2,0.1
FJ,ocean,1900,-0.6,0.1
FJ,ocean,1901,-0.4,0.1
FJ,ocean,1902,-1,0.1
FJ,ocean,1903,-0.8,0.1
FJ,ocean,1904,-0.7,0.1
FJ,ocean,1905,-1.1,0.1
FJ,ocean,1906,-0.6,0.1
FJ,ocean,1907,-0.6,0
FJ,ocean,1908,-0.6,0
FJ,ocean,1909,-0.6,0.1
FJ,ocean,1910,-0.3,0.1
FJ,ocean,1911,-0.6,0
FJ,ocean,1912,-0.7,0
FJ,ocean,1913,-0.8,0.1
FJ,ocean,1914,-0.8,0.1
FJ,ocean,1915,-0.4,0.1
FJ,ocean,1916,0,0.1
FJ,ocean,1917,-0.2,0.1
FJ,ocean,1918,-0.5,0
FJ,ocean,1919,-0.9,0.1
FJ,ocean,1920,-0.5,0.1
FJ,ocean,1921,-0.6,0.1
FJ,ocean,1922,-0.3,0
FJ,ocean,1923,-0.5,0.1
FJ,ocean,1924,-0.1,0.1
FJ,ocean,1925,-0.5,0.1
FJ,ocean,1926,-0.6,0.1
FJ,ocean,1927,-0.3,0.1
FJ,ocean,1928,-0.5,0.1
FJ,ocean,1929,-0.5,0
FJ,ocean,1930,-0.8,0.1
FJ,ocean,1931,-0.7,0.1
FJ,ocean,1932,-0.5,0
FJ,ocean,1933,-0.4,0.1
FJ,ocean,1934,-0.7,0
FJ,ocean,1935,-0.3,0
FJ,ocean,1936,-0.3,0.1
FJ,ocean,1937,-0.3,0
FJ,ocean,1938,-0.2,0.1
FJ,ocean,1939,-0.5,0.1
FJ,ocean,1940,-0.7,0.1
FJ,ocean,1941,-0.5,0
FJ,ocean,1942,-0.3,0.1
FJ,ocean,1943,0.2,0.1
FJ,ocean,1944,0.2,0.1
FJ,ocean,1945,0,0.1
FJ,ocean,1946,-0.3,0.1
FJ,ocean,1947,-0.2,0.1
FJ,ocean,1948,-0.2,0.1
FJ,ocean,1949,-0.2,0
FJ,ocean,1950,0,0.1
FJ,ocean,1951,-0.2,0.1
FJ,ocean,1952,0,0
FJ,ocean,1953,-0.1,0
FJ,ocean,1954,-0.3,0.1
FJ,ocean,1955,-0.1,0.1
FJ,ocean,1956,0.1,0.1
FJ,ocean,1957,-0.3,0.1
FJ,ocean,1958,-0.3,0.1
FJ,ocean,1959,-0.3,0.1
FJ,ocean,1960,-0.1,0.1
FJ,ocean,1961,-0.1,0.1
FJ,ocean,1962,-0.1,0.1
FJ,ocean,1963,-0.2,0.1
FJ,ocean,1964,-0.1,0.1
FJ,ocean,1965,-0.6,0.1
FJ,ocean,1966,-0.4,0.1
FJ,ocean,1967,-0.2,0.1
FJ,ocean,1968,-0.1,0.1
FJ,ocean,1969,-0.3,0.1
FJ,ocean,1970,0,0.1
FJ,ocean,1971,0.1,0.1
FJ,ocean,1972,-0.2,0
FJ,ocean,1973,0.2,0.1
FJ,ocean,1974,0.3,0.1
FJ,ocean,1975,0.2,0.1
FJ,ocean,1976,0,0
FJ,ocean,1977,-0.4,0.1
FJ,ocean,1978,-0.3,0.1
FJ,ocean,1979,-0.1,0.1
FJ,ocean,1980,-0.1,0.1
FJ,ocean,1981,-0.1,0.1
FJ,ocean,1982,-0.3,0.1
FJ,ocean,1983,-0.3,0.1
FJ,ocean,1984,0.1,0.1
FJ,ocean,1985,-0.1,0.1
FJ,ocean,1986,-0.3,0.1
FJ,ocean,1987,-0.4,0.1
FJ,ocean,1988,0.4,0.1
FJ,ocean,1989,0.1,0.1
FJ,ocean,1990,0.1,0.1
FJ,ocean,1991,-0.2,0
FJ,ocean,1992,-0.2,0.1
FJ,ocean,1993,-0.4,0.1
FJ,ocean,1994,-0.4,0.1
FJ,ocean,1995,0.1,0.1
FJ,ocean,1996,0.2,0.1
FJ,ocean,1997,-0.2,0.1
FJ,ocean,1998,0.1,0.1
FJ,ocean,1999,0.3,0
FJ,ocean,2000,0.4,0
FJ,ocean,2001,0.3,0
FJ,ocean,2002,0.3,0.1
FJ,ocean,2003,0.2,0.1
FJ,ocean,2004,0.2,0.1
FJ,ocean,2005,0.3,0
FJ,ocean,2006,0.2,0.1
FJ,ocean,2007,0.4,0.1
FJ,ocean,2008,0.5,0.1
FJ,ocean,2009,0.2,0.1
FJ,ocean,2010,0.4,0.1
FJ,ocean,2011,0.6,0.1
FJ,ocean,2012,0.3,0.1
FJ,ocean,2013,0.5,0.1
FJ,ocean,2014,0.4,0.1
FJ,ocean,2015,-0.1,0.1
FJ,ocean,2016,0.5,0.1
FJ,ocean,2017,0.5,0.1
FJ,ocean,2018,0.4,0
FJ,ocean,2019,0.4,0.1
FJ,ocean,2020,0.5,0.1
FJ,ocean,2021,0.7,0.1
FJ,ocean,2022,1.1,0.1
FJ,ocean,2023,0.5,0.1
FJ,ocean,2024,0.6,0
FJ,ocean,2025,0.7,0.1
FM,ocean,1850,0,0.1
FM,ocean,1851,0.1,0
FM,ocean,1852,0,0.1
FM,ocean,1853,-0.1,0.1
FM,ocean,1854,-0.2,0.1
FM,ocean,1855,-0.4,0.1
FM,ocean,1856,-0.3,0.1
FM,ocean,1857,0,0.1
FM,ocean,1858,-0.5,0.1
FM,ocean,1859,0.1,0
FM,ocean,1860,-0.3,0.1
FM,ocean,1861,-0.8,0.2
FM,ocean,1862,-0.4,0.1
FM,ocean,1863,-0.2,0.1
FM,ocean,1864,0,0.1
FM,ocean,1865,0,0
FM,ocean,1866,0,0.1
FM,ocean,1867,-0.2,0.1
FM,ocean,1868,-0.2,0.1
FM,ocean,1869,0.2,0.1
FM,ocean,1870,-0.1,0.1
FM,ocean,1871,-0.2,0
FM,ocean,1872,-0.1,0
FM,ocean,1873,0,0
FM,ocean,1874,-0.1,0.1
FM,ocean,1875,-0.3,0
FM,ocean,1876,-0.1,0.1
FM,ocean,1877,-0.2,0.1
FM,ocean,1878,0,0.1
FM,ocean,1879,-0.2,0.1
FM,ocean,1880,-0.4,0
FM,ocean,1881,0.1,0.1
FM,ocean,1882,0.1,0.1
FM,ocean,1883,-0.4,0.1
FM,ocean,1884,-0.6,0
FM,ocean,1885,-0.6,0.1
FM,ocean,1886,-0.3,0.1
FM,ocean,1887,0,0.1
FM,ocean,1888,-0.2,0.1
FM,ocean,1889,-0.1,0.1
FM,ocean,1890,0.1,0.1
FM,ocean,1891,0.3,0.1
FM,ocean,1892,0.1,0.1
FM,ocean,1893,0,0.1
FM,ocean,1894,0,0.1
FM,ocean,1895,0,0
FM,ocean,1896,-0.1,0.1
FM,ocean,1897,0.2,0.1
FM,ocean,1898,-0.1,0.1
FM,ocean,1899,-0.3,0
FM,ocean,1900,0,0.1
FM,ocean,1901,-0.1,0
FM,ocean,1902,-0.5,0.1
FM,ocean,1903,-0.5,0.1
FM,ocean,1904,-0.6,0.1
FM,ocean,1905,-0.7,0.1
FM,ocean,1906,-0.6,0.1
FM,ocean,1907,-0.3,0.1
FM,ocean,1908,-0.4,0.1
FM,ocean,1909,-0.5,0
FM,ocean,1910,-0.4,0
FM,ocean,1911,-0.7,0.1
FM,ocean,1912,-0.7,0.1
FM,ocean,1913,-0.7,0
FM,ocean,1914,-0.6,0.1
FM,ocean,1915,-0.4,0.1
FM,ocean,1916,-0.4,0
FM,ocean,1917,-0.8,0.1
FM,ocean,1918,-0.8,0.1
FM,ocean,1919,-1,0.1
FM,ocean,1920,-0.7,0.1
FM,ocean,1921,-0.2,0
FM,ocean,1922,-0.1,0.1
FM,ocean,1923,-0.4,0
FM,ocean,1924,-0.3,0.1
FM,ocean,1925,-0.2,0.1
FM,ocean,1926,-0.3,0.1
FM,ocean,1927,-0.3,0.1
FM,ocean,1928,-0.4,0.1
FM,ocean,1929,-0.4,0.1
FM,ocean,1930,-0.5,0
FM,ocean,1931,-0.3,0.1
FM,ocean,1932,-0.5,0
FM,ocean,1933,-0.5,0
FM,ocean,1934,-0.4,0
FM,ocean,1935,-0.4,0
FM,ocean,1936,-0.4,0
FM,ocean,1937,-0.3,0.1
FM,ocean,1938,-0.4,0
FM,ocean,1939,-0.3,0
FM,ocean,1940,-0.4,0
FM,ocean,1941,-0.3,0
FM,ocean,1942,-0.3,0.1
FM,ocean,1943,0.3,0.1
FM,ocean,1944,0.2,0.1
FM,ocean,1945,0.2,0
FM,ocean,1946,0.2,0.1
FM,ocean,1947,-0.1,0.1
FM,ocean,1948,-0.3,0.1
FM,ocean,1949,-0.4,0.1
FM,ocean,1950,-0.2,0.1
FM,ocean,1951,-0.2,0.1
FM,ocean,1952,-0.3,0
FM,ocean,1953,-0.2,0
FM,ocean,1954,-0.2,0
FM,ocean,1955,-0.4,0
FM,ocean,1956,-0.2,0.1
FM,ocean,1957,-0.3,0
FM,ocean,1958,-0.4,0
FM,ocean,1959,-0.3,0.1
FM,ocean,1960,-0.2,0
FM,ocean,1961,-0.2,0
FM,ocean,1962,-0.1,0
FM,ocean,1963,0,0
FM,ocean,1964,-0.1,0
FM,ocean,1965,-0.4,0
FM,ocean,1966,-0.3,0
FM,ocean,1967,-0.2,0
FM,ocean,1968,-0.1,0
FM,ocean,1969,0,0
FM,ocean,1970,0,0
FM,ocean,1971,-0.2,0
FM,ocean,1972,-0.5,0
FM,ocean,1973,-0.2,0.1
FM,ocean,1974,-0.2,0
FM,ocean,1975,-0.3,0
FM,ocean,1976,-0.3,0
FM,ocean,1977,-0.2,0
FM,ocean,1978,-0.1,0
FM,ocean,1979,-0.1,0
FM,ocean,1980,-0.1,0
FM,ocean,1981,0.1,0.1
FM,ocean,1982,-0.1,0.1
FM,ocean,1983,-0.2,0.1
FM,ocean,1984,0.1,0
FM,ocean,1985,0,0
FM,ocean,1986,0,0.1
FM,ocean,1987,-0.1,0
FM,ocean,1988,0.2,0
FM,ocean,1989,0.1,0
FM,ocean,1990,0,0
FM,ocean,1991,-0.1,0
FM,ocean,1992,-0.3,0
FM,ocean,1993,-0.4,0
FM,ocean,1994,0,0.1
FM,ocean,1995,0.3,0.1
FM,ocean,1996,0.4,0
FM,ocean,1997,0,0.1
FM,ocean,1998,0.1,0.1
FM,ocean,1999,0.2,0
FM,ocean,2000,0.2,0
FM,ocean,2001,0.4,0
FM,ocean,2002,0.3,0
FM,ocean,2003,0.4,0
FM,ocean,2004,0.3,0.1
FM,ocean,2005,0.3,0
FM,ocean,2006,0.3,0.1
FM,ocean,2007,0.4,0
FM,ocean,2008,0.3,0
FM,ocean,2009,0.4,0
FM,ocean,2010,0.4,0.1
FM,ocean,2011,0.4,0
FM,ocean,2012,0.4,0
FM,ocean,2013,0.5,0
FM,ocean,2014,0.6,0
FM,ocean,2015,0.3,0.1
FM,ocean,2016,0.6,0.1
FM,ocean,2017,0.7,0
FM,ocean,2018,0.6,0
FM,ocean,2019,0.5,0.1
FM,ocean,2020,0.7,0
FM,ocean,2021,0.7,0
FM,ocean,2022,0.6,0
FM,ocean,2023,0.7,0
FM,ocean,2024,0.8,0
FM,ocean,2025,0.9,0
GU,ocean,1850,-0.2,0.1
GU,ocean,1851,0.1,0.1
GU,ocean,1852,0,0.1
GU,ocean,1853,-0.2,0.1
GU,ocean,1854,-0.2,0.1
GU,ocean,1855,-0.6,0.1
GU,ocean,1856,-0.3,0
GU,ocean,1857,-0.1,0.1
GU,ocean,1858,-0.6,0.1
GU,ocean,1859,0,0.1
GU,ocean,1860,-0.4,0.1
GU,ocean,1861,-0.7,0.2
GU,ocean,1862,-0.6,0.1
GU,ocean,1863,-0.3,0.1
GU,ocean,1864,-0.2,0.1
GU,ocean,1865,-0.1,0
GU,ocean,1866,0,0.1
GU,ocean,1867,-0.2,0.1
GU,ocean,1868,-0.2,0.1
GU,ocean,1869,0.1,0.1
GU,ocean,1870,0.1,0.1
GU,ocean,1871,-0.2,0.1
GU,ocean,1872,0,0.1
GU,ocean,1873,0,0.1
GU,ocean,1874,-0.1,0.1
GU,ocean,1875,-0.2,0.1
GU,ocean,1876,0,0.1
GU,ocean,1877,-0.1,0.1
GU,ocean,1878,0.2,0.1
GU,ocean,1879,-0.1,0.1
GU,ocean,1880,-0.6,0.1
GU,ocean,1881,-0.1,0.1
GU,ocean,1882,-0.1,0.1
GU,ocean,1883,-0.5,0.1
GU,ocean,1884,-0.6,0.1
GU,ocean,1885,-0.7,0.1
GU,ocean,1886,-0.4,0.1
GU,ocean,1887,0.1,0.1
GU,ocean,1888,-0.2,0.1
GU,ocean,1889,0,0.1
GU,ocean,1890,0.1,0.1
GU,ocean,1891,0.3,0.1
GU,ocean,1892,0.2,0.1
GU,ocean,1893,0,0.1
GU,ocean,1894,0,0.1
GU,ocean,1895,0,0
GU,ocean,1896,0,0.1
GU,ocean,1897,0.4,0.1
GU,ocean,1898,0,0.1
GU,ocean,1899,-0.4,0.1
GU,ocean,1900,-0.1,0.1
GU,ocean,1901,0,0
GU,ocean,1902,-0.4,0.1
GU,ocean,1903,-0.7,0.1
GU,ocean,1904,-0.6,0.1
GU,ocean,1905,-0.7,0
GU,ocean,1906,-0.5,0.1
GU,ocean,1907,-0.4,0.1
GU,ocean,1908,-0.3,0.1
GU,ocean,1909,-0.4,0.1
GU,ocean,1910,-0.2,0
GU,ocean,1911,-0.6,0.1
GU,ocean,1912,-0.7,0
GU,ocean,1913,-0.7,0
GU,ocean,1914,-0.7,0
GU,ocean,1915,-0.5,0.1
GU,ocean,1916,-0.4,0.1
GU,ocean,1917,-0.5,0.1
GU,ocean,1918,-0.8,0.1
GU,ocean,1919,-0.9,0.1
GU,ocean,1920,-0.8,0.1
GU,ocean,1921,-0.1,0
GU,ocean,1922,-0.2,0.1
GU,ocean,1923,-0.6,0.1
GU,ocean,1924,-0.4,0.1
GU,ocean,1925,-0.2,0
GU,ocean,1926,-0.3,0
GU,ocean,1927,-0.1,0.1
GU,ocean,1928,-0.4,0.1
GU,ocean,1929,-0.4,0.1
GU,ocean,1930,-0.6,0
GU,ocean,1931,-0.3,0.1
GU,ocean,1932,-0.5,0
GU,ocean,1933,-0.4,0
GU,ocean,1934,-0.3,0.1
GU,ocean,1935,-0.4,0
GU,ocean,1936,-0.4,0.1
GU,ocean,1937,-0.3,0.1
GU,ocean,1938,-0.2,0
GU,ocean,1939,-0.3,0.1
GU,ocean,1940,-0.4,0
GU,ocean,1941,-0.3,0
GU,ocean,1942,-0.4,0.1
GU,ocean,1943,0.2,0.1
GU,ocean,1944,0.2,0
GU,ocean,1945,0.4,0
GU,ocean,1946,0.3,0.1
GU,ocean,1947,0,0.1
GU,ocean,1948,-0.1,0
GU,ocean,1949,-0.2,0.1
GU,ocean,1950,-0.1,0.1
GU,ocean,1951,0,0.1
GU,ocean,1952,-0.2,0
GU,ocean,1953,-0.1,0
GU,ocean,1954,-0.2,0
GU,ocean,1955,-0.3,0.1
GU,ocean,1956,-0.3,0
GU,ocean,1957,-0.3,0
GU,ocean,1958,-0.5,0
GU,ocean,1959,-0.3,0.1
GU,ocean,1960,-0.1,0
GU,ocean,1961,-0.1,0.1
GU,ocean,1962,-0.2,0
GU,ocean,1963,-0.1,0
GU,ocean,1964,-0.1,0
GU,ocean,1965,-0.4,0.1
GU,ocean,1966,-0.3,0.1
GU,ocean,1967,-0.2,0
GU,ocean,1968,-0.2,0
GU,ocean,1969,-0.1,0.1
GU,ocean,1970,0,0
GU,ocean,1971,0,0.1
GU,ocean,1972,-0.6,0
GU,ocean,1973,-0.2,0.1
GU,ocean,1974,-0.1,0.1
GU,ocean,1975,-0.2,0
GU,ocean,1976,-0.2,0.1
GU,ocean,1977,-0.2,0
GU,ocean,1978,-0.2,0
GU,ocean,1979,-0.2,0
GU,ocean,1980,-0.2,0
GU,ocean,1981,0.1,0.1
GU,ocean,1982,-0.2,0.1
GU,ocean,1983,-0.2,0.1
GU,ocean,1984,0.2,0
GU,ocean,1985,0,0
GU,ocean,1986,0,0.1
GU,ocean,1987,-0.1,0
GU,ocean,1988,0.3,0
GU,ocean,1989,0.2,0.1
GU,ocean,1990,-0.1,0
GU,ocean,1991,-0.2,0.1
GU,ocean,1992,-0.4,0
GU,ocean,1993,-0.4,0.1
GU,ocean,1994,0,0.1
GU,ocean,1995,0.2,0.1
GU,ocean,1996,0.4,0
GU,ocean,1997,0.1,0
GU,ocean,1998,0.1,0.1
GU,ocean,1999,0.4,0.1
GU,ocean,2000,0.4,0
GU,ocean,2001,0.5,0
GU,ocean,2002,0.3,0.1
GU,ocean,2003,0.3,0
GU,ocean,2004,0.2,0.1
GU,ocean,2005,0.2,0.1
GU,ocean,2006,0.2,0.1
GU,ocean,2007,0.4,0.1
GU,ocean,2008,0.5,0
GU,ocean,2009,0.4,0.1
GU,ocean,2010,0.3,0.1
GU,ocean,2011,0.5,0.1
GU,ocean,2012,0.4,0.1
GU,ocean,2013,0.5,0
GU,ocean,2014,0.5,0
GU,ocean,2015,0.2,0
GU,ocean,2016,0.4,0.1
GU,ocean,2017,0.8,0
GU,ocean,2018,0.6,0.1
GU,ocean,2019,0.6,0.1
GU,ocean,2020,0.7,0.1
GU,ocean,2021,0.8,0.1
GU,ocean,2022,0.7,0
GU,ocean,2023,0.6,0
GU,ocean,2024,0.6,0.1
GU,ocean,2025,0.9,0.1
KI,ocean,1850,-0.2,0.1
KI,ocean,1851,-0.5,0.1
KI,ocean,1852,-0.2,0.1
KI,ocean,1853,-0.1,0.1
KI,ocean,1854,-0.1,0.1
KI,ocean,1855,0.1,0.2
KI,ocean,1856,-0.6,0.2
KI,ocean,1857,-0.8,0.1
KI,ocean,1858,-0.2,0
KI,ocean,1859,0.1,0
KI,ocean,1860,-0.5,0.1
KI,ocean,1861,-0.8,0.1
KI,ocean,1862,-0.8,0
KI,ocean,1863,-0.6,0
KI,ocean,1864,-0.5,0
KI,ocean,1865,-0.4,0
KI,ocean,1866,-0.5,0
KI,ocean,1867,-0.5,0
KI,ocean,1868,-0.5,0
KI,ocean,1869,-0.6,0.1
KI,ocean,1870,-1.1,0.1
KI,ocean,1871,-0.5,0.1
KI,ocean,1872,-0.6,0.1
KI,ocean,1873,-0.8,0.1
KI,ocean,1874,-0.7,0.1
KI,ocean,1875,-0.6,0
KI,ocean,1876,-0.5,0.1
KI,ocean,1877,0.4,0.1
KI,ocean,1878,0,0.2
KI,ocean,1879,-0.8,0.1
KI,ocean,1880,-0.4,0.1
KI,ocean,1881,0.1,0.1
KI,ocean,1882,0,0.1
KI,ocean,1883,-0.2,0
KI,ocean,1884,-0.1,0
KI,ocean,1885,0,0.1
KI,ocean,1886,-0.8,0.2
KI,ocean,1887,-1,0.2
KI,ocean,1888,0.4,0.1
KI,ocean,1889,-0.2,0.3
KI,ocean,1890,-1,0.1
KI,ocean,1891,-0.3,0
KI,ocean,1892,-0.6,0.1
KI,ocean,1893,-0.9,0
KI,ocean,1894,-0.7,0
KI,ocean,1895,-0.3,0.1
KI,ocean,1896,0.2,0.1
KI,ocean,1897,0,0.1
KI,ocean,1898,-0.7,0.1
KI,ocean,1899,-0.3,0.2
KI,ocean,1900,0.5,0.1
KI,ocean,1901,0,0.1
KI,ocean,1902,0.4,0.2
KI,ocean,1903,-0.1,0.2
KI,ocean,1904,-0.7,0.2
KI,ocean,1905,0.4,0.1
KI,ocean,1906,-0.3,0.1
KI,ocean,1907,-0.3,0.1
KI,ocean,1908,-0.7,0.1
KI,ocean,1909,-1.1,0.1
KI,ocean,1910,-1.3,0.1
KI,ocean,1911,-0.5,0.1
KI,ocean,1912,-0.1,0.1
KI,ocean,1913,-0.3,0.1
KI,ocean,1914,0.2,0.1
KI,ocean,1915,-0.1,0.2
KI,ocean,1916,-1.2,0.2
KI,ocean,1917,-2,0.1
KI,ocean,1918,-0.3,0.2
KI,ocean,1919,-0.5,0.1
KI,ocean,1920,-0.2,0.1
KI,ocean,1921,-0.7,0.2
KI,ocean,1922,-0.6,0.1
KI,ocean,1923,-0.3,0.1
KI,ocean,1924,-0.6,0.2
KI,ocean,1925,-0.5,0.2
KI,ocean,1926,-0.1,0.1
KI,ocean,1927,-0.6,0.1
KI,ocean,1928,-0.4,0
KI,ocean,1929,-0.3,0
KI,ocean,1930,0.1,0.1
KI,ocean,1931,-0.1,0.1
KI,ocean,1932,-0.4,0.1
KI,ocean,1933,-1,0.1
KI,ocean,1934,-0.8,0.1
KI,ocean,1935,-0.6,0.1
KI,ocean,1936,-0.5,0
KI,ocean,1937,-0.5,0.1
KI,ocean,1938,-1.2,0.1
KI,ocean,1939,-0.7,0.1
KI,ocean,1940,0.5,0.1
KI,ocean,1941,0.8,0
KI,ocean,1942,-0.2,0.2
KI,ocean,1943,-0.6,0.1
KI,ocean,1944,-0.1,0.1
KI,ocean,1945,-0.4,0.1
KI,ocean,1946,-0.2,0.1
KI,ocean,1947,-0.1,0.1
KI,ocean,1948,-0.4,0.2
KI,ocean,1949,-0.5,0.1
KI,ocean,1950,-1.1,0.1
KI,ocean,1951,-0.1,0.1
KI,ocean,1952,-0.1,0.1
KI,ocean,1953,0.2,0.1
KI,ocean,1954,-0.5,0.1
KI,ocean,1955,-1,0.1
KI,ocean,1956,-0.9,0.1
KI,ocean,1957,0.1,0.1
KI,ocean,1958,0.5,0.1
KI,ocean,1959,0,0.1
KI,ocean,1960,-0.3,0
KI,ocean,1961,-0.4,0
KI,ocean,1962,-0.5,0
KI,ocean,1963,0,0.1
KI,ocean,1964,-0.7,0.2
KI,ocean,1965,0.1,0.2
KI,ocean,1966,0.3,0.1
KI,ocean,1967,-0.3,0
KI,ocean,1968,-0.1,0.1
KI,ocean,1969,0.6,0.1
KI,ocean,1970,-0.3,0.2
KI,ocean,1971,-1,0.1
KI,ocean,1972,0.2,0.1
KI,ocean,1973,-0.4,0.2
KI,ocean,1974,-1,0.1
KI,ocean,1975,-1.2,0.1
KI,ocean,1976,-0.5,0.2
KI,ocean,1977,0.2,0.1
KI,ocean,1978,-0.1,0.1
KI,ocean,1979,0.1,0
KI,ocean,1980,0.2,0
KI,ocean,1981,-0.3,0.1
KI,ocean,1982,0.5,0.1
KI,ocean,1983,0,0.1
KI,ocean,1984,-0.4,0
KI,ocean,1985,-0.4,0.1
KI,ocean,1986,0.1,0.1
KI,ocean,1987,0.7,0.1
KI,ocean,1988,-0.3,0.2
KI,ocean,1989,-0.6,0.1
KI,ocean,1990,0.3,0.1
KI,ocean,1991,0.7,0
KI,ocean,1992,0.5,0.1
KI,ocean,1993,0.4,0
KI,ocean,1994,0.6,0.1
KI,ocean,1995,0.3,0.1
KI,ocean,1996,-0.2,0
KI,ocean,1997,0.6,0.1
KI,ocean,1998,-0.1,0.2
KI,ocean,1999,-0.8,0.1
KI,ocean,2000,-0.7,0.1
KI,ocean,2001,0,0.1
KI,ocean,2002,0.7,0.1
KI,ocean,2003,0.6,0.1
KI,ocean,2004,0.6,0.1
KI,ocean,2005,0.4,0.1
KI,ocean,2006,0.4,0.1
KI,ocean,2007,0.1,0.1
KI,ocean,2008,-0.6,0.1
KI,ocean,2009,0.4,0.2
KI,ocean,2010,-0.1,0.3
KI,ocean,2011,-0.7,0.1
KI,ocean,2012,0,0.1
KI,ocean,2013,0.1,0
KI,ocean,2014,0.5,0.1
KI,ocean,2015,1.1,0.1
KI,ocean,2016,0.7,0.2
KI,ocean,2017,0.2,0.1
KI,ocean,2018,0.4,0.1
KI,ocean,2019,0.8,0
KI,ocean,2020,0.2,0.2
KI,ocean,2021,-0.3,0.1
KI,ocean,2022,-0.6,0.1
KI,ocean,2023,0.7,0.2
KI,ocean,2024,0.8,0.1
KI,ocean,2025,0.1,0.1
MH,ocean,1850,-0.2,0.1
MH,ocean,1851,-0.3,0.1
MH,ocean,1852,0.1,0.1
MH,ocean,1853,-0.1,0.1
MH,ocean,1854,-0.2,0.1
MH,ocean,1855,-0.1,0.1
MH,ocean,1856,-0.2,0.1
MH,ocean,1857,0,0.1
MH,ocean,1858,-0.3,0.1
MH,ocean,1859,0.1,0
MH,ocean,1860,-0.2,0
MH,ocean,1861,-0.5,0.2
MH,ocean,1862,-0.1,0
MH,ocean,1863,-0.1,0.1
MH,ocean,1864,-0.1,0
MH,ocean,1865,-0.2,0
MH,ocean,1866,-0.1,0
MH,ocean,1867,-0.1,0.1
MH,ocean,1868,-0.1,0.1
MH,ocean,1869,-0.1,0.1
MH,ocean,1870,-0.6,0.1
MH,ocean,1871,-0.3,0.1
MH,ocean,1872,-0.4,0
MH,ocean,1873,-0.3,0
MH,ocean,1874,-0.1,0.1
MH,ocean,1875,-0.4,0
MH,ocean,1876,-0.4,0.1
MH,ocean,1877,-0.3,0
MH,ocean,1878,-0.4,0.1
MH,ocean,1879,-0.3,0.1
MH,ocean,1880,-0.6,0
MH,ocean,1881,0,0.1
MH,ocean,1882,0.2,0.1
MH,ocean,1883,-0.1,0.1
MH,ocean,1884,-0.2,0.1
MH,ocean,1885,-0.5,0.1
MH,ocean,1886,-0.4,0.1
MH,ocean,1887,-0.2,0.1
MH,ocean,1888,-0.3,0.1
MH,ocean,1889,-0.6,0.1
MH,ocean,1890,-0.3,0.1
MH,ocean,1891,0,0.1
MH,ocean,1892,-0.1,0.1
MH,ocean,1893,-0.3,0.1
MH,ocean,1894,-0.2,0.1
MH,ocean,1895,-0.2,0
MH,ocean,1896,-0.3,0.1
MH,ocean,1897,-0.2,0.1
MH,ocean,1898,-0.3,0
MH,ocean,1899,-0.4,0.1
MH,ocean,1900,-0.2,0.1
MH,ocean,1901,0.1,0.1
MH,ocean,1902,-0.5,0.1
MH,ocean,1903,-0.5,0.1
MH,ocean,1904,-0.5,0.1
MH,ocean,1905,-0.5,0
MH,ocean,1906,-0.5,0.1
MH,ocean,1907,-0.2,0.1
MH,ocean,1908,-0.6,0.1
MH,ocean,1909,-0.5,0
MH,ocean,1910,-0.7,0.1
MH,ocean,1911,-0.6,0
MH,ocean,1912,-0.6,0.1
MH,ocean,1913,-0.6,0.1
MH,ocean,1914,-0.5,0
MH,ocean,1915,-0.6,0.1
MH,ocean,1916,-1,0.1
MH,ocean,1917,-1.2,0.1
MH,ocean,1918,-0.5,0.1
MH,ocean,1919,-0.9,0.1
MH,ocean,1920,-0.5,0.1
MH,ocean,1921,-0.3,0.1
MH,ocean,1922,-0.3,0.1
MH,ocean,1923,-0.4,0
MH,ocean,1924,-0.3,0.1
MH,ocean,1925,-0.4,0.1
MH,ocean,1926,-0.2,0.1
MH,ocean,1927,-0.4,0.1
MH,ocean,1928,-0.4,0.1
MH,ocean,1929,-0.2,0.1
MH,ocean,1930,-0.4,0
MH,ocean,1931,-0.3,0
MH,ocean,1932,-0.4,0.1
MH,ocean,1933,-0.6,0.1
MH,ocean,1934,-0.3,0.1
MH,ocean,1935,-0.3,0
MH,ocean,1936,-0.4,0.1
MH,ocean,1937,-0.4,0
MH,ocean,1938,-0.3,0.1
MH,ocean,1939,-0.3,0
MH,ocean,1940,0,0
MH,ocean,1941,0,0.1
MH,ocean,1942,-0.2,0
MH,ocean,1943,0.2,0.1
MH,ocean,1944,0.2,0
MH,ocean,1945,0.1,0
MH,ocean,1946,0.1,0
MH,ocean,1947,0,0
MH,ocean,1948,-0.3,0.1
MH,ocean,1949,-0.5,0.1
MH,ocean,1950,-0.3,0.1
MH,ocean,1951,0,0.1
MH,ocean,1952,-0.2,0.1
MH,ocean,1953,0,0
MH,ocean,1954,-0.2,0
MH,ocean,1955,-0.4,0.1
MH,ocean,1956,-0.1,0.1
MH,ocean,1957,-0.1,0
MH,ocean,1958,0,0
MH,ocean,1959,0,0.1
MH,ocean,1960,0,0
MH,ocean,1961,0,0
MH,ocean,1962,0.2,0
MH,ocean,1963,0.3,0
MH,ocean,1964,-0.2,0
MH,ocean,1965,-0.2,0
MH,ocean,1966,0.1,0
MH,ocean,1967,0.1,0
MH,ocean,1968,0.1,0.1
MH,ocean,1969,0.2,0
MH,ocean,1970,-0.1,0
MH,ocean,1971,-0.3,0
MH,ocean,1972,-0.3,0
MH,ocean,1973,-0.3,0
MH,ocean,1974,-0.1,0
MH,ocean,1975,-0.5,0.1
MH,ocean,1976,-0.3,0
MH,ocean,1977,-0.1,0
MH,ocean,1978,-0.1,0
MH,ocean,1979,0,0
MH,ocean,1980,0.1,0
MH,ocean,1981,0.2,0
MH,ocean,1982,0,0
MH,ocean,1983,-0.3,0.1
MH,ocean,1984,0.1,0
MH,ocean,1985,0,0
MH,ocean,1986,0.1,0
MH,ocean,1987,-0.1,0.1
MH,ocean,1988,0.1,0
MH,ocean,1989,0,0
MH,ocean,1990,0.3,0
MH,ocean,1991,0.2,0
MH,ocean,1992,-0.1,0.1
MH,ocean,1993,-0.2,0
MH,ocean,1994,0.1,0
MH,ocean,1995,0.2,0
MH,ocean,1996,0.3,0
MH,ocean,1997,0.1,0.1
MH,ocean,1998,-0.3,0
MH,ocean,1999,-0.1,0
MH,ocean,2000,0.1,0
MH,ocean,2001,0.3,0
MH,ocean,2002,0.4,0
MH,ocean,2003,0.5,0
MH,ocean,2004,0.6,0
MH,ocean,2005,0.5,0
MH,ocean,2006,0.4,0
MH,ocean,2007,0.4,0
MH,ocean,2008,0,0
MH,ocean,2009,0.4,0.1
MH,ocean,2010,0,0.1
MH,ocean,2011,0.3,0.1
MH,ocean,2012,0.3,0
MH,ocean,2013,0.4,0
MH,ocean,2014,0.7,0
MH,ocean,2015,0.5,0
MH,ocean,2016,0.4,0.1
MH,ocean,2017,0.6,0
MH,ocean,2018,0.6,0
MH,ocean,2019,0.6,0.1
MH,ocean,2020,0.5,0
MH,ocean,2021,0.4,0
MH,ocean,2022,0.3,0
MH,ocean,2023,0.6,0
MH,ocean,2024,0.7,0
MH,ocean,2025,0.6,0
MP,ocean,1850,-0.4,0.1
MP,ocean,1851,0.2,0.1
MP,ocean,1852,0.1,0.1
MP,ocean,1853,-0.1,0.1
MP,ocean,1854,0.1,0.1
MP,ocean,1855,-0.6,0.1
MP,ocean,1856,-0.2,0.1
MP,ocean,1857,-0.2,0.2
MP,ocean,1858,-0.5,0.1
MP,ocean,1859,0.1,0.1
MP,ocean,1860,-0.3,0.1
MP,ocean,1861,-0.5,0.1
MP,ocean,1862,-0.6,0.1
MP,ocean,1863,-0.4,0.1
MP,ocean,1864,-0.5,0.1
MP,ocean,1865,0,0.1
MP,ocean,1866,-0.1,0.1
MP,ocean,1867,-0.3,0.2
MP,ocean,1868,-0.3,0.2
MP,ocean,1869,0.4,0.1
MP,ocean,1870,0.5,0.2
MP,ocean,1871,-0.1,0.1
MP,ocean,1872,0.1,0
MP,ocean,1873,0,0.1
MP,ocean,1874,-0.3,0
MP,ocean,1875,-0.1,0.1
MP,ocean,1876,0.1,0.1
MP,ocean,1877,0,0.1
MP,ocean,1878,0.6,0.1
MP,ocean,1879,0.3,0.2
MP,ocean,1880,-0.8,0.2
MP,ocean,1881,-0.1,0.1
MP,ocean,1882,-0.1,0.2
MP,ocean,1883,-0.7,0.2
MP,ocean,1884,-0.3,0.1
MP,ocean,1885,-0.8,0.1
MP,ocean,1886,-0.5,0.1
MP,ocean,1887,0,0.1
MP,ocean,1888,0.1,0.1
MP,ocean,1889,0.2,0.1
MP,ocean,1890,0,0.1
MP,ocean,1891,0,0.1
MP,ocean,1892,0.3,0.1
MP,ocean,1893,-0.2,0.1
MP,ocean,1894,0,0.1
MP,ocean,1895,0.2,0.1
MP,ocean,1896,0.4,0.2
MP,ocean,1897,0.6,0
MP,ocean,1898,0.2,0.1
MP,ocean,1899,-0.5,0.1
MP,ocean,1900,0,0.1
MP,ocean,1901,-0.1,0.1
MP,ocean,1902,-0.2,0.1
MP,ocean,1903,-0.6,0.1
MP,ocean,1904,-0.5,0.2
MP,ocean,1905,-0.3,0.1
MP,ocean,1906,-0.2,0
MP,ocean,1907,-0.6,0.1
MP,ocean,1908,-0.3,0.1
MP,ocean,1909,-0.3,0.1
MP,ocean,1910,-0.1,0.1
MP,ocean,1911,-0.5,0.2
MP,ocean,1912,-0.4,0.1
MP,ocean,1913,-0.5,0
MP,ocean,1914,-0.6,0.1
MP,ocean,1915,-0.4,0.1
MP,ocean,1916,-0.3,0.1
MP,ocean,1917,-0.5,0.1
MP,ocean,1918,-0.7,0.1
MP,ocean,1919,-0.5,0.1
MP,ocean,1920,-0.7,0.1
MP,ocean,1921,-0.2,0.1
MP,ocean,1922,-0.4,0.1
MP,ocean,1923,-0.7,0.1
MP,ocean,1924,-0.3,0.1
MP,ocean,1925,-0.4,0.1
MP,ocean,1926,-0.3,0.1
MP,ocean,1927,-0.3,0.1
MP,ocean,1928,-0.7,0.1
MP,ocean,1929,-0.4,0.1
MP,ocean,1930,-0.4,0.1
MP,ocean,1931,-0.1,0.1
MP,ocean,1932,-0.4,0
MP,ocean,1933,-0.4,0.1
MP,ocean,1934,-0.5,0.1
MP,ocean,1935,-0.4,0.1
MP,ocean,1936,-0.4,0.1
MP,ocean,1937,-0.3,0
MP,ocean,1938,-0.2,0
MP,ocean,1939,-0.4,0.1
MP,ocean,1940,-0.4,0.1
MP,ocean,1941,0,0
MP,ocean,1942,-0.1,0.1
MP,ocean,1943,0.1,0.2
MP,ocean,1944,0.1,0.1
MP,ocean,1945,0.3,0.1
MP,ocean,1946,0.3,0.1
MP,ocean,1947,0,0.1
MP,ocean,1948,-0.2,0.1
MP,ocean,1949,-0.1,0.1
MP,ocean,1950,-0.1,0.1
MP,ocean,1951,0.1,0.1
MP,ocean,1952,0.1,0.1
MP,ocean,1953,0.1,0.1
MP,ocean,1954,0.1,0.1
MP,ocean,1955,-0.1,0.1
MP,ocean,1956,-0.3,0
MP,ocean,1957,-0.3,0.1
MP,ocean,1958,-0.3,0.1
MP,ocean,1959,-0.2,0.1
MP,ocean,1960,0,0.1
MP,ocean,1961,0,0.1
MP,ocean,1962,-0.2,0
MP,ocean,1963,-0.3,0.1
MP,ocean,1964,-0.1,0
MP,ocean,1965,-0.4,0
MP,ocean,1966,-0.1,0.1
MP,ocean,1967,-0.2,0
MP,ocean,1968,-0.3,0
MP,ocean,1969,0.1,0.1
MP,ocean,1970,0.1,0
MP,ocean,1971,0,0
MP,ocean,1972,-0.6,0.1
MP,ocean,1973,-0.1,0
MP,ocean,1974,-0.2,0.1
MP,ocean,1975,0,0.1
MP,ocean,1976,-0.1,0.1
MP,ocean,1977,-0.1,0.1
MP,ocean,1978,-0.2,0
MP,ocean,1979,-0.2,0.1
MP,ocean,1980,0,0.1
MP,ocean,1981,0.1,0.1
MP,ocean,1982,-0.2,0.1
MP,ocean,1983,-0.1,0.1
MP,ocean,1984,0,0
MP,ocean,1985,-0.1,0
MP,ocean,1986,-0.1,0.1
MP,ocean,1987,0,0
MP,ocean,1988,0.5,0
MP,ocean,1989,0.1,0.1
MP,ocean,1990,-0.2,0
MP,ocean,1991,-0.1,0.1
MP,ocean,1992,-0.3,0.1
MP,ocean,1993,-0.3,0.1
MP,ocean,1994,-0.1,0.1
MP,ocean,1995,0,0.1
MP,ocean,1996,0.1,0.1
MP,ocean,1997,0,0
MP,ocean,1998,0.4,0.1
MP,ocean,1999,0.7,0.1
MP,ocean,2000,0.4,0.1
MP,ocean,2001,0.6,0.1
MP,ocean,2002,0.3,0.1
MP,ocean,2003,0.3,0.1
MP,ocean,2004,0.1,0.1
MP,ocean,2005,0.2,0
MP,ocean,2006,0.1,0.1
MP,ocean,2007,0.4,0.1
MP,ocean,2008,0.6,0.1
MP,ocean,2009,0.4,0
MP,ocean,2010,0.2,0
MP,ocean,2011,0.2,0.1
MP,ocean,2012,0.2,0.1
MP,ocean,2013,0.4,0.1
MP,ocean,2014,0.3,0.1
MP,ocean,2015,0.2,0.1
MP,ocean,2016,0.6,0.1
MP,ocean,2017,0.8,0.1
MP,ocean,2018,0.7,0.1
MP,ocean,2019,0.7,0
MP,ocean,2020,0.8,0.1
MP,ocean,2021,0.8,0.1
MP,ocean,2022,0.7,0
MP,ocean,2023,0.5,0
MP,ocean,2024,0.7,0.1
MP,ocean,2025,0.9,0.1
NC,ocean,1850,-0.6,0
NC,ocean,1851,0.3,0.1
NC,ocean,1852,-0.3,0.1
NC,ocean,1853,-0.5,0.1
NC,ocean,1854,-0.8,0.2
NC,ocean,1855,-0.8,0.1
NC,ocean,1856,-1,0.2
NC,ocean,1857,-0.4,0.1
NC,ocean,1858,-0.7,0.1
NC,ocean,1859,-0.1,0.1
NC,ocean,1860,-0.5,0.1
NC,ocean,1861,-0.8,0.2
NC,ocean,1862,-0.5,0.1
NC,ocean,1863,0,0.2
NC,ocean,1864,0.4,0.2
NC,ocean,1865,0.1,0.1
NC,ocean,1866,0,0.3
NC,ocean,1867,-0.2,0.2
NC,ocean,1868,-0.4,0.2
NC,ocean,1869,0,0.1
NC,ocean,1870,0.1,0.1
NC,ocean,1871,-0.2,0.1
NC,ocean,1872,-0.1,0.1
NC,ocean,1873,-0.2,0.1
NC,ocean,1874,0,0.1
NC,ocean,1875,0,0.1
NC,ocean,1876,0,0.1
NC,ocean,1877,-0.3,0.1
NC,ocean,1878,0.2,0.1
NC,ocean,1879,0.1,0.1
NC,ocean,1880,-0.2,0.1
NC,ocean,1881,-0.4,0.1
NC,ocean,1882,-0.2,0.1
NC,ocean,1883,-0.6,0.1
NC,ocean,1884,-0.9,0.1
NC,ocean,1885,-1,0.1
NC,ocean,1886,-0.5,0.1
NC,ocean,1887,-0.6,0.1
NC,ocean,1888,-1,0.1
NC,ocean,1889,-0.3,0.1
NC,ocean,1890,-0.2,0.1
NC,ocean,1891,-0.3,0.1
NC,ocean,1892,-0.2,0.2
NC,ocean,1893,0.6,0.1
NC,ocean,1894,-0.3,0.1
NC,ocean,1895,-0.5,0.1
NC,ocean,1896,-0.3,0.1
NC,ocean,1897,-0.1,0.1
NC,ocean,1898,-0.4,0.1
NC,ocean,1899,-0.7,0.1
NC,ocean,1900,-0.3,0.1
NC,ocean,1901,-0.8,0.1
NC,ocean,1902,-1.2,0.1
NC,ocean,1903,-0.9,0.1
NC,ocean,1904,-1,0.1
NC,ocean,1905,-1.1,0.1
NC,ocean,1906,-0.8,0.1
NC,ocean,1907,-0.4,0.1
NC,ocean,1908,-0.6,0.1
NC,ocean,1909,-0.5,0.1
NC,ocean,1910,-0.4,0
NC,ocean,1911,-0.9,0.1
NC,ocean,1912,-0.8,0
NC,ocean,1913,-0.9,0
NC,ocean,1914,-0.9,0.1
NC,ocean,1915,-0.6,0.1
NC,ocean,1916,-0.2,0.1
NC,ocean,1917,-0.4,0.1
NC,ocean,1918,-0.7,0.1
NC,ocean,1919,-0.7,0.1
NC,ocean,1920,-0.7,0.1
NC,ocean,1921,-0.6,0.1
NC,ocean,1922,-0.6,0.1
NC,ocean,1923,-0.7,0.1
NC,ocean,1924,-0.3,0.1
NC,ocean,1925,-0.9,0.1
NC,ocean,1926,-0.6,0.1
NC,ocean,1927,-0.6,0.1
NC,ocean,1928,-0.7,0.1
NC,ocean,1929,-0.7,0
NC,ocean,1930,-1,0.1
NC,ocean,1931,-0.6,0.1
NC,ocean,1932,-0.8,0.1
NC,ocean,1933,-0.5,0.1
NC,ocean,1934,-0.9,0.1
NC,ocean,1935,-0.5,0.1
NC,ocean,1936,-0.7,0.1
NC,ocean,1937,-0.7,0.1
NC,ocean,1938,-0.2,0.1
NC,ocean,1939,-0.7,0.1
NC,ocean,1940,-0.8,0.1
NC,ocean,1941,-0.6,0.1
NC,ocean,1942,-0.3,0.1
NC,ocean,1943,0,0.1
NC,ocean,1944,-0.1,0.1
NC,ocean,1945,-0.1,0.1
NC,ocean,1946,-0.4,0.1
NC,ocean,1947,-0.6,0.1
NC,ocean,1948,-0.4,0.1
NC,ocean,1949,-0.6,0
NC,ocean,1950,-0.2,0.1
NC,ocean,1951,-0.5,0.1
NC,ocean,1952,-0.3,0.1
NC,ocean,1953,-0.3,0.1
NC,ocean,1954,-0.5,0.1
NC,ocean,1955,-0.3,0.1
NC,ocean,1956,0,0.1
NC,ocean,1957,-0.4,0.1
NC,ocean,1958,-0.2,0.1
NC,ocean,1959,-0.4,0.1
NC,ocean,1960,-0.3,0.1
NC,ocean,1961,-0.5,0.1
NC,ocean,1962,-0.2,0
NC,ocean,1963,-0.5,0.1
NC,ocean,1964,-0.2,0.1
NC,ocean,1965,-0.8,0
NC,ocean,1966,-0.8,0.1
NC,ocean,1967,-0.4,0.1
NC,ocean,1968,-0.3,0.1
NC,ocean,1969,-0.3,0.1
NC,ocean,1970,0.1,0.1
NC,ocean,1971,0.1,0.1
NC,ocean,1972,-0.4,0.1
NC,ocean,1973,0.4,0.1
NC,ocean,1974,0.1,0
NC,ocean,1975,0.2,0.1
NC,ocean,1976,-0.1,0.1
NC,ocean,1977,-0.4,0.1
NC,ocean,1978,-0.3,0.1
NC,ocean,1979,-0.1,0.1
NC,ocean,1980,-0.2,0.1
NC,ocean,1981,0,0.1
NC,ocean,1982,-0.5,0.1
NC,ocean,1983,-0.1,0.1
NC,ocean,1984,-0.1,0.1
NC,ocean,1985,-0.1,0.1
NC,ocean,1986,-0.1,0.1
NC,ocean,1987,-0.2,0.1
NC,ocean,1988,0.4,0.1
NC,ocean,1989,0.1,0
NC,ocean,1990,0.1,0.1
NC,ocean,1991,-0.4,0.1
NC,ocean,1992,-0.4,0.1
NC,ocean,1993,-0.5,0.1
NC,ocean,1994,-0.6,0.1
NC,ocean,1995,0.1,0.1
NC,ocean,1996,0.2,0.1
NC,ocean,1997,-0.1,0.1
NC,ocean,1998,0.8,0.1
NC,ocean,1999,0.2,0.1
NC,ocean,2000,0,0.1
NC,ocean,2001,0.3,0.1
NC,ocean,2002,0.2,0.1
NC,ocean,2003,0.2,0.1
NC,ocean,2004,0.1,0.1
NC,ocean,2005,0.2,0
NC,ocean,2006,0,0.1
NC,ocean,2007,0.1,0.1
NC,ocean,2008,0.3,0.1
NC,ocean,2009,0.2,0.1
NC,ocean,2010,0.4,0.1
NC,ocean,2011,0.3,0
NC,ocean,2012,0,0
NC,ocean,2013,0.2,0
NC,ocean,2014,0.1,0.1
NC,ocean,2015,0,0
NC,ocean,2016,0.7,0.1
NC,ocean,2017,0.5,0
NC,ocean,2018,0.3,0
NC,ocean,2019,0.2,0.1
NC,ocean,2020,0.5,0
NC,ocean,2021,0.4,0.1
NC,ocean,2022,0.9,0.1
NC,ocean,2023,0.4,0.1
NC,ocean,2024,0.7,0
NC,ocean,2025,0.8,0.1
NR,ocean,1850,0.3,0.1
NR,ocean,1851,-0.2,0.1
NR,ocean,1852,0.2,0.1
NR,ocean,1853,0.2,0.1
NR,ocean,1854,0.1,0
NR,ocean,1855,0.1,0.2
NR,ocean,1856,-0.2,0.2
NR,ocean,1857,-0.1,0.1
NR,ocean,1858,0,0.1
NR,ocean,1859,0.4,0.1
NR,ocean,1860,-0.2,0.1
NR,ocean,1861,-0.5,0.2
NR,ocean,1862,-0.1,0
NR,ocean,1863,-0.1,0
NR,ocean,1864,0,0
NR,ocean,1865,0.1,0
NR,ocean,1866,0,0
NR,ocean,1867,-0.2,0
NR,ocean,1868,-0.2,0
NR,ocean,1869,-0.1,0.1
NR,ocean,1870,-0.7,0.1
NR,ocean,1871,-0.2,0
NR,ocean,1872,-0.2,0
NR,ocean,1873,-0.4,0.1
NR,ocean,1874,-0.1,0.1
NR,ocean,1875,-0.2,0
NR,ocean,1876,-0.3,0.1
NR,ocean,1877,-0.4,0
NR,ocean,1878,-0.4,0
NR,ocean,1879,-0.7,0
NR,ocean,1880,-0.3,0
NR,ocean,1881,0.3,0.1
NR,ocean,1882,0.6,0.1
NR,ocean,1883,0,0.1
NR,ocean,1884,0,0.1
NR,ocean,1885,-0.3,0.1
NR,ocean,1886,-0.4,0.1
NR,ocean,1887,-0.5,0.2
NR,ocean,1888,-0.1,0.2
NR,ocean,1889,-0.6,0.1
NR,ocean,1890,-0.3,0.1
NR,ocean,1891,0.1,0.1
NR,ocean,1892,0,0.1
NR,ocean,1893,-0.2,0.1
NR,ocean,1894,-0.1,0.1
NR,ocean,1895,-0.1,0
NR,ocean,1896,-0.3,0
NR,ocean,1897,-0.2,0.2
NR,ocean,1898,-0.5,0.1
NR,ocean,1899,-0.1,0.2
NR,ocean,1900,0.2,0.1
NR,ocean,1901,0,0
NR,ocean,1902,-0.5,0.2
NR,ocean,1903,-0.2,0.1
NR,ocean,1904,-0.4,0.1
NR,ocean,1905,-0.3,0.1
NR,ocean,1906,-0.6,0.1
NR,ocean,1907,-0.2,0.1
NR,ocean,1908,-0.7,0.2
NR,ocean,1909,-0.7,0.1
NR,ocean,1910,-1.2,0.1
NR,ocean,1911,-0.7,0.1
NR,ocean,1912,-0.4,0.2
NR,ocean,1913,-0.5,0.1
NR,ocean,1914,-0.1,0.1
NR,ocean,1915,-0.4,0.1
NR,ocean,1916,-1.2,0.2
NR,ocean,1917,-2,0.3
NR,ocean,1918,-0.5,0.2
NR,ocean,1919,-1.1,0.2
NR,ocean,1920,-0.5,0.1
NR,ocean,1921,-0.5,0.1
NR,ocean,1922,-0.3,0.1
NR,ocean,1923,-0.2,0.1
NR,ocean,1924,-0.4,0.2
NR,ocean,1925,-0.6,0.2
NR,ocean,1926,-0.4,0.1
NR,ocean,1927,-0.8,0.1
NR,ocean,1928,-0.4,0.1
NR,ocean,1929,-0.2,0.1
NR,ocean,1930,-0.2,0.1
NR,ocean,1931,-0.2,0.1
NR,ocean,1932,-0.4,0.1
NR,ocean,1933,-0.9,0.1
NR,ocean,1934,-0.9,0.2
NR,ocean,1935,-0.4,0
NR,ocean,1936,-0.4,0.1
NR,ocean,1937,-0.5,0.1
NR,ocean,1938,-0.7,0.1
NR,ocean,1939,-0.4,0.1
NR,ocean,1940,0,0.1
NR,ocean,1941,0.1,0.1
NR,ocean,1942,0,0.1
NR,ocean,1943,-0.3,0.1
NR,ocean,1944,0.1,0.1
NR,ocean,1945,-0.2,0.1
NR,ocean,1946,0.2,0.1
NR,ocean,1947,-0.1,0.1
NR,ocean,1948,-0.7,0.4
NR,ocean,1949,-0.9,0.2
NR,ocean,1950,-0.8,0.1
NR,ocean,1951,-0.2,0.1
NR,ocean,1952,-0.4,0.1
NR,ocean,1953,-0.4,0.1
NR,ocean,1954,-0.6,0.1
NR,ocean,1955,-0.8,0.1
NR,ocean,1956,-0.5,0.1
NR,ocean,1957,-0.5,0.1
NR,ocean,1958,0,0.1
NR,ocean,1959,-0.2,0.1
NR,ocean,1960,-0.4,0.1
NR,ocean,1961,-0.4,0
NR,ocean,1962,-0.3,0
NR,ocean,1963,-0.2,0.1
NR,ocean,1964,-0.7,0.1
NR,ocean,1965,-0.5,0.1
NR,ocean,1966,0,0
NR,ocean,1967,-0.2,0.1
NR,ocean,1968,-0.1,0.1
NR,ocean,1969,0.5,0.1
NR,ocean,1970,-0.3,0.1
NR,ocean,1971,-0.8,0.1
NR,ocean,1972,-0.2,0.1
NR,ocean,1973,-0.4,0.1
NR,ocean,1974,-0.6,0.1
NR,ocean,1975,-1,0.1
NR,ocean,1976,-0.4,0.1
NR,ocean,1977,0,0
NR,ocean,1978,0,0.1
NR,ocean,1979,0.2,0.1
NR,ocean,1980,0.3,0
NR,ocean,1981,0.1,0.1
NR,ocean,1982,0.2,0.1
NR,ocean,1983,-0.2,0.1
NR,ocean,1984,-0.3,0
NR,ocean,1985,-0.2,0.1
NR,ocean,1986,0.2,0.1
NR,ocean,1987,0.1,0.1
NR,ocean,1988,-0.1,0.1
NR,ocean,1989,-0.3,0.1
NR,ocean,1990,0.4,0
NR,ocean,1991,0.5,0.1
NR,ocean,1992,0.1,0.1
NR,ocean,1993,0.1,0.1
NR,ocean,1994,0.3,0.1
NR,ocean,1995,0.4,0
NR,ocean,1996,0.1,0.1
NR,ocean,1997,0.2,0.1
NR,ocean,1998,-0.4,0.1
NR,ocean,1999,-0.5,0.1
NR,ocean,2000,-0.4,0.1
NR,ocean,2001,0.2,0.1
NR,ocean,2002,0.6,0.1
NR,ocean,2003,0.7,0
NR,ocean,2004,0.7,0.1
NR,ocean,2005,0.7,0.1
NR,ocean,2006,0.5,0.1
NR,ocean,2007,0.4,0.1
NR,ocean,2008,-0.4,0.1
NR,ocean,2009,0.4,0.1
NR,ocean,2010,0,0.2
NR,ocean,2011,-0.3,0.1
NR,ocean,2012,0.1,0.1
NR,ocean,2013,0.3,0.1
NR,ocean,2014,0.8,0.1
NR,ocean,2015,0.7,0.1
NR,ocean,2016,0.6,0.1
NR,ocean,2017,0.5,0
NR,ocean,2018,0.8,0.1
NR,ocean,2019,0.9,0.1
NR,ocean,2020,0.6,0.1
NR,ocean,2021,0.1,0.1
NR,ocean,2022,-0.2,0.1
NR,ocean,2023,0.7,0.1
NR,ocean,2024,1,0.1
NR,ocean,2025,0.3,0.1
NU,ocean,1850,-0.2,0.1
NU,ocean,1851,-0.4,0.1
NU,ocean,1852,0,0
NU,ocean,1853,0.6,0.1
NU,ocean,1854,0.3,0.1
NU,ocean,1855,-0.2,0.1
NU,ocean,1856,-0.1,0.1
NU,ocean,1857,-0.2,0.1
NU,ocean,1858,-0.2,0
NU,ocean,1859,0.3,0.1
NU,ocean,1860,0.1,0
NU,ocean,1861,-0.1,0.1
NU,ocean,1862,-0.1,0
NU,ocean,1863,-0.1,0
NU,ocean,1864,0.1,0
NU,ocean,1865,0,0
NU,ocean,1866,0,0
NU,ocean,1867,0.1,0
NU,ocean,1868,0.2,0.1
NU,ocean,1869,0.1,0.2
NU,ocean,1870,0.2,0.1
NU,ocean,1871,0.5,0.1
NU,ocean,1872,0.4,0.1
NU,ocean,1873,0,0.1
NU,ocean,1874,0.4,0.3
NU,ocean,1875,0.4,0.1
NU,ocean,1876,0.3,0.1
NU,ocean,1877,-0.3,0.1
NU,ocean,1878,-0.2,0.1
NU,ocean,1879,0.3,0.2
NU,ocean,1880,0.1,0.1
NU,ocean,1881,0,0.1
NU,ocean,1882,0.2,0.1
NU,ocean,1883,-0.4,0.1
NU,ocean,1884,-0.7,0.2
NU,ocean,1885,-0.9,0.1
NU,ocean,1886,-0.5,0.1
NU,ocean,1887,-0.3,0.2
NU,ocean,1888,-0.6,0.1
NU,ocean,1889,-0.2,0.2
NU,ocean,1890,-0.1,0.2
NU,ocean,1891,-0.3,0.1
NU,ocean,1892,-0.2,0
NU,ocean,1893,-0.2,0.1
NU,ocean,1894,-0.2,0
NU,ocean,1895,-0.1,0.1
NU,ocean,1896,-0.6,0.1
NU,ocean,1897,-0.5,0.1
NU,ocean,1898,0.1,0.1
NU,ocean,1899,0,0.1
NU,ocean,1900,-0.5,0.2
NU,ocean,1901,0.3,0.1
NU,ocean,1902,-0.8,0.1
NU,ocean,1903,-0.4,0
NU,ocean,1904,-0.5,0.1
NU,ocean,1905,-1,0.1
NU,ocean,1906,-0.1,0.1
NU,ocean,1907,-0.6,0.1
NU,ocean,1908,-0.6,0.1
NU,ocean,1909,-0.6,0.1
NU,ocean,1910,-0.3,0.1
NU,ocean,1911,-0.5,0.1
NU,ocean,1912,-0.5,0.1
NU,ocean,1913,-0.5,0.1
NU,ocean,1914,-0.4,0.1
NU,ocean,1915,-0.1,0.1
NU,ocean,1916,0.3,0.1
NU,ocean,1917,-0.1,0.1
NU,ocean,1918,-0.4,0
NU,ocean,1919,-0.9,0.2
NU,ocean,1920,-0.5,0.1
NU,ocean,1921,-0.5,0.1
NU,ocean,1922,-0.1,0.1
NU,ocean,1923,-0.4,0.2
NU,ocean,1924,0,0.1
NU,ocean,1925,-0.3,0.1
NU,ocean,1926,-0.6,0.1
NU,ocean,1927,-0.2,0.1
NU,ocean,1928,-0.4,0.1
NU,ocean,1929,-0.4,0
NU,ocean,1930,-0.7,0.1
NU,ocean,1931,-0.6,0.1
NU,ocean,1932,-0.2,0
NU,ocean,1933,-0.5,0.1
NU,ocean,1934,-0.4,0.1
NU,ocean,1935,-0.3,0.1
NU,ocean,1936,-0.2,0.1
NU,ocean,1937,-0.2,0.1
NU,ocean,1938,-0.1,0.1
NU,ocean,1939,-0.4,0.1
NU,ocean,1940,-0.5,0.1
NU,ocean,1941,-0.2,0.1
NU,ocean,1942,0.1,0.1
NU,ocean,1943,0.5,0.1
NU,ocean,1944,0.4,0.2
NU,ocean,1945,0.1,0.1
NU,ocean,1946,0.2,0.1
NU,ocean,1947,0.1,0.1
NU,ocean,1948,-0.3,0.1
NU,ocean,1949,-0.1,0.1
NU,ocean,1950,0.2,0.1
NU,ocean,1951,0,0.1
NU,ocean,1952,0.3,0.1
NU,ocean,1953,0.1,0.1
NU,ocean,1954,0,0.1
NU,ocean,1955,0,0.1
NU,ocean,1956,0.1,0.1
NU,ocean,1957,-0.2,0.1
NU,ocean,1958,-0.3,0.1
NU,ocean,1959,-0.1,0.1
NU,ocean,1960,0,0.1
NU,ocean,1961,0.1,0.1
NU,ocean,1962,-0.1,0.1
NU,ocean,1963,-0.1,0.1
NU,ocean,1964,0,0.1
NU,ocean,1965,-0.4,0
NU,ocean,1966,-0.3,0.1
NU,ocean,1967,-0.1,0.1
NU,ocean,1968,0.2,0.1
NU,ocean,1969,-0.1,0.1
NU,ocean,1970,0.2,0.1
NU,ocean,1971,0.2,0.1
NU,ocean,1972,-0.1,0.1
NU,ocean,1973,0.5,0.1
NU,ocean,1974,0.3,0.1
NU,ocean,1975,0.1,0.1
NU,ocean,1976,0,0.1
NU,ocean,1977,-0.4,0.1
NU,ocean,1978,-0.2,0.1
NU,ocean,1979,-0.2,0.1
NU,ocean,1980,0,0.1
NU,ocean,1981,-0.1,0.1
NU,ocean,1982,-0.1,0.1
NU,ocean,1983,-0.3,0.1
NU,ocean,1984,0,0.1
NU,ocean,1985,-0.2,0.1
NU,ocean,1986,-0.4,0
NU,ocean,1987,-0.5,0.1
NU,ocean,1988,0.4,0.1
NU,ocean,1989,0.1,0.1
NU,ocean,1990,0,0.1
NU,ocean,1991,0.1,0.1
NU,ocean,1992,0.1,0.1
NU,ocean,1993,-0.2,0.1
NU,ocean,1994,-0.1,0.1
NU,ocean,1995,0.2,0.1
NU,ocean,1996,0.3,0
NU,ocean,1997,-0.2,0.2
NU,ocean,1998,-0.2,0.2
NU,ocean,1999,0.5,0.1
NU,ocean,2000,0.6,0.1
NU,ocean,2001,0.2,0.1
NU,ocean,2002,0.4,0.1
NU,ocean,2003,0.4,0
NU,ocean,2004,0.6,0.1
NU,ocean,2005,0.5,0.1
NU,ocean,2006,0.5,0.1
NU,ocean,2007,0.5,0.1
NU,ocean,2008,0.5,0.1
NU,ocean,2009,0.4,0.1
NU,ocean,2010,0.7,0.1
NU,ocean,2011,0.8,0.1
NU,ocean,2012,0.4,0.1
NU,ocean,2013,0.6,0.1
NU,ocean,2014,0.5,0.1
NU,ocean,2015,0,0.1
NU,ocean,2016,0.4,0.2
NU,ocean,2017,0.7,0.1
NU,ocean,2018,0.6,0.1
NU,ocean,2019,0.6,0.1
NU,ocean,2020,0.7,0.1
NU,ocean,2021,0.8,0
NU,ocean,2022,0.9,0.1
NU,ocean,2023,0.5,0.1
NU,ocean,2024,0.6,0.1
NU,ocean,2025,0.5,0
PF,ocean,1850,-0.5,0.1
PF,ocean,1851,-0.3,0
PF,ocean,1852,-0.3,0.1
PF,ocean,1853,-0.1,0.1
PF,ocean,1854,0.1,0.1
PF,ocean,1855,-0.3,0
PF,ocean,1856,-0.3,0.1
PF,ocean,1857,-0.4,0.1
PF,ocean,1858,-0.1,0
PF,ocean,1859,-0.1,0.1
PF,ocean,1860,-0.2,0
PF,ocean,1861,-0.4,0
PF,ocean,1862,-0.5,0
PF,ocean,1863,-0.4,0
PF,ocean,1864,-0.3,0
PF,ocean,1865,-0.3,0
PF,ocean,1866,-0.3,0
PF,ocean,1867,-0.4,0
PF,ocean,1868,-0.2,0.1
PF,ocean,1869,-0.5,0.1
PF,ocean,1870,-0.4,0.1
PF,ocean,1871,-0.2,0
PF,ocean,1872,-0.4,0.1
PF,ocean,1873,-0.7,0
PF,ocean,1874,-0.5,0.1
PF,ocean,1875,-0.6,0
PF,ocean,1876,-0.5,0
PF,ocean,1877,-0.3,0.1
PF,ocean,1878,-0.3,0.1
PF,ocean,1879,-0.4,0
PF,ocean,1880,-0.3,0
PF,ocean,1881,-0.3,0
PF,ocean,1882,-0.2,0
PF,ocean,1883,-0.5,0
PF,ocean,1884,-0.5,0.1
PF,ocean,1885,-0.7,0.1
PF,ocean,1886,-0.6,0.1
PF,ocean,1887,-0.3,0.1
PF,ocean,1888,-0.3,0.1
PF,ocean,1889,-0.1,0.1
PF,ocean,1890,-0.9,0.1
PF,ocean,1891,-0.5,0.1
PF,ocean,1892,-0.2,0.1
PF,ocean,1893,-0.5,0.1
PF,ocean,1894,-0.2,0.1
PF,ocean,1895,-0.3,0.1
PF,ocean,1896,-0.1,0
PF,ocean,1897,0.1,0.1
PF,ocean,1898,-0.2,0.1
PF,ocean,1899,0.1,0.1
PF,ocean,1900,0.1,0.1
PF,ocean,1901,0.4,0.1
PF,ocean,1902,0,0.1
PF,ocean,1903,-0.2,0.1
PF,ocean,1904,-0.6,0.1
PF,ocean,1905,-0.4,0.1
PF,ocean,1906,-0.1,0.1
PF,ocean,1907,-0.4,0.1
PF,ocean,1908,-0.3,0.1
PF,ocean,1909,-0.8,0.1
PF,ocean,1910,-0.8,0.1
PF,ocean,1911,-0.6,0.1
PF,ocean,1912,-0.5,0.1
PF,ocean,1913,-0.4,0.1
PF,ocean,1914,-0.6,0.1
PF,ocean,1915,-0.2,0.1
PF,ocean,1916,-0.2,0.1
PF,ocean,1917,-0.8,0.1
PF,ocean,1918,-0.3,0
PF,ocean,1919,-0.3,0
PF,ocean,1920,-0.1,0.1
PF,ocean,1921,-0.5,0.2
PF,ocean,1922,-0.3,0.1
PF,ocean,1923,-0.5,0
PF,ocean,1924,-0.5,0.1
PF,ocean,1925,-0.5,0.1
PF,ocean,1926,-0.2,0
PF,ocean,1927,-0.2,0.1
PF,ocean,1928,-0.3,0
PF,ocean,1929,-0.3,0
PF,ocean,1930,-0.3,0
PF,ocean,1931,-0.2,0
PF,ocean,1932,-0.2,0
PF,ocean,1933,-0.3,0.1
PF,ocean,1934,-0.4,0
PF,ocean,1935,-0.3,0
PF,ocean,1936,-0.6,0
PF,ocean,1937,-0.4,0.1
PF,ocean,1938,-0.5,0
PF,ocean,1939,-0.4,0.1
PF,ocean,1940,0,0
PF,ocean,1941,-0.1,0.1
PF,ocean,1942,-0.1,0.1
PF,ocean,1943,0,0.1
PF,ocean,1944,0.2,0.1
PF,ocean,1945,0.2,0.1
PF,ocean,1946,-0.2,0.1
PF,ocean,1947,-0.1,0.1
PF,ocean,1948,-0.2,0.1
PF,ocean,1949,0,0.1
PF,ocean,1950,-0.4,0
PF,ocean,1951,-0.2,0.1
PF,ocean,1952,0.1,0
PF,ocean,1953,0,0.1
PF,ocean,1954,-0.2,0.1
PF,ocean,1955,-0.5,0
PF,ocean,1956,-0.4,0.1
PF,ocean,1957,-0.1,0
PF,ocean,1958,-0.2,0.1
PF,ocean,1959,-0.2,0.1
PF,ocean,1960,-0.1,0.1
PF,ocean,1961,-0.2,0
PF,ocean,1962,-0.5,0
PF,ocean,1963,-0.2,0
PF,ocean,1964,-0.2,0.1
PF,ocean,1965,-0.2,0.1
PF,ocean,1966,-0.2,0.1
PF,ocean,1967,-0.3,0.1
PF,ocean,1968,-0.4,0.1
PF,ocean,1969,0,0
PF,ocean,1970,-0.1,0.1
PF,ocean,1971,-0.4,0.1
PF,ocean,1972,-0.2,0
PF,ocean,1973,0.1,0
PF,ocean,1974,-0.5,0
PF,ocean,1975,-0.6,0
PF,ocean,1976,-0.5,0.1
PF,ocean,1977,-0.2,0.1
PF,ocean,1978,-0.3,0.1
PF,ocean,1979,-0.4,0
PF,ocean,1980,-0.1,0
PF,ocean,1981,-0.3,0.1
PF,ocean,1982,0,0
PF,ocean,1983,-0.1,0.1
PF,ocean,1984,0,0.1
PF,ocean,1985,-0.1,0
PF,ocean,1986,-0.1,0.1
PF,ocean,1987,0.1,0
PF,ocean,1988,0.2,0
PF,ocean,1989,0,0
PF,ocean,1990,-0.1,0
PF,ocean,1991,0.2,0
PF,ocean,1992,0.1,0.1
PF,ocean,1993,-0.1,0.1
PF,ocean,1994,0.2,0.1
PF,ocean,1995,0.2,0
PF,ocean,1996,0,0
PF,ocean,1997,0.1,0
PF,ocean,1998,0.2,0.1
PF,ocean,1999,0.2,0
PF,ocean,2000,0.2,0.1
PF,ocean,2001,0.2,0
PF,ocean,2002,0.4,0
PF,ocean,2003,0.4,0
PF,ocean,2004,0.4,0
PF,ocean,2005,0.2,0.1
PF,ocean,2006,0.4,0.1
PF,ocean,2007,0.4,0.1
PF,ocean,2008,0.2,0
PF,ocean,2009,0.4,0
PF,ocean,2010,0.3,0.1
PF,ocean,2011,0,0
PF,ocean,2012,0.3,0.1
PF,ocean,2013,0.2,0
PF,ocean,2014,0.1,0
PF,ocean,2015,0.2,0
PF,ocean,2016,0.7,0
PF,ocean,2017,0.5,0.1
PF,ocean,2018,0.3,0
PF,ocean,2019,0.4,0
PF,ocean,2020,0.5,0.1
PF,ocean,2021,0.4,0
PF,ocean,2022,0.1,0
PF,ocean,2023,0.5,0
PF,ocean,2024,0.4,0
PF,ocean,2025,0.6,0.1
PG,ocean,1850,0,0.1
PG,ocean,1851,0.3,0.1
PG,ocean,1852,0.1,0.1
PG,ocean,1853,0,0.1
PG,ocean,1854,-0.3,0.1
PG,ocean,1855,-0.5,0.1
PG,ocean,1856,-0.4,0.1
PG,ocean,1857,0,0.1
PG,ocean,1858,-0.4,0.2
PG,ocean,1859,0.1,0.1
PG,ocean,1860,-0.3,0.1
PG,ocean,1861,-1,0.4
PG,ocean,1862,-0.4,0.1
PG,ocean,1863,-0.2,0.1
PG,ocean,1864,0.2,0.1
PG,ocean,1865,0,0.1
PG,ocean,1866,0,0.2
PG,ocean,1867,-0.2,0.1
PG,ocean,1868,-0.3,0.1
PG,ocean,1869,0.2,0.2
PG,ocean,1870,-0.1,0
PG,ocean,1871,-0.1,0.1
PG,ocean,1872,-0.1,0.1
PG,ocean,1873,-0.1,0.1
PG,ocean,1874,0.1,0.1
PG,ocean,1875,-0.1,0
PG,ocean,1876,-0.1,0.1
PG,ocean,1877,-0.3,0.1
PG,ocean,1878,0.2,0.1
PG,ocean,1879,-0.1,0.1
PG,ocean,1880,-0.2,0
PG,ocean,1881,0.2,0.1
PG,ocean,1882,0.1,0.1
PG,ocean,1883,-0.5,0.1
PG,ocean,1884,-0.7,0.1
PG,ocean,1885,-0.9,0.1
PG,ocean,1886,-0.4,0.1
PG,ocean,1887,-0.2,0.1
PG,ocean,1888,-0.5,0.1
PG,ocean,1889,-0.1,0.1
PG,ocean,1890,0,0.1
PG,ocean,1891,0,0.1
PG,ocean,1892,0,0.1
PG,ocean,1893,0,0
PG,ocean,1894,-0.2,0.1
PG,ocean,1895,-0.3,0
PG,ocean,1896,-0.3,0.1
PG,ocean,1897,0,0.1
PG,ocean,1898,-0.4,0.1
PG,ocean,1899,-0.5,0.1
PG,ocean,1900,0,0.2
PG,ocean,1901,-0.5,0.1
PG,ocean,1902,-1.1,0.1
PG,ocean,1903,-0.8,0.1
PG,ocean,1904,-0.9,0.1
PG,ocean,1905,-1,0.1
PG,ocean,1906,-0.7,0.1
PG,ocean,1907,-0.3,0.1
PG,ocean,1908,-0.3,0.1
PG,ocean,1909,-0.4,0.1
PG,ocean,1910,-0.3,0.1
PG,ocean,1911,-0.9,0.1
PG,ocean,1912,-0.7,0.1
PG,ocean,1913,-0.7,0.1
PG,ocean,1914,-0.8,0.1
PG,ocean,1915,-0.5,0.2
PG,ocean,1916,-0.3,0.1
PG,ocean,1917,-0.8,0.1
PG,ocean,1918,-0.9,0.1
PG,ocean,1919,-1.2,0.2
PG,ocean,1920,-0.8,0.1
PG,ocean,1921,-0.2,0.1
PG,ocean,1922,-0.2,0.1
PG,ocean,1923,-0.5,0.1
PG,ocean,1924,-0.3,0.1
PG,ocean,1925,-0.5,0.1
PG,ocean,1926,-0.5,0.1
PG,ocean,1927,-0.4,0.1
PG,ocean,1928,-0.4,0.1
PG,ocean,1929,-0.6,0.1
PG,ocean,1930,-0.6,0
PG,ocean,1931,-0.3,0
PG,ocean,1932,-0.6,0.1
PG,ocean,1933,-0.4,0
PG,ocean,1934,-0.4,0
PG,ocean,1935,-0.5,0
PG,ocean,1936,-0.4,0.1
PG,ocean,1937,-0.4,0.1
PG,ocean,1938,-0.3,0
PG,ocean,1939,-0.5,0.1
PG,ocean,1940,-0.6,0.1
PG,ocean,1941,-0.6,0.1
PG,ocean,1942,-0.2,0.1
PG,ocean,1943,0.3,0.1
PG,ocean,1944,0.1,0.1
PG,ocean,1945,0.2,0.1
PG,ocean,1946,-0.2,0.2
PG,ocean,1947,-0.5,0.1
PG,ocean,1948,-0.6,0
PG,ocean,1949,-0.8,0.1
PG,ocean,1950,-0.3,0.1
PG,ocean,1951,-0.5,0.1
PG,ocean,1952,-0.5,0.1
PG,ocean,1953,-0.5,0
PG,ocean,1954,-0.4,0.1
PG,ocean,1955,-0.5,0.1
PG,ocean,1956,-0.1,0.1
PG,ocean,1957,-0.5,0.1
PG,ocean,1958,-0.5,0.1
PG,ocean,1959,-0.5,0.1
PG,ocean,1960,-0.3,0
PG,ocean,1961,-0.3,0
PG,ocean,1962,0,0
PG,ocean,1963,-0.1,0.1
PG,ocean,1964,-0.1,0.1
PG,ocean,1965,-0.8,0.1
PG,ocean,1966,-0.5,0
PG,ocean,1967,-0.3,0
PG,ocean,1968,-0.1,0.1
PG,ocean,1969,0,0
PG,ocean,1970,0.1,0
PG,ocean,1971,-0.1,0
PG,ocean,1972,-0.5,0.1
PG,ocean,1973,0,0
PG,ocean,1974,-0.1,0
PG,ocean,1975,-0.2,0.1
PG,ocean,1976,-0.3,0.1
PG,ocean,1977,-0.2,0.1
PG,ocean,1978,0,0.1
PG,ocean,1979,-0.1,0
PG,ocean,1980,-0.2,0
PG,ocean,1981,0.1,0
PG,ocean,1982,-0.4,0.1
PG,ocean,1983,-0.2,0
PG,ocean,1984,0,0.1
PG,ocean,1985,0,0
PG,ocean,1986,0,0.1
PG,ocean,1987,-0.3,0.1
PG,ocean,1988,0.2,0.1
PG,ocean,1989,0.2,0.1
PG,ocean,1990,0,0
PG,ocean,1991,-0.1,0.1
PG,ocean,1992,-0.4,0
PG,ocean,1993,-0.6,0
PG,ocean,1994,-0.1,0.1
PG,ocean,1995,0.3,0.1
PG,ocean,1996,0.5,0
PG,ocean,1997,-0.2,0.1
PG,ocean,1998,0.4,0.1
PG,ocean,1999,0.2,0
PG,ocean,2000,0.3,0.1
PG,ocean,2001,0.4,0
PG,ocean,2002,0.3,0.1
PG,ocean,2003,0.4,0
PG,ocean,2004,0.3,0.1
PG,ocean,2005,0.4,0
PG,ocean,2006,0.2,0.1
PG,ocean,2007,0.5,0
PG,ocean,2008,0.3,0.1
PG,ocean,2009,0.4,0.1
PG,ocean,2010,0.6,0.1
PG,ocean,2011,0.4,0
PG,ocean,2012,0.3,0
PG,ocean,2013,0.4,0
PG,ocean,2014,0.3,0
PG,ocean,2015,0.1,0.1
PG,ocean,2016,0.7,0.1
PG,ocean,2017,0.7,0
PG,ocean,2018,0.5,0
PG,ocean,2019,0.3,0
PG,ocean,2020,0.8,0.1
PG,ocean,2021,0.6,0.1
PG,ocean,2022,0.8,0.1
PG,ocean,2023,0.6,0.1
PG,ocean,2024,0.9,0
PG,ocean,2025,1.1,0
PW,ocean,1850,0,0.1
PW,ocean,1851,0.1,0.1
PW,ocean,1852,0.1,0.1
PW,ocean,1853,0.1,0.1
PW,ocean,1854,0.2,0.2
PW,ocean,1855,-0.5,0.1
PW,ocean,1856,0,0
PW,ocean,1857,-0.1,0.1
PW,ocean,1858,-0.6,0.1
PW,ocean,1859,0.1,0.1
PW,ocean,1860,-0.1,0.1
PW,ocean,1861,-0.7,0.1
PW,ocean,1862,-0.7,0.1
PW,ocean,1863,-0.1,0.1
PW,ocean,1864,-0.1,0.1
PW,ocean,1865,0,0.1
PW,ocean,1866,0,0.1
PW,ocean,1867,-0.2,0.1
PW,ocean,1868,-0.2,0.2
PW,ocean,1869,0.3,0.1
PW,ocean,1870,0.2,0.1
PW,ocean,1871,-0.1,0.1
PW,ocean,1872,0.1,0.1
PW,ocean,1873,0.2,0
PW,ocean,1874,0,0.1
PW,ocean,1875,-0.2,0.1
PW,ocean,1876,0,0
PW,ocean,1877,0,0.1
PW,ocean,1878,0.4,0.1
PW,ocean,1879,0.1,0.1
PW,ocean,1880,-0.2,0.1
PW,ocean,1881,-0.1,0.1
PW,ocean,1882,0,0.1
PW,ocean,1883,-0.6,0.1
PW,ocean,1884,-0.9,0.1
PW,ocean,1885,-0.5,0.1
PW,ocean,1886,-0.1,0.1
PW,ocean,1887,0.1,0.1
PW,ocean,1888,-0.1,0.1
PW,ocean,1889,0.3,0.1
PW,ocean,1890,0.2,0.1
PW,ocean,1891,0.2,0.1
PW,ocean,1892,0.1,0.1
PW,ocean,1893,-0.1,0.1
PW,ocean,1894,-0.2,0.1
PW,ocean,1895,-0.1,0.1
PW,ocean,1896,-0.3,0.1
PW,ocean,1897,0.3,0.1
PW,ocean,1898,-0.1,0.1
PW,ocean,1899,-0.4,0.1
PW,ocean,1900,0,0.1
PW,ocean,1901,-0.4,0.1
PW,ocean,1902,-0.6,0.1
PW,ocean,1903,-0.5,0.1
PW,ocean,1904,-0.7,0.1
PW,ocean,1905,-0.8,0.1
PW,ocean,1906,-0.5,0.1
PW,ocean,1907,-0.5,0.1
PW,ocean,1908,-0.3,0.1
PW,ocean,1909,-0.4,0.1
PW,ocean,1910,-0.3,0
PW,ocean,1911,-0.7,0.1
PW,ocean,1912,-0.8,0
PW,ocean,1913,-0.8,0.1
PW,ocean,1914,-0.6,0.1
PW,ocean,1915,-0.3,0.1
PW,ocean,1916,-0.3,0.1
PW,ocean,1917,-0.3,0.1
PW,ocean,1918,-1,0.1
PW,ocean,1919,-0.8,0.1
PW,ocean,1920,-0.7,0.1
PW,ocean,1921,-0.1,0
PW,ocean,1922,-0.2,0.1
PW,ocean,1923,-0.5,0.1
PW,ocean,1924,-0.4,0.1
PW,ocean,1925,-0.3,0
PW,ocean,1926,-0.5,0.1
PW,ocean,1927,-0.2,0.1
PW,ocean,1928,-0.4,0.1
PW,ocean,1929,-0.6,0.1
PW,ocean,1930,-0.6,0.1
PW,ocean,1931,-0.3,0
PW,ocean,1932,-0.5,0.1
PW,ocean,1933,-0.4,0
PW,ocean,1934,-0.4,0.1
PW,ocean,1935,-0.6,0
PW,ocean,1936,-0.5,0
PW,ocean,1937,-0.3,0
PW,ocean,1938,-0.3,0.1
PW,ocean,1939,-0.3,0
PW,ocean,1940,-0.5,0.1
PW,ocean,1941,-0.4,0.1
PW,ocean,1942,-0.2,0.1
PW,ocean,1943,0,0.1
PW,ocean,1944,0.1,0.1
PW,ocean,1945,0.3,0.1
PW,ocean,1946,0.1,0.2
PW,ocean,1947,-0.2,0.1
PW,ocean,1948,-0.4,0.1
PW,ocean,1949,-0.5,0.1
PW,ocean,1950,-0.2,0.1
PW,ocean,1951,-0.3,0.1
PW,ocean,1952,-0.4,0.1
PW,ocean,1953,-0.2,0.1
PW,ocean,1954,-0.1,0.1
PW,ocean,1955,-0.3,0.1
PW,ocean,1956,-0.3,0
PW,ocean,1957,-0.2,0
PW,ocean,1958,-0.5,0
PW,ocean,1959,-0.4,0
PW,ocean,1960,-0.1,0
PW,ocean,1961,-0.3,0.1
PW,ocean,1962,-0.3,0
PW,ocean,1963,-0.3,0
PW,ocean,1964,-0.1,0
PW,ocean,1965,-0.5,0.1
PW,ocean,1966,-0.4,0.1
PW,ocean,1967,-0.5,0.1
PW,ocean,1968,-0.3,0.1
PW,ocean,1969,-0.2,0.1
PW,ocean,1970,0,0.1
PW,ocean,1971,-0.2,0.1
PW,ocean,1972,-0.4,0.1
PW,ocean,1973,-0.1,0.1
PW,ocean,1974,-0.2,0.1
PW,ocean,1975,-0.2,0.1
PW,ocean,1976,-0.4,0.1
PW,ocean,1977,-0.3,0
PW,ocean,1978,-0.1,0.1
PW,ocean,1979,-0.2,0
PW,ocean,1980,-0.3,0
PW,ocean,1981,0.1,0.1
PW,ocean,1982,-0.2,0.1
PW,ocean,1983,-0.2,0.1
PW,ocean,1984,0,0
PW,ocean,1985,0,0.1
PW,ocean,1986,-0.1,0.1
PW,ocean,1987,-0.1,0.1
PW,ocean,1988,0.3,0.1
PW,ocean,1989,0.2,0.1
PW,ocean,1990,-0.2,0.1
PW,ocean,1991,-0.4,0
PW,ocean,1992,-0.3,0.1
PW,ocean,1993,-0.4,0.1
PW,ocean,1994,-0.1,0.1
PW,ocean,1995,0.2,0.1
PW,ocean,1996,0.3,0
PW,ocean,1997,0,0.1
PW,ocean,1998,0.4,0.1
PW,ocean,1999,0.3,0.1
PW,ocean,2000,0.3,0.1
PW,ocean,2001,0.3,0.1
PW,ocean,2002,0.1,0.1
PW,ocean,2003,0.1,0
PW,ocean,2004,0,0.1
PW,ocean,2005,0.2,0.1
PW,ocean,2006,0.1,0.1
PW,ocean,2007,0.2,0
PW,ocean,2008,0.2,0.1
PW,ocean,2009,0.3,0.1
PW,ocean,2010,0.6,0.1
PW,ocean,2011,0.4,0.1
PW,ocean,2012,0.4,0.1
PW,ocean,2013,0.6,0.1
PW,ocean,2014,0.5,0.1
PW,ocean,2015,0.2,0.1
PW,ocean,2016,0.6,0.1
PW,ocean,2017,0.7,0
PW,ocean,2018,0.5,0.1
PW,ocean,2019,0.3,0.1
PW,ocean,2020,0.7,0.1
PW,ocean,2021,0.8,0.1
PW,ocean,2022,0.8,0.1
PW,ocean,2023,0.7,0.1
PW,ocean,2024,0.8,0.1
PW,ocean,2025,0.9,0.1
SB,ocean,1850,0,0.1
SB,ocean,1851,0.1,0.1
SB,ocean,1852,0,0
SB,ocean,1853,-0.2,0.1
SB,ocean,1854,-0.4,0.1
SB,ocean,1855,-0.4,0.1
SB,ocean,1856,-0.6,0.1
SB,ocean,1857,0,0.1
SB,ocean,1858,-0.2,0.1
SB,ocean,1859,0,0.1
SB,ocean,1860,-0.4,0.1
SB,ocean,1861,-0.9,0.4
SB,ocean,1862,-0.3,0.1
SB,ocean,1863,-0.2,0
SB,ocean,1864,-0.1,0
SB,ocean,1865,-0.2,0
SB,ocean,1866,0,0
SB,ocean,1867,-0.1,0
SB,ocean,1868,-0.2,0
SB,ocean,1869,0.2,0.1
SB,ocean,1870,-0.1,0
SB,ocean,1871,-0.1,0
SB,ocean,1872,-0.1,0.1
SB,ocean,1873,-0.2,0.1
SB,ocean,1874,0,0.1
SB,ocean,1875,-0.2,0
SB,ocean,1876,-0.2,0
SB,ocean,1877,-0.4,0.1
SB,ocean,1878,-0.2,0.1
SB,ocean,1879,-0.2,0.1
SB,ocean,1880,-0.3,0
SB,ocean,1881,0.2,0.1
SB,ocean,1882,0.2,0.1
SB,ocean,1883,-0.3,0.1
SB,ocean,1884,-0.6,0.1
SB,ocean,1885,-0.9,0.1
SB,ocean,1886,-0.6,0.1
SB,ocean,1887,-0.1,0.1
SB,ocean,1888,-0.4,0.1
SB,ocean,1889,-0.3,0.1
SB,ocean,1890,-0.1,0.1
SB,ocean,1891,0,0.1
SB,ocean,1892,0,0.1
SB,ocean,1893,-0.1,0
SB,ocean,1894,-0.4,0.1
SB,ocean,1895,-0.3,0.1
SB,ocean,1896,-0.3,0
SB,ocean,1897,-0.1,0
SB,ocean,1898,-0.3,0.1
SB,ocean,1899,-0.2,0.1
SB,ocean,1900,-0.1,0.1
SB,ocean,1901,-0.3,0.1
SB,ocean,1902,-0.9,0.1
SB,ocean,1903,-0.8,0
SB,ocean,1904,-0.7,0.1
SB,ocean,1905,-0.8,0.1
SB,ocean,1906,-0.7,0.1
SB,ocean,1907,-0.3,0.1
SB,ocean,1908,-0.4,0.1
SB,ocean,1909,-0.5,0.1
SB,ocean,1910,-0.5,0.1
SB,ocean,1911,-0.7,0
SB,ocean,1912,-0.7,0.1
SB,ocean,1913,-0.7,0
SB,ocean,1914,-0.7,0.1
SB,ocean,1915,-0.5,0.1
SB,ocean,1916,-0.4,0.1
SB,ocean,1917,-0.9,0.1
SB,ocean,1918,-0.8,0.1
SB,ocean,1919,-1.3,0.2
SB,ocean,1920,-0.8,0.1
SB,ocean,1921,-0.2,0.1
SB,ocean,1922,-0.2,0.1
SB,ocean,1923,-0.4,0.1
SB,ocean,1924,-0.3,0.1
SB,ocean,1925,-0.5,0.1
SB,ocean,1926,-0.5,0.1
SB,ocean,1927,-0.5,0.1
SB,ocean,1928,-0.4,0.1
SB,ocean,1929,-0.4,0.1
SB,ocean,1930,-0.6,0.1
SB,ocean,1931,-0.4,0
SB,ocean,1932,-0.5,0
SB,ocean,1933,-0.4,0
SB,ocean,1934,-0.5,0.1
SB,ocean,1935,-0.4,0
SB,ocean,1936,-0.3,0.1
SB,ocean,1937,-0.4,0.1
SB,ocean,1938,-0.3,0.1
SB,ocean,1939,-0.5,0.1
SB,ocean,1940,-0.5,0.1
SB,ocean,1941,-0.5,0
SB,ocean,1942,-0.2,0.1
SB,ocean,1943,0.4,0.1
SB,ocean,1944,0.2,0
SB,ocean,1945,0.2,0
SB,ocean,1946,-0.2,0.1
SB,ocean,1947,-0.3,0.1
SB,ocean,1948,-0.4,0.1
SB,ocean,1949,-0.6,0.1
SB,ocean,1950,-0.3,0.1
SB,ocean,1951,-0.4,0.1
SB,ocean,1952,-0.4,0.1
SB,ocean,1953,-0.4,0
SB,ocean,1954,-0.4,0.1
SB,ocean,1955,-0.4,0
SB,ocean,1956,-0.1,0.1
SB,ocean,1957,-0.5,0.1
SB,ocean,1958,-0.4,0
SB,ocean,1959,-0.4,0.1
SB,ocean,1960,-0.3,0.1
SB,ocean,1961,-0.3,0
SB,ocean,1962,-0.1,0
SB,ocean,1963,-0.1,0.1
SB,ocean,1964,-0.3,0.1
SB,ocean,1965,-0.8,0.1
SB,ocean,1966,-0.5,0
SB,ocean,1967,-0.3,0.1
SB,ocean,1968,-0.2,0
SB,ocean,1969,0,0
SB,ocean,1970,0,0
SB,ocean,1971,-0.1,0
SB,ocean,1972,-0.4,0.1
SB,ocean,1973,0,0
SB,ocean,1974,0,0
SB,ocean,1975,-0.2,0.1
SB,ocean,1976,-0.3,0
SB,ocean,1977,-0.2,0.1
SB,ocean,1978,-0.1,0.1
SB,ocean,1979,-0.1,0
SB,ocean,1980,-0.1,0
SB,ocean,1981,0.1,0
SB,ocean,1982,-0.2,0.1
SB,ocean,1983,-0.3,0
SB,ocean,1984,0,0
SB,ocean,1985,0,0
SB,ocean,1986,-0.1,0.1
SB,ocean,1987,-0.3,0.1
SB,ocean,1988,0.2,0
SB,ocean,1989,0.2,0.1
SB,ocean,1990,0.2,0
SB,ocean,1991,0.1,0.1
SB,ocean,1992,-0.3,0
SB,ocean,1993,-0.5,0
SB,ocean,1994,-0.1,0.1
SB,ocean,1995,0.3,0
SB,ocean,1996,0.3,0.1
SB,ocean,1997,-0.1,0.1
SB,ocean,1998,0.2,0
SB,ocean,1999,0.2,0
SB,ocean,2000,0.3,0.1
SB,ocean,2001,0.4,0
SB,ocean,2002,0.3,0.1
SB,ocean,2003,0.5,0
SB,ocean,2004,0.3,0.1
SB,ocean,2005,0.5,0
SB,ocean,2006,0.3,0.1
SB,ocean,2007,0.6,0
SB,ocean,2008,0.3,0.1
SB,ocean,2009,0.4,0.1
SB,ocean,2010,0.4,0.1
SB,ocean,2011,0.4,0
SB,ocean,2012,0.3,0.1
SB,ocean,2013,0.4,0
SB,ocean,2014,0.5,0
SB,ocean,2015,0.1,0.1
SB,ocean,2016,0.7,0
SB,ocean,2017,0.7,0
SB,ocean,2018,0.6,0
SB,ocean,2019,0.5,0
SB,ocean,2020,0.8,0.1
SB,ocean,2021,0.6,0
SB,ocean,2022,0.7,0
SB,ocean,2023,0.6,0.1
SB,ocean,2024,0.9,0
SB,ocean,2025,0.9,0
TK,ocean,1850,-0.1,0.1
TK,ocean,1851,-0.3,0.1
TK,ocean,1852,-0.1,0.1
TK,ocean,1853,0,0.1
TK,ocean,1854,0,0
TK,ocean,1855,-0.1,0.1
TK,ocean,1856,-0.3,0.1
TK,ocean,1857,-0.7,0.1
TK,ocean,1858,-0.2,0.1
TK,ocean,1859,0.1,0
TK,ocean,1860,-0.4,0.1
TK,ocean,1861,-0.6,0.1
TK,ocean,1862,-0.6,0
TK,ocean,1863,-0.5,0
TK,ocean,1864,-0.3,0
TK,ocean,1865,-0.4,0
TK,ocean,1866,-0.4,0
TK,ocean,1867,-0.4,0
TK,ocean,1868,-0.4,0
TK,ocean,1869,-0.3,0.1
TK,ocean,1870,-0.7,0.1
TK,ocean,1871,-0.3,0
TK,ocean,1872,-0.3,0.1
TK,ocean,1873,-0.6,0.1
TK,ocean,1874,-0.4,0.1
TK,ocean,1875,-0.4,0.1
TK,ocean,1876,-0.3,0
TK,ocean,1877,0.2,0.1
TK,ocean,1878,0,0.1
TK,ocean,1879,-0.6,0.1
TK,ocean,1880,-0.4,0.1
TK,ocean,1881,0.1,0.1
TK,ocean,1882,0,0.1
TK,ocean,1883,-0.3,0
TK,ocean,1884,-0.3,0
TK,ocean,1885,-0.3,0.1
TK,ocean,1886,-0.6,0.1
TK,ocean,1887,-0.8,0.2
TK,ocean,1888,0.1,0.1
TK,ocean,1889,0,0.1
TK,ocean,1890,-0.9,0.1
TK,ocean,1891,-0.4,0.1
TK,ocean,1892,-0.4,0.1
TK,ocean,1893,-0.8,0
TK,ocean,1894,-0.5,0
TK,ocean,1895,-0.3,0.1
TK,ocean,1896,-0.1,0.1
TK,ocean,1897,0,0.1
TK,ocean,1898,-0.5,0.1
TK,ocean,1899,-0.3,0.1
TK,ocean,1900,0.4,0.1
TK,ocean,1901,0.1,0.1
TK,ocean,1902,0,0.1
TK,ocean,1903,-0.1,0.2
TK,ocean,1904,-0.8,0.2
TK,ocean,1905,0,0
TK,ocean,1906,-0.3,0
TK,ocean,1907,-0.4,0.1
TK,ocean,1908,-0.6,0.1
TK,ocean,1909,-1,0
TK,ocean,1910,-1.1,0.1
TK,ocean,1911,-0.7,0.1
TK,ocean,1912,-0.2,0.1
TK,ocean,1913,-0.5,0.1
TK,ocean,1914,-0.2,0.1
TK,ocean,1915,-0.1,0.1
TK,ocean,1916,-0.9,0.2
TK,ocean,1917,-1.6,0.1
TK,ocean,1918,-0.5,0.1
TK,ocean,1919,-0.6,0.1
TK,ocean,1920,-0.3,0.1
TK,ocean,1921,-0.7,0.1
TK,ocean,1922,-0.4,0.1
TK,ocean,1923,-0.4,0.1
TK,ocean,1924,-0.4,0.1
TK,ocean,1925,-0.4,0.1
TK,ocean,1926,0,0.1
TK,ocean,1927,-0.5,0.1
TK,ocean,1928,-0.3,0
TK,ocean,1929,-0.3,0
TK,ocean,1930,-0.1,0.1
TK,ocean,1931,-0.1,0
TK,ocean,1932,-0.3,0.1
TK,ocean,1933,-0.7,0.1
TK,ocean,1934,-0.6,0.1
TK,ocean,1935,-0.5,0
TK,ocean,1936,-0.4,0
TK,ocean,1937,-0.4,0
TK,ocean,1938,-0.8,0.1
TK,ocean,1939,-0.7,0.1
TK,ocean,1940,0.2,0.1
TK,ocean,1941,0.5,0
TK,ocean,1942,0,0.1
TK,ocean,1943,-0.4,0.1
TK,ocean,1944,0,0.1
TK,ocean,1945,-0.1,0
TK,ocean,1946,0,0.1
TK,ocean,1947,0,0.1
TK,ocean,1948,-0.3,0.1
TK,ocean,1949,-0.3,0.1
TK,ocean,1950,-0.8,0
TK,ocean,1951,-0.2,0.1
TK,ocean,1952,0,0
TK,ocean,1953,0.1,0
TK,ocean,1954,-0.3,0.1
TK,ocean,1955,-0.8,0.1
TK,ocean,1956,-0.8,0
TK,ocean,1957,-0.1,0.1
TK,ocean,1958,0.3,0.1
TK,ocean,1959,0.1,0
TK,ocean,1960,-0.2,0
TK,ocean,1961,-0.2,0
TK,ocean,1962,-0.3,0
TK,ocean,1963,-0.1,0.1
TK,ocean,1964,-0.4,0.1
TK,ocean,1965,-0.1,0.1
TK,ocean,1966,0.2,0
TK,ocean,1967,-0.3,0
TK,ocean,1968,-0.1,0.1
TK,ocean,1969,0.4,0.1
TK,ocean,1970,-0.1,0.1
TK,ocean,1971,-0.7,0
TK,ocean,1972,0,0.1
TK,ocean,1973,-0.1,0.1
TK,ocean,1974,-0.7,0.1
TK,ocean,1975,-0.7,0.1
TK,ocean,1976,-0.5,0.1
TK,ocean,1977,0.2,0
TK,ocean,1978,0,0
TK,ocean,1979,0,0
TK,ocean,1980,0.2,0
TK,ocean,1981,-0.2,0
TK,ocean,1982,0.1,0.1
TK,ocean,1983,-0.1,0
TK,ocean,1984,-0.2,0
TK,ocean,1985,-0.3,0
TK,ocean,1986,0.1,0.1
TK,ocean,1987,0.4,0
TK,ocean,1988,0,0.1
TK,ocean,1989,-0.4,0.1
TK,ocean,1990,0.2,0
TK,ocean,1991,0.5,0
TK,ocean,1992,0.4,0
TK,ocean,1993,0.3,0
TK,ocean,1994,0.5,0
TK,ocean,1995,0.4,0.1
TK,ocean,1996,0,0
TK,ocean,1997,0.2,0
TK,ocean,1998,-0.1,0.1
TK,ocean,1999,-0.4,0
TK,ocean,2000,-0.3,0
TK,ocean,2001,0.1,0.1
TK,ocean,2002,0.5,0
TK,ocean,2003,0.6,0.1
TK,ocean,2004,0.5,0.1
TK,ocean,2005,0.4,0
TK,ocean,2006,0.4,0.1
TK,ocean,2007,0.3,0.1
TK,ocean,2008,-0.3,0.1
TK,ocean,2009,0.5,0.1
TK,ocean,2010,0.2,0.2
TK,ocean,2011,-0.4,0.1
TK,ocean,2012,0.2,0.1
TK,ocean,2013,0.3,0
TK,ocean,2014,0.5,0
TK,ocean,2015,0.8,0
TK,ocean,2016,0.7,0.1
TK,ocean,2017,0.5,0
TK,ocean,2018,0.5,0.1
TK,ocean,2019,0.8,0
TK,ocean,2020,0.5,0.1
TK,ocean,2021,0,0
TK,ocean,2022,-0.2,0
TK,ocean,2023,0.6,0.1
TK,ocean,2024,0.8,0.1
TK,ocean,2025,0.4,0
TO,ocean,1850,-0.2,0.1
TO,ocean,1851,-0.3,0
TO,ocean,1852,-0.1,0
TO,ocean,1853,0.3,0.1
TO,ocean,1854,0,0.1
TO,ocean,1855,-0.3,0.1
TO,ocean,1856,-0.3,0.1
TO,ocean,1857,0,0.1
TO,ocean,1858,-0.2,0
TO,ocean,1859,0.2,0.1
TO,ocean,1860,0.1,0
TO,ocean,1861,0.1,0.1
TO,ocean,1862,0,0
TO,ocean,1863,0.1,0
TO,ocean,1864,0.1,0
TO,ocean,1865,0.1,0
TO,ocean,1866,0,0
TO,ocean,1867,0.2,0.1
TO,ocean,1868,0.1,0.1
TO,ocean,1869,0.1,0.2
TO,ocean,1870,0.2,0.1
TO,ocean,1871,0.4,0.1
TO,ocean,1872,0.3,0.1
TO,ocean,1873,0.1,0.1
TO,ocean,1874,0.2,0.2
TO,ocean,1875,0.2,0.1
TO,ocean,1876,0.2,0
TO,ocean,1877,-0.3,0.1
TO,ocean,1878,-0.1,0.1
TO,ocean,1879,0.4,0.1
TO,ocean,1880,0.2,0.1
TO,ocean,1881,-0.1,0.1
TO,ocean,1882,0.1,0.1
TO,ocean,1883,-0.5,0.1
TO,ocean,1884,-0.8,0.2
TO,ocean,1885,-1,0.1
TO,ocean,1886,-0.6,0.1
TO,ocean,1887,-0.4,0.1
TO,ocean,1888,-0.7,0.1
TO,ocean,1889,-0.2,0.1
TO,ocean,1890,-0.2,0.1
TO,ocean,1891,-0.4,0.1
TO,ocean,1892,-0.3,0.1
TO,ocean,1893,0,0.1
TO,ocean,1894,-0.3,0.1
TO,ocean,1895,-0.2,0.1
TO,ocean,1896,-0.5,0.1
TO,ocean,1897,-0.5,0.1
TO,ocean,1898,0,0.1
TO,ocean,1899,-0.2,0.1
TO,ocean,1900,-0.7,0.2
TO,ocean,1901,-0.1,0.1
TO,ocean,1902,-0.9,0.1
TO,ocean,1903,-0.7,0.1
TO,ocean,1904,-0.6,0.1
TO,ocean,1905,-1.1,0.1
TO,ocean,1906,-0.3,0.1
TO,ocean,1907,-0.7,0.1
TO,ocean,1908,-0.6,0.1
TO,ocean,1909,-0.6,0.1
TO,ocean,1910,-0.3,0.1
TO,ocean,1911,-0.5,0.1
TO,ocean,1912,-0.6,0.1
TO,ocean,1913,-0.7,0.1
TO,ocean,1914,-0.6,0.1
TO,ocean,1915,-0.2,0.1
TO,ocean,1916,0.2,0.1
TO,ocean,1917,0,0.1
TO,ocean,1918,-0.4,0
TO,ocean,1919,-0.9,0.1
TO,ocean,1920,-0.5,0.1
TO,ocean,1921,-0.6,0.1
TO,ocean,1922,-0.2,0
TO,ocean,1923,-0.5,0.1
TO,ocean,1924,-0.1,0.1
TO,ocean,1925,-0.4,0.1
TO,ocean,1926,-0.6,0.1
TO,ocean,1927,-0.2,0.1
TO,ocean,1928,-0.5,0.1
TO,ocean,1929,-0.4,0
TO,ocean,1930,-0.8,0.1
TO,ocean,1931,-0.7,0.1
TO,ocean,1932,-0.4,0
TO,ocean,1933,-0.4,0.1
TO,ocean,1934,-0.6,0.1
TO,ocean,1935,-0.3,0.1
TO,ocean,1936,-0.3,0.1
TO,ocean,1937,-0.3,0.1
TO,ocean,1938,-0.2,0.1
TO,ocean,1939,-0.5,0.1
TO,ocean,1940,-0.6,0.1
TO,ocean,1941,-0.4,0.1
TO,ocean,1942,-0.1,0.1
TO,ocean,1943,0.3,0.1
TO,ocean,1944,0.2,0.1
TO,ocean,1945,0,0.1
TO,ocean,1946,-0.1,0.1
TO,ocean,1947,0,0.1
TO,ocean,1948,-0.2,0.1
TO,ocean,1949,-0.1,0.1
TO,ocean,1950,0.1,0.1
TO,ocean,1951,-0.1,0.1
TO,ocean,1952,0.2,0.1
TO,ocean,1953,0,0.1
TO,ocean,1954,-0.1,0.1
TO,ocean,1955,0,0.1
TO,ocean,1956,0.1,0.1
TO,ocean,1957,-0.2,0.1
TO,ocean,1958,-0.3,0.1
TO,ocean,1959,-0.2,0.1
TO,ocean,1960,-0.1,0.1
TO,ocean,1961,0.1,0.1
TO,ocean,1962,-0.1,0.1
TO,ocean,1963,-0.2,0.1
TO,ocean,1964,0,0.1
TO,ocean,1965,-0.5,0
TO,ocean,1966,-0.3,0.1
TO,ocean,1967,-0.2,0.1
TO,ocean,1968,0.1,0.1
TO,ocean,1969,-0.2,0.1
TO,ocean,1970,0.1,0.1
TO,ocean,1971,0.2,0.1
TO,ocean,1972,-0.1,0.1
TO,ocean,1973,0.4,0.1
TO,ocean,1974,0.4,0.1
TO,ocean,1975,0.3,0.1
TO,ocean,1976,0,0.1
TO,ocean,1977,-0.4,0.1
TO,ocean,1978,-0.3,0.1
TO,ocean,1979,-0.2,0.1
TO,ocean,1980,0,0.1
TO,ocean,1981,-0.1,0
TO,ocean,1982,-0.2,0.1
TO,ocean,1983,-0.3,0.1
TO,ocean,1984,0.1,0.1
TO,ocean,1985,-0.1,0.1
TO,ocean,1986,-0.4,0.1
TO,ocean,1987,-0.5,0.1
TO,ocean,1988,0.4,0.1
TO,ocean,1989,0.1,0.1
TO,ocean,1990,0,0.1
TO,ocean,1991,-0.1,0.1
TO,ocean,1992,0,0.1
TO,ocean,1993,-0.3,0.1
TO,ocean,1994,-0.3,0.1
TO,ocean,1995,0.2,0.1
TO,ocean,1996,0.3,0.1
TO,ocean,1997,-0.2,0.2
TO,ocean,1998,0,0.2
TO,ocean,1999,0.4,0
TO,ocean,2000,0.5,0.1
TO,ocean,2001,0.2,0.1
TO,ocean,2002,0.3,0.1
TO,ocean,2003,0.3,0.1
TO,ocean,2004,0.4,0.1
TO,ocean,2005,0.4,0.1
TO,ocean,2006,0.3,0.1
TO,ocean,2007,0.4,0.1
TO,ocean,2008,0.6,0.1
TO,ocean,2009,0.3,0.1
TO,ocean,2010,0.6,0.1
TO,ocean,2011,0.8,0.1
TO,ocean,2012,0.4,0.1
TO,ocean,2013,0.6,0.1
TO,ocean,2014,0.4,0.1
TO,ocean,2015,-0.1,0.1
TO,ocean,2016,0.4,0.1
TO,ocean,2017,0.6,0.1
TO,ocean,2018,0.5,0.1
TO,ocean,2019,0.5,0.1
TO,ocean,2020,0.7,0.1
TO,ocean,2021,0.8,0
TO,ocean,2022,1.1,0.1
TO,ocean,2023,0.5,0.1
TO,ocean,2024,0.6,0.1
TO,ocean,2025,0.6,0.1
TV,ocean,1850,0,0
TV,ocean,1851,-0.4,0.1
TV,ocean,1852,-0.1,0
TV,ocean,1853,0,0.1
TV,ocean,1854,0,0
TV,ocean,1855,-0.1,0.1
TV,ocean,1856,-0.3,0.1
TV,ocean,1857,-0.5,0
TV,ocean,1858,-0.2,0.1
TV,ocean,1859,0.2,0
TV,ocean,1860,-0.2,0
TV,ocean,1861,-0.3,0.1
TV,ocean,1862,-0.1,0
TV,ocean,1863,-0.1,0
TV,ocean,1864,-0.1,0
TV,ocean,1865,-0.1,0
TV,ocean,1866,-0.1,0
TV,ocean,1867,-0.1,0
TV,ocean,1868,0,0
TV,ocean,1869,0.1,0.1
TV,ocean,1870,-0.3,0.1
TV,ocean,1871,0,0
TV,ocean,1872,0,0.1
TV,ocean,1873,-0.4,0.1
TV,ocean,1874,-0.1,0.1
TV,ocean,1875,-0.2,0.1
TV,ocean,1876,-0.2,0
TV,ocean,1877,-0.1,0
TV,ocean,1878,-0.1,0
TV,ocean,1879,-0.4,0
TV,ocean,1880,-0.4,0
TV,ocean,1881,0.2,0.1
TV,ocean,1882,0.3,0.1
TV,ocean,1883,-0.2,0
TV,ocean,1884,-0.2,0
TV,ocean,1885,-0.3,0.1
TV,ocean,1886,-0.5,0.1
TV,ocean,1887,-0.5,0.2
TV,ocean,1888,-0.1,0.1
TV,ocean,1889,-0.3,0.1
TV,ocean,1890,-0.6,0.1
TV,ocean,1891,-0.3,0.1
TV,ocean,1892,-0.2,0.1
TV,ocean,1893,-0.5,0
TV,ocean,1894,-0.3,0
TV,ocean,1895,-0.2,0
TV,ocean,1896,-0.3,0
TV,ocean,1897,-0.1,0.1
TV,ocean,1898,-0.4,0
TV,ocean,1899,-0.2,0.1
TV,ocean,1900,0.1,0.1
TV,ocean,1901,0,0.1
TV,ocean,1902,-0.3,0.1
TV,ocean,1903,-0.3,0.1
TV,ocean,1904,-0.6,0.1
TV,ocean,1905,-0.3,0
TV,ocean,1906,-0.4,0.1
TV,ocean,1907,-0.4,0.1
TV,ocean,1908,-0.7,0.1
TV,ocean,1909,-0.9,0.1
TV,ocean,1910,-1.1,0.1
TV,ocean,1911,-0.7,0.1
TV,ocean,1912,-0.4,0.1
TV,ocean,1913,-0.6,0.1
TV,ocean,1914,-0.3,0.1
TV,ocean,1915,-0.3,0.1
TV,ocean,1916,-1,0.1
TV,ocean,1917,-1.6,0.2
TV,ocean,1918,-0.6,0.1
TV,ocean,1919,-0.9,0.1
TV,ocean,1920,-0.5,0.1
TV,ocean,1921,-0.5,0.1
TV,ocean,1922,-0.4,0.1
TV,ocean,1923,-0.3,0
TV,ocean,1924,-0.4,0.1
TV,ocean,1925,-0.5,0.1
TV,ocean,1926,-0.3,0.1
TV,ocean,1927,-0.6,0.1
TV,ocean,1928,-0.3,0.1
TV,ocean,1929,-0.3,0
TV,ocean,1930,-0.2,0.1
TV,ocean,1931,-0.2,0
TV,ocean,1932,-0.3,0.1
TV,ocean,1933,-0.7,0.1
TV,ocean,1934,-0.7,0.1
TV,ocean,1935,-0.4,0
TV,ocean,1936,-0.4,0
TV,ocean,1937,-0.4,0
TV,ocean,1938,-0.6,0.1
TV,ocean,1939,-0.5,0.1
TV,ocean,1940,0.1,0.1
TV,ocean,1941,0.3,0
TV,ocean,1942,0,0.1
TV,ocean,1943,-0.2,0.1
TV,ocean,1944,0.1,0
TV,ocean,1945,0,0
TV,ocean,1946,0.1,0.1
TV,ocean,1947,0,0.1
TV,ocean,1948,-0.4,0.2
TV,ocean,1949,-0.5,0.1
TV,ocean,1950,-0.7,0.1
TV,ocean,1951,-0.2,0.1
TV,ocean,1952,-0.2,0
TV,ocean,1953,-0.1,0
TV,ocean,1954,-0.4,0.1
TV,ocean,1955,-0.7,0.1
TV,ocean,1956,-0.6,0.1
TV,ocean,1957,-0.4,0
TV,ocean,1958,0,0
TV,ocean,1959,-0.2,0.1
TV,ocean,1960,-0.3,0.1
TV,ocean,1961,-0.4,0
TV,ocean,1962,-0.4,0
TV,ocean,1963,-0.3,0
TV,ocean,1964,-0.6,0.1
TV,ocean,1965,-0.4,0.1
TV,ocean,1966,0,0
TV,ocean,1967,-0.4,0
TV,ocean,1968,-0.3,0.1
TV,ocean,1969,0.3,0
TV,ocean,1970,-0.2,0.1
TV,ocean,1971,-0.6,0.1
TV,ocean,1972,-0.1,0
TV,ocean,1973,-0.2,0.1
TV,ocean,1974,-0.6,0.1
TV,ocean,1975,-0.7,0.1
TV,ocean,1976,-0.4,0.1
TV,ocean,1977,0.1,0
TV,ocean,1978,0,0
TV,ocean,1979,0.1,0
TV,ocean,1980,0.2,0
TV,ocean,1981,-0.1,0.1
TV,ocean,1982,0.1,0
TV,ocean,1983,-0.2,0
TV,ocean,1984,-0.2,0
TV,ocean,1985,-0.2,0
TV,ocean,1986,0,0
TV,ocean,1987,0.1,0.1
TV,ocean,1988,0,0.1
TV,ocean,1989,-0.3,0.1
TV,ocean,1990,0.3,0
TV,ocean,1991,0.4,0
TV,ocean,1992,0.2,0.1
TV,ocean,1993,0.1,0
TV,ocean,1994,0.3,0
TV,ocean,1995,0.4,0
TV,ocean,1996,0.1,0
TV,ocean,1997,0.2,0
TV,ocean,1998,-0.2,0.1
TV,ocean,1999,-0.3,0
TV,ocean,2000,-0.1,0.1
TV,ocean,2001,0.2,0
TV,ocean,2002,0.5,0
TV,ocean,2003,0.6,0
TV,ocean,2004,0.6,0
TV,ocean,2005,0.5,0
TV,ocean,2006,0.4,0.1
TV,ocean,2007,0.4,0.1
TV,ocean,2008,-0.2,0.1
TV,ocean,2009,0.4,0.1
TV,ocean,2010,0.2,0.1
TV,ocean,2011,-0.2,0.1
TV,ocean,2012,0.3,0.1
TV,ocean,2013,0.4,0
TV,ocean,2014,0.6,0
TV,ocean,2015,0.6,0.1
TV,ocean,2016,0.7,0
TV,ocean,2017,0.5,0
TV,ocean,2018,0.6,0.1
TV,ocean,2019,0.8,0
TV,ocean,2020,0.6,0.1
TV,ocean,2021,0.2,0
TV,ocean,2022,-0.1,0.1
TV,ocean,2023,0.6,0.1
TV,ocean,2024,0.9,0.1
TV,ocean,2025,0.4,0
VU,ocean,1850,-0.3,0
VU,ocean,1851,0.1,0.1
VU,ocean,1852,-0.2,0
VU,ocean,1853,-0.4,0.2
VU,ocean,1854,-0.8,0.1
VU,ocean,1855,-0.6,0.1
VU,ocean,1856,-0.8,0.1
VU,ocean,1857,0,0.1
VU,ocean,1858,-0.4,0.1
VU,ocean,1859,-0.2,0
VU,ocean,1860,-0.4,0.1
VU,ocean,1861,-0.5,0.2
VU,ocean,1862,-0.2,0.1
VU,ocean,1863,0,0.1
VU,ocean,1864,0.1,0.1
VU,ocean,1865,-0.1,0.1
VU,ocean,1866,0,0.1
VU,ocean,1867,0,0.1
VU,ocean,1868,-0.2,0.1
VU,ocean,1869,0,0.1
VU,ocean,1870,0.1,0.1
VU,ocean,1871,-0.2,0.1
VU,ocean,1872,0,0.1
VU,ocean,1873,0,0.1
VU,ocean,1874,0,0.1
VU,ocean,1875,-0.1,0.1
VU,ocean,1876,-0.2,0.1
VU,ocean,1877,-0.5,0.1
VU,ocean,1878,-0.2,0.1
VU,ocean,1879,0.1,0.1
VU,ocean,1880,-0.1,0.1
VU,ocean,1881,-0.1,0.1
VU,ocean,1882,0,0.1
VU,ocean,1883,-0.4,0.1
VU,ocean,1884,-0.8,0
VU,ocean,1885,-1,0.1
VU,ocean,1886,-0.7,0.1
VU,ocean,1887,-0.4,0.1
VU,ocean,1888,-0.8,0.1
VU,ocean,1889,-0.3,0.1
VU,ocean,1890,-0.1,0.1
VU,ocean,1891,-0.1,0.1
VU,ocean,1892,-0.3,0.1
VU,ocean,1893,0.3,0.1
VU,ocean,1894,-0.4,0.1
VU,ocean,1895,-0.4,0.1
VU,ocean,1896,-0.3,0.1
VU,ocean,1897,-0.2,0.1
VU,ocean,1898,-0.2,0
VU,ocean,1899,-0.3,0.1
VU,ocean,1900,-0.4,0.1
VU,ocean,1901,-0.6,0.1
VU,ocean,1902,-1,0.1
VU,ocean,1903,-0.9,0.1
VU,ocean,1904,-0.7,0.1
VU,ocean,1905,-1,0.1
VU,ocean,1906,-0.7,0.1
VU,ocean,1907,-0.4,0.1
VU,ocean,1908,-0.5,0.1
VU,ocean,1909,-0.4,0.1
VU,ocean,1910,-0.2,0
VU,ocean,1911,-0.6,0
VU,ocean,1912,-0.7,0
VU,ocean,1913,-0.9,0.1
VU,ocean,1914,-0.9,0.1
VU,ocean,1915,-0.5,0.1
VU,ocean,1916,-0.1,0.1
VU,ocean,1917,-0.2,0.1
VU,ocean,1918,-0.6,0
VU,ocean,1919,-0.9,0.1
VU,ocean,1920,-0.6,0.1
VU,ocean,1921,-0.5,0.1
VU,ocean,1922,-0.3,0
VU,ocean,1923,-0.5,0
VU,ocean,1924,-0.2,0.1
VU,ocean,1925,-0.5,0.1
VU,ocean,1926,-0.6,0.1
VU,ocean,1927,-0.4,0
VU,ocean,1928,-0.5,0
VU,ocean,1929,-0.6,0
VU,ocean,1930,-0.9,0.1
VU,ocean,1931,-0.7,0.1
VU,ocean,1932,-0.7,0
VU,ocean,1933,-0.4,0.1
VU,ocean,1934,-0.7,0.1
VU,ocean,1935,-0.3,0
VU,ocean,1936,-0.4,0.1
VU,ocean,1937,-0.4,0.1
VU,ocean,1938,-0.1,0.1
VU,ocean,1939,-0.5,0.1
VU,ocean,1940,-0.8,0
VU,ocean,1941,-0.6,0
VU,ocean,1942,-0.4,0.1
VU,ocean,1943,0.3,0.1
VU,ocean,1944,0.1,0.1
VU,ocean,1945,0,0
VU,ocean,1946,-0.4,0.1
VU,ocean,1947,-0.4,0.1
VU,ocean,1948,-0.3,0
VU,ocean,1949,-0.4,0
VU,ocean,1950,-0.1,0.1
VU,ocean,1951,-0.3,0.1
VU,ocean,1952,-0.2,0
VU,ocean,1953,-0.3,0.1
VU,ocean,1954,-0.4,0
VU,ocean,1955,-0.2,0.1
VU,ocean,1956,0.1,0.1
VU,ocean,1957,-0.4,0.1
VU,ocean,1958,-0.4,0.1
VU,ocean,1959,-0.4,0.1
VU,ocean,1960,-0.2,0.1
VU,ocean,1961,-0.2,0
VU,ocean,1962,0,0
VU,ocean,1963,-0.3,0.1
VU,ocean,1964,-0.2,0.1
VU,ocean,1965,-0.8,0.1
VU,ocean,1966,-0.6,0.1
VU,ocean,1967,-0.3,0.1
VU,ocean,1968,-0.2,0.1
VU,ocean,1969,-0.3,0
VU,ocean,1970,0,0
VU,ocean,1971,0.1,0.1
VU,ocean,1972,-0.3,0.1
VU,ocean,1973,0.1,0.1
VU,ocean,1974,0.3,0.1
VU,ocean,1975,0.2,0.1
VU,ocean,1976,-0.1,0
VU,ocean,1977,-0.4,0.1
VU,ocean,1978,-0.3,0.1
VU,ocean,1979,-0.1,0.1
VU,ocean,1980,-0.2,0.1
VU,ocean,1981,0,0.1
VU,ocean,1982,-0.3,0.1
VU,ocean,1983,-0.3,0.1
VU,ocean,1984,0.1,0.1
VU,ocean,1985,0,0.1
VU,ocean,1986,-0.2,0.1
VU,ocean,1987,-0.4,0.1
VU,ocean,1988,0.3,0.1
VU,ocean,1989,0.2,0.1
VU,ocean,1990,0.2,0
VU,ocean,1991,-0.3,0.1
VU,ocean,1992,-0.4,0.1
VU,ocean,1993,-0.6,0.1
VU,ocean,1994,-0.5,0.1
VU,ocean,1995,0.1,0.1
VU,ocean,1996,0.2,0.1
VU,ocean,1997,-0.2,0.1
VU,ocean,1998,0.4,0.1
VU,ocean,1999,0.4,0
VU,ocean,2000,0.3,0
VU,ocean,2001,0.4,0
VU,ocean,2002,0.2,0.1
VU,ocean,2003,0.2,0.1
VU,ocean,2004,0.1,0.1
VU,ocean,2005,0.3,0
VU,ocean,2006,0.1,0.1
VU,ocean,2007,0.4,0.1
VU,ocean,2008,0.5,0.1
VU,ocean,2009,0.2,0.1
VU,ocean,2010,0.4,0.1
VU,ocean,2011,0.5,0.1
VU,ocean,2012,0.3,0
VU,ocean,2013,0.4,0.1
VU,ocean,2014,0.3,0
VU,ocean,2015,-0.1,0.1
VU,ocean,2016,0.6,0
VU,ocean,2017,0.5,0
VU,ocean,2018,0.4,0
VU,ocean,2019,0.3,0.1
VU,ocean,2020,0.5,0.1
VU,ocean,2021,0.6,0.1
VU,ocean,2022,1.1,0.1
VU,ocean,2023,0.5,0.1
VU,ocean,2024,0.7,0
VU,ocean,2025,0.8,0.1
WF,ocean,1850,0,0
WF,ocean,1851,-0.4,0
WF,ocean,1852,-0.1,0
WF,ocean,1853,0.1,0.1
WF,ocean,1854,0,0.1
WF,ocean,1855,-0.3,0
WF,ocean,1856,-0.3,0.1
WF,ocean,1857,-0.4,0
WF,ocean,1858,-0.2,0
WF,ocean,1859,0.1,0
WF,ocean,1860,-0.2,0
WF,ocean,1861,-0.4,0.2
WF,ocean,1862,-0.3,0
WF,ocean,1863,-0.3,0
WF,ocean,1864,-0.2,0
WF,ocean,1865,-0.2,0
WF,ocean,1866,-0.2,0
WF,ocean,1867,-0.1,0.1
WF,ocean,1868,-0.1,0.1
WF,ocean,1869,0,0.1
WF,ocean,1870,-0.2,0
WF,ocean,1871,0,0.1
WF,ocean,1872,0,0.1
WF,ocean,1873,-0.3,0
WF,ocean,1874,0,0.1
WF,ocean,1875,-0.1,0.1
WF,ocean,1876,-0.1,0
WF,ocean,1877,-0.2,0
WF,ocean,1878,-0.2,0.1
WF,ocean,1879,-0.2,0
WF,ocean,1880,-0.2,0
WF,ocean,1881,0.2,0
WF,ocean,1882,0.1,0
WF,ocean,1883,-0.3,0
WF,ocean,1884,-0.3,0.1
WF,ocean,1885,-0.5,0.1
WF,ocean,1886,-0.5,0.1
WF,ocean,1887,-0.3,0.1
WF,ocean,1888,-0.3,0.1
WF,ocean,1889,-0.3,0.1
WF,ocean,1890,-0.5,0.1
WF,ocean,1891,-0.4,0.1
WF,ocean,1892,-0.3,0.1
WF,ocean,1893,-0.6,0.1
WF,ocean,1894,-0.4,0
WF,ocean,1895,-0.2,0.1
WF,ocean,1896,-0.4,0
WF,ocean,1897,-0.3,0.1
WF,ocean,1898,-0.3,0
WF,ocean,1899,-0.2,0.1
WF,ocean,1900,-0.1,0.1
WF,ocean,1901,-0.1,0
WF,ocean,1902,-0.6,0.1
WF,ocean,1903,-0.4,0.1
WF,ocean,1904,-0.6,0.1
WF,ocean,1905,-0.5,0
WF,ocean,1906,-0.4,0.1
WF,ocean,1907,-0.5,0.1
WF,ocean,1908,-0.6,0
WF,ocean,1909,-0.7,0.1
WF,ocean,1910,-0.8,0
WF,ocean,1911,-0.6,0
WF,ocean,1912,-0.4,0
WF,ocean,1913,-0.6,0
WF,ocean,1914,-0.4,0.1
WF,ocean,1915,-0.3,0.1
WF,ocean,1916,-0.5,0.1
WF,ocean,1917,-0.9,0.1
WF,ocean,1918,-0.6,0.1
WF,ocean,1919,-1,0.1
WF,ocean,1920,-0.6,0.1
WF,ocean,1921,-0.5,0.1
WF,ocean,1922,-0.2,0
WF,ocean,1923,-0.4,0
WF,ocean,1924,-0.2,0.1
WF,ocean,1925,-0.3,0.1
WF,ocean,1926,-0.4,0
WF,ocean,1927,-0.4,0.1
WF,ocean,1928,-0.3,0.1
WF,ocean,1929,-0.3,0
WF,ocean,1930,-0.4,0.1
WF,ocean,1931,-0.4,0
WF,ocean,1932,-0.3,0
WF,ocean,1933,-0.6,0.1
WF,ocean,1934,-0.4,0.1
WF,ocean,1935,-0.4,0
WF,ocean,1936,-0.2,0
WF,ocean,1937,-0.3,0
WF,ocean,1938,-0.4,0
WF,ocean,1939,-0.5,0
WF,ocean,1940,-0.2,0.1
WF,ocean,1941,0,0
WF,ocean,1942,0,0
WF,ocean,1943,0,0.1
WF,ocean,1944,0.1,0.1
WF,ocean,1945,0,0
WF,ocean,1946,0.1,0.1
WF,ocean,1947,0.1,0.1
WF,ocean,1948,-0.2,0.1
WF,ocean,1949,-0.3,0
WF,ocean,1950,-0.3,0.1
WF,ocean,1951,-0.1,0
WF,ocean,1952,0,0
WF,ocean,1953,0,0.1
WF,ocean,1954,-0.2,0.1
WF,ocean,1955,-0.4,0
WF,ocean,1956,-0.3,0.1
WF,ocean,1957,-0.2,0.1
WF,ocean,1958,-0.1,0
WF,ocean,1959,-0.1,0.1
WF,ocean,1960,-0.1,0.1
WF,ocean,1961,-0.1,0.1
WF,ocean,1962,-0.1,0
WF,ocean,1963,-0.1,0
WF,ocean,1964,-0.2,0.1
WF,ocean,1965,-0.3,0
WF,ocean,1966,-0.1,0
WF,ocean,1967,-0.3,0
WF,ocean,1968,-0.1,0.1
WF,ocean,1969,0.2,0
WF,ocean,1970,0,0.1
WF,ocean,1971,-0.2,0.1
WF,ocean,1972,-0.1,0
WF,ocean,1973,0,0.1
WF,ocean,1974,-0.2,0.1
WF,ocean,1975,-0.3,0.1
WF,ocean,1976,-0.3,0.1
WF,ocean,1977,-0.1,0
WF,ocean,1978,0,0.1
WF,ocean,1979,0,0
WF,ocean,1980,0.1,0
WF,ocean,1981,-0.1,0
WF,ocean,1982,0,0.1
WF,ocean,1983,-0.3,0
WF,ocean,1984,0,0.1
WF,ocean,1985,-0.2,0
WF,ocean,1986,-0.1,0
WF,ocean,1987,-0.1,0.1
WF,ocean,1988,0,0.1
WF,ocean,1989,-0.1,0.1
WF,ocean,1990,0.1,0.1
WF,ocean,1991,0.3,0
WF,ocean,1992,0.1,0.1
WF,ocean,1993,0,0
WF,ocean,1994,0.2,0
WF,ocean,1995,0.3,0
WF,ocean,1996,0.1,0
WF,ocean,1997,-0.1,0.1
WF,ocean,1998,-0.2,0.1
WF,ocean,1999,0.1,0
WF,ocean,2000,0.3,0
WF,ocean,2001,0.3,0
WF,ocean,2002,0.4,0
WF,ocean,2003,0.5,0
WF,ocean,2004,0.5,0
WF,ocean,2005,0.5,0
WF,ocean,2006,0.4,0
WF,ocean,2007,0.5,0
WF,ocean,2008,0.2,0.1
WF,ocean,2009,0.4,0
WF,ocean,2010,0.4,0.1
WF,ocean,2011,0.2,0.1
WF,ocean,2012,0.4,0.1
WF,ocean,2013,0.5,0
WF,ocean,2014,0.6,0
WF,ocean,2015,0.4,0.1
WF,ocean,2016,0.6,0
WF,ocean,2017,0.6,0
WF,ocean,2018,0.5,0.1
WF,ocean,2019,0.7,0
WF,ocean,2020,0.6,0.1
WF,ocean,2021,0.4,0
WF,ocean,2022,0.4,0
WF,ocean,2023,0.6,0
WF,ocean,2024,0.7,0.1
WF,ocean,2025,0.5,0
WS,ocean,1850,0.1,0
WS,ocean,1851,-0.3,0
WS,ocean,1852,0,0
WS,ocean,1853,0.3,0.1
WS,ocean,1854,0.1,0.1
WS,ocean,1855,-0.2,0
WS,ocean,1856,-0.2,0.1
WS,ocean,1857,-0.5,0
WS,ocean,1858,-0.2,0.1
WS,ocean,1859,0.1,0
WS,ocean,1860,-0.3,0
WS,ocean,1861,-0.5,0.1
WS,ocean,1862,-0.4,0
WS,ocean,1863,-0.4,0
WS,ocean,1864,-0.3,0
WS,ocean,1865,-0.3,0
WS,ocean,1866,-0.3,0
WS,ocean,1867,-0.2,0
WS,ocean,1868,-0.2,0.1
WS,ocean,1869,-0.1,0.1
WS,ocean,1870,-0.4,0
WS,ocean,1871,-0.1,0
WS,ocean,1872,-0.1,0.1
WS,ocean,1873,-0.4,0
WS,ocean,1874,-0.1,0.1
WS,ocean,1875,-0.2,0.1
WS,ocean,1876,-0.2,0
WS,ocean,1877,-0.2,0
WS,ocean,1878,-0.2,0.1
WS,ocean,1879,-0.3,0.1
WS,ocean,1880,-0.3,0
WS,ocean,1881,0.1,0
WS,ocean,1882,0,0.1
WS,ocean,1883,-0.4,0.1
WS,ocean,1884,-0.4,0.1
WS,ocean,1885,-0.5,0.1
WS,ocean,1886,-0.4,0.1
WS,ocean,1887,-0.4,0.1
WS,ocean,1888,-0.2,0
WS,ocean,1889,-0.2,0
WS,ocean,1890,-0.5,0.1
WS,ocean,1891,-0.4,0.1
WS,ocean,1892,-0.3,0.1
WS,ocean,1893,-0.7,0.1
WS,ocean,1894,-0.3,0.1
WS,ocean,1895,-0.2,0.1
WS,ocean,1896,-0.3,0.1
WS,ocean,1897,-0.2,0.1
WS,ocean,1898,-0.3,0
WS,ocean,1899,-0.2,0.1
WS,ocean,1900,0.2,0.1
WS,ocean,1901,0.1,0.1
WS,ocean,1902,-0.4,0.1
WS,ocean,1903,-0.2,0.1
WS,ocean,1904,-0.6,0.1
WS,ocean,1905,-0.4,0
WS,ocean,1906,-0.3,0.1
WS,ocean,1907,-0.4,0.1
WS,ocean,1908,-0.5,0.1
WS,ocean,1909,-0.8,0.1
WS,ocean,1910,-0.9,0
WS,ocean,1911,-0.6,0.1
WS,ocean,1912,-0.3,0
WS,ocean,1913,-0.5,0
WS,ocean,1914,-0.3,0.1
WS,ocean,1915,-0.2,0.1
WS,ocean,1916,-0.5,0.1
WS,ocean,1917,-1,0.1
WS,ocean,1918,-0.6,0.1
WS,ocean,1919,-0.9,0.1
WS,ocean,1920,-0.5,0.1
WS,ocean,1921,-0.5,0.1
WS,ocean,1922,-0.2,0.1
WS,ocean,1923,-0.4,0
WS,ocean,1924,-0.2,0.1
WS,ocean,1925,-0.3,0.1
WS,ocean,1926,-0.2,0.1
WS,ocean,1927,-0.3,0.1
WS,ocean,1928,-0.3,0.1
WS,ocean,1929,-0.3,0
WS,ocean,1930,-0.3,0.1
WS,ocean,1931,-0.3,0
WS,ocean,1932,-0.2,0
WS,ocean,1933,-0.6,0.1
WS,ocean,1934,-0.4,0.1
WS,ocean,1935,-0.4,0.1
WS,ocean,1936,-0.3,0
WS,ocean,1937,-0.3,0
WS,ocean,1938,-0.4,0
WS,ocean,1939,-0.6,0
WS,ocean,1940,-0.1,0.1
WS,ocean,1941,0.1,0
WS,ocean,1942,0,0.1
WS,ocean,1943,0,0.1
WS,ocean,1944,0.1,0.1
WS,ocean,1945,0.1,0
WS,ocean,1946,0.2,0.1
WS,ocean,1947,0.1,0.1
WS,ocean,1948,-0.2,0.1
WS,ocean,1949,-0.2,0
WS,ocean,1950,-0.3,0
WS,ocean,1951,-0.1,0
WS,ocean,1952,0.1,0
WS,ocean,1953,0.1,0.1
WS,ocean,1954,-0.1,0.1
WS,ocean,1955,-0.4,0.1
WS,ocean,1956,-0.4,0.1
WS,ocean,1957,-0.2,0
WS,ocean,1958,0,0
WS,ocean,1959,0.1,0.1
WS,ocean,1960,-0.1,0.1
WS,ocean,1961,0,0.1
WS,ocean,1962,-0.1,0
WS,ocean,1963,0,0
WS,ocean,1964,-0.2,0.1
WS,ocean,1965,-0.3,0
WS,ocean,1966,0,0
WS,ocean,1967,-0.3,0
WS,ocean,1968,-0.1,0.1
WS,ocean,1969,0.2,0
WS,ocean,1970,0,0.1
WS,ocean,1971,-0.3,0.1
WS,ocean,1972,-0.2,0
WS,ocean,1973,0.1,0.1
WS,ocean,1974,-0.4,0.1
WS,ocean,1975,-0.4,0.1
WS,ocean,1976,-0.4,0.1
WS,ocean,1977,0,0
WS,ocean,1978,0,0.1
WS,ocean,1979,0,0
WS,ocean,1980,0.2,0
WS,ocean,1981,-0.1,0.1
WS,ocean,1982,0,0.1
WS,ocean,1983,-0.2,0.1
WS,ocean,1984,0,0.1
WS,ocean,1985,-0.2,0
WS,ocean,1986,0,0
WS,ocean,1987,0,0.1
WS,ocean,1988,0.1,0.1
WS,ocean,1989,-0.2,0.1
WS,ocean,1990,0.1,0.1
WS,ocean,1991,0.4,0
WS,ocean,1992,0.2,0.1
WS,ocean,1993,0.1,0
WS,ocean,1994,0.3,0
WS,ocean,1995,0.3,0
WS,ocean,1996,0.1,0
WS,ocean,1997,-0.1,0.1
WS,ocean,1998,-0.2,0
WS,ocean,1999,0,0
WS,ocean,2000,0.2,0
WS,ocean,2001,0.2,0
WS,ocean,2002,0.4,0
WS,ocean,2003,0.5,0
WS,ocean,2004,0.5,0
WS,ocean,2005,0.6,0
WS,ocean,2006,0.5,0
WS,ocean,2007,0.5,0.1
WS,ocean,2008,0.1,0.1
WS,ocean,2009,0.4,0
WS,ocean,2010,0.4,0.1
WS,ocean,2011,0,0.1
WS,ocean,2012,0.4,0.1
WS,ocean,2013,0.5,0
WS,ocean,2014,0.6,0
WS,ocean,2015,0.5,0.1
WS,ocean,2016,0.6,0
WS,ocean,2017,0.6,0
WS,ocean,2018,0.6,0.1
WS,ocean,2019,0.7,0
WS,ocean,2020,0.6,0.1
WS,ocean,2021,0.4,0
WS,ocean,2022,0.3,0
WS,ocean,2023,0.6,0
WS,ocean,2024,0.8,0.1
WS,ocean,2025,0.5,0
AS,rain,1979,-16.4,0.6
AS,rain,1980,-10.2,0.5
AS,rain,1981,0.7,0.8
AS,rain,1982,-13.2,1
AS,rain,1983,-16.6,0.8
AS,rain,1984,2.5,1
AS,rain,1985,-7.7,0.7
AS,rain,1986,-5.5,0.8
AS,rain,1987,-4,1
AS,rain,1988,9.4,0.9
AS,rain,1989,-13.5,1
AS,rain,1990,-0.3,1.6
AS,rain,1991,-11.1,0.8
AS,rain,1992,-9.2,0.7
AS,rain,1993,2.1,0.7
AS,rain,1994,6.7,0.9
AS,rain,1995,8.6,0.7
AS,rain,1996,-5.2,1.1
AS,rain,1997,0.8,1.3
AS,rain,1998,-18.9,1
AS,rain,1999,-4.6,1
AS,rain,2000,-8.3,0.7
AS,rain,2001,0.6,0.8
AS,rain,2002,-6.9,0.6
AS,rain,2003,2.5,0.7
AS,rain,2004,-7,0.8
AS,rain,2005,-0.3,0.9
AS,rain,2006,11.3,1.6
AS,rain,2007,10.7,1.1
AS,rain,2008,-10.9,0.9
AS,rain,2009,-11.1,0.7
AS,rain,2010,1.6,1.1
AS,rain,2011,-11.2,1.6
AS,rain,2012,-7.9,0.9
AS,rain,2013,4.9,1.2
AS,rain,2014,1,1.1
AS,rain,2015,5.7,1
AS,rain,2016,5.2,1.2
AS,rain,2017,8.2,1
AS,rain,2018,0.8,1.2
AS,rain,2019,21.2,0.9
AS,rain,2020,20.8,1.6
AS,rain,2021,-24.7,0.7
AS,rain,2022,-22.5,1
AS,rain,2023,-3.2,1.1
AS,rain,2024,2.9,1
AS,rain,2025,11.7,1.3
CK,rain,1979,-7.4,0.5
CK,rain,1980,-4.7,0.6
CK,rain,1981,5.5,0.8
CK,rain,1982,-18.8,0.5
CK,rain,1983,-11.2,0.5
CK,rain,1984,6.8,0.7
CK,rain,1985,0.1,0.8
CK,rain,1986,-6.3,0.6
CK,rain,1987,0.5,0.6
CK,rain,1988,22.2,1
CK,rain,1989,-11.6,0.5
CK,rain,1990,-4.7,1.1
CK,rain,1991,-9.9,0.6
CK,rain,1992,-6,0.7
CK,rain,1993,0.5,0.6
CK,rain,1994,-1.4,0.6
CK,rain,1995,6.7,0.7
CK,rain,1996,2.3,1.1
CK,rain,1997,-4.1,0.7
CK,rain,1998,-5.8,0.6
CK,rain,1999,1.3,0.7
CK,rain,2000,-13.9,0.5
CK,rain,2001,3.6,0.6
CK,rain,2002,-8.3,0.6
CK,rain,2003,12.4,1
CK,rain,2004,2,0.7
CK,rain,2005,12.4,1.4
CK,rain,2006,3.5,0.7
CK,rain,2007,4,0.9
CK,rain,2008,-7.3,0.8
CK,rain,2009,-3.8,0.5
CK,rain,2010,0.7,1
CK,rain,2011,-14.2,0.7
CK,rain,2012,-1.1,0.7
CK,rain,2013,-3.4,0.8
CK,rain,2014,3.1,1
CK,rain,2015,-5.9,0.8
CK,rain,2016,11.1,0.7
CK,rain,2017,-0.6,0.7
CK,rain,2018,1.1,0.9
CK,rain,2019,21.2,0.8
CK,rain,2020,-0.1,0.7
CK,rain,2021,-13.8,0.5
CK,rain,2022,-8.1,0.9
CK,rain,2023,-5.2,0.6
CK,rain,2024,3.7,0.8
CK,rain,2025,-7.2,0.6
FJ,rain,1979,4.7,1.1
FJ,rain,1980,11.9,1.2
FJ,rain,1981,4.7,1.1
FJ,rain,1982,7.7,1.3
FJ,rain,1983,-11.1,0.9
FJ,rain,1984,3.6,1
FJ,rain,1985,12.7,1
FJ,rain,1986,8.6,1.7
FJ,rain,1987,-21.8,1
FJ,rain,1988,6.5,1
FJ,rain,1989,6.2,1.3
FJ,rain,1990,0.2,0.8
FJ,rain,1991,-9.4,0.8
FJ,rain,1992,-15.3,0.6
FJ,rain,1993,-4.6,1
FJ,rain,1994,-9.7,1.1
FJ,rain,1995,-10.9,1
FJ,rain,1996,10.3,1
FJ,rain,1997,8.9,1.5
FJ,rain,1998,-24.2,0.8
FJ,rain,1999,19.6,1.2
FJ,rain,2000,21.7,1
FJ,rain,2001,-1.8,0.8
FJ,rain,2002,-0.1,0.9
FJ,rain,2003,-17.8,0.7
FJ,rain,2004,-10,0.9
FJ,rain,2005,-5.1,0.7
FJ,rain,2006,-10.9,0.6
FJ,rain,2007,10.9,1.1
FJ,rain,2008,5.4,1.2
FJ,rain,2009,14.4,1.7
FJ,rain,2010,0.2,1.1
FJ,rain,2011,10.5,0.7
FJ,rain,2012,23.9,1.2
FJ,rain,2013,8.1,0.9
FJ,rain,2014,-14.4,0.9
FJ,rain,2015,-21,0.8
FJ,rain,2016,-0.7,1.3
FJ,rain,2017,-2.1,1.2
FJ,rain,2018,1.8,1.1
FJ,rain,2019,19.9,1
FJ,rain,2020,2.1,1.2
FJ,rain,2021,8.1,1.2
FJ,rain,2022,12.7,1.4
FJ,rain,2023,-3.3,0.9
FJ,rain,2024,16.6,1.5
FJ,rain,2025,1.3,1
FM,rain,1979,7,0.9
FM,rain,1980,0.4,0.9
FM,rain,1981,-6.3,0.7
FM,rain,1982,-2.5,1.2
FM,rain,1983,-44.4,1.4
FM,rain,1984,-26.4,1.1
FM,rain,1985,-6.3,0.7
FM,rain,1986,19.5,1
FM,rain,1987,-1.1,1.1
FM,rain,1988,-11,0.9
FM,rain,1989,13.3,1.2
FM,rain,1990,5.4,1.1
FM,rain,1991,-10.9,0.8
FM,rain,1992,-33.4,0.9
FM,rain,1993,18.7,0.8
FM,rain,1994,-9.8,0.9
FM,rain,1995,-12.3,0.7
FM,rain,1996,-1.8,0.9
FM,rain,1997,-13.2,1
FM,rain,1998,-39.4,1
FM,rain,1999,15.2,1.2
FM,rain,2000,8.8,0.7
FM,rain,2001,0.9,0.7
FM,rain,2002,6.2,1
FM,rain,2003,-3.1,0.9
FM,rain,2004,8.6,1.2
FM,rain,2005,9.1,1.2
FM,rain,2006,4.8,0.7
FM,rain,2007,0.9,0.5
FM,rain,2008,-1.8,0.8
FM,rain,2009,8.9,1.1
FM,rain,2010,-7.8,1
FM,rain,2011,16.9,0.8
FM,rain,2012,1,0.6
FM,rain,2013,-2.4,0.6
FM,rain,2014,14.9,1
FM,rain,2015,-11.8,0.9
FM,rain,2016,-12.3,0.8
FM,rain,2017,5,0.6
FM,rain,2018,-0.4,0.6
FM,rain,2019,34.7,1
FM,rain,2020,5.6,1.1
FM,rain,2021,20.1,1
FM,rain,2022,4.6,0.8
FM,rain,2023,23.4,0.8
FM,rain,2024,8.7,0.6
FM,rain,2025,5.7,0.6
GU,rain,1979,-9.5,0.8
GU,rain,1980,-6.5,0.9
GU,rain,1981,-9.3,0.7
GU,rain,1982,-6.1,0.7
GU,rain,1983,-20.8,1
GU,rain,1984,2.4,1.2
GU,rain,1985,-2.2,1
GU,rain,1986,1.7,0.9
GU,rain,1987,-11,1
GU,rain,1988,-18.5,0.7
GU,rain,1989,1.2,0.9
GU,rain,1990,13.2,1.6
GU,rain,1991,7,1.4
GU,rain,1992,-5,1.4
GU,rain,1993,-15,1
GU,rain,1994,0.3,1.3
GU,rain,1995,-8.1,0.8
GU,rain,1996,3.7,1
GU,rain,1997,16.1,1.4
GU,rain,1998,-27,0.6
GU,rain,1999,-8.6,0.7
GU,rain,2000,-8.2,0.8
GU,rain,2001,-3.9,1.2
GU,rain,2002,8.9,1.3
GU,rain,2003,4.6,0.9
GU,rain,2004,18.3,1.7
GU,rain,2005,4.1,1
GU,rain,2006,8.8,1.5
GU,rain,2007,2.5,1
GU,rain,2008,-15.5,0.7
GU,rain,2009,11.2,1.1
GU,rain,2010,-13.6,0.9
GU,rain,2011,6.6,1.2
GU,rain,2012,4.8,1.4
GU,rain,2013,-5.5,1.4
GU,rain,2014,5,1.4
GU,rain,2015,15.2,1.2
GU,rain,2016,-8.2,1.2
GU,rain,2017,-0.7,0.8
GU,rain,2018,8.5,1.3
GU,rain,2019,6.2,1.1
GU,rain,2020,-12.4,0.8
GU,rain,2021,-5.4,0.9
GU,rain,2022,-1.3,0.9
GU,rain,2023,15.2,0.9
GU,rain,2024,-8.3,1
GU,rain,2025,-3.1,1
KI,rain,1979,2.6,0.5
KI,rain,1980,1.5,0.4
KI,rain,1981,-2.8,0.5
KI,rain,1982,19.2,0.8
KI,rain,1983,11.1,0.8
KI,rain,1984,-19.9,0.2
KI,rain,1985,-12.6,0.3
KI,rain,1986,-0.4,0.5
KI,rain,1987,41.9,0.6
KI,rain,1988,-14,0.7
KI,rain,1989,-19.7,0.3
KI,rain,1990,10.4,0.5
KI,rain,1991,15.3,0.4
KI,rain,1992,37.3,1.3
KI,rain,1993,19.9,0.7
KI,rain,1994,1.5,0.6
KI,rain,1995,-18.4,0.6
KI,rain,1996,-25.2,0.3
KI,rain,1997,40.4,1
KI,rain,1998,-16.9,0.7
KI,rain,1999,-29.7,0.2
KI,rain,2000,-26.1,0.1
KI,rain,2001,-12.9,0.3
KI,rain,2002,25.4,0.7
KI,rain,2003,5,0.9
KI,rain,2004,-1.5,0.4
KI,rain,2005,-2.6,0.5
KI,rain,2006,-0.3,0.6
KI,rain,2007,-6.8,0.7
KI,rain,2008,-22.2,0.3
KI,rain,2009,2.9,0.7
KI,rain,2010,18.5,1.7
KI,rain,2011,-20.2,0.4
KI,rain,2012,-8.7,0.3
KI,rain,2013,-15,0.4
KI,rain,2014,4.9,0.7
KI,rain,2015,50.3,1
KI,rain,2016,13,1.6
KI,rain,2017,-24,0.3
KI,rain,2018,-20.1,0.4
KI,rain,2019,27.3,0.8
KI,rain,2020,-10.9,0.7
KI,rain,2021,-20.9,0.4
KI,rain,2022,-28,0.2
KI,rain,2023,16.7,0.7
KI,rain,2024,-4.6,0.8
KI,rain,2025,-22.3,0.3
MH,rain,1979,-2.2,0.5
MH,rain,1980,-1.7,0.5
MH,rain,1981,-5.5,0.4
MH,rain,1982,3,0.6
MH,rain,1983,-24.6,0.7
MH,rain,1984,-25.9,0.7
MH,rain,1985,-5.2,0.4
MH,rain,1986,10.9,0.7
MH,rain,1987,2.7,0.6
MH,rain,1988,-15.7,0.5
MH,rain,1989,3.4,0.6
MH,rain,1990,9.1,0.4
MH,rain,1991,12.1,0.8
MH,rain,1992,-11,0.9
MH,rain,1993,5.6,0.5
MH,rain,1994,0.3,0.5
MH,rain,1995,3.7,0.7
MH,rain,1996,3.2,0.4
MH,rain,1997,20.7,0.9
MH,rain,1998,-20.2,0.8
MH,rain,1999,-10.9,0.6
MH,rain,2000,-1.7,0.5
MH,rain,2001,-7.3,0.5
MH,rain,2002,13.5,0.6
MH,rain,2003,3.7,0.6
MH,rain,2004,9.1,0.6
MH,rain,2005,-6.5,0.4
MH,rain,2006,-1.7,0.5
MH,rain,2007,-8,0.5
MH,rain,2008,-16.4,0.3
MH,rain,2009,-6.4,0.6
MH,rain,2010,-6.4,0.6
MH,rain,2011,2.8,0.5
MH,rain,2012,-15.3,0.4
MH,rain,2013,-5.2,0.5
MH,rain,2014,2.2,0.5
MH,rain,2015,17.9,0.8
MH,rain,2016,-6.5,0.8
MH,rain,2017,-3.2,0.5
MH,rain,2018,17.2,0.5
MH,rain,2019,7,0.4
MH,rain,2020,8,0.5
MH,rain,2021,-2.1,0.6
MH,rain,2022,8.1,0.7
MH,rain,2023,8.9,0.4
MH,rain,2024,3,0.6
MH,rain,2025,-4.3,0.7
MP,rain,1979,-7.6,0.7
MP,rain,1980,-5.9,0.7
MP,rain,1981,-5.9,0.7
MP,rain,1982,-6,0.7
MP,rain,1983,-20.3,0.9
MP,rain,1984,1.1,1
MP,rain,1985,-2.2,0.9
MP,rain,1986,3.4,0.8
MP,rain,1987,-10.8,0.8
MP,rain,1988,-16.5,0.7
MP,rain,1989,15,1.1
MP,rain,1990,17.7,1.5
MP,rain,1991,17,1.4
MP,rain,1992,-2.6,1.1
MP,rain,1993,-18.2,0.7
MP,rain,1994,3.6,1.5
MP,rain,1995,-6.8,0.9
MP,rain,1996,5.5,1.1
MP,rain,1997,3.6,1.1
MP,rain,1998,-27,0.5
MP,rain,1999,-11.3,0.6
MP,rain,2000,-13.2,0.6
MP,rain,2001,-2.1,1.1
MP,rain,2002,11.9,1.1
MP,rain,2003,3.6,0.8
MP,rain,2004,25.3,1.8
MP,rain,2005,6.1,1.2
MP,rain,2006,8.3,1.3
MP,rain,2007,2.5,0.9
MP,rain,2008,-18.6,0.6
MP,rain,2009,6.2,1.1
MP,rain,2010,-14.8,0.7
MP,rain,2011,6.1,1.2
MP,rain,2012,-3.8,1
MP,rain,2013,-7.9,1.4
MP,rain,2014,14.9,1.2
MP,rain,2015,17.1,1
MP,rain,2016,-4.2,1.2
MP,rain,2017,-7.5,0.7
MP,rain,2018,15.3,1.3
MP,rain,2019,3.4,1.1
MP,rain,2020,-12.4,0.7
MP,rain,2021,-8.9,0.8
MP,rain,2022,-2.5,0.9
MP,rain,2023,14,0.9
MP,rain,2024,0.2,1.3
MP,rain,2025,-12.8,0.8
NC,rain,1979,-4.4,0.6
NC,rain,1980,-0.5,0.9
NC,rain,1981,9.1,1.4
NC,rain,1982,8.3,1
NC,rain,1983,-3.1,0.5
NC,rain,1984,16.2,1
NC,rain,1985,13.9,0.7
NC,rain,1986,8.9,1.1
NC,rain,1987,-14.8,0.3
NC,rain,1988,35.8,1.3
NC,rain,1989,37.3,1.7
NC,rain,1990,25.8,1.6
NC,rain,1991,-7.4,0.9
NC,rain,1992,6.3,1.3
NC,rain,1993,-10.2,0.8
NC,rain,1994,-12.7,0.8
NC,rain,1995,-0.5,1.1
NC,rain,1996,23.4,1.3
NC,rain,1997,-0.9,0.8
NC,rain,1998,11.3,0.6
NC,rain,1999,34.2,1.3
NC,rain,2000,9.9,1
NC,rain,2001,2,0.9
NC,rain,2002,8.4,1.1
NC,rain,2003,0.7,0.6
NC,rain,2004,-4,0.9
NC,rain,2005,1.1,0.9
NC,rain,2006,1.8,0.9
NC,rain,2007,5.3,0.7
NC,rain,2008,32.4,1.6
NC,rain,2009,9.7,1.3
NC,rain,2010,-10.8,0.5
NC,rain,2011,3.1,0.9
NC,rain,2012,-4.1,0.5
NC,rain,2013,-6.1,0.5
NC,rain,2014,-12.8,0.5
NC,rain,2015,-12.3,0.6
NC,rain,2016,-16,0.6
NC,rain,2017,-18.5,0.5
NC,rain,2018,-9.6,0.7
NC,rain,2019,-15.3,0.6
NC,rain,2020,-8.3,0.7
NC,rain,2021,3.5,1
NC,rain,2022,14.5,0.8
NC,rain,2023,-8.5,0.7
NC,rain,2024,-9.3,0.6
NC,rain,2025,-6.6,0.7
NR,rain,1979,21.6,0.9
NR,rain,1980,25.5,0.7
NR,rain,1981,4.5,1.1
NR,rain,1982,16.2,0.6
NR,rain,1983,-13.5,0.5
NR,rain,1984,-31.8,0.8
NR,rain,1985,-11.1,0.9
NR,rain,1986,18.2,1.2
NR,rain,1987,37.9,0.9
NR,rain,1988,-25.4,1.3
NR,rain,1989,-34.2,0.8
NR,rain,1990,27.4,0.9
NR,rain,1991,26.5,1
NR,rain,1992,40.5,1
NR,rain,1993,53.6,1
NR,rain,1994,7.8,1
NR,rain,1995,-14.3,1.1
NR,rain,1996,-43.3,0.5
NR,rain,1997,28.9,0.8
NR,rain,1998,-30.2,0.5
NR,rain,1999,-54.4,0.2
NR,rain,2000,-44.2,0.3
NR,rain,2001,-1.4,1.3
NR,rain,2002,46.1,0.8
NR,rain,2003,9.4,0.9
NR,rain,2004,26.4,1
NR,rain,2005,10,1
NR,rain,2006,-4.1,1.1
NR,rain,2007,-11.8,1.1
NR,rain,2008,-49.1,0.3
NR,rain,2009,3.6,1.3
NR,rain,2010,-6.8,1.6
NR,rain,2011,-42.4,0.4
NR,rain,2012,-9.6,0.8
NR,rain,2013,-17.5,1
NR,rain,2014,22.7,1.1
NR,rain,2015,49.5,0.6
NR,rain,2016,-5,1.6
NR,rain,2017,-22.2,0.8
NR,rain,2018,-9.7,1
NR,rain,2019,66.6,1.1
NR,rain,2020,-25.3,1.2
NR,rain,2021,-41.1,0.5
NR,rain,2022,-48,0.4
NR,rain,2023,11.1,1.1
NR,rain,2024,-13.5,0.9
NR,rain,2025,-41.8,0.4
NU,rain,1979,-18.1,0.3
NU,rain,1980,-12.6,0.5
NU,rain,1981,-6,0.6
NU,rain,1982,-6.8,0.9
NU,rain,1983,-24.1,0.6
NU,rain,1984,-5.9,0.6
NU,rain,1985,-4.5,0.6
NU,rain,1986,-13.7,0.7
NU,rain,1987,-18.2,0.7
NU,rain,1988,20.8,1.1
NU,rain,1989,2,1.5
NU,rain,1990,-8.8,0.9
NU,rain,1991,-6.7,1
NU,rain,1992,-12.7,0.5
NU,rain,1993,-8.5,0.6
NU,rain,1994,-7.6,1
NU,rain,1995,-3,0.7
NU,rain,1996,5.3,1.3
NU,rain,1997,-23,0.6
NU,rain,1998,-23.5,0.6
NU,rain,1999,5.5,0.9
NU,rain,2000,0.8,0.8
NU,rain,2001,-7.9,0.6
NU,rain,2002,-18.7,0.6
NU,rain,2003,-6.6,0.6
NU,rain,2004,-5.4,0.5
NU,rain,2005,14.8,1
NU,rain,2006,16.5,1.6
NU,rain,2007,18.5,1.3
NU,rain,2008,19.7,1.2
NU,rain,2009,-1.6,0.8
NU,rain,2010,4.1,0.9
NU,rain,2011,-0.7,0.8
NU,rain,2012,6.7,1.8
NU,rain,2013,-1,0.8
NU,rain,2014,-11,0.7
NU,rain,2015,-10.4,0.7
NU,rain,2016,2,0.9
NU,rain,2017,13.6,1.4
NU,rain,2018,7.2,1
NU,rain,2019,20.7,0.6
NU,rain,2020,12.7,1
NU,rain,2021,-5.1,0.9
NU,rain,2022,-1.8,0.8
NU,rain,2023,5,1
NU,rain,2024,1.8,0.9
NU,rain,2025,11.6,1.3
PF,rain,1979,4.7,0.8
PF,rain,1980,-3.3,0.4
PF,rain,1981,2.5,0.6
PF,rain,1982,-7,0.4
PF,rain,1983,1.7,0.5
PF,rain,1984,6.9,0.6
PF,rain,1985,4.4,0.6
PF,rain,1986,-0.8,0.6
PF,rain,1987,2.1,0.5
PF,rain,1988,-5.7,0.4
PF,rain,1989,-3.6,0.6
PF,rain,1990,-6,0.7
PF,rain,1991,-3.3,0.7
PF,rain,1992,4.5,0.6
PF,rain,1993,-0.6,0.5
PF,rain,1994,1.6,0.6
PF,rain,1995,7.8,0.8
PF,rain,1996,-5.2,0.4
PF,rain,1997,2.3,0.6
PF,rain,1998,20,1.1
PF,rain,1999,-9.3,0.4
PF,rain,2000,-2,0.7
PF,rain,2001,4.3,0.7
PF,rain,2002,-7,0.5
PF,rain,2003,6.8,0.6
PF,rain,2004,5.4,0.8
PF,rain,2005,-2.9,0.8
PF,rain,2006,-2.3,0.5
PF,rain,2007,3.1,0.7
PF,rain,2008,-14.6,0.4
PF,rain,2009,-5.2,0.4
PF,rain,2010,1.9,0.9
PF,rain,2011,-20.4,0.3
PF,rain,2012,-1.5,0.8
PF,rain,2013,1.5,0.8
PF,rain,2014,8.5,0.7
PF,rain,2015,-7.2,0.6
PF,rain,2016,9.7,0.9
PF,rain,2017,1.1,0.6
PF,rain,2018,-5.2,0.8
PF,rain,2019,14.6,0.6
PF,rain,2020,-6.5,0.4
PF,rain,2021,-14.9,0.3
PF,rain,2022,-9.6,0.8
PF,rain,2023,-1.3,0.5
PF,rain,2024,-0.4,0.7
PF,rain,2025,5.3,0.7
PG,rain,1979,-11.1,0.6
PG,rain,1980,-2.8,0.7
PG,rain,1981,5.9,0.5
PG,rain,1982,-17.7,0.9
PG,rain,1983,13.1,0.5
PG,rain,1984,4.5,0.5
PG,rain,1985,10,0.4
PG,rain,1986,0.5,0.7
PG,rain,1987,-10,1
PG,rain,1988,11.8,0.4
PG,rain,1989,3.4,0.4
PG,rain,1990,3.2,0.5
PG,rain,1991,-8.1,0.8
PG,rain,1992,-14.3,0.8
PG,rain,1993,-18.7,0.8
PG,rain,1994,-10.2,0.6
PG,rain,1995,5,0.7
PG,rain,1996,-2.8,0.6
PG,rain,1997,-26.7,0.9
PG,rain,1998,12.3,0.6
PG,rain,1999,7.4,0.6
PG,rain,2000,5.5,0.6
PG,rain,2001,6,0.9
PG,rain,2002,-5.4,0.8
PG,rain,2003,1.2,0.7
PG,rain,2004,-9.2,0.8
PG,rain,2005,5.2,0.8
PG,rain,2006,1.3,0.9
PG,rain,2007,4.9,0.6
PG,rain,2008,9.6,0.6
PG,rain,2009,5.3,0.8
PG,rain,2010,10.1,0.4
PG,rain,2011,5.2,0.6
PG,rain,2012,7.6,0.6
PG,rain,2013,6.8,0.7
PG,rain,2014,-2.1,0.6
PG,rain,2015,-20.2,0.8
PG,rain,2016,1.2,0.6
PG,rain,2017,7,0.5
PG,rain,2018,-3.4,0.5
PG,rain,2019,22,0.6
PG,rain,2020,-2.4,0.6
PG,rain,2021,3.2,0.5
PG,rain,2022,-6.4,0.4
PG,rain,2023,0.2,0.6
PG,rain,2024,2.8,0.6
PG,rain,2025,11.5,0.6
PN,rain,1979,6.8,0.5
PN,rain,1980,-2.1,0.5
PN,rain,1981,-6.4,0.2
PN,rain,1982,0.3,0.3
PN,rain,1983,-6.2,0.4
PN,rain,1984,4.1,0.5
PN,rain,1985,3,0.5
PN,rain,1986,-1.6,0.4
PN,rain,1987,7.5,0.3
PN,rain,1988,-13.4,0.9
PN,rain,1989,-4,0.6
PN,rain,1990,2.7,0.9
PN,rain,1991,5.4,0.5
PN,rain,1992,12.7,0.9
PN,rain,1993,3.5,0.6
PN,rain,1994,15,1
PN,rain,1995,1.4,1
PN,rain,1996,-7.2,0.5
PN,rain,1997,-3,0.7
PN,rain,1998,-3.5,0.7
PN,rain,1999,-9.8,0.5
PN,rain,2000,-8.5,0.7
PN,rain,2001,3.7,0.7
PN,rain,2002,3.6,0.8
PN,rain,2003,7.6,0.7
PN,rain,2004,10.6,1.3
PN,rain,2005,11.8,0.9
PN,rain,2006,-11.9,0.7
PN,rain,2007,2,0.6
PN,rain,2008,-12.5,0.4
PN,rain,2009,-2.9,0.8
PN,rain,2010,-9.8,0.7
PN,rain,2011,-28.3,0.4
PN,rain,2012,24.2,0.5
PN,rain,2013,3,0.7
PN,rain,2014,-5.7,0.5
PN,rain,2015,-5.3,0.5
PN,rain,2016,6.4,0.9
PN,rain,2017,-3.5,0.4
PN,rain,2018,-10.5,0.5
PN,rain,2019,23.9,0.7
PN,rain,2020,-12.3,0.6
PN,rain,2021,-12.2,0.5
PN,rain,2022,-10.9,0.5
PN,rain,2023,0.6,0.8
PN,rain,2024,-5.1,0.5
PN,rain,2025,-7.6,0.7
PW,rain,1979,-17.6,1.1
PW,rain,1980,-12.2,0.8
PW,rain,1981,-10.4,1
PW,rain,1982,-23.1,0.8
PW,rain,1983,-29.4,1.3
PW,rain,1984,14.3,1.4
PW,rain,1985,13.9,1
PW,rain,1986,-3.9,0.9
PW,rain,1987,-18.5,1.3
PW,rain,1988,-3,1.2
PW,rain,1989,-10.6,0.6
PW,rain,1990,-14.5,1.2
PW,rain,1991,-12.6,1.2
PW,rain,1992,-19.2,1.3
PW,rain,1993,5.2,0.8
PW,rain,1994,3.3,1.2
PW,rain,1995,3.3,1
PW,rain,1996,2.7,0.7
PW,rain,1997,-25.4,1
PW,rain,1998,-22.5,1.1
PW,rain,1999,17.2,0.8
PW,rain,2000,19.8,1.1
PW,rain,2001,13.6,1.1
PW,rain,2002,-11.7,1.2
PW,rain,2003,-1.2,1
PW,rain,2004,-6.6,0.9
PW,rain,2005,7.6,1.4
PW,rain,2006,1.5,1.1
PW,rain,2007,-8.8,0.7
PW,rain,2008,-1.1,0.8
PW,rain,2009,20.5,1.5
PW,rain,2010,-20.3,0.9
PW,rain,2011,31.6,1.1
PW,rain,2012,13.5,1.3
PW,rain,2013,0.6,1.1
PW,rain,2014,21.1,1.3
PW,rain,2015,-25,0.9
PW,rain,2016,-6.3,1.2
PW,rain,2017,15.6,1
PW,rain,2018,-8.4,1
PW,rain,2019,-9.1,0.7
PW,rain,2020,1,1
PW,rain,2021,15.3,1
PW,rain,2022,9.3,0.9
PW,rain,2023,7.9,1.4
PW,rain,2024,-0.7,0.9
PW,rain,2025,9.7,0.8
SB,rain,1979,5.5,0.8
SB,rain,1980,6.8,0.7
SB,rain,1981,-6.7,1
SB,rain,1982,7.5,1
SB,rain,1983,-2.8,0.5
SB,rain,1984,1.5,0.7
SB,rain,1985,7.4,0.8
SB,rain,1986,-0.5,0.7
SB,rain,1987,-22,1
SB,rain,1988,1.7,0.6
SB,rain,1989,-11,0.7
SB,rain,1990,-7.9,0.5
SB,rain,1991,-3.3,0.9
SB,rain,1992,-18.9,0.7
SB,rain,1993,-20.4,0.7
SB,rain,1994,-8.4,0.8
SB,rain,1995,-12,0.4
SB,rain,1996,5.1,0.6
SB,rain,1997,-28,0.7
SB,rain,1998,-2.3,0.8
SB,rain,1999,-5.1,1
SB,rain,2000,4.4,0.6
SB,rain,2001,-0.7,1
SB,rain,2002,1.4,0.9
SB,rain,2003,-10.5,0.5
SB,rain,2004,3.5,0.6
SB,rain,2005,-10.3,0.5
SB,rain,2006,8.7,0.7
SB,rain,2007,-6.2,0.5
SB,rain,2008,-8.4,0.9
SB,rain,2009,8,0.7
SB,rain,2010,-3.9,0.5
SB,rain,2011,-4.3,0.4
SB,rain,2012,18.1,0.8
SB,rain,2013,7.5,0.8
SB,rain,2014,12.2,1
SB,rain,2015,13.2,0.9
SB,rain,2016,-1.5,0.7
SB,rain,2017,12,0.7
SB,rain,2018,14.8,0.6
SB,rain,2019,21.5,0.6
SB,rain,2020,13.8,0.5
SB,rain,2021,10.3,0.9
SB,rain,2022,-3.2,0.7
SB,rain,2023,24.4,0.6
SB,rain,2024,18,0.9
SB,rain,2025,6.1,0.6
TK,rain,1979,-14.2,0.7
TK,rain,1980,-8.3,0.8
TK,rain,1981,6.1,1.3
TK,rain,1982,-5.5,1.1
TK,rain,1983,14.7,1.5
TK,rain,1984,0.6,0.9
TK,rain,1985,-6.8,1
TK,rain,1986,1.7,1.2
TK,rain,1987,35.4,0.7
TK,rain,1988,-6.3,0.8
TK,rain,1989,-9.9,0.8
TK,rain,1990,0.7,1.6
TK,rain,1991,-13.9,0.7
TK,rain,1992,8.1,0.9
TK,rain,1993,10.5,0.9
TK,rain,1994,8.5,0.8
TK,rain,1995,12.4,1.2
TK,rain,1996,-19.6,0.7
TK,rain,1997,21,1.3
TK,rain,1998,19.1,1.2
TK,rain,1999,-31.9,0.6
TK,rain,2000,-32.1,0.6
TK,rain,2001,9.1,1.1
TK,rain,2002,-3.1,0.9
TK,rain,2003,16.3,1
TK,rain,2004,9.6,1.1
TK,rain,2005,5,1.7
TK,rain,2006,-4.7,0.9
TK,rain,2007,19.3,1.6
TK,rain,2008,-31.2,0.7
TK,rain,2009,-24.9,0.5
TK,rain,2010,-3.8,1.8
TK,rain,2011,-38.3,1
TK,rain,2012,-4.8,0.8
TK,rain,2013,20.1,1.4
TK,rain,2014,9.2,1.4
TK,rain,2015,22.4,1.2
TK,rain,2016,10,1.2
TK,rain,2017,-5.9,0.8
TK,rain,2018,-16.7,1.1
TK,rain,2019,18.3,1.1
TK,rain,2020,12.2,1.6
TK,rain,2021,-38.8,0.6
TK,rain,2022,-30.8,1.1
TK,rain,2023,-9.6,1.1
TK,rain,2024,11,1.3
TK,rain,2025,-5.6,0.7
TO,rain,1979,-19.5,0.4
TO,rain,1980,-16.5,0.6
TO,rain,1981,-14.8,0.5
TO,rain,1982,-2.2,0.9
TO,rain,1983,-26,0.6
TO,rain,1984,-9.2,0.6
TO,rain,1985,-12.7,0.8
TO,rain,1986,-13.4,0.8
TO,rain,1987,-26.3,0.8
TO,rain,1988,3,1.1
TO,rain,1989,-10.7,1.2
TO,rain,1990,-3.6,0.7
TO,rain,1991,-8,0.7
TO,rain,1992,-10.5,0.5
TO,rain,1993,0.1,0.9
TO,rain,1994,-16.1,0.9
TO,rain,1995,-3.2,0.7
TO,rain,1996,-4.2,1.2
TO,rain,1997,-3.4,1.1
TO,rain,1998,-21.8,1.1
TO,rain,1999,12.7,1
TO,rain,2000,3.9,0.7
TO,rain,2001,-8,0.7
TO,rain,2002,-5.3,1
TO,rain,2003,-17,0.9
TO,rain,2004,-3.5,0.8
TO,rain,2005,4.9,1.1
TO,rain,2006,3.5,1.4
TO,rain,2007,7.6,0.7
TO,rain,2008,3.5,1.4
TO,rain,2009,1.3,1.2
TO,rain,2010,-2.8,1.1
TO,rain,2011,5.3,1.1
TO,rain,2012,8.1,1.2
TO,rain,2013,8.5,1
TO,rain,2014,1.1,1.1
TO,rain,2015,-21.5,0.7
TO,rain,2016,-4.3,1.2
TO,rain,2017,16.9,1.5
TO,rain,2018,7.8,1.2
TO,rain,2019,37,1.2
TO,rain,2020,7.3,0.9
TO,rain,2021,3.2,1.4
TO,rain,2022,1.4,1.1
TO,rain,2023,-10.9,0.8
TO,rain,2024,-2,0.8
TO,rain,2025,16.3,1.1
TV,rain,1979,-6.4,0.9
TV,rain,1980,-1.6,0.8
TV,rain,1981,-7.6,1.2
TV,rain,1982,4.3,0.9
TV,rain,1983,14.1,1.3
TV,rain,1984,-4.9,0.8
TV,rain,1985,-5.8,1.3
TV,rain,1986,-0.5,1.1
TV,rain,1987,37.3,0.8
TV,rain,1988,2.7,1
TV,rain,1989,-15.3,0.8
TV,rain,1990,-2.3,1.4
TV,rain,1991,-1.6,0.9
TV,rain,1992,10.7,1
TV,rain,1993,24.6,0.7
TV,rain,1994,10.2,0.7
TV,rain,1995,8.5,0.8
TV,rain,1996,-13.2,0.7
TV,rain,1997,21.7,1.4
TV,rain,1998,25.5,1.2
TV,rain,1999,-35.6,0.5
TV,rain,2000,-34.5,0.3
TV,rain,2001,-12.8,0.7
TV,rain,2002,6.8,1
TV,rain,2003,7.3,0.9
TV,rain,2004,2.3,1
TV,rain,2005,-1.7,1.1
TV,rain,2006,-2.7,0.9
TV,rain,2007,3.7,1
TV,rain,2008,-29.7,0.9
TV,rain,2009,-4.3,0.7
TV,rain,2010,-8,1.5
TV,rain,2011,-41.5,0.9
TV,rain,2012,-8,0.7
TV,rain,2013,8.5,1.3
TV,rain,2014,-3.7,0.9
TV,rain,2015,29.4,1
TV,rain,2016,5.9,1.1
TV,rain,2017,-1.6,0.8
TV,rain,2018,-9,1.4
TV,rain,2019,37.7,1.3
TV,rain,2020,5.2,1.3
TV,rain,2021,-15.2,1
TV,rain,2022,-35.8,1
TV,rain,2023,-12,0.8
TV,rain,2024,4.5,0.8
TV,rain,2025,-15.6,0.5
VU,rain,1979,2.5,0.9
VU,rain,1980,-3.3,0.7
VU,rain,1981,-2.8,0.8
VU,rain,1982,-0.6,0.7
VU,rain,1983,-21.6,0.4
VU,rain,1984,8.3,0.8
VU,rain,1985,12.2,0.6
VU,rain,1986,-0.9,1
VU,rain,1987,-15.2,1
VU,rain,1988,29.9,1.2
VU,rain,1989,9.2,1
VU,rain,1990,-9.3,0.8
VU,rain,1991,-9.9,0.8
VU,rain,1992,-11.6,0.9
VU,rain,1993,-24.3,0.5
VU,rain,1994,-11.7,0.9
VU,rain,1995,-18.3,0.5
VU,rain,1996,4.5,1.2
VU,rain,1997,-16.9,0.7
VU,rain,1998,0.9,1
VU,rain,1999,22.6,1.1
VU,rain,2000,23.6,0.9
VU,rain,2001,1.8,0.9
VU,rain,2002,8.6,0.8
VU,rain,2003,-7.6,0.7
VU,rain,2004,-13.6,0.6
VU,rain,2005,-3.5,1
VU,rain,2006,-7.3,0.5
VU,rain,2007,7.2,0.6
VU,rain,2008,7.4,0.9
VU,rain,2009,5.9,0.8
VU,rain,2010,1.1,1
VU,rain,2011,17.7,1
VU,rain,2012,17.7,1
VU,rain,2013,9,0.9
VU,rain,2014,0.4,1
VU,rain,2015,-3.4,0.9
VU,rain,2016,-13.3,0.8
VU,rain,2017,1.7,1.2
VU,rain,2018,-0.3,0.9
VU,rain,2019,-2.4,0.7
VU,rain,2020,14.1,1
VU,rain,2021,11.9,1.1
VU,rain,2022,33.7,1.1
VU,rain,2023,8.7,1.1
VU,rain,2024,8,1.4
VU,rain,2025,-0.3,0.9
WF,rain,1979,-19.2,0.5
WF,rain,1980,-12.8,0.6
WF,rain,1981,-9.4,0.8
WF,rain,1982,-1.8,1.1
WF,rain,1983,-24.8,0.7
WF,rain,1984,-5.2,0.8
WF,rain,1985,-7.3,0.9
WF,rain,1986,-5.7,1.1
WF,rain,1987,-22.4,1.1
WF,rain,1988,8.8,1.4
WF,rain,1989,-16.9,1.3
WF,rain,1990,0.8,1.2
WF,rain,1991,-5.9,0.9
WF,rain,1992,-5.8,0.7
WF,rain,1993,2.6,0.9
WF,rain,1994,-7.6,0.9
WF,rain,1995,2.3,0.7
WF,rain,1996,-10,1
WF,rain,1997,4.7,1.3
WF,rain,1998,-20.5,1.3
WF,rain,1999,6.6,1.3
WF,rain,2000,-5.5,0.6
WF,rain,2001,-10.4,0.5
WF,rain,2002,-5.3,0.7
WF,rain,2003,-7.8,1
WF,rain,2004,-0.4,0.7
WF,rain,2005,-3.8,0.8
WF,rain,2006,16.8,1.8
WF,rain,2007,8.4,0.8
WF,rain,2008,-8.7,1.4
WF,rain,2009,2.4,1.2
WF,rain,2010,-2.6,1.2
WF,rain,2011,-11.6,1.5
WF,rain,2012,-3.4,1.1
WF,rain,2013,13.9,1.1
WF,rain,2014,-5.1,0.9
WF,rain,2015,-14.9,0.8
WF,rain,2016,-5.2,1.3
WF,rain,2017,14.8,1.3
WF,rain,2018,8,1.2
WF,rain,2019,37.7,1.2
WF,rain,2020,16.1,1
WF,rain,2021,3.3,1.8
WF,rain,2022,-10.9,1.2
WF,rain,2023,-3.1,0.8
WF,rain,2024,-3.4,0.8
WF,rain,2025,13.8,1.4
WS,rain,1979,-19.5,0.6
WS,rain,1980,-8.4,0.5
WS,rain,1981,0.2,0.8
WS,rain,1982,-9.8,1.1
WS,rain,1983,-19.6,0.8
WS,rain,1984,0.9,1
WS,rain,1985,-7.5,0.7
WS,rain,1986,-5.5,0.8
WS,rain,1987,-8.2,1
WS,rain,1988,10.4,0.9
WS,rain,1989,-17.3,1.1
WS,rain,1990,2.8,1.6
WS,rain,1991,-8,0.9
WS,rain,1992,-4.8,0.8
WS,rain,1993,3.3,0.9
WS,rain,1994,3.9,1
WS,rain,1995,3,0.7
WS,rain,1996,-6.7,1
WS,rain,1997,1.1,1.2
WS,rain,1998,-21.2,1.1
WS,rain,1999,0,1.1
WS,rain,2000,-2.8,0.7
WS,rain,2001,1.2,0.8
WS,rain,2002,-2.4,0.6
WS,rain,2003,-5.6,0.7
WS,rain,2004,-7,0.6
WS,rain,2005,-5.1,0.7
WS,rain,2006,14.9,1.8
WS,rain,2007,6.3,0.9
WS,rain,2008,-11.1,0.9
WS,rain,2009,-9.4,0.8
WS,rain,2010,-1.9,0.9
WS,rain,2011,-11.1,1.7
WS,rain,2012,-6.9,1
WS,rain,2013,7.6,1.1
WS,rain,2014,0,1
WS,rain,2015,0.7,0.9
WS,rain,2016,0.3,1.3
WS,rain,2017,12.6,1.2
WS,rain,2018,1.3,1
WS,rain,2019,20.4,1
WS,rain,2020,27.3,1.5
WS,rain,2021,-18.1,1
WS,rain,2022,-20.7,0.8
WS,rain,2023,-3.2,0.9
WS,rain,2024,-1.8,0.9
WS,rain,2025,13.9,1.3
AS,sea_level,1993,0,
AS,sea_level,1994,0,
AS,sea_level,1995,0,
AS,sea_level,1996,10,
AS,sea_level,1997,0,
AS,sea_level,1998,-20,
AS,sea_level,1999,0,
AS,sea_level,2000,0,
AS,sea_level,2001,0,
AS,sea_level,2002,0,
AS,sea_level,2003,0,
AS,sea_level,2004,10,
AS,sea_level,2005,0,
AS,sea_level,2006,10,
AS,sea_level,2007,10,
AS,sea_level,2008,10,
AS,sea_level,2009,0,
AS,sea_level,2010,0,
AS,sea_level,2011,10,
AS,sea_level,2012,0,
AS,sea_level,2013,0,
AS,sea_level,2014,0,
AS,sea_level,2015,10,
AS,sea_level,2016,0,
AS,sea_level,2017,10,
AS,sea_level,2018,10,
AS,sea_level,2019,10,
AS,sea_level,2020,10,
AS,sea_level,2021,10,
AS,sea_level,2022,10,
AS,sea_level,2023,10,
CK,sea_level,1993,0,
CK,sea_level,1994,0,
CK,sea_level,1995,0,
CK,sea_level,1996,0,
CK,sea_level,1997,0,
CK,sea_level,1998,-10,
CK,sea_level,1999,0,
CK,sea_level,2000,0,
CK,sea_level,2001,0,
CK,sea_level,2002,0,
CK,sea_level,2003,0,
CK,sea_level,2004,0,
CK,sea_level,2005,0,
CK,sea_level,2006,10,
CK,sea_level,2007,10,
CK,sea_level,2008,0,
CK,sea_level,2009,0,
CK,sea_level,2010,0,
CK,sea_level,2011,10,
CK,sea_level,2012,0,
CK,sea_level,2013,0,
CK,sea_level,2014,10,
CK,sea_level,2015,10,
CK,sea_level,2016,10,
CK,sea_level,2017,10,
CK,sea_level,2018,10,
CK,sea_level,2019,10,
CK,sea_level,2020,10,
CK,sea_level,2021,10,
CK,sea_level,2022,10,
CK,sea_level,2023,10,
FJ,sea_level,1993,0,
FJ,sea_level,1994,0,
FJ,sea_level,1995,0,
FJ,sea_level,1996,0,
FJ,sea_level,1997,0,
FJ,sea_level,1998,0,
FJ,sea_level,1999,0,
FJ,sea_level,2000,10,
FJ,sea_level,2001,0,
FJ,sea_level,2002,0,
FJ,sea_level,2003,0,
FJ,sea_level,2004,0,
FJ,sea_level,2005,0,
FJ,sea_level,2006,0,
FJ,sea_level,2007,0,
FJ,sea_level,2008,10,
FJ,sea_level,2009,10,
FJ,sea_level,2010,0,
FJ,sea_level,2011,10,
FJ,sea_level,2012,10,
FJ,sea_level,2013,10,
FJ,sea_level,2014,0,
FJ,sea_level,2015,0,
FJ,sea_level,2016,0,
FJ,sea_level,2017,10,
FJ,sea_level,2018,10,
FJ,sea_level,2019,10,
FJ,sea_level,2020,10,
FJ,sea_level,2021,10,
FJ,sea_level,2022,20,
FJ,sea_level,2023,10,
FM,sea_level,1993,-10,
FM,sea_level,1994,0,
FM,sea_level,1995,0,
FM,sea_level,1996,0,
FM,sea_level,1997,-10,
FM,sea_level,1998,0,
FM,sea_level,1999,10,
FM,sea_level,2000,10,
FM,sea_level,2001,10,
FM,sea_level,2002,0,
FM,sea_level,2003,0,
FM,sea_level,2004,0,
FM,sea_level,2005,0,
FM,sea_level,2006,0,
FM,sea_level,2007,10,
FM,sea_level,2008,10,
FM,sea_level,2009,10,
FM,sea_level,2010,10,
FM,sea_level,2011,10,
FM,sea_level,2012,10,
FM,sea_level,2013,10,
FM,sea_level,2014,0,
FM,sea_level,2015,-10,
FM,sea_level,2016,10,
FM,sea_level,2017,10,
FM,sea_level,2018,10,
FM,sea_level,2019,10,
FM,sea_level,2020,10,
FM,sea_level,2021,10,
FM,sea_level,2022,20,
FM,sea_level,2023,10,
GU,sea_level,1993,0,
GU,sea_level,1994,0,
GU,sea_level,1995,-10,
GU,sea_level,1996,0,
GU,sea_level,1997,-10,
GU,sea_level,1998,0,
GU,sea_level,1999,10,
GU,sea_level,2000,10,
GU,sea_level,2001,0,
GU,sea_level,2002,0,
GU,sea_level,2003,0,
GU,sea_level,2004,0,
GU,sea_level,2005,0,
GU,sea_level,2006,10,
GU,sea_level,2007,10,
GU,sea_level,2008,20,
GU,sea_level,2009,10,
GU,sea_level,2010,10,
GU,sea_level,2011,10,
GU,sea_level,2012,10,
GU,sea_level,2013,10,
GU,sea_level,2014,0,
GU,sea_level,2015,-10,
GU,sea_level,2016,0,
GU,sea_level,2017,10,
GU,sea_level,2018,0,
GU,sea_level,2019,0,
GU,sea_level,2020,10,
GU,sea_level,2021,20,
GU,sea_level,2022,10,
GU,sea_level,2023,10,
KI,sea_level,1993,0,
KI,sea_level,1994,0,
KI,sea_level,1995,0,
KI,sea_level,1996,0,
KI,sea_level,1997,0,
KI,sea_level,1998,-10,
KI,sea_level,1999,0,
KI,sea_level,2000,0,
KI,sea_level,2001,0,
KI,sea_level,2002,10,
KI,sea_level,2003,10,
KI,sea_level,2004,10,
KI,sea_level,2005,10,
KI,sea_level,2006,0,
KI,sea_level,2007,0,
KI,sea_level,2008,0,
KI,sea_level,2009,0,
KI,sea_level,2010,0,
KI,sea_level,2011,0,
KI,sea_level,2012,0,
KI,sea_level,2013,0,
KI,sea_level,2014,10,
KI,sea_level,2015,10,
KI,sea_level,2016,10,
KI,sea_level,2017,10,
KI,sea_level,2018,10,
KI,sea_level,2019,10,
KI,sea_level,2020,10,
KI,sea_level,2021,10,
KI,sea_level,2022,10,
KI,sea_level,2023,10,
MH,sea_level,1993,0,
MH,sea_level,1994,0,
MH,sea_level,1995,0,
MH,sea_level,1996,0,
MH,sea_level,1997,-10,
MH,sea_level,1998,0,
MH,sea_level,1999,0,
MH,sea_level,2000,0,
MH,sea_level,2001,0,
MH,sea_level,2002,0,
MH,sea_level,2003,0,
MH,sea_level,2004,0,
MH,sea_level,2005,10,
MH,sea_level,2006,0,
MH,sea_level,2007,10,
MH,sea_level,2008,10,
MH,sea_level,2009,0,
MH,sea_level,2010,10,
MH,sea_level,2011,10,
MH,sea_level,2012,10,
MH,sea_level,2013,10,
MH,sea_level,2014,0,
MH,sea_level,2015,0,
MH,sea_level,2016,0,
MH,sea_level,2017,10,
MH,sea_level,2018,0,
MH,sea_level,2019,10,
MH,sea_level,2020,10,
MH,sea_level,2021,10,
MH,sea_level,2022,10,
MH,sea_level,2023,10,
MP,sea_level,1993,0,
MP,sea_level,1994,0,
MP,sea_level,1995,0,
MP,sea_level,1996,0,
MP,sea_level,1997,0,
MP,sea_level,1998,0,
MP,sea_level,1999,0,
MP,sea_level,2000,0,
MP,sea_level,2001,0,
MP,sea_level,2002,0,
MP,sea_level,2003,0,
MP,sea_level,2004,0,
MP,sea_level,2005,10,
MP,sea_level,2006,0,
MP,sea_level,2007,10,
MP,sea_level,2008,10,
MP,sea_level,2009,0,
MP,sea_level,2010,0,
MP,sea_level,2011,0,
MP,sea_level,2012,0,
MP,sea_level,2013,10,
MP,sea_level,2014,0,
MP,sea_level,2015,0,
MP,sea_level,2016,0,
MP,sea_level,2017,10,
MP,sea_level,2018,10,
MP,sea_level,2019,10,
MP,sea_level,2020,10,
MP,sea_level,2021,10,
MP,sea_level,2022,10,
MP,sea_level,2023,10,
NC,sea_level,1993,0,
NC,sea_level,1994,0,
NC,sea_level,1995,0,
NC,sea_level,1996,0,
NC,sea_level,1997,0,
NC,sea_level,1998,10,
NC,sea_level,1999,0,
NC,sea_level,2000,0,
NC,sea_level,2001,0,
NC,sea_level,2002,0,
NC,sea_level,2003,0,
NC,sea_level,2004,0,
NC,sea_level,2005,0,
NC,sea_level,2006,0,
NC,sea_level,2007,0,
NC,sea_level,2008,0,
NC,sea_level,2009,10,
NC,sea_level,2010,10,
NC,sea_level,2011,0,
NC,sea_level,2012,10,
NC,sea_level,2013,10,
NC,sea_level,2014,10,
NC,sea_level,2015,10,
NC,sea_level,2016,10,
NC,sea_level,2017,10,
NC,sea_level,2018,10,
NC,sea_level,2019,10,
NC,sea_level,2020,10,
NC,sea_level,2021,10,
NC,sea_level,2022,10,
NC,sea_level,2023,10,
NR,sea_level,1993,0,
NR,sea_level,1994,0,
NR,sea_level,1995,0,
NR,sea_level,1996,0,
NR,sea_level,1997,0,
NR,sea_level,1998,-10,
NR,sea_level,1999,0,
NR,sea_level,2000,0,
NR,sea_level,2001,0,
NR,sea_level,2002,0,
NR,sea_level,2003,0,
NR,sea_level,2004,10,
NR,sea_level,2005,10,
NR,sea_level,2006,10,
NR,sea_level,2007,0,
NR,sea_level,2008,0,
NR,sea_level,2009,10,
NR,sea_level,2010,0,
NR,sea_level,2011,10,
NR,sea_level,2012,10,
NR,sea_level,2013,10,
NR,sea_level,2014,10,
NR,sea_level,2015,10,
NR,sea_level,2016,0,
NR,sea_level,2017,10,
NR,sea_level,2018,10,
NR,sea_level,2019,10,
NR,sea_level,2020,10,
NR,sea_level,2021,10,
NR,sea_level,2022,10,
NR,sea_level,2023,10,
NU,sea_level,1993,0,
NU,sea_level,1994,0,
NU,sea_level,1995,0,
NU,sea_level,1996,0,
NU,sea_level,1997,0,
NU,sea_level,1998,0,
NU,sea_level,1999,0,
NU,sea_level,2000,0,
NU,sea_level,2001,0,
NU,sea_level,2002,0,
NU,sea_level,2003,0,
NU,sea_level,2004,0,
NU,sea_level,2005,0,
NU,sea_level,2006,10,
NU,sea_level,2007,10,
NU,sea_level,2008,10,
NU,sea_level,2009,10,
NU,sea_level,2010,0,
NU,sea_level,2011,10,
NU,sea_level,2012,10,
NU,sea_level,2013,10,
NU,sea_level,2014,10,
NU,sea_level,2015,0,
NU,sea_level,2016,10,
NU,sea_level,2017,10,
NU,sea_level,2018,10,
NU,sea_level,2019,10,
NU,sea_level,2020,10,
NU,sea_level,2021,10,
NU,sea_level,2022,20,
NU,sea_level,2023,10,
PF,sea_level,1993,0,
PF,sea_level,1994,0,
PF,sea_level,1995,0,
PF,sea_level,1996,0,
PF,sea_level,1997,0,
PF,sea_level,1998,0,
PF,sea_level,1999,0,
PF,sea_level,2000,0,
PF,sea_level,2001,0,
PF,sea_level,2002,0,
PF,sea_level,2003,0,
PF,sea_level,2004,0,
PF,sea_level,2005,0,
PF,sea_level,2006,10,
PF,sea_level,2007,0,
PF,sea_level,2008,0,
PF,sea_level,2009,0,
PF,sea_level,2010,0,
PF,sea_level,2011,0,
PF,sea_level,2012,0,
PF,sea_level,2013,0,
PF,sea_level,2014,10,
PF,sea_level,2015,10,
PF,sea_level,2016,10,
PF,sea_level,2017,10,
PF,sea_level,2018,10,
PF,sea_level,2019,10,
PF,sea_level,2020,10,
PF,sea_level,2021,10,
PF,sea_level,2022,10,
PF,sea_level,2023,10,
PG,sea_level,1993,-10,
PG,sea_level,1994,0,
PG,sea_level,1995,0,
PG,sea_level,1996,0,
PG,sea_level,1997,0,
PG,sea_level,1998,-10,
PG,sea_level,1999,0,
PG,sea_level,2000,10,
PG,sea_level,2001,0,
PG,sea_level,2002,0,
PG,sea_level,2003,0,
PG,sea_level,2004,0,
PG,sea_level,2005,0,
PG,sea_level,2006,0,
PG,sea_level,2007,0,
PG,sea_level,2008,10,
PG,sea_level,2009,10,
PG,sea_level,2010,0,
PG,sea_level,2011,10,
PG,sea_level,2012,10,
PG,sea_level,2013,10,
PG,sea_level,2014,10,
PG,sea_level,2015,0,
PG,sea_level,2016,0,
PG,sea_level,2017,10,
PG,sea_level,2018,10,
PG,sea_level,2019,10,
PG,sea_level,2020,10,
PG,sea_level,2021,10,
PG,sea_level,2022,20,
PG,sea_level,2023,10,
PW,sea_level,1993,-10,
PW,sea_level,1994,-10,
PW,sea_level,1995,0,
PW,sea_level,1996,0,
PW,sea_level,1997,-10,
PW,sea_level,1998,0,
PW,sea_level,1999,10,
PW,sea_level,2000,10,
PW,sea_level,2001,10,
PW,sea_level,2002,-10,
PW,sea_level,2003,0,
PW,sea_level,2004,0,
PW,sea_level,2005,0,
PW,sea_level,2006,0,
PW,sea_level,2007,0,
PW,sea_level,2008,20,
PW,sea_level,2009,10,
PW,sea_level,2010,10,
PW,sea_level,2011,10,
PW,sea_level,2012,10,
PW,sea_level,2013,10,
PW,sea_level,2014,0,
PW,sea_level,2015,-10,
PW,sea_level,2016,0,
PW,sea_level,2017,10,
PW,sea_level,2018,0,
PW,sea_level,2019,0,
PW,sea_level,2020,10,
PW,sea_level,2021,20,
PW,sea_level,2022,20,
PW,sea_level,2023,10,
SB,sea_level,1993,-10,
SB,sea_level,1994,0,
SB,sea_level,1995,0,
SB,sea_level,1996,10,
SB,sea_level,1997,0,
SB,sea_level,1998,-10,
SB,sea_level,1999,0,
SB,sea_level,2000,10,
SB,sea_level,2001,10,
SB,sea_level,2002,0,
SB,sea_level,2003,0,
SB,sea_level,2004,0,
SB,sea_level,2005,0,
SB,sea_level,2006,0,
SB,sea_level,2007,10,
SB,sea_level,2008,10,
SB,sea_level,2009,10,
SB,sea_level,2010,0,
SB,sea_level,2011,10,
SB,sea_level,2012,10,
SB,sea_level,2013,10,
SB,sea_level,2014,10,
SB,sea_level,2015,0,
SB,sea_level,2016,0,
SB,sea_level,2017,10,
SB,sea_level,2018,10,
SB,sea_level,2019,10,
SB,sea_level,2020,10,
SB,sea_level,2021,20,
SB,sea_level,2022,20,
SB,sea_level,2023,10,
TK,sea_level,1993,0,
TK,sea_level,1994,0,
TK,sea_level,1995,10,
TK,sea_level,1996,0,
TK,sea_level,1997,0,
TK,sea_level,1998,-10,
TK,sea_level,1999,0,
TK,sea_level,2000,0,
TK,sea_level,2001,0,
TK,sea_level,2002,10,
TK,sea_level,2003,10,
TK,sea_level,2004,10,
TK,sea_level,2005,10,
TK,sea_level,2006,0,
TK,sea_level,2007,10,
TK,sea_level,2008,0,
TK,sea_level,2009,0,
TK,sea_level,2010,0,
TK,sea_level,2011,0,
TK,sea_level,2012,0,
TK,sea_level,2013,10,
TK,sea_level,2014,10,
TK,sea_level,2015,10,
TK,sea_level,2016,0,
TK,sea_level,2017,10,
TK,sea_level,2018,10,
TK,sea_level,2019,10,
TK,sea_level,2020,10,
TK,sea_level,2021,10,
TK,sea_level,2022,10,
TK,sea_level,2023,10,
TO,sea_level,1993,0,
TO,sea_level,1994,0,
TO,sea_level,1995,0,
TO,sea_level,1996,0,
TO,sea_level,1997,0,
TO,sea_level,1998,0,
TO,sea_level,1999,0,
TO,sea_level,2000,10,
TO,sea_level,2001,0,
TO,sea_level,2002,10,
TO,sea_level,2003,0,
TO,sea_level,2004,0,
TO,sea_level,2005,0,
TO,sea_level,2006,0,
TO,sea_level,2007,10,
TO,sea_level,2008,10,
TO,sea_level,2009,10,
TO,sea_level,2010,0,
TO,sea_level,2011,10,
TO,sea_level,2012,10,
TO,sea_level,2013,10,
TO,sea_level,2014,10,
TO,sea_level,2015,0,
TO,sea_level,2016,10,
TO,sea_level,2017,10,
TO,sea_level,2018,10,
TO,sea_level,2019,10,
TO,sea_level,2020,10,
TO,sea_level,2021,10,
TO,sea_level,2022,10,
TO,sea_level,2023,10,
TV,sea_level,1993,0,
TV,sea_level,1994,0,
TV,sea_level,1995,0,
TV,sea_level,1996,0,
TV,sea_level,1997,0,
TV,sea_level,1998,-20,
TV,sea_level,1999,0,
TV,sea_level,2000,0,
TV,sea_level,2001,0,
TV,sea_level,2002,10,
TV,sea_level,2003,0,
TV,sea_level,2004,10,
TV,sea_level,2005,10,
TV,sea_level,2006,10,
TV,sea_level,2007,10,
TV,sea_level,2008,10,
TV,sea_level,2009,0,
TV,sea_level,2010,0,
TV,sea_level,2011,10,
TV,sea_level,2012,0,
TV,sea_level,2013,10,
TV,sea_level,2014,10,
TV,sea_level,2015,10,
TV,sea_level,2016,0,
TV,sea_level,2017,10,
TV,sea_level,2018,10,
TV,sea_level,2019,10,
TV,sea_level,2020,10,
TV,sea_level,2021,10,
TV,sea_level,2022,10,
TV,sea_level,2023,10,
VU,sea_level,1993,0,
VU,sea_level,1994,0,
VU,sea_level,1995,0,
VU,sea_level,1996,0,
VU,sea_level,1997,0,
VU,sea_level,1998,0,
VU,sea_level,1999,0,
VU,sea_level,2000,0,
VU,sea_level,2001,10,
VU,sea_level,2002,0,
VU,sea_level,2003,0,
VU,sea_level,2004,0,
VU,sea_level,2005,0,
VU,sea_level,2006,0,
VU,sea_level,2007,0,
VU,sea_level,2008,10,
VU,sea_level,2009,10,
VU,sea_level,2010,0,
VU,sea_level,2011,10,
VU,sea_level,2012,10,
VU,sea_level,2013,0,
VU,sea_level,2014,0,
VU,sea_level,2015,0,
VU,sea_level,2016,0,
VU,sea_level,2017,10,
VU,sea_level,2018,10,
VU,sea_level,2019,10,
VU,sea_level,2020,10,
VU,sea_level,2021,10,
VU,sea_level,2022,20,
VU,sea_level,2023,20,
WF,sea_level,1993,0,
WF,sea_level,1994,0,
WF,sea_level,1995,0,
WF,sea_level,1996,10,
WF,sea_level,1997,0,
WF,sea_level,1998,-20,
WF,sea_level,1999,0,
WF,sea_level,2000,0,
WF,sea_level,2001,10,
WF,sea_level,2002,0,
WF,sea_level,2003,0,
WF,sea_level,2004,0,
WF,sea_level,2005,0,
WF,sea_level,2006,10,
WF,sea_level,2007,10,
WF,sea_level,2008,10,
WF,sea_level,2009,10,
WF,sea_level,2010,0,
WF,sea_level,2011,10,
WF,sea_level,2012,10,
WF,sea_level,2013,0,
WF,sea_level,2014,0,
WF,sea_level,2015,0,
WF,sea_level,2016,0,
WF,sea_level,2017,10,
WF,sea_level,2018,10,
WF,sea_level,2019,10,
WF,sea_level,2020,10,
WF,sea_level,2021,20,
WF,sea_level,2022,10,
WF,sea_level,2023,10,
WS,sea_level,1993,0,
WS,sea_level,1994,0,
WS,sea_level,1995,0,
WS,sea_level,1996,10,
WS,sea_level,1997,0,
WS,sea_level,1998,-20,
WS,sea_level,1999,0,
WS,sea_level,2000,0,
WS,sea_level,2001,0,
WS,sea_level,2002,0,
WS,sea_level,2003,0,
WS,sea_level,2004,10,
WS,sea_level,2005,0,
WS,sea_level,2006,10,
WS,sea_level,2007,10,
WS,sea_level,2008,10,
WS,sea_level,2009,0,
WS,sea_level,2010,0,
WS,sea_level,2011,10,
WS,sea_level,2012,10,
WS,sea_level,2013,0,
WS,sea_level,2014,0,
WS,sea_level,2015,10,
WS,sea_level,2016,0,
WS,sea_level,2017,10,
WS,sea_level,2018,10,
WS,sea_level,2019,10,
WS,sea_level,2020,10,
WS,sea_level,2021,20,
WS,sea_level,2022,10,
WS,sea_level,2023,10,
