province,annee,commune,code_bv,bureau_nom,longitude,latitude,inscrits,votants,exprimes,force,force_label,force_short,couleur,ordre,voix,denominateur,pct,spatial_include,iris_codgeo,iris_libgeo
Province Nord,2019,Bélep,0001,Mairie,163.6480110596638,-19.71203277091468,912,490,487,bloc_independantiste,Bloc indépendantiste,Indépendantistes,#2f925d,1,475,487,97.53593429158111,TRUE,101,Bélep
Province Nord,2019,Canala,0001,Mairie,165.96392757417755,-21.522084905801098,369,247,234,bloc_independantiste,Bloc indépendantiste,Indépendantistes,#2f925d,1,216,234,92.3076923076923,TRUE,401,Canala village
Province Nord,2019,Canala,0002,Nakéty,166.04631481753384,-21.54222544058342,791,514,509,bloc_independantiste,Bloc indépendantiste,Indépendantistes,#2f925d,1,495,509,97.24950884086444,TRUE,403,Gélima - Nakéty
Province Nord,2019,Canala,0003,Nanon-Kénérou,165.88480729759476,-21.546697208816735,458,287,279,bloc_independantiste,Bloc indépendantiste,Indépendantistes,#2f925d,1,271,279,97.1326164874552,TRUE,401,Canala village
Province Nord,2019,Canala,0004,Méhoué,165.9494172177474,-21.51958486452521,778,496,478,bloc_independantiste,Bloc indépendantiste,Indépendantistes,#2f925d,1,438,478,91.63179916317992,TRUE,401,Canala village
Province Nord,2019,Canala,0005,Gélima,165.98151543430086,-21.534392845846163,704,452,439,bloc_independantiste,Bloc indépendantiste,Indépendantistes,#2f925d,1,423,439,96.35535307517084,TRUE,403,Gélima - Nakéty
Province Nord,2019,Canala,0006,Mérénémé,165.92818615112122,-21.514857403632252,284,162,138,bloc_independantiste,Bloc indépendantiste,Indépendantistes,#2f925d,1,130,138,94.20289855072464,TRUE,401,Canala village
Province Nord,2019,Hienghène,0001,Mairie,164.94565765433836,-20.688834938182335,541,304,302,bloc_independantiste,Bloc indépendantiste,Indépendantistes,#2f925d,1,295,302,97.68211920529801,TRUE,701,Hienghéne littoral
Province Nord,2019,Hienghène,0002,Tendo,164.8162801367713,-20.71273259336387,216,157,157,bloc_independantiste,Bloc indépendantiste,Indépendantistes,#2f925d,1,150,157,95.54140127388536,TRUE,704,Tiendanite Ouayaguette
Province Nord,2019,Hienghène,0003,Bas-Coulna,164.78261362354763,-20.687835024386533,112,67,66,bloc_independantiste,Bloc indépendantiste,Indépendantistes,#2f925d,1,58,66,87.87878787878788,TRUE,704,Tiendanite Ouayaguette
Province Nord,2019,Hienghène,0004,Haut-Coulna,164.7358564404401,-20.63480876362534,102,59,59,bloc_independantiste,Bloc indépendantiste,Indépendantistes,#2f925d,1,57,59,96.61016949152543,TRUE,704,Tiendanite Ouayaguette
Province Nord,2019,Hienghène,0005,Ouayaguette,164.6835205195477,-20.659220188803257,181,109,108,bloc_independantiste,Bloc indépendantiste,Indépendantistes,#2f925d,1,104,108,96.29629629629629,TRUE,704,Tiendanite Ouayaguette
Province Nord,2019,Hienghène,0006,Ouaième,164.84911233352278,-20.61488125992091,212,138,136,bloc_independantiste,Bloc indépendantiste,Indépendantistes,#2f925d,1,133,136,97.79411764705883,TRUE,701,Hienghéne littoral
Province Nord,2019,Hienghène,0007,Oué-Hawa,165.03458545186362,-20.765966185987494,70,32,31,bloc_independantiste,Bloc indépendantiste,Indépendantistes,#2f925d,1,31,31,100,TRUE,704,Tiendanite Ouayaguette
Province Nord,2019,Hienghène,0008,Tiendanite,164.8988687236624,-20.75818441571426,97,81,81,bloc_independantiste,Bloc indépendantiste,Indépendantistes,#2f925d,1,81,81,100,TRUE,704,Tiendanite Ouayaguette
Province Nord,2019,Hienghène,0009,Ouaré,164.93523458965643,-20.673024668353836,585,408,407,bloc_independantiste,Bloc indépendantiste,Indépendantistes,#2f925d,1,399,407,98.03439803439804,TRUE,701,Hienghéne littoral
Province Nord,2019,Hienghène,0010,Léwarap,164.92837654735197,-20.722390044785012,288,175,173,bloc_independantiste,Bloc indépendantiste,Indépendantistes,#2f925d,1,170,173,98.26589595375722,TRUE,701,Hienghéne littoral
Province Nord,2019,Houaïlou,0001,Mairie,165.6260919909217,-21.278284372962112,417,255,247,bloc_independantiste,Bloc indépendantiste,Indépendantistes,#2f925d,1,213,247,86.23481781376518,TRUE,801,Houailou village
Province Nord,2019,Houaïlou,0002,Warai,165.76989808558005,-21.33124821435679,659,399,368,bloc_independantiste,Bloc indépendantiste,Indépendantistes,#2f925d,1,303,368,82.33695652173913,TRUE,807,Boréaré - Coula - Karagreu
Province Nord,2019,Houaïlou,0003,Bâ,165.55842620966266,-21.19827944865936,370,245,242,bloc_independantiste,Bloc indépendantiste,Indépendantistes,#2f925d,1,216,242,89.25619834710744,TRUE,803,Warai
Province Nord,2019,Houaïlou,0004,Nessakoéa,165.5267547278778,-21.28421939373571,296,164,159,bloc_independantiste,Bloc indépendantiste,Indépendantistes,#2f925d,1,144,159,90.56603773584905,TRUE,805,Nédivin - Bas Nindien
Province Nord,2019,Houaïlou,0005,Poro,165.70953015747588,-21.30262511634177,522,267,256,bloc_independantiste,Bloc indépendantiste,Indépendantistes,#2f925d,1,202,256,78.90625,TRUE,801,Houailou village
Province Nord,2019,Houaïlou,0006,Coula,165.44899405604838,-21.336853600338287,488,269,265,bloc_independantiste,Bloc indépendantiste,Indépendantistes,#2f925d,1,236,265,89.05660377358491,TRUE,807,Boréaré - Coula - Karagreu
Province Nord,2019,Houaïlou,0007,Néaoua,165.6455007313978,-21.325531853593,328,193,191,bloc_independantiste,Bloc indépendantiste,Indépendantistes,#2f925d,1,185,191,96.8586387434555,TRUE,801,Houailou village
Province Nord,2019,Houaïlou,0008,Nédivin,165.57082158687447,-21.289736384804883,499,312,303,bloc_independantiste,Bloc indépendantiste,Indépendantistes,#2f925d,1,265,303,87.45874587458746,TRUE,805,Nédivin - Bas Nindien
Province Nord,2019,Kaala-Gomen,0001,Mairie,164.397185345977,-20.6671314843025,485,270,268,bloc_independantiste,Bloc indépendantiste,Indépendantistes,#2f925d,1,178,268,66.41791044776119,TRUE,1001,Kaala Gomen village et littoral
Province Nord,2019,Kaala-Gomen,0002,Oueholle,164.545680960012,-20.6046276080457,357,258,258,bloc_independantiste,Bloc indépendantiste,Indépendantistes,#2f925d,1,258,258,100,TRUE,1004,Ouéholle - Ouémou - Kourou
Province Nord,2019,Kaala-Gomen,0003,Maison Commune de Païta,164.426512320768,-20.6494636653987,274,161,159,bloc_independantiste,Bloc indépendantiste,Indépendantistes,#2f925d,1,153,159,96.22641509433963,TRUE,1001,Kaala Gomen village et littoral
Province Nord,2019,Kaala-Gomen,0004,Maison Commune de Gamaï,164.486749878062,-20.6941126404856,182,127,126,bloc_independantiste,Bloc indépendantiste,Indépendantistes,#2f925d,1,123,126,97.61904761904762,TRUE,1001,Kaala Gomen village et littoral
Province Nord,2019,Kaala-Gomen,0005,Maison Commune de Baoui,164.463552597488,-20.6891303658536,122,104,104,bloc_independantiste,Bloc indépendantiste,Indépendantistes,#2f925d,1,100,104,96.15384615384616,TRUE,1001,Kaala Gomen village et littoral
Province Nord,2019,Kaala-Gomen,0006,Ouaco,164.471215971078,-20.8375035625753,191,124,120,bloc_independantiste,Bloc indépendantiste,Indépendantistes,#2f925d,1,56,120,46.666666666666664,TRUE,1001,Kaala Gomen village et littoral
Province Nord,2019,Koné,0001,Mairie,164.861419,-21.061604,631,436,421,bloc_independantiste,Bloc indépendantiste,Indépendantistes,#2f925d,1,156,421,37.05463182897862,TRUE,NA,NA
Province Nord,2019,Koné,0002,Poindah,164.964442641559,-21.0372102738018,162,113,113,bloc_independantiste,Bloc indépendantiste,Indépendantistes,#2f925d,1,84,113,74.33628318584071,TRUE,1107,Poindah - Noelly - Néami - Netchaot
Province Nord,2019,Koné,0003,Netchaot,165.022902317548,-21.0054157631335,390,273,272,bloc_independantiste,Bloc indépendantiste,Indépendantistes,#2f925d,1,263,272,96.69117647058823,TRUE,1107,Poindah - Noelly - Néami - Netchaot
Province Nord,2019,Koné,0004,Tiaoué,164.916802108,-21.0000621217301,258,213,213,bloc_independantiste,Bloc indépendantiste,Indépendantistes,#2f925d,1,208,213,97.65258215962442,TRUE,1107,Poindah - Noelly - Néami - Netchaot
Province Nord,2019,Koné,0005,Atéou,164.90654574925,-20.9500343540188,129,94,94,bloc_independantiste,Bloc indépendantiste,Indépendantistes,#2f925d,1,92,94,97.87234042553192,TRUE,1107,Poindah - Noelly - Néami - Netchaot
Province Nord,2019,Koné,0006,Bopope,165.079714634727,-20.9178415050895,211,152,148,bloc_independantiste,Bloc indépendantiste,Indépendantistes,#2f925d,1,143,148,96.62162162162163,TRUE,1108,Bopope
Province Nord,2019,Koné,0007,Neami,164.971958124292,-20.977983356452,206,145,144,bloc_independantiste,Bloc indépendantiste,Indépendantistes,#2f925d,1,140,144,97.22222222222223,TRUE,1107,Poindah - Noelly - Néami - Netchaot
Province Nord,2019,Koné,0008,Baco,164.895177171264,-21.0667090848805,400,282,279,bloc_independantiste,Bloc indépendantiste,Indépendantistes,#2f925d,1,266,279,95.3405017921147,TRUE,1103,Baco - Koniambo
Province Nord,2019,Koné,0009,Ecole Primaire Les Cigales,164.8701529762,-21.0521518022935,649,427,411,bloc_independantiste,Bloc indépendantiste,Indépendantistes,#2f925d,1,266,411,64.72019464720195,TRUE,1101,Koné village
Province Nord,2019,Koné,0010,Noëlly,164.947538773364,-21.0048750710989,212,147,145,bloc_independantiste,Bloc indépendantiste,Indépendantistes,#2f925d,1,140,145,96.55172413793103,TRUE,1107,Poindah - Noelly - Néami - Netchaot
Province Nord,2019,Koné,0011,Mairie 2,164.861419,-21.061604,487,328,309,bloc_independantiste,Bloc indépendantiste,Indépendantistes,#2f925d,1,156,309,50.48543689320388,TRUE,NA,NA
Province Nord,2019,Koné,0012,Les Allamandas,164.856461111321,-21.052040276968,394,309,302,bloc_independantiste,Bloc indépendantiste,Indépendantistes,#2f925d,1,113,302,37.41721854304636,TRUE,1101,Koné village
Province Nord,2019,Kouaoua,0001,Mairie,165.82856671021466,-21.396045166693337,539,357,353,bloc_independantiste,Bloc indépendantiste,Indépendantistes,#2f925d,1,203,353,57.507082152974505,TRUE,3301,Kouaoua village - Amon Kasiori
Province Nord,2019,Kouaoua,0002,Ouérou-Piment,165.72221294003012,-21.49791198784617,259,175,173,bloc_independantiste,Bloc indépendantiste,Indépendantistes,#2f925d,1,150,173,86.70520231213872,TRUE,3302,Méa Mébara - Ouérou Pimet
Province Nord,2019,Kouaoua,0003,Koh,165.83542921955194,-21.536184530370736,143,109,108,bloc_independantiste,Bloc indépendantiste,Indépendantistes,#2f925d,1,81,108,75,TRUE,3302,Méa Mébara - Ouérou Pimet
Province Nord,2019,Kouaoua,0004,Méa-Mébara,165.78859040310297,-21.469132110021317,168,97,96,bloc_independantiste,Bloc indépendantiste,Indépendantistes,#2f925d,1,67,96,69.79166666666667,TRUE,3302,Méa Mébara - Ouérou Pimet
Province Nord,2019,Koumac,0001,Mairie 1 et Centralisateur,164.280241420927,-20.5602050455624,1157,728,706,bloc_independantiste,Bloc indépendantiste,Indépendantistes,#2f925d,1,344,706,48.725212464589234,TRUE,1201,Koumac village
Province Nord,2019,Koumac,0002,Ecole Primaire Charles Mermoud 2,164.282519595968,-20.5572929814306,1482,926,889,bloc_independantiste,Bloc indépendantiste,Indépendantistes,#2f925d,1,277,889,31.158605174353205,TRUE,1201,Koumac village
Province Nord,2019,Ouégoa,0001,Mairie,164.43943670837254,-20.34408534785039,799,494,468,bloc_independantiste,Bloc indépendantiste,Indépendantistes,#2f925d,1,150,468,32.05128205128205,TRUE,1901,Ouégoa village - Balagam - Paraoua - Tarap
Province Nord,2019,Ouégoa,0002,Bondé,164.4324943000077,-20.429158724947957,802,476,475,bloc_independantiste,Bloc indépendantiste,Indépendantistes,#2f925d,1,468,475,98.52631578947368,TRUE,1903,Bondé
Province Nord,2019,Ouégoa,0003,Paimboas,164.52279333171543,-20.52170436626958,386,224,223,bloc_independantiste,Bloc indépendantiste,Indépendantistes,#2f925d,1,220,223,98.65470852017937,TRUE,1903,Bondé
Province Nord,2019,Ouégoa,0004,Tiari,164.3468221527753,-20.245820839427363,143,101,101,bloc_independantiste,Bloc indépendantiste,Indépendantistes,#2f925d,1,90,101,89.10891089108911,TRUE,1902,Pam - Tiari
Province Nord,2019,Poindimié,0001,Mairie,165.33315827223544,-20.938215187057807,1120,657,646,bloc_independantiste,Bloc indépendantiste,Indépendantistes,#2f925d,1,387,646,59.907120743034056,TRUE,2201,Poindimié village
Province Nord,2019,Poindimié,0002,Ouindo,165.39928663560227,-20.98624503490911,503,338,322,bloc_independantiste,Bloc indépendantiste,Indépendantistes,#2f925d,1,286,322,88.81987577639751,TRUE,2204,Tibarama - Bayes - Ouindo - Ometteux - Napoém
Province Nord,2019,Poindimié,0003,Bayes,165.41027144991733,-20.95108534474138,553,377,375,bloc_independantiste,Bloc indépendantiste,Indépendantistes,#2f925d,1,327,375,87.2,TRUE,2204,Tibarama - Bayes - Ouindo - Ometteux - Napoém
Province Nord,2019,Poindimié,0004,Amoa,165.39810099674145,-20.94109090560688,489,354,353,bloc_independantiste,Bloc indépendantiste,Indépendantistes,#2f925d,1,316,353,89.51841359773371,TRUE,2204,Tibarama - Bayes - Ouindo - Ometteux - Napoém
Province Nord,2019,Poindimié,0005,Tye,165.2980420173767,-20.900766814763863,559,396,392,bloc_independantiste,Bloc indépendantiste,Indépendantistes,#2f925d,1,375,392,95.66326530612245,TRUE,2202,Tiéti - Tyé
Province Nord,2019,Poindimié,0006,Tiwaka,165.22299948568272,-20.895132063083377,322,210,208,bloc_independantiste,Bloc indépendantiste,Indépendantistes,#2f925d,1,192,208,92.3076923076923,TRUE,2202,Tiéti - Tyé
Province Nord,2019,Poindimié,0007,Tiéti,165.31101622324238,-20.919563042768107,544,382,379,bloc_independantiste,Bloc indépendantiste,Indépendantistes,#2f925d,1,334,379,88.12664907651715,TRUE,2202,Tiéti - Tyé
Province Nord,2019,Ponérihouen,0001,Mairie,165.40196429415164,-21.070938768181968,480,313,304,bloc_independantiste,Bloc indépendantiste,Indépendantistes,#2f925d,1,214,304,70.39473684210526,TRUE,2302,Ponérihouen village
Province Nord,2019,Ponérihouen,0002,Monéo,165.47846310724432,-21.150451617013218,447,268,264,bloc_independantiste,Bloc indépendantiste,Indépendantistes,#2f925d,1,226,264,85.60606060606061,TRUE,2302,Ponérihouen village
Province Nord,2019,Ponérihouen,0003,Tchamba,165.2930233618618,-21.038585818858223,312,219,217,bloc_independantiste,Bloc indépendantiste,Indépendantistes,#2f925d,1,200,217,92.16589861751152,TRUE,2303,Goyetta - Goa - Nébouéba - St Yves
Province Nord,2019,Ponérihouen,0004,Goa,165.30971500397104,-21.10629747908845,384,262,260,bloc_independantiste,Bloc indépendantiste,Indépendantistes,#2f925d,1,257,260,98.84615384615384,TRUE,2303,Goyetta - Goa - Nébouéba - St Yves
Province Nord,2019,Ponérihouen,0005,Grondu,165.38976794045686,-21.076609909810266,492,337,332,bloc_independantiste,Bloc indépendantiste,Indépendantistes,#2f925d,1,317,332,95.48192771084338,TRUE,2302,Ponérihouen village
Province Nord,2019,Ponérihouen,0006,Mou,165.44259083569398,-21.09696482410325,164,114,112,bloc_independantiste,Bloc indépendantiste,Indépendantistes,#2f925d,1,103,112,91.96428571428571,TRUE,2302,Ponérihouen village
Province Nord,2019,Ponérihouen,0007,Goyetta,165.38150315716302,-21.17209523739158,326,229,229,bloc_independantiste,Bloc indépendantiste,Indépendantistes,#2f925d,1,223,229,97.37991266375546,TRUE,2302,Ponérihouen village
Province Nord,2019,Pouembout,0001,Mairie,164.901099514933,-21.1214333298182,1097,750,732,bloc_independantiste,Bloc indépendantiste,Indépendantistes,#2f925d,1,332,732,45.3551912568306,TRUE,2501,Pouembout village
Province Nord,2019,Pouembout,0002,Paouta,165.004824198459,-21.061258041708,156,131,128,bloc_independantiste,Bloc indépendantiste,Indépendantistes,#2f925d,1,117,128,91.40625,TRUE,2503,Pinda - Ouaté - Kopéto
Province Nord,2019,Pouembout,0003,Ouaté,165.125775830839,-21.1850509030541,134,95,94,bloc_independantiste,Bloc indépendantiste,Indépendantistes,#2f925d,1,94,94,100,TRUE,NA,NA
Province Nord,2019,Poum,0001,Mairie,164.02565823453438,-20.232335490929035,601,389,386,bloc_independantiste,Bloc indépendantiste,Indépendantistes,#2f925d,1,309,386,80.05181347150258,TRUE,2601,Poum du village - Poingam
Province Nord,2019,Poum,0002,Tiabet,164.0259384508845,-20.127138518272172,392,287,285,bloc_independantiste,Bloc indépendantiste,Indépendantistes,#2f925d,1,278,285,97.54385964912281,TRUE,2601,Poum du village - Poingam
Province Nord,2019,Poum,0003,Arama,164.20258021961365,-20.252916819670393,388,242,240,bloc_independantiste,Bloc indépendantiste,Indépendantistes,#2f925d,1,221,240,92.08333333333333,TRUE,2603,Bouarou - Pangai - Narai
Province Nord,2019,Pouébo,0001,Mairie,164.5872015210802,-20.399273159074973,718,364,360,bloc_independantiste,Bloc indépendantiste,Indépendantistes,#2f925d,1,351,360,97.5,TRUE,2401,Pouébo village - St Ferdinand - St Louis
Province Nord,2019,Pouébo,0002,Saint Denis Ballade,164.49963895578423,-20.310000557096696,533,307,302,bloc_independantiste,Bloc indépendantiste,Indépendantistes,#2f925d,1,287,302,95.03311258278146,TRUE,2401,Pouébo village - St Ferdinand - St Louis
Province Nord,2019,Pouébo,0003,Yambé,164.658766232452,-20.439464504971355,387,233,233,bloc_independantiste,Bloc indépendantiste,Indépendantistes,#2f925d,1,228,233,97.85407725321889,TRUE,2402,Tchamboéne - Diahoué - Colnett
Province Nord,2019,Pouébo,0004,Saint-Louis,164.56475883280652,-20.370617010719258,546,310,305,bloc_independantiste,Bloc indépendantiste,Indépendantistes,#2f925d,1,299,305,98.0327868852459,TRUE,2401,Pouébo village - St Ferdinand - St Louis
Province Nord,2019,Pouébo,0005,Colnett,164.73002659765442,-20.4756971674156,117,62,61,bloc_independantiste,Bloc indépendantiste,Indépendantistes,#2f925d,1,57,61,93.44262295081967,TRUE,2402,Tchamboéne - Diahoué - Colnett
Province Nord,2019,Poya Nord,0001,Mairie 1,164.99768585786552,-21.326893497720405,510,342,333,bloc_independantiste,Bloc indépendantiste,Indépendantistes,#2f925d,1,187,333,56.15615615615616,TRUE,2701,Poya villageé Népoui
Province Nord,2019,Poya Nord,0002,Gohapin,165.27390161257972,-21.22505994951149,447,313,312,bloc_independantiste,Bloc indépendantiste,Indépendantistes,#2f925d,1,308,312,98.71794871794872,TRUE,2705,Gohapin - Montfaoué - Néklia - Kradji
Province Nord,2019,Poya Nord,0003,Népoui,164.99768585786552,-21.326893497720405,685,441,418,bloc_independantiste,Bloc indépendantiste,Indépendantistes,#2f925d,1,185,418,44.25837320574163,TRUE,2701,Poya villageé Népoui
Province Nord,2019,Poya Nord,0004,Montfaoué,165.2933124776928,-21.277955211764784,250,170,170,bloc_independantiste,Bloc indépendantiste,Indépendantistes,#2f925d,1,169,170,99.41176470588235,TRUE,2705,Gohapin - Montfaoué - Néklia - Kradji
Province Nord,2019,Poya Nord,0006,Nékliai,165.1862986905251,-21.29493580556391,186,126,125,bloc_independantiste,Bloc indépendantiste,Indépendantistes,#2f925d,1,120,125,96,TRUE,2705,Gohapin - Montfaoué - Néklia - Kradji
Province Nord,2019,Touho,0001,Mairie,165.23869122747195,-20.77975735338533,966,637,625,bloc_independantiste,Bloc indépendantiste,Indépendantistes,#2f925d,1,486,625,77.76,TRUE,3001,Touho village
Province Nord,2019,Touho,0002,Tiouandé,165.04706639545026,-20.742192862631615,221,137,134,bloc_independantiste,Bloc indépendantiste,Indépendantistes,#2f925d,1,124,134,92.53731343283582,TRUE,3003,Tiouandé - Ouanache - Congouma - Paola
Province Nord,2019,Touho,0003,Kokingone,165.25551905392797,-20.85522530725118,302,187,181,bloc_independantiste,Bloc indépendantiste,Indépendantistes,#2f925d,1,172,181,95.02762430939227,TRUE,3004,Koe - Kokingone - Tiwaka - Pombéi
Province Nord,2019,Touho,0004,Paola,165.1103595238747,-20.77393379422664,405,277,276,bloc_independantiste,Bloc indépendantiste,Indépendantistes,#2f925d,1,267,276,96.73913043478261,TRUE,3003,Tiouandé - Ouanache - Congouma - Paola
Province Nord,2019,Voh,0001,Mairie,164.686182051524,-20.9488288857597,817,544,523,bloc_independantiste,Bloc indépendantiste,Indépendantistes,#2f925d,1,276,523,52.77246653919694,TRUE,3101,Voh village - Gatope
Province Nord,2019,Voh,0002,Témala,164.689267929949,-20.87135077045,813,541,533,bloc_independantiste,Bloc indépendantiste,Indépendantistes,#2f925d,1,444,533,83.30206378986867,TRUE,3103,Témala
Province Nord,2019,Voh,0003,Ouengo,164.74217311646055,-20.784454291123556,47,39,39,bloc_independantiste,Bloc indépendantiste,Indépendantistes,#2f925d,1,39,39,100,TRUE,3103,Témala
Province Nord,2019,Voh,0004,Tieta,164.740133724095,-20.9210724511979,264,193,192,bloc_independantiste,Bloc indépendantiste,Indépendantistes,#2f925d,1,188,192,97.91666666666667,TRUE,3106,Tiéta
Province Nord,2019,Voh,0005,Oundjo,164.697579851987,-21.0373781816945,329,249,248,bloc_independantiste,Bloc indépendantiste,Indépendantistes,#2f925d,1,244,248,98.38709677419355,TRUE,3101,Voh village - Gatope
Province Nord,2026,Bélep,0001,Mairie,163.6480110596638,-19.71203277091468,941,417,417,bloc_independantiste,Bloc indépendantiste,Indépendantistes,#2f925d,1,411,417,98.56115107913669,TRUE,101,Bélep
Province Nord,2026,Canala,0001,Mairie,165.96392757417755,-21.522084905801098,402,265,263,bloc_independantiste,Bloc indépendantiste,Indépendantistes,#2f925d,1,246,263,93.5361216730038,TRUE,401,Canala village
Province Nord,2026,Canala,0002,Nakéty (Marie annexe),166.04631481753384,-21.54222544058342,510,347,344,bloc_independantiste,Bloc indépendantiste,Indépendantistes,#2f925d,1,326,344,94.76744186046511,TRUE,403,Gélima - Nakéty
Province Nord,2026,Canala,0003,Nanon - Kénérou (maison commune),165.88480729759476,-21.546697208816735,463,293,287,bloc_independantiste,Bloc indépendantiste,Indépendantistes,#2f925d,1,285,287,99.30313588850174,TRUE,401,Canala village
Province Nord,2026,Canala,0004,Méhoué (maison commune de Méhoué),165.9494172177474,-21.51958486452521,820,589,582,bloc_independantiste,Bloc indépendantiste,Indépendantistes,#2f925d,1,540,582,92.78350515463917,TRUE,401,Canala village
Province Nord,2026,Canala,0005,Gélima (maison commune),165.98151543430086,-21.534392845846163,752,528,521,bloc_independantiste,Bloc indépendantiste,Indépendantistes,#2f925d,1,497,521,95.39347408829174,TRUE,403,Gélima - Nakéty
Province Nord,2026,Canala,0006,Mérénémé (maison commune),165.92818615112122,-21.514857403632252,317,193,189,bloc_independantiste,Bloc indépendantiste,Indépendantistes,#2f925d,1,175,189,92.5925925925926,TRUE,401,Canala village
Province Nord,2026,Canala,0007,Tenda Koumendi (école de Ného situé à la tribu de tenda-Koumendi),166.03563428874068,-21.545648677139223,345,212,210,bloc_independantiste,Bloc indépendantiste,Indépendantistes,#2f925d,1,196,210,93.33333333333333,TRUE,403,Gélima - Nakéty
Province Nord,2026,Hienghène,0001,Mairie,164.94565765433836,-20.688834938182335,574,327,327,bloc_independantiste,Bloc indépendantiste,Indépendantistes,#2f925d,1,312,327,95.41284403669725,TRUE,701,Hienghéne littoral
Province Nord,2026,Hienghène,0002,Tendo,164.8162801367713,-20.71273259336387,228,129,128,bloc_independantiste,Bloc indépendantiste,Indépendantistes,#2f925d,1,118,128,92.1875,TRUE,704,Tiendanite Ouayaguette
Province Nord,2026,Hienghène,0003,Bas-Coulna,164.78261362354763,-20.687835024386533,116,78,77,bloc_independantiste,Bloc indépendantiste,Indépendantistes,#2f925d,1,75,77,97.40259740259741,TRUE,704,Tiendanite Ouayaguette
Province Nord,2026,Hienghène,0004,Haut-Coulna,164.7358564404401,-20.63480876362534,99,52,52,bloc_independantiste,Bloc indépendantiste,Indépendantistes,#2f925d,1,52,52,100,TRUE,704,Tiendanite Ouayaguette
Province Nord,2026,Hienghène,0005,Ouayaguette,164.6835205195477,-20.659220188803257,188,108,108,bloc_independantiste,Bloc indépendantiste,Indépendantistes,#2f925d,1,99,108,91.66666666666667,TRUE,704,Tiendanite Ouayaguette
Province Nord,2026,Hienghène,0006,Ouaième,164.84911233352278,-20.61488125992091,206,122,121,bloc_independantiste,Bloc indépendantiste,Indépendantistes,#2f925d,1,115,121,95.04132231404958,TRUE,701,Hienghéne littoral
Province Nord,2026,Hienghène,0007,Oué-Hawa,165.03458545186362,-20.765966185987494,67,38,38,bloc_independantiste,Bloc indépendantiste,Indépendantistes,#2f925d,1,36,38,94.73684210526316,TRUE,704,Tiendanite Ouayaguette
Province Nord,2026,Hienghène,0008,Tiendanite,164.8988687236624,-20.75818441571426,106,83,83,bloc_independantiste,Bloc indépendantiste,Indépendantistes,#2f925d,1,82,83,98.79518072289157,TRUE,704,Tiendanite Ouayaguette
Province Nord,2026,Hienghène,0009,Ouaré,164.93523458965643,-20.673024668353836,590,351,335,bloc_independantiste,Bloc indépendantiste,Indépendantistes,#2f925d,1,318,335,94.92537313432835,TRUE,701,Hienghéne littoral
Province Nord,2026,Hienghène,0010,Léwarap,164.92837654735197,-20.722390044785012,306,175,173,bloc_independantiste,Bloc indépendantiste,Indépendantistes,#2f925d,1,162,173,93.64161849710983,TRUE,701,Hienghéne littoral
Province Nord,2026,Houaïlou,0001,Salle Paul NEDJA (ancienne mairie),165.6260919909217,-21.278284372962112,429,243,240,bloc_independantiste,Bloc indépendantiste,Indépendantistes,#2f925d,1,217,240,90.41666666666667,TRUE,801,Houailou village
Province Nord,2026,Houaïlou,0002,Nediouen (maison commune),165.615714,-21.264735,664,431,415,bloc_independantiste,Bloc indépendantiste,Indépendantistes,#2f925d,1,378,415,91.08433734939759,TRUE,NA,NA
Province Nord,2026,Houaïlou,0003,Bâ (école primaire),165.55842620966266,-21.19827944865936,375,214,212,bloc_independantiste,Bloc indépendantiste,Indépendantistes,#2f925d,1,189,212,89.15094339622641,TRUE,803,Warai
Province Nord,2026,Houaïlou,0004,Nessakoéa (maison commune),165.5267547278778,-21.28421939373571,312,168,168,bloc_independantiste,Bloc indépendantiste,Indépendantistes,#2f925d,1,164,168,97.61904761904762,TRUE,805,Nédivin - Bas Nindien
Province Nord,2026,Houaïlou,0005,Poro (foyer socio-culturel),165.70953015747588,-21.30262511634177,567,301,295,bloc_independantiste,Bloc indépendantiste,Indépendantistes,#2f925d,1,270,295,91.52542372881356,TRUE,801,Houailou village
Province Nord,2026,Houaïlou,0006,Coula (maison commune),165.44899405604838,-21.336853600338287,482,259,254,bloc_independantiste,Bloc indépendantiste,Indépendantistes,#2f925d,1,233,254,91.73228346456693,TRUE,807,Boréaré - Coula - Karagreu
Province Nord,2026,Houaïlou,0007,Néaoua (maison commune),165.6455007313978,-21.325531853593,328,176,173,bloc_independantiste,Bloc indépendantiste,Indépendantistes,#2f925d,1,172,173,99.42196531791907,TRUE,801,Houailou village
Province Nord,2026,Houaïlou,0008,Nédivin (maison commune),165.57082158687447,-21.289736384804883,537,292,288,bloc_independantiste,Bloc indépendantiste,Indépendantistes,#2f925d,1,269,288,93.40277777777777,TRUE,805,Nédivin - Bas Nindien
Province Nord,2026,Kaala-Gomen,0001,Mairie,164.397185345977,-20.6671314843025,559,349,340,bloc_independantiste,Bloc indépendantiste,Indépendantistes,#2f925d,1,245,340,72.05882352941177,TRUE,1001,Kaala Gomen village et littoral
Province Nord,2026,Kaala-Gomen,0002,Ouéholle,164.545680960012,-20.6046276080457,393,253,253,bloc_independantiste,Bloc indépendantiste,Indépendantistes,#2f925d,1,250,253,98.81422924901186,TRUE,1004,Ouéholle - Ouémou - Kourou
Province Nord,2026,Kaala-Gomen,0003,Maison Commune de Païta,164.426512320768,-20.6494636653987,289,175,172,bloc_independantiste,Bloc indépendantiste,Indépendantistes,#2f925d,1,168,172,97.67441860465117,TRUE,1001,Kaala Gomen village et littoral
Province Nord,2026,Kaala-Gomen,0004,Maison Commune de Gamaï,164.486749878062,-20.6941126404856,191,120,119,bloc_independantiste,Bloc indépendantiste,Indépendantistes,#2f925d,1,118,119,99.15966386554622,TRUE,1001,Kaala Gomen village et littoral
Province Nord,2026,Kaala-Gomen,0005,Maison Commune de Baoui,164.463552597488,-20.6891303658536,143,111,110,bloc_independantiste,Bloc indépendantiste,Indépendantistes,#2f925d,1,106,110,96.36363636363636,TRUE,1001,Kaala Gomen village et littoral
Province Nord,2026,Kaala-Gomen,0006,Ouaco,164.471215971078,-20.8375035625753,216,145,143,bloc_independantiste,Bloc indépendantiste,Indépendantistes,#2f925d,1,73,143,51.04895104895105,TRUE,1001,Kaala Gomen village et littoral
Province Nord,2026,Koné,0001,Salle Au Pitiri,164.86328,-21.059973,675,417,410,bloc_independantiste,Bloc indépendantiste,Indépendantistes,#2f925d,1,163,410,39.75609756097561,TRUE,NA,NA
Province Nord,2026,Koné,0002,Poindah,164.964442641559,-21.0372102738018,182,116,115,bloc_independantiste,Bloc indépendantiste,Indépendantistes,#2f925d,1,100,115,86.95652173913044,TRUE,1107,Poindah - Noelly - Néami - Netchaot
Province Nord,2026,Koné,0003,Netchaot,165.022902317548,-21.0054157631335,407,291,288,bloc_independantiste,Bloc indépendantiste,Indépendantistes,#2f925d,1,280,288,97.22222222222223,TRUE,1107,Poindah - Noelly - Néami - Netchaot
Province Nord,2026,Koné,0004,Tiaoué,164.916802108,-21.0000621217301,286,230,228,bloc_independantiste,Bloc indépendantiste,Indépendantistes,#2f925d,1,228,228,100,TRUE,1107,Poindah - Noelly - Néami - Netchaot
Province Nord,2026,Koné,0005,Atéou,164.90654574925,-20.9500343540188,127,97,97,bloc_independantiste,Bloc indépendantiste,Indépendantistes,#2f925d,1,97,97,100,TRUE,1107,Poindah - Noelly - Néami - Netchaot
Province Nord,2026,Koné,0006,Bopope,165.079714634727,-20.9178415050895,234,152,151,bloc_independantiste,Bloc indépendantiste,Indépendantistes,#2f925d,1,147,151,97.35099337748345,TRUE,1108,Bopope
Province Nord,2026,Koné,0007,Neami,164.971958124292,-20.977983356452,234,155,154,bloc_independantiste,Bloc indépendantiste,Indépendantistes,#2f925d,1,141,154,91.55844155844156,TRUE,1107,Poindah - Noelly - Néami - Netchaot
Province Nord,2026,Koné,0008,Baco,164.895177171264,-21.0667090848805,467,325,317,bloc_independantiste,Bloc indépendantiste,Indépendantistes,#2f925d,1,295,317,93.05993690851734,TRUE,1103,Baco - Koniambo
Province Nord,2026,Koné,0009,Ecole Primaire Les Cigales,164.8701529762,-21.0521518022935,799,533,527,bloc_independantiste,Bloc indépendantiste,Indépendantistes,#2f925d,1,355,527,67.36242884250474,TRUE,1101,Koné village
Province Nord,2026,Koné,0010,Noëlly,164.947538773364,-21.0048750710989,218,165,163,bloc_independantiste,Bloc indépendantiste,Indépendantistes,#2f925d,1,157,163,96.31901840490798,TRUE,1107,Poindah - Noelly - Néami - Netchaot
Province Nord,2026,Koné,0011,Ecole Téari,164.867168,-21.074849,698,384,372,bloc_independantiste,Bloc indépendantiste,Indépendantistes,#2f925d,1,188,372,50.53763440860215,TRUE,NA,NA
Province Nord,2026,Koné,0012,Les Allamandas,164.856461111321,-21.052040276968,538,365,356,bloc_independantiste,Bloc indépendantiste,Indépendantistes,#2f925d,1,136,356,38.20224719101124,TRUE,1101,Koné village
Province Nord,2026,Kouaoua,0001,Centre administratif de Niminra 1,165.82856671021466,-21.396045166693337,571,337,330,bloc_independantiste,Bloc indépendantiste,Indépendantistes,#2f925d,1,227,330,68.78787878787878,TRUE,3301,Kouaoua village - Amon Kasiori
Province Nord,2026,Kouaoua,0002,Centre administratif de Niminra 2,165.72221294003012,-21.49791198784617,286,162,160,bloc_independantiste,Bloc indépendantiste,Indépendantistes,#2f925d,1,140,160,87.5,TRUE,3302,Méa Mébara - Ouérou Pimet
Province Nord,2026,Kouaoua,0003,Centre administratif de Niminra 3,165.83542921955194,-21.536184530370736,148,97,96,bloc_independantiste,Bloc indépendantiste,Indépendantistes,#2f925d,1,89,96,92.70833333333333,TRUE,3302,Méa Mébara - Ouérou Pimet
Province Nord,2026,Kouaoua,0004,Centre administratif de Niminra 4,165.78859040310297,-21.469132110021317,190,105,105,bloc_independantiste,Bloc indépendantiste,Indépendantistes,#2f925d,1,87,105,82.85714285714286,TRUE,3302,Méa Mébara - Ouérou Pimet
Province Nord,2026,Koumac,0001,Mairie,164.280241420927,-20.5602050455624,1304,772,756,bloc_independantiste,Bloc indépendantiste,Indépendantistes,#2f925d,1,424,756,56.08465608465608,TRUE,1201,Koumac village
Province Nord,2026,Koumac,0002,Médiathèque Louis BASTIEN,164.285534,-20.561181,1594,970,952,bloc_independantiste,Bloc indépendantiste,Indépendantistes,#2f925d,1,339,952,35.609243697478995,TRUE,NA,NA
Province Nord,2026,Ouégoa,0001,Salle polyvalente de Ouégoné,164.43943670837254,-20.34408534785039,834,543,534,bloc_independantiste,Bloc indépendantiste,Indépendantistes,#2f925d,1,170,534,31.835205992509362,TRUE,1901,Ouégoa village - Balagam - Paraoua - Tarap
Province Nord,2026,Ouégoa,0002,Bondé,164.4324943000077,-20.429158724947957,857,525,522,bloc_independantiste,Bloc indépendantiste,Indépendantistes,#2f925d,1,520,522,99.61685823754789,TRUE,1903,Bondé
Province Nord,2026,Ouégoa,0003,Paimboas,164.52279333171543,-20.52170436626958,383,201,200,bloc_independantiste,Bloc indépendantiste,Indépendantistes,#2f925d,1,196,200,98,TRUE,1903,Bondé
Province Nord,2026,Ouégoa,0004,Tiari,164.3468221527753,-20.245820839427363,152,81,79,bloc_independantiste,Bloc indépendantiste,Indépendantistes,#2f925d,1,73,79,92.40506329113924,TRUE,1902,Pam - Tiari
Province Nord,2026,Poindimié,0001,Mairie,165.33315827223544,-20.938215187057807,1184,687,676,bloc_independantiste,Bloc indépendantiste,Indépendantistes,#2f925d,1,396,676,58.57988165680474,TRUE,2201,Poindimié village
Province Nord,2026,Poindimié,0002,Ouindo,165.39928663560227,-20.98624503490911,519,304,293,bloc_independantiste,Bloc indépendantiste,Indépendantistes,#2f925d,1,234,293,79.86348122866895,TRUE,2204,Tibarama - Bayes - Ouindo - Ometteux - Napoém
Province Nord,2026,Poindimié,0003,Bayes,165.41027144991733,-20.95108534474138,585,327,324,bloc_independantiste,Bloc indépendantiste,Indépendantistes,#2f925d,1,250,324,77.1604938271605,TRUE,2204,Tibarama - Bayes - Ouindo - Ometteux - Napoém
Province Nord,2026,Poindimié,0004,Amoa,165.39810099674145,-20.94109090560688,505,359,353,bloc_independantiste,Bloc indépendantiste,Indépendantistes,#2f925d,1,333,353,94.3342776203966,TRUE,2204,Tibarama - Bayes - Ouindo - Ometteux - Napoém
Province Nord,2026,Poindimié,0005,Tyé,165.2980420173767,-20.900766814763863,564,394,389,bloc_independantiste,Bloc indépendantiste,Indépendantistes,#2f925d,1,366,389,94.08740359897172,TRUE,2202,Tiéti - Tyé
Province Nord,2026,Poindimié,0006,Tiwaka,165.22299948568272,-20.895132063083377,324,189,185,bloc_independantiste,Bloc indépendantiste,Indépendantistes,#2f925d,1,173,185,93.51351351351352,TRUE,2202,Tiéti - Tyé
Province Nord,2026,Poindimié,0007,Tiéti,165.31101622324238,-20.919563042768107,602,391,384,bloc_independantiste,Bloc indépendantiste,Indépendantistes,#2f925d,1,350,384,91.14583333333333,TRUE,2202,Tiéti - Tyé
Province Nord,2026,Ponérihouen,0001,Mairie,165.40196429415164,-21.070938768181968,493,296,292,bloc_independantiste,Bloc indépendantiste,Indépendantistes,#2f925d,1,221,292,75.68493150684931,TRUE,2302,Ponérihouen village
Province Nord,2026,Ponérihouen,0002,Monéo,165.47846310724432,-21.150451617013218,453,286,279,bloc_independantiste,Bloc indépendantiste,Indépendantistes,#2f925d,1,265,279,94.9820788530466,TRUE,2302,Ponérihouen village
Province Nord,2026,Ponérihouen,0003,Tchamba,165.2930233618618,-21.038585818858223,317,201,198,bloc_independantiste,Bloc indépendantiste,Indépendantistes,#2f925d,1,186,198,93.93939393939394,TRUE,2303,Goyetta - Goa - Nébouéba - St Yves
Province Nord,2026,Ponérihouen,0004,Goa,165.30971500397104,-21.10629747908845,408,242,239,bloc_independantiste,Bloc indépendantiste,Indépendantistes,#2f925d,1,233,239,97.48953974895397,TRUE,2303,Goyetta - Goa - Nébouéba - St Yves
Province Nord,2026,Ponérihouen,0005,Grondu,165.38976794045686,-21.076609909810266,509,347,343,bloc_independantiste,Bloc indépendantiste,Indépendantistes,#2f925d,1,329,343,95.91836734693878,TRUE,2302,Ponérihouen village
Province Nord,2026,Ponérihouen,0006,Mou,165.44259083569398,-21.09696482410325,169,90,90,bloc_independantiste,Bloc indépendantiste,Indépendantistes,#2f925d,1,84,90,93.33333333333333,TRUE,2302,Ponérihouen village
Province Nord,2026,Ponérihouen,0007,Goyetta,165.38150315716302,-21.17209523739158,334,202,201,bloc_independantiste,Bloc indépendantiste,Indépendantistes,#2f925d,1,190,201,94.5273631840796,TRUE,2302,Ponérihouen village
Province Nord,2026,Pouembout,0001,Mairie,164.901099514933,-21.1214333298182,948,612,598,bloc_independantiste,Bloc indépendantiste,Indépendantistes,#2f925d,1,247,598,41.30434782608695,TRUE,2501,Pouembout village
Province Nord,2026,Pouembout,0002,Cantine école primaire,164.90077,-21.12369,790,535,530,bloc_independantiste,Bloc indépendantiste,Indépendantistes,#2f925d,1,327,530,61.698113207547166,TRUE,NA,NA
Province Nord,2026,Poum,0001,Mairie,164.02565823453438,-20.232335490929035,653,411,402,bloc_independantiste,Bloc indépendantiste,Indépendantistes,#2f925d,1,309,402,76.86567164179104,TRUE,2601,Poum du village - Poingam
Province Nord,2026,Poum,0002,Tiabet,164.0259384508845,-20.127138518272172,448,280,279,bloc_independantiste,Bloc indépendantiste,Indépendantistes,#2f925d,1,273,279,97.84946236559139,TRUE,2601,Poum du village - Poingam
Province Nord,2026,Poum,0003,La maison des femmes d'Arama,164.20258021961365,-20.252916819670393,418,245,244,bloc_independantiste,Bloc indépendantiste,Indépendantistes,#2f925d,1,235,244,96.31147540983606,TRUE,2603,Bouarou - Pangai - Narai
Province Nord,2026,Pouébo,0001,Mairie,164.5872015210802,-20.399273159074973,750,372,372,bloc_independantiste,Bloc indépendantiste,Indépendantistes,#2f925d,1,357,372,95.96774193548387,TRUE,2401,Pouébo village - St Ferdinand - St Louis
Province Nord,2026,Pouébo,0002,Saint Denis Balade,164.49963895578423,-20.310000557096696,587,297,296,bloc_independantiste,Bloc indépendantiste,Indépendantistes,#2f925d,1,279,296,94.25675675675676,TRUE,2401,Pouébo village - St Ferdinand - St Louis
Province Nord,2026,Pouébo,0003,Yambé,164.658766232452,-20.439464504971355,405,190,189,bloc_independantiste,Bloc indépendantiste,Indépendantistes,#2f925d,1,188,189,99.47089947089947,TRUE,2402,Tchamboéne - Diahoué - Colnett
Province Nord,2026,Pouébo,0004,Saint-Louis,164.56475883280652,-20.370617010719258,542,314,308,bloc_independantiste,Bloc indépendantiste,Indépendantistes,#2f925d,1,299,308,97.07792207792208,TRUE,2401,Pouébo village - St Ferdinand - St Louis
Province Nord,2026,Pouébo,0005,Colnett,164.73002659765442,-20.4756971674156,119,59,57,bloc_independantiste,Bloc indépendantiste,Indépendantistes,#2f925d,1,54,57,94.73684210526316,TRUE,2402,Tchamboéne - Diahoué - Colnett
Province Nord,2026,Poya Nord,0001,Salle ancienne mairie,164.99768585786552,-21.326893497720405,574,380,366,bloc_independantiste,Bloc indépendantiste,Indépendantistes,#2f925d,1,243,366,66.39344262295081,TRUE,2701,Poya villageé Népoui
Province Nord,2026,Poya Nord,0002,Gohapin,165.27390161257972,-21.22505994951149,493,356,353,bloc_independantiste,Bloc indépendantiste,Indépendantistes,#2f925d,1,350,353,99.15014164305948,TRUE,2705,Gohapin - Montfaoué - Néklia - Kradji
Province Nord,2026,Poya Nord,0003,Salle des fêtes de Népoui,164.99768585786552,-21.326893497720405,761,463,448,bloc_independantiste,Bloc indépendantiste,Indépendantistes,#2f925d,1,251,448,56.026785714285715,TRUE,2701,Poya villageé Népoui
Province Nord,2026,Poya Nord,0004,Montfaoué,165.2933124776928,-21.277955211764784,264,165,163,bloc_independantiste,Bloc indépendantiste,Indépendantistes,#2f925d,1,158,163,96.93251533742331,TRUE,2705,Gohapin - Montfaoué - Néklia - Kradji
Province Nord,2026,Poya Nord,0006,Nékliai,165.1862986905251,-21.29493580556391,203,148,148,bloc_independantiste,Bloc indépendantiste,Indépendantistes,#2f925d,1,131,148,88.51351351351352,TRUE,2705,Gohapin - Montfaoué - Néklia - Kradji
Province Nord,2026,Touho,0001,Mairie,165.23869122747195,-20.77975735338533,1013,623,613,bloc_independantiste,Bloc indépendantiste,Indépendantistes,#2f925d,1,495,613,80.75040783034258,TRUE,3001,Touho village
Province Nord,2026,Touho,0002,Téganpaîk,165.066398,-20.738499,234,120,114,bloc_independantiste,Bloc indépendantiste,Indépendantistes,#2f925d,1,110,114,96.49122807017544,TRUE,NA,NA
Province Nord,2026,Touho,0003,Kokingone,165.25551905392797,-20.85522530725118,316,188,186,bloc_independantiste,Bloc indépendantiste,Indépendantistes,#2f925d,1,182,186,97.84946236559139,TRUE,3004,Koe - Kokingone - Tiwaka - Pombéi
Province Nord,2026,Touho,0004,Paola,165.1103595238747,-20.77393379422664,408,254,253,bloc_independantiste,Bloc indépendantiste,Indépendantistes,#2f925d,1,248,253,98.02371541501977,TRUE,3003,Tiouandé - Ouanache - Congouma - Paola
Province Nord,2026,Voh,0001,Mairie,164.686182051524,-20.9488288857597,727,441,426,bloc_independantiste,Bloc indépendantiste,Indépendantistes,#2f925d,1,163,426,38.262910798122064,TRUE,3101,Voh village - Gatope
Province Nord,2026,Voh,0002,Témala,164.689267929949,-20.87135077045,317,219,214,bloc_independantiste,Bloc indépendantiste,Indépendantistes,#2f925d,1,112,214,52.33644859813084,TRUE,3103,Témala
Province Nord,2026,Voh,0003,Ouengo,164.74217311646055,-20.784454291123556,54,41,41,bloc_independantiste,Bloc indépendantiste,Indépendantistes,#2f925d,1,41,41,100,TRUE,3103,Témala
Province Nord,2026,Voh,0004,Local socio-éducatif de TIETA,164.740133724095,-20.9210724511979,277,189,189,bloc_independantiste,Bloc indépendantiste,Indépendantistes,#2f925d,1,177,189,93.65079365079364,TRUE,3106,Tiéta
Province Nord,2026,Voh,0005,Local socio-éducatif de OUNDJO,164.697579851987,-21.0373781816945,359,225,221,bloc_independantiste,Bloc indépendantiste,Indépendantistes,#2f925d,1,216,221,97.73755656108597,TRUE,3101,Voh village - Gatope
Province Nord,2026,Voh,0006,Ecole publique de BOYEN,164.617398,-20.824466,202,137,134,bloc_independantiste,Bloc indépendantiste,Indépendantistes,#2f925d,1,124,134,92.53731343283582,TRUE,NA,NA
Province Nord,2026,Voh,0007,Local socio-éducatif de TEMALA,164.68996,-20.871392,358,265,263,bloc_independantiste,Bloc indépendantiste,Indépendantistes,#2f925d,1,262,263,99.61977186311788,TRUE,NA,NA
Province Nord,2026,Voh,0008,Socio-éducatif de GATOPE,164.66949443382563,-20.965828575807695,138,93,88,bloc_independantiste,Bloc indépendantiste,Indépendantistes,#2f925d,1,86,88,97.72727272727273,TRUE,3101,Voh village - Gatope
Province Nord,2019,Bélep,0001,Mairie,163.6480110596638,-19.71203277091468,912,490,487,uc_flnks,Union calédonienne – FLNKS,UC-FLNKS,#3b7e4f,2,234,487,48.049281314168375,TRUE,101,Bélep
Province Nord,2019,Canala,0001,Mairie,165.96392757417755,-21.522084905801098,369,247,234,uc_flnks,Union calédonienne – FLNKS,UC-FLNKS,#3b7e4f,2,128,234,54.7008547008547,TRUE,401,Canala village
Province Nord,2019,Canala,0002,Nakéty,166.04631481753384,-21.54222544058342,791,514,509,uc_flnks,Union calédonienne – FLNKS,UC-FLNKS,#3b7e4f,2,278,509,54.616895874263264,TRUE,403,Gélima - Nakéty
Province Nord,2019,Canala,0003,Nanon-Kénérou,165.88480729759476,-21.546697208816735,458,287,279,uc_flnks,Union calédonienne – FLNKS,UC-FLNKS,#3b7e4f,2,129,279,46.236559139784944,TRUE,401,Canala village
Province Nord,2019,Canala,0004,Méhoué,165.9494172177474,-21.51958486452521,778,496,478,uc_flnks,Union calédonienne – FLNKS,UC-FLNKS,#3b7e4f,2,290,478,60.66945606694561,TRUE,401,Canala village
Province Nord,2019,Canala,0005,Gélima,165.98151543430086,-21.534392845846163,704,452,439,uc_flnks,Union calédonienne – FLNKS,UC-FLNKS,#3b7e4f,2,304,439,69.24829157175398,TRUE,403,Gélima - Nakéty
Province Nord,2019,Canala,0006,Mérénémé,165.92818615112122,-21.514857403632252,284,162,138,uc_flnks,Union calédonienne – FLNKS,UC-FLNKS,#3b7e4f,2,103,138,74.6376811594203,TRUE,401,Canala village
Province Nord,2019,Hienghène,0001,Mairie,164.94565765433836,-20.688834938182335,541,304,302,uc_flnks,Union calédonienne – FLNKS,UC-FLNKS,#3b7e4f,2,223,302,73.84105960264901,TRUE,701,Hienghéne littoral
Province Nord,2019,Hienghène,0002,Tendo,164.8162801367713,-20.71273259336387,216,157,157,uc_flnks,Union calédonienne – FLNKS,UC-FLNKS,#3b7e4f,2,76,157,48.40764331210191,TRUE,704,Tiendanite Ouayaguette
Province Nord,2019,Hienghène,0003,Bas-Coulna,164.78261362354763,-20.687835024386533,112,67,66,uc_flnks,Union calédonienne – FLNKS,UC-FLNKS,#3b7e4f,2,29,66,43.93939393939394,TRUE,704,Tiendanite Ouayaguette
Province Nord,2019,Hienghène,0004,Haut-Coulna,164.7358564404401,-20.63480876362534,102,59,59,uc_flnks,Union calédonienne – FLNKS,UC-FLNKS,#3b7e4f,2,36,59,61.016949152542374,TRUE,704,Tiendanite Ouayaguette
Province Nord,2019,Hienghène,0005,Ouayaguette,164.6835205195477,-20.659220188803257,181,109,108,uc_flnks,Union calédonienne – FLNKS,UC-FLNKS,#3b7e4f,2,76,108,70.37037037037037,TRUE,704,Tiendanite Ouayaguette
Province Nord,2019,Hienghène,0006,Ouaième,164.84911233352278,-20.61488125992091,212,138,136,uc_flnks,Union calédonienne – FLNKS,UC-FLNKS,#3b7e4f,2,107,136,78.67647058823529,TRUE,701,Hienghéne littoral
Province Nord,2019,Hienghène,0007,Oué-Hawa,165.03458545186362,-20.765966185987494,70,32,31,uc_flnks,Union calédonienne – FLNKS,UC-FLNKS,#3b7e4f,2,25,31,80.64516129032258,TRUE,704,Tiendanite Ouayaguette
Province Nord,2019,Hienghène,0008,Tiendanite,164.8988687236624,-20.75818441571426,97,81,81,uc_flnks,Union calédonienne – FLNKS,UC-FLNKS,#3b7e4f,2,75,81,92.5925925925926,TRUE,704,Tiendanite Ouayaguette
Province Nord,2019,Hienghène,0009,Ouaré,164.93523458965643,-20.673024668353836,585,408,407,uc_flnks,Union calédonienne – FLNKS,UC-FLNKS,#3b7e4f,2,120,407,29.484029484029485,TRUE,701,Hienghéne littoral
Province Nord,2019,Hienghène,0010,Léwarap,164.92837654735197,-20.722390044785012,288,175,173,uc_flnks,Union calédonienne – FLNKS,UC-FLNKS,#3b7e4f,2,91,173,52.60115606936416,TRUE,701,Hienghéne littoral
Province Nord,2019,Houaïlou,0001,Mairie,165.6260919909217,-21.278284372962112,417,255,247,uc_flnks,Union calédonienne – FLNKS,UC-FLNKS,#3b7e4f,2,71,247,28.74493927125506,TRUE,801,Houailou village
Province Nord,2019,Houaïlou,0002,Warai,165.76989808558005,-21.33124821435679,659,399,368,uc_flnks,Union calédonienne – FLNKS,UC-FLNKS,#3b7e4f,2,163,368,44.29347826086956,TRUE,807,Boréaré - Coula - Karagreu
Province Nord,2019,Houaïlou,0003,Bâ,165.55842620966266,-21.19827944865936,370,245,242,uc_flnks,Union calédonienne – FLNKS,UC-FLNKS,#3b7e4f,2,85,242,35.12396694214876,TRUE,803,Warai
Province Nord,2019,Houaïlou,0004,Nessakoéa,165.5267547278778,-21.28421939373571,296,164,159,uc_flnks,Union calédonienne – FLNKS,UC-FLNKS,#3b7e4f,2,77,159,48.42767295597484,TRUE,805,Nédivin - Bas Nindien
Province Nord,2019,Houaïlou,0005,Poro,165.70953015747588,-21.30262511634177,522,267,256,uc_flnks,Union calédonienne – FLNKS,UC-FLNKS,#3b7e4f,2,84,256,32.8125,TRUE,801,Houailou village
Province Nord,2019,Houaïlou,0006,Coula,165.44899405604838,-21.336853600338287,488,269,265,uc_flnks,Union calédonienne – FLNKS,UC-FLNKS,#3b7e4f,2,108,265,40.75471698113208,TRUE,807,Boréaré - Coula - Karagreu
Province Nord,2019,Houaïlou,0007,Néaoua,165.6455007313978,-21.325531853593,328,193,191,uc_flnks,Union calédonienne – FLNKS,UC-FLNKS,#3b7e4f,2,90,191,47.12041884816754,TRUE,801,Houailou village
Province Nord,2019,Houaïlou,0008,Nédivin,165.57082158687447,-21.289736384804883,499,312,303,uc_flnks,Union calédonienne – FLNKS,UC-FLNKS,#3b7e4f,2,142,303,46.864686468646866,TRUE,805,Nédivin - Bas Nindien
Province Nord,2019,Kaala-Gomen,0001,Mairie,164.397185345977,-20.6671314843025,485,270,268,uc_flnks,Union calédonienne – FLNKS,UC-FLNKS,#3b7e4f,2,79,268,29.47761194029851,TRUE,1001,Kaala Gomen village et littoral
Province Nord,2019,Kaala-Gomen,0002,Oueholle,164.545680960012,-20.6046276080457,357,258,258,uc_flnks,Union calédonienne – FLNKS,UC-FLNKS,#3b7e4f,2,235,258,91.08527131782945,TRUE,1004,Ouéholle - Ouémou - Kourou
Province Nord,2019,Kaala-Gomen,0003,Maison Commune de Païta,164.426512320768,-20.6494636653987,274,161,159,uc_flnks,Union calédonienne – FLNKS,UC-FLNKS,#3b7e4f,2,43,159,27.044025157232703,TRUE,1001,Kaala Gomen village et littoral
Province Nord,2019,Kaala-Gomen,0004,Maison Commune de Gamaï,164.486749878062,-20.6941126404856,182,127,126,uc_flnks,Union calédonienne – FLNKS,UC-FLNKS,#3b7e4f,2,49,126,38.888888888888886,TRUE,1001,Kaala Gomen village et littoral
Province Nord,2019,Kaala-Gomen,0005,Maison Commune de Baoui,164.463552597488,-20.6891303658536,122,104,104,uc_flnks,Union calédonienne – FLNKS,UC-FLNKS,#3b7e4f,2,30,104,28.846153846153847,TRUE,1001,Kaala Gomen village et littoral
Province Nord,2019,Kaala-Gomen,0006,Ouaco,164.471215971078,-20.8375035625753,191,124,120,uc_flnks,Union calédonienne – FLNKS,UC-FLNKS,#3b7e4f,2,34,120,28.333333333333332,TRUE,1001,Kaala Gomen village et littoral
Province Nord,2019,Koné,0001,Mairie,164.861419,-21.061604,631,436,421,uc_flnks,Union calédonienne – FLNKS,UC-FLNKS,#3b7e4f,2,57,421,13.539192399049881,TRUE,NA,NA
Province Nord,2019,Koné,0002,Poindah,164.964442641559,-21.0372102738018,162,113,113,uc_flnks,Union calédonienne – FLNKS,UC-FLNKS,#3b7e4f,2,41,113,36.283185840707965,TRUE,1107,Poindah - Noelly - Néami - Netchaot
Province Nord,2019,Koné,0003,Netchaot,165.022902317548,-21.0054157631335,390,273,272,uc_flnks,Union calédonienne – FLNKS,UC-FLNKS,#3b7e4f,2,61,272,22.426470588235293,TRUE,1107,Poindah - Noelly - Néami - Netchaot
Province Nord,2019,Koné,0004,Tiaoué,164.916802108,-21.0000621217301,258,213,213,uc_flnks,Union calédonienne – FLNKS,UC-FLNKS,#3b7e4f,2,189,213,88.73239436619718,TRUE,1107,Poindah - Noelly - Néami - Netchaot
Province Nord,2019,Koné,0005,Atéou,164.90654574925,-20.9500343540188,129,94,94,uc_flnks,Union calédonienne – FLNKS,UC-FLNKS,#3b7e4f,2,80,94,85.1063829787234,TRUE,1107,Poindah - Noelly - Néami - Netchaot
Province Nord,2019,Koné,0006,Bopope,165.079714634727,-20.9178415050895,211,152,148,uc_flnks,Union calédonienne – FLNKS,UC-FLNKS,#3b7e4f,2,40,148,27.027027027027028,TRUE,1108,Bopope
Province Nord,2019,Koné,0007,Neami,164.971958124292,-20.977983356452,206,145,144,uc_flnks,Union calédonienne – FLNKS,UC-FLNKS,#3b7e4f,2,71,144,49.30555555555556,TRUE,1107,Poindah - Noelly - Néami - Netchaot
Province Nord,2019,Koné,0008,Baco,164.895177171264,-21.0667090848805,400,282,279,uc_flnks,Union calédonienne – FLNKS,UC-FLNKS,#3b7e4f,2,129,279,46.236559139784944,TRUE,1103,Baco - Koniambo
Province Nord,2019,Koné,0009,Ecole Primaire Les Cigales,164.8701529762,-21.0521518022935,649,427,411,uc_flnks,Union calédonienne – FLNKS,UC-FLNKS,#3b7e4f,2,158,411,38.442822384428226,TRUE,1101,Koné village
Province Nord,2019,Koné,0010,Noëlly,164.947538773364,-21.0048750710989,212,147,145,uc_flnks,Union calédonienne – FLNKS,UC-FLNKS,#3b7e4f,2,49,145,33.793103448275865,TRUE,1107,Poindah - Noelly - Néami - Netchaot
Province Nord,2019,Koné,0011,Mairie 2,164.861419,-21.061604,487,328,309,uc_flnks,Union calédonienne – FLNKS,UC-FLNKS,#3b7e4f,2,56,309,18.12297734627832,TRUE,NA,NA
Province Nord,2019,Koné,0012,Les Allamandas,164.856461111321,-21.052040276968,394,309,302,uc_flnks,Union calédonienne – FLNKS,UC-FLNKS,#3b7e4f,2,57,302,18.874172185430464,TRUE,1101,Koné village
Province Nord,2019,Kouaoua,0001,Mairie,165.82856671021466,-21.396045166693337,539,357,353,uc_flnks,Union calédonienne – FLNKS,UC-FLNKS,#3b7e4f,2,114,353,32.29461756373938,TRUE,3301,Kouaoua village - Amon Kasiori
Province Nord,2019,Kouaoua,0002,Ouérou-Piment,165.72221294003012,-21.49791198784617,259,175,173,uc_flnks,Union calédonienne – FLNKS,UC-FLNKS,#3b7e4f,2,76,173,43.93063583815029,TRUE,3302,Méa Mébara - Ouérou Pimet
Province Nord,2019,Kouaoua,0003,Koh,165.83542921955194,-21.536184530370736,143,109,108,uc_flnks,Union calédonienne – FLNKS,UC-FLNKS,#3b7e4f,2,54,108,50,TRUE,3302,Méa Mébara - Ouérou Pimet
Province Nord,2019,Kouaoua,0004,Méa-Mébara,165.78859040310297,-21.469132110021317,168,97,96,uc_flnks,Union calédonienne – FLNKS,UC-FLNKS,#3b7e4f,2,30,96,31.25,TRUE,3302,Méa Mébara - Ouérou Pimet
Province Nord,2019,Koumac,0001,Mairie 1 et Centralisateur,164.280241420927,-20.5602050455624,1157,728,706,uc_flnks,Union calédonienne – FLNKS,UC-FLNKS,#3b7e4f,2,146,706,20.679886685552407,TRUE,1201,Koumac village
Province Nord,2019,Koumac,0002,Ecole Primaire Charles Mermoud 2,164.282519595968,-20.5572929814306,1482,926,889,uc_flnks,Union calédonienne – FLNKS,UC-FLNKS,#3b7e4f,2,147,889,16.53543307086614,TRUE,1201,Koumac village
Province Nord,2019,Ouégoa,0001,Mairie,164.43943670837254,-20.34408534785039,799,494,468,uc_flnks,Union calédonienne – FLNKS,UC-FLNKS,#3b7e4f,2,48,468,10.256410256410257,TRUE,1901,Ouégoa village - Balagam - Paraoua - Tarap
Province Nord,2019,Ouégoa,0002,Bondé,164.4324943000077,-20.429158724947957,802,476,475,uc_flnks,Union calédonienne – FLNKS,UC-FLNKS,#3b7e4f,2,206,475,43.36842105263158,TRUE,1903,Bondé
Province Nord,2019,Ouégoa,0003,Paimboas,164.52279333171543,-20.52170436626958,386,224,223,uc_flnks,Union calédonienne – FLNKS,UC-FLNKS,#3b7e4f,2,136,223,60.98654708520179,TRUE,1903,Bondé
Province Nord,2019,Ouégoa,0004,Tiari,164.3468221527753,-20.245820839427363,143,101,101,uc_flnks,Union calédonienne – FLNKS,UC-FLNKS,#3b7e4f,2,61,101,60.396039603960396,TRUE,1902,Pam - Tiari
Province Nord,2019,Poindimié,0001,Mairie,165.33315827223544,-20.938215187057807,1120,657,646,uc_flnks,Union calédonienne – FLNKS,UC-FLNKS,#3b7e4f,2,90,646,13.93188854489164,TRUE,2201,Poindimié village
Province Nord,2019,Poindimié,0002,Ouindo,165.39928663560227,-20.98624503490911,503,338,322,uc_flnks,Union calédonienne – FLNKS,UC-FLNKS,#3b7e4f,2,73,322,22.67080745341615,TRUE,2204,Tibarama - Bayes - Ouindo - Ometteux - Napoém
Province Nord,2019,Poindimié,0003,Bayes,165.41027144991733,-20.95108534474138,553,377,375,uc_flnks,Union calédonienne – FLNKS,UC-FLNKS,#3b7e4f,2,54,375,14.4,TRUE,2204,Tibarama - Bayes - Ouindo - Ometteux - Napoém
Province Nord,2019,Poindimié,0004,Amoa,165.39810099674145,-20.94109090560688,489,354,353,uc_flnks,Union calédonienne – FLNKS,UC-FLNKS,#3b7e4f,2,26,353,7.36543909348442,TRUE,2204,Tibarama - Bayes - Ouindo - Ometteux - Napoém
Province Nord,2019,Poindimié,0005,Tye,165.2980420173767,-20.900766814763863,559,396,392,uc_flnks,Union calédonienne – FLNKS,UC-FLNKS,#3b7e4f,2,126,392,32.142857142857146,TRUE,2202,Tiéti - Tyé
Province Nord,2019,Poindimié,0006,Tiwaka,165.22299948568272,-20.895132063083377,322,210,208,uc_flnks,Union calédonienne – FLNKS,UC-FLNKS,#3b7e4f,2,130,208,62.5,TRUE,2202,Tiéti - Tyé
Province Nord,2019,Poindimié,0007,Tiéti,165.31101622324238,-20.919563042768107,544,382,379,uc_flnks,Union calédonienne – FLNKS,UC-FLNKS,#3b7e4f,2,37,379,9.762532981530343,TRUE,2202,Tiéti - Tyé
Province Nord,2019,Ponérihouen,0001,Mairie,165.40196429415164,-21.070938768181968,480,313,304,uc_flnks,Union calédonienne – FLNKS,UC-FLNKS,#3b7e4f,2,84,304,27.63157894736842,TRUE,2302,Ponérihouen village
Province Nord,2019,Ponérihouen,0002,Monéo,165.47846310724432,-21.150451617013218,447,268,264,uc_flnks,Union calédonienne – FLNKS,UC-FLNKS,#3b7e4f,2,95,264,35.984848484848484,TRUE,2302,Ponérihouen village
Province Nord,2019,Ponérihouen,0003,Tchamba,165.2930233618618,-21.038585818858223,312,219,217,uc_flnks,Union calédonienne – FLNKS,UC-FLNKS,#3b7e4f,2,23,217,10.599078341013826,TRUE,2303,Goyetta - Goa - Nébouéba - St Yves
Province Nord,2019,Ponérihouen,0004,Goa,165.30971500397104,-21.10629747908845,384,262,260,uc_flnks,Union calédonienne – FLNKS,UC-FLNKS,#3b7e4f,2,108,260,41.53846153846154,TRUE,2303,Goyetta - Goa - Nébouéba - St Yves
Province Nord,2019,Ponérihouen,0005,Grondu,165.38976794045686,-21.076609909810266,492,337,332,uc_flnks,Union calédonienne – FLNKS,UC-FLNKS,#3b7e4f,2,95,332,28.6144578313253,TRUE,2302,Ponérihouen village
Province Nord,2019,Ponérihouen,0006,Mou,165.44259083569398,-21.09696482410325,164,114,112,uc_flnks,Union calédonienne – FLNKS,UC-FLNKS,#3b7e4f,2,22,112,19.642857142857142,TRUE,2302,Ponérihouen village
Province Nord,2019,Ponérihouen,0007,Goyetta,165.38150315716302,-21.17209523739158,326,229,229,uc_flnks,Union calédonienne – FLNKS,UC-FLNKS,#3b7e4f,2,89,229,38.8646288209607,TRUE,2302,Ponérihouen village
Province Nord,2019,Pouembout,0001,Mairie,164.901099514933,-21.1214333298182,1097,750,732,uc_flnks,Union calédonienne – FLNKS,UC-FLNKS,#3b7e4f,2,152,732,20.76502732240437,TRUE,2501,Pouembout village
Province Nord,2019,Pouembout,0002,Paouta,165.004824198459,-21.061258041708,156,131,128,uc_flnks,Union calédonienne – FLNKS,UC-FLNKS,#3b7e4f,2,79,128,61.71875,TRUE,2503,Pinda - Ouaté - Kopéto
Province Nord,2019,Pouembout,0003,Ouaté,165.125775830839,-21.1850509030541,134,95,94,uc_flnks,Union calédonienne – FLNKS,UC-FLNKS,#3b7e4f,2,69,94,73.40425531914893,TRUE,NA,NA
Province Nord,2019,Poum,0001,Mairie,164.02565823453438,-20.232335490929035,601,389,386,uc_flnks,Union calédonienne – FLNKS,UC-FLNKS,#3b7e4f,2,110,386,28.497409326424872,TRUE,2601,Poum du village - Poingam
Province Nord,2019,Poum,0002,Tiabet,164.0259384508845,-20.127138518272172,392,287,285,uc_flnks,Union calédonienne – FLNKS,UC-FLNKS,#3b7e4f,2,129,285,45.26315789473684,TRUE,2601,Poum du village - Poingam
Province Nord,2019,Poum,0003,Arama,164.20258021961365,-20.252916819670393,388,242,240,uc_flnks,Union calédonienne – FLNKS,UC-FLNKS,#3b7e4f,2,136,240,56.666666666666664,TRUE,2603,Bouarou - Pangai - Narai
Province Nord,2019,Pouébo,0001,Mairie,164.5872015210802,-20.399273159074973,718,364,360,uc_flnks,Union calédonienne – FLNKS,UC-FLNKS,#3b7e4f,2,210,360,58.333333333333336,TRUE,2401,Pouébo village - St Ferdinand - St Louis
Province Nord,2019,Pouébo,0002,Saint Denis Ballade,164.49963895578423,-20.310000557096696,533,307,302,uc_flnks,Union calédonienne – FLNKS,UC-FLNKS,#3b7e4f,2,137,302,45.36423841059602,TRUE,2401,Pouébo village - St Ferdinand - St Louis
Province Nord,2019,Pouébo,0003,Yambé,164.658766232452,-20.439464504971355,387,233,233,uc_flnks,Union calédonienne – FLNKS,UC-FLNKS,#3b7e4f,2,87,233,37.33905579399141,TRUE,2402,Tchamboéne - Diahoué - Colnett
Province Nord,2019,Pouébo,0004,Saint-Louis,164.56475883280652,-20.370617010719258,546,310,305,uc_flnks,Union calédonienne – FLNKS,UC-FLNKS,#3b7e4f,2,94,305,30.81967213114754,TRUE,2401,Pouébo village - St Ferdinand - St Louis
Province Nord,2019,Pouébo,0005,Colnett,164.73002659765442,-20.4756971674156,117,62,61,uc_flnks,Union calédonienne – FLNKS,UC-FLNKS,#3b7e4f,2,29,61,47.540983606557376,TRUE,2402,Tchamboéne - Diahoué - Colnett
Province Nord,2019,Poya Nord,0001,Mairie 1,164.99768585786552,-21.326893497720405,510,342,333,uc_flnks,Union calédonienne – FLNKS,UC-FLNKS,#3b7e4f,2,58,333,17.41741741741742,TRUE,2701,Poya villageé Népoui
Province Nord,2019,Poya Nord,0002,Gohapin,165.27390161257972,-21.22505994951149,447,313,312,uc_flnks,Union calédonienne – FLNKS,UC-FLNKS,#3b7e4f,2,289,312,92.62820512820512,TRUE,2705,Gohapin - Montfaoué - Néklia - Kradji
Province Nord,2019,Poya Nord,0003,Népoui,164.99768585786552,-21.326893497720405,685,441,418,uc_flnks,Union calédonienne – FLNKS,UC-FLNKS,#3b7e4f,2,112,418,26.794258373205743,TRUE,2701,Poya villageé Népoui
Province Nord,2019,Poya Nord,0004,Montfaoué,165.2933124776928,-21.277955211764784,250,170,170,uc_flnks,Union calédonienne – FLNKS,UC-FLNKS,#3b7e4f,2,42,170,24.705882352941178,TRUE,2705,Gohapin - Montfaoué - Néklia - Kradji
Province Nord,2019,Poya Nord,0006,Nékliai,165.1862986905251,-21.29493580556391,186,126,125,uc_flnks,Union calédonienne – FLNKS,UC-FLNKS,#3b7e4f,2,72,125,57.6,TRUE,2705,Gohapin - Montfaoué - Néklia - Kradji
Province Nord,2019,Touho,0001,Mairie,165.23869122747195,-20.77975735338533,966,637,625,uc_flnks,Union calédonienne – FLNKS,UC-FLNKS,#3b7e4f,2,144,625,23.04,TRUE,3001,Touho village
Province Nord,2019,Touho,0002,Tiouandé,165.04706639545026,-20.742192862631615,221,137,134,uc_flnks,Union calédonienne – FLNKS,UC-FLNKS,#3b7e4f,2,67,134,50,TRUE,3003,Tiouandé - Ouanache - Congouma - Paola
Province Nord,2019,Touho,0003,Kokingone,165.25551905392797,-20.85522530725118,302,187,181,uc_flnks,Union calédonienne – FLNKS,UC-FLNKS,#3b7e4f,2,69,181,38.12154696132597,TRUE,3004,Koe - Kokingone - Tiwaka - Pombéi
Province Nord,2019,Touho,0004,Paola,165.1103595238747,-20.77393379422664,405,277,276,uc_flnks,Union calédonienne – FLNKS,UC-FLNKS,#3b7e4f,2,26,276,9.420289855072463,TRUE,3003,Tiouandé - Ouanache - Congouma - Paola
Province Nord,2019,Voh,0001,Mairie,164.686182051524,-20.9488288857597,817,544,523,uc_flnks,Union calédonienne – FLNKS,UC-FLNKS,#3b7e4f,2,89,523,17.017208413001914,TRUE,3101,Voh village - Gatope
Province Nord,2019,Voh,0002,Témala,164.689267929949,-20.87135077045,813,541,533,uc_flnks,Union calédonienne – FLNKS,UC-FLNKS,#3b7e4f,2,101,533,18.94934333958724,TRUE,3103,Témala
Province Nord,2019,Voh,0003,Ouengo,164.74217311646055,-20.784454291123556,47,39,39,uc_flnks,Union calédonienne – FLNKS,UC-FLNKS,#3b7e4f,2,2,39,5.128205128205129,TRUE,3103,Témala
Province Nord,2019,Voh,0004,Tieta,164.740133724095,-20.9210724511979,264,193,192,uc_flnks,Union calédonienne – FLNKS,UC-FLNKS,#3b7e4f,2,51,192,26.5625,TRUE,3106,Tiéta
Province Nord,2019,Voh,0005,Oundjo,164.697579851987,-21.0373781816945,329,249,248,uc_flnks,Union calédonienne – FLNKS,UC-FLNKS,#3b7e4f,2,43,248,17.338709677419356,TRUE,3101,Voh village - Gatope
Province Nord,2026,Bélep,0001,Mairie,163.6480110596638,-19.71203277091468,941,417,417,uc_flnks,Union calédonienne – FLNKS,UC-FLNKS,#3b7e4f,2,266,417,63.78896882494005,TRUE,101,Bélep
Province Nord,2026,Canala,0001,Mairie,165.96392757417755,-21.522084905801098,402,265,263,uc_flnks,Union calédonienne – FLNKS,UC-FLNKS,#3b7e4f,2,130,263,49.42965779467681,TRUE,401,Canala village
Province Nord,2026,Canala,0002,Nakéty (Marie annexe),166.04631481753384,-21.54222544058342,510,347,344,uc_flnks,Union calédonienne – FLNKS,UC-FLNKS,#3b7e4f,2,139,344,40.406976744186046,TRUE,403,Gélima - Nakéty
Province Nord,2026,Canala,0003,Nanon - Kénérou (maison commune),165.88480729759476,-21.546697208816735,463,293,287,uc_flnks,Union calédonienne – FLNKS,UC-FLNKS,#3b7e4f,2,156,287,54.35540069686411,TRUE,401,Canala village
Province Nord,2026,Canala,0004,Méhoué (maison commune de Méhoué),165.9494172177474,-21.51958486452521,820,589,582,uc_flnks,Union calédonienne – FLNKS,UC-FLNKS,#3b7e4f,2,381,582,65.4639175257732,TRUE,401,Canala village
Province Nord,2026,Canala,0005,Gélima (maison commune),165.98151543430086,-21.534392845846163,752,528,521,uc_flnks,Union calédonienne – FLNKS,UC-FLNKS,#3b7e4f,2,314,521,60.268714011516316,TRUE,403,Gélima - Nakéty
Province Nord,2026,Canala,0006,Mérénémé (maison commune),165.92818615112122,-21.514857403632252,317,193,189,uc_flnks,Union calédonienne – FLNKS,UC-FLNKS,#3b7e4f,2,119,189,62.96296296296296,TRUE,401,Canala village
Province Nord,2026,Canala,0007,Tenda Koumendi (école de Ného situé à la tribu de tenda-Koumendi),166.03563428874068,-21.545648677139223,345,212,210,uc_flnks,Union calédonienne – FLNKS,UC-FLNKS,#3b7e4f,2,86,210,40.95238095238095,TRUE,403,Gélima - Nakéty
Province Nord,2026,Hienghène,0001,Mairie,164.94565765433836,-20.688834938182335,574,327,327,uc_flnks,Union calédonienne – FLNKS,UC-FLNKS,#3b7e4f,2,269,327,82.26299694189602,TRUE,701,Hienghéne littoral
Province Nord,2026,Hienghène,0002,Tendo,164.8162801367713,-20.71273259336387,228,129,128,uc_flnks,Union calédonienne – FLNKS,UC-FLNKS,#3b7e4f,2,72,128,56.25,TRUE,704,Tiendanite Ouayaguette
Province Nord,2026,Hienghène,0003,Bas-Coulna,164.78261362354763,-20.687835024386533,116,78,77,uc_flnks,Union calédonienne – FLNKS,UC-FLNKS,#3b7e4f,2,46,77,59.74025974025974,TRUE,704,Tiendanite Ouayaguette
Province Nord,2026,Hienghène,0004,Haut-Coulna,164.7358564404401,-20.63480876362534,99,52,52,uc_flnks,Union calédonienne – FLNKS,UC-FLNKS,#3b7e4f,2,39,52,75,TRUE,704,Tiendanite Ouayaguette
Province Nord,2026,Hienghène,0005,Ouayaguette,164.6835205195477,-20.659220188803257,188,108,108,uc_flnks,Union calédonienne – FLNKS,UC-FLNKS,#3b7e4f,2,75,108,69.44444444444444,TRUE,704,Tiendanite Ouayaguette
Province Nord,2026,Hienghène,0006,Ouaième,164.84911233352278,-20.61488125992091,206,122,121,uc_flnks,Union calédonienne – FLNKS,UC-FLNKS,#3b7e4f,2,91,121,75.20661157024793,TRUE,701,Hienghéne littoral
Province Nord,2026,Hienghène,0007,Oué-Hawa,165.03458545186362,-20.765966185987494,67,38,38,uc_flnks,Union calédonienne – FLNKS,UC-FLNKS,#3b7e4f,2,28,38,73.6842105263158,TRUE,704,Tiendanite Ouayaguette
Province Nord,2026,Hienghène,0008,Tiendanite,164.8988687236624,-20.75818441571426,106,83,83,uc_flnks,Union calédonienne – FLNKS,UC-FLNKS,#3b7e4f,2,79,83,95.18072289156626,TRUE,704,Tiendanite Ouayaguette
Province Nord,2026,Hienghène,0009,Ouaré,164.93523458965643,-20.673024668353836,590,351,335,uc_flnks,Union calédonienne – FLNKS,UC-FLNKS,#3b7e4f,2,179,335,53.43283582089552,TRUE,701,Hienghéne littoral
Province Nord,2026,Hienghène,0010,Léwarap,164.92837654735197,-20.722390044785012,306,175,173,uc_flnks,Union calédonienne – FLNKS,UC-FLNKS,#3b7e4f,2,129,173,74.56647398843931,TRUE,701,Hienghéne littoral
Province Nord,2026,Houaïlou,0001,Salle Paul NEDJA (ancienne mairie),165.6260919909217,-21.278284372962112,429,243,240,uc_flnks,Union calédonienne – FLNKS,UC-FLNKS,#3b7e4f,2,131,240,54.583333333333336,TRUE,801,Houailou village
Province Nord,2026,Houaïlou,0002,Nediouen (maison commune),165.615714,-21.264735,664,431,415,uc_flnks,Union calédonienne – FLNKS,UC-FLNKS,#3b7e4f,2,297,415,71.56626506024097,TRUE,NA,NA
Province Nord,2026,Houaïlou,0003,Bâ (école primaire),165.55842620966266,-21.19827944865936,375,214,212,uc_flnks,Union calédonienne – FLNKS,UC-FLNKS,#3b7e4f,2,88,212,41.509433962264154,TRUE,803,Warai
Province Nord,2026,Houaïlou,0004,Nessakoéa (maison commune),165.5267547278778,-21.28421939373571,312,168,168,uc_flnks,Union calédonienne – FLNKS,UC-FLNKS,#3b7e4f,2,115,168,68.45238095238095,TRUE,805,Nédivin - Bas Nindien
Province Nord,2026,Houaïlou,0005,Poro (foyer socio-culturel),165.70953015747588,-21.30262511634177,567,301,295,uc_flnks,Union calédonienne – FLNKS,UC-FLNKS,#3b7e4f,2,151,295,51.186440677966104,TRUE,801,Houailou village
Province Nord,2026,Houaïlou,0006,Coula (maison commune),165.44899405604838,-21.336853600338287,482,259,254,uc_flnks,Union calédonienne – FLNKS,UC-FLNKS,#3b7e4f,2,162,254,63.77952755905512,TRUE,807,Boréaré - Coula - Karagreu
Province Nord,2026,Houaïlou,0007,Néaoua (maison commune),165.6455007313978,-21.325531853593,328,176,173,uc_flnks,Union calédonienne – FLNKS,UC-FLNKS,#3b7e4f,2,96,173,55.49132947976879,TRUE,801,Houailou village
Province Nord,2026,Houaïlou,0008,Nédivin (maison commune),165.57082158687447,-21.289736384804883,537,292,288,uc_flnks,Union calédonienne – FLNKS,UC-FLNKS,#3b7e4f,2,172,288,59.72222222222222,TRUE,805,Nédivin - Bas Nindien
Province Nord,2026,Kaala-Gomen,0001,Mairie,164.397185345977,-20.6671314843025,559,349,340,uc_flnks,Union calédonienne – FLNKS,UC-FLNKS,#3b7e4f,2,104,340,30.58823529411765,TRUE,1001,Kaala Gomen village et littoral
Province Nord,2026,Kaala-Gomen,0002,Ouéholle,164.545680960012,-20.6046276080457,393,253,253,uc_flnks,Union calédonienne – FLNKS,UC-FLNKS,#3b7e4f,2,216,253,85.37549407114625,TRUE,1004,Ouéholle - Ouémou - Kourou
Province Nord,2026,Kaala-Gomen,0003,Maison Commune de Païta,164.426512320768,-20.6494636653987,289,175,172,uc_flnks,Union calédonienne – FLNKS,UC-FLNKS,#3b7e4f,2,62,172,36.04651162790697,TRUE,1001,Kaala Gomen village et littoral
Province Nord,2026,Kaala-Gomen,0004,Maison Commune de Gamaï,164.486749878062,-20.6941126404856,191,120,119,uc_flnks,Union calédonienne – FLNKS,UC-FLNKS,#3b7e4f,2,74,119,62.18487394957983,TRUE,1001,Kaala Gomen village et littoral
Province Nord,2026,Kaala-Gomen,0005,Maison Commune de Baoui,164.463552597488,-20.6891303658536,143,111,110,uc_flnks,Union calédonienne – FLNKS,UC-FLNKS,#3b7e4f,2,34,110,30.90909090909091,TRUE,1001,Kaala Gomen village et littoral
Province Nord,2026,Kaala-Gomen,0006,Ouaco,164.471215971078,-20.8375035625753,216,145,143,uc_flnks,Union calédonienne – FLNKS,UC-FLNKS,#3b7e4f,2,27,143,18.88111888111888,TRUE,1001,Kaala Gomen village et littoral
Province Nord,2026,Koné,0001,Salle Au Pitiri,164.86328,-21.059973,675,417,410,uc_flnks,Union calédonienne – FLNKS,UC-FLNKS,#3b7e4f,2,55,410,13.414634146341463,TRUE,NA,NA
Province Nord,2026,Koné,0002,Poindah,164.964442641559,-21.0372102738018,182,116,115,uc_flnks,Union calédonienne – FLNKS,UC-FLNKS,#3b7e4f,2,62,115,53.91304347826087,TRUE,1107,Poindah - Noelly - Néami - Netchaot
Province Nord,2026,Koné,0003,Netchaot,165.022902317548,-21.0054157631335,407,291,288,uc_flnks,Union calédonienne – FLNKS,UC-FLNKS,#3b7e4f,2,40,288,13.88888888888889,TRUE,1107,Poindah - Noelly - Néami - Netchaot
Province Nord,2026,Koné,0004,Tiaoué,164.916802108,-21.0000621217301,286,230,228,uc_flnks,Union calédonienne – FLNKS,UC-FLNKS,#3b7e4f,2,185,228,81.14035087719299,TRUE,1107,Poindah - Noelly - Néami - Netchaot
Province Nord,2026,Koné,0005,Atéou,164.90654574925,-20.9500343540188,127,97,97,uc_flnks,Union calédonienne – FLNKS,UC-FLNKS,#3b7e4f,2,69,97,71.1340206185567,TRUE,1107,Poindah - Noelly - Néami - Netchaot
Province Nord,2026,Koné,0006,Bopope,165.079714634727,-20.9178415050895,234,152,151,uc_flnks,Union calédonienne – FLNKS,UC-FLNKS,#3b7e4f,2,54,151,35.76158940397351,TRUE,1108,Bopope
Province Nord,2026,Koné,0007,Neami,164.971958124292,-20.977983356452,234,155,154,uc_flnks,Union calédonienne – FLNKS,UC-FLNKS,#3b7e4f,2,62,154,40.25974025974026,TRUE,1107,Poindah - Noelly - Néami - Netchaot
Province Nord,2026,Koné,0008,Baco,164.895177171264,-21.0667090848805,467,325,317,uc_flnks,Union calédonienne – FLNKS,UC-FLNKS,#3b7e4f,2,131,317,41.32492113564669,TRUE,1103,Baco - Koniambo
Province Nord,2026,Koné,0009,Ecole Primaire Les Cigales,164.8701529762,-21.0521518022935,799,533,527,uc_flnks,Union calédonienne – FLNKS,UC-FLNKS,#3b7e4f,2,158,527,29.98102466793169,TRUE,1101,Koné village
Province Nord,2026,Koné,0010,Noëlly,164.947538773364,-21.0048750710989,218,165,163,uc_flnks,Union calédonienne – FLNKS,UC-FLNKS,#3b7e4f,2,41,163,25.153374233128833,TRUE,1107,Poindah - Noelly - Néami - Netchaot
Province Nord,2026,Koné,0011,Ecole Téari,164.867168,-21.074849,698,384,372,uc_flnks,Union calédonienne – FLNKS,UC-FLNKS,#3b7e4f,2,88,372,23.655913978494624,TRUE,NA,NA
Province Nord,2026,Koné,0012,Les Allamandas,164.856461111321,-21.052040276968,538,365,356,uc_flnks,Union calédonienne – FLNKS,UC-FLNKS,#3b7e4f,2,55,356,15.44943820224719,TRUE,1101,Koné village
Province Nord,2026,Kouaoua,0001,Centre administratif de Niminra 1,165.82856671021466,-21.396045166693337,571,337,330,uc_flnks,Union calédonienne – FLNKS,UC-FLNKS,#3b7e4f,2,166,330,50.303030303030305,TRUE,3301,Kouaoua village - Amon Kasiori
Province Nord,2026,Kouaoua,0002,Centre administratif de Niminra 2,165.72221294003012,-21.49791198784617,286,162,160,uc_flnks,Union calédonienne – FLNKS,UC-FLNKS,#3b7e4f,2,87,160,54.375,TRUE,3302,Méa Mébara - Ouérou Pimet
Province Nord,2026,Kouaoua,0003,Centre administratif de Niminra 3,165.83542921955194,-21.536184530370736,148,97,96,uc_flnks,Union calédonienne – FLNKS,UC-FLNKS,#3b7e4f,2,66,96,68.75,TRUE,3302,Méa Mébara - Ouérou Pimet
Province Nord,2026,Kouaoua,0004,Centre administratif de Niminra 4,165.78859040310297,-21.469132110021317,190,105,105,uc_flnks,Union calédonienne – FLNKS,UC-FLNKS,#3b7e4f,2,67,105,63.80952380952381,TRUE,3302,Méa Mébara - Ouérou Pimet
Province Nord,2026,Koumac,0001,Mairie,164.280241420927,-20.5602050455624,1304,772,756,uc_flnks,Union calédonienne – FLNKS,UC-FLNKS,#3b7e4f,2,188,756,24.867724867724867,TRUE,1201,Koumac village
Province Nord,2026,Koumac,0002,Médiathèque Louis BASTIEN,164.285534,-20.561181,1594,970,952,uc_flnks,Union calédonienne – FLNKS,UC-FLNKS,#3b7e4f,2,164,952,17.22689075630252,TRUE,NA,NA
Province Nord,2026,Ouégoa,0001,Salle polyvalente de Ouégoné,164.43943670837254,-20.34408534785039,834,543,534,uc_flnks,Union calédonienne – FLNKS,UC-FLNKS,#3b7e4f,2,63,534,11.797752808988765,TRUE,1901,Ouégoa village - Balagam - Paraoua - Tarap
Province Nord,2026,Ouégoa,0002,Bondé,164.4324943000077,-20.429158724947957,857,525,522,uc_flnks,Union calédonienne – FLNKS,UC-FLNKS,#3b7e4f,2,261,522,50,TRUE,1903,Bondé
Province Nord,2026,Ouégoa,0003,Paimboas,164.52279333171543,-20.52170436626958,383,201,200,uc_flnks,Union calédonienne – FLNKS,UC-FLNKS,#3b7e4f,2,76,200,38,TRUE,1903,Bondé
Province Nord,2026,Ouégoa,0004,Tiari,164.3468221527753,-20.245820839427363,152,81,79,uc_flnks,Union calédonienne – FLNKS,UC-FLNKS,#3b7e4f,2,53,79,67.0886075949367,TRUE,1902,Pam - Tiari
Province Nord,2026,Poindimié,0001,Mairie,165.33315827223544,-20.938215187057807,1184,687,676,uc_flnks,Union calédonienne – FLNKS,UC-FLNKS,#3b7e4f,2,111,676,16.420118343195266,TRUE,2201,Poindimié village
Province Nord,2026,Poindimié,0002,Ouindo,165.39928663560227,-20.98624503490911,519,304,293,uc_flnks,Union calédonienne – FLNKS,UC-FLNKS,#3b7e4f,2,68,293,23.208191126279864,TRUE,2204,Tibarama - Bayes - Ouindo - Ometteux - Napoém
Province Nord,2026,Poindimié,0003,Bayes,165.41027144991733,-20.95108534474138,585,327,324,uc_flnks,Union calédonienne – FLNKS,UC-FLNKS,#3b7e4f,2,58,324,17.901234567901234,TRUE,2204,Tibarama - Bayes - Ouindo - Ometteux - Napoém
Province Nord,2026,Poindimié,0004,Amoa,165.39810099674145,-20.94109090560688,505,359,353,uc_flnks,Union calédonienne – FLNKS,UC-FLNKS,#3b7e4f,2,28,353,7.932011331444759,TRUE,2204,Tibarama - Bayes - Ouindo - Ometteux - Napoém
Province Nord,2026,Poindimié,0005,Tyé,165.2980420173767,-20.900766814763863,564,394,389,uc_flnks,Union calédonienne – FLNKS,UC-FLNKS,#3b7e4f,2,137,389,35.2185089974293,TRUE,2202,Tiéti - Tyé
Province Nord,2026,Poindimié,0006,Tiwaka,165.22299948568272,-20.895132063083377,324,189,185,uc_flnks,Union calédonienne – FLNKS,UC-FLNKS,#3b7e4f,2,126,185,68.10810810810811,TRUE,2202,Tiéti - Tyé
Province Nord,2026,Poindimié,0007,Tiéti,165.31101622324238,-20.919563042768107,602,391,384,uc_flnks,Union calédonienne – FLNKS,UC-FLNKS,#3b7e4f,2,53,384,13.802083333333334,TRUE,2202,Tiéti - Tyé
Province Nord,2026,Ponérihouen,0001,Mairie,165.40196429415164,-21.070938768181968,493,296,292,uc_flnks,Union calédonienne – FLNKS,UC-FLNKS,#3b7e4f,2,93,292,31.84931506849315,TRUE,2302,Ponérihouen village
Province Nord,2026,Ponérihouen,0002,Monéo,165.47846310724432,-21.150451617013218,453,286,279,uc_flnks,Union calédonienne – FLNKS,UC-FLNKS,#3b7e4f,2,127,279,45.51971326164875,TRUE,2302,Ponérihouen village
Province Nord,2026,Ponérihouen,0003,Tchamba,165.2930233618618,-21.038585818858223,317,201,198,uc_flnks,Union calédonienne – FLNKS,UC-FLNKS,#3b7e4f,2,69,198,34.84848484848485,TRUE,2303,Goyetta - Goa - Nébouéba - St Yves
Province Nord,2026,Ponérihouen,0004,Goa,165.30971500397104,-21.10629747908845,408,242,239,uc_flnks,Union calédonienne – FLNKS,UC-FLNKS,#3b7e4f,2,108,239,45.18828451882845,TRUE,2303,Goyetta - Goa - Nébouéba - St Yves
Province Nord,2026,Ponérihouen,0005,Grondu,165.38976794045686,-21.076609909810266,509,347,343,uc_flnks,Union calédonienne – FLNKS,UC-FLNKS,#3b7e4f,2,113,343,32.94460641399417,TRUE,2302,Ponérihouen village
Province Nord,2026,Ponérihouen,0006,Mou,165.44259083569398,-21.09696482410325,169,90,90,uc_flnks,Union calédonienne – FLNKS,UC-FLNKS,#3b7e4f,2,23,90,25.555555555555557,TRUE,2302,Ponérihouen village
Province Nord,2026,Ponérihouen,0007,Goyetta,165.38150315716302,-21.17209523739158,334,202,201,uc_flnks,Union calédonienne – FLNKS,UC-FLNKS,#3b7e4f,2,102,201,50.74626865671642,TRUE,2302,Ponérihouen village
Province Nord,2026,Pouembout,0001,Mairie,164.901099514933,-21.1214333298182,948,612,598,uc_flnks,Union calédonienne – FLNKS,UC-FLNKS,#3b7e4f,2,89,598,14.882943143812708,TRUE,2501,Pouembout village
Province Nord,2026,Pouembout,0002,Cantine école primaire,164.90077,-21.12369,790,535,530,uc_flnks,Union calédonienne – FLNKS,UC-FLNKS,#3b7e4f,2,219,530,41.320754716981135,TRUE,NA,NA
Province Nord,2026,Poum,0001,Mairie,164.02565823453438,-20.232335490929035,653,411,402,uc_flnks,Union calédonienne – FLNKS,UC-FLNKS,#3b7e4f,2,111,402,27.611940298507463,TRUE,2601,Poum du village - Poingam
Province Nord,2026,Poum,0002,Tiabet,164.0259384508845,-20.127138518272172,448,280,279,uc_flnks,Union calédonienne – FLNKS,UC-FLNKS,#3b7e4f,2,128,279,45.878136200716845,TRUE,2601,Poum du village - Poingam
Province Nord,2026,Poum,0003,La maison des femmes d'Arama,164.20258021961365,-20.252916819670393,418,245,244,uc_flnks,Union calédonienne – FLNKS,UC-FLNKS,#3b7e4f,2,149,244,61.0655737704918,TRUE,2603,Bouarou - Pangai - Narai
Province Nord,2026,Pouébo,0001,Mairie,164.5872015210802,-20.399273159074973,750,372,372,uc_flnks,Union calédonienne – FLNKS,UC-FLNKS,#3b7e4f,2,195,372,52.41935483870968,TRUE,2401,Pouébo village - St Ferdinand - St Louis
Province Nord,2026,Pouébo,0002,Saint Denis Balade,164.49963895578423,-20.310000557096696,587,297,296,uc_flnks,Union calédonienne – FLNKS,UC-FLNKS,#3b7e4f,2,122,296,41.21621621621622,TRUE,2401,Pouébo village - St Ferdinand - St Louis
Province Nord,2026,Pouébo,0003,Yambé,164.658766232452,-20.439464504971355,405,190,189,uc_flnks,Union calédonienne – FLNKS,UC-FLNKS,#3b7e4f,2,95,189,50.264550264550266,TRUE,2402,Tchamboéne - Diahoué - Colnett
Province Nord,2026,Pouébo,0004,Saint-Louis,164.56475883280652,-20.370617010719258,542,314,308,uc_flnks,Union calédonienne – FLNKS,UC-FLNKS,#3b7e4f,2,114,308,37.01298701298701,TRUE,2401,Pouébo village - St Ferdinand - St Louis
Province Nord,2026,Pouébo,0005,Colnett,164.73002659765442,-20.4756971674156,119,59,57,uc_flnks,Union calédonienne – FLNKS,UC-FLNKS,#3b7e4f,2,35,57,61.40350877192982,TRUE,2402,Tchamboéne - Diahoué - Colnett
Province Nord,2026,Poya Nord,0001,Salle ancienne mairie,164.99768585786552,-21.326893497720405,574,380,366,uc_flnks,Union calédonienne – FLNKS,UC-FLNKS,#3b7e4f,2,85,366,23.224043715846996,TRUE,2701,Poya villageé Népoui
Province Nord,2026,Poya Nord,0002,Gohapin,165.27390161257972,-21.22505994951149,493,356,353,uc_flnks,Union calédonienne – FLNKS,UC-FLNKS,#3b7e4f,2,337,353,95.46742209631728,TRUE,2705,Gohapin - Montfaoué - Néklia - Kradji
Province Nord,2026,Poya Nord,0003,Salle des fêtes de Népoui,164.99768585786552,-21.326893497720405,761,463,448,uc_flnks,Union calédonienne – FLNKS,UC-FLNKS,#3b7e4f,2,129,448,28.794642857142858,TRUE,2701,Poya villageé Népoui
Province Nord,2026,Poya Nord,0004,Montfaoué,165.2933124776928,-21.277955211764784,264,165,163,uc_flnks,Union calédonienne – FLNKS,UC-FLNKS,#3b7e4f,2,55,163,33.74233128834356,TRUE,2705,Gohapin - Montfaoué - Néklia - Kradji
Province Nord,2026,Poya Nord,0006,Nékliai,165.1862986905251,-21.29493580556391,203,148,148,uc_flnks,Union calédonienne – FLNKS,UC-FLNKS,#3b7e4f,2,89,148,60.13513513513514,TRUE,2705,Gohapin - Montfaoué - Néklia - Kradji
Province Nord,2026,Touho,0001,Mairie,165.23869122747195,-20.77975735338533,1013,623,613,uc_flnks,Union calédonienne – FLNKS,UC-FLNKS,#3b7e4f,2,206,613,33.605220228384994,TRUE,3001,Touho village
Province Nord,2026,Touho,0002,Téganpaîk,165.066398,-20.738499,234,120,114,uc_flnks,Union calédonienne – FLNKS,UC-FLNKS,#3b7e4f,2,62,114,54.3859649122807,TRUE,NA,NA
Province Nord,2026,Touho,0003,Kokingone,165.25551905392797,-20.85522530725118,316,188,186,uc_flnks,Union calédonienne – FLNKS,UC-FLNKS,#3b7e4f,2,85,186,45.69892473118279,TRUE,3004,Koe - Kokingone - Tiwaka - Pombéi
Province Nord,2026,Touho,0004,Paola,165.1103595238747,-20.77393379422664,408,254,253,uc_flnks,Union calédonienne – FLNKS,UC-FLNKS,#3b7e4f,2,61,253,24.110671936758894,TRUE,3003,Tiouandé - Ouanache - Congouma - Paola
Province Nord,2026,Voh,0001,Mairie,164.686182051524,-20.9488288857597,727,441,426,uc_flnks,Union calédonienne – FLNKS,UC-FLNKS,#3b7e4f,2,51,426,11.971830985915492,TRUE,3101,Voh village - Gatope
Province Nord,2026,Voh,0002,Témala,164.689267929949,-20.87135077045,317,219,214,uc_flnks,Union calédonienne – FLNKS,UC-FLNKS,#3b7e4f,2,37,214,17.289719626168225,TRUE,3103,Témala
Province Nord,2026,Voh,0003,Ouengo,164.74217311646055,-20.784454291123556,54,41,41,uc_flnks,Union calédonienne – FLNKS,UC-FLNKS,#3b7e4f,2,0,41,0,TRUE,3103,Témala
Province Nord,2026,Voh,0004,Local socio-éducatif de TIETA,164.740133724095,-20.9210724511979,277,189,189,uc_flnks,Union calédonienne – FLNKS,UC-FLNKS,#3b7e4f,2,42,189,22.22222222222222,TRUE,3106,Tiéta
Province Nord,2026,Voh,0005,Local socio-éducatif de OUNDJO,164.697579851987,-21.0373781816945,359,225,221,uc_flnks,Union calédonienne – FLNKS,UC-FLNKS,#3b7e4f,2,53,221,23.981900452488688,TRUE,3101,Voh village - Gatope
Province Nord,2026,Voh,0006,Ecole publique de BOYEN,164.617398,-20.824466,202,137,134,uc_flnks,Union calédonienne – FLNKS,UC-FLNKS,#3b7e4f,2,58,134,43.28358208955224,TRUE,NA,NA
Province Nord,2026,Voh,0007,Local socio-éducatif de TEMALA,164.68996,-20.871392,358,265,263,uc_flnks,Union calédonienne – FLNKS,UC-FLNKS,#3b7e4f,2,37,263,14.068441064638783,TRUE,NA,NA
Province Nord,2026,Voh,0008,Socio-éducatif de GATOPE,164.66949443382563,-20.965828575807695,138,93,88,uc_flnks,Union calédonienne – FLNKS,UC-FLNKS,#3b7e4f,2,40,88,45.45454545454545,TRUE,3101,Voh village - Gatope
Province Nord,2019,Bélep,0001,Mairie,163.6480110596638,-19.71203277091468,912,490,487,uni_palika,UNI – Palika,UNI-Palika,#f0c52f,3,193,487,39.630390143737166,TRUE,101,Bélep
Province Nord,2019,Canala,0001,Mairie,165.96392757417755,-21.522084905801098,369,247,234,uni_palika,UNI – Palika,UNI-Palika,#f0c52f,3,76,234,32.47863247863248,TRUE,401,Canala village
Province Nord,2019,Canala,0002,Nakéty,166.04631481753384,-21.54222544058342,791,514,509,uni_palika,UNI – Palika,UNI-Palika,#f0c52f,3,203,509,39.882121807465616,TRUE,403,Gélima - Nakéty
Province Nord,2019,Canala,0003,Nanon-Kénérou,165.88480729759476,-21.546697208816735,458,287,279,uni_palika,UNI – Palika,UNI-Palika,#f0c52f,3,136,279,48.74551971326165,TRUE,401,Canala village
Province Nord,2019,Canala,0004,Méhoué,165.9494172177474,-21.51958486452521,778,496,478,uni_palika,UNI – Palika,UNI-Palika,#f0c52f,3,142,478,29.707112970711297,TRUE,401,Canala village
Province Nord,2019,Canala,0005,Gélima,165.98151543430086,-21.534392845846163,704,452,439,uni_palika,UNI – Palika,UNI-Palika,#f0c52f,3,107,439,24.373576309794988,TRUE,403,Gélima - Nakéty
Province Nord,2019,Canala,0006,Mérénémé,165.92818615112122,-21.514857403632252,284,162,138,uni_palika,UNI – Palika,UNI-Palika,#f0c52f,3,22,138,15.942028985507246,TRUE,401,Canala village
Province Nord,2019,Hienghène,0001,Mairie,164.94565765433836,-20.688834938182335,541,304,302,uni_palika,UNI – Palika,UNI-Palika,#f0c52f,3,68,302,22.516556291390728,TRUE,701,Hienghéne littoral
Province Nord,2019,Hienghène,0002,Tendo,164.8162801367713,-20.71273259336387,216,157,157,uni_palika,UNI – Palika,UNI-Palika,#f0c52f,3,73,157,46.496815286624205,TRUE,704,Tiendanite Ouayaguette
Province Nord,2019,Hienghène,0003,Bas-Coulna,164.78261362354763,-20.687835024386533,112,67,66,uni_palika,UNI – Palika,UNI-Palika,#f0c52f,3,29,66,43.93939393939394,TRUE,704,Tiendanite Ouayaguette
Province Nord,2019,Hienghène,0004,Haut-Coulna,164.7358564404401,-20.63480876362534,102,59,59,uni_palika,UNI – Palika,UNI-Palika,#f0c52f,3,20,59,33.898305084745765,TRUE,704,Tiendanite Ouayaguette
Province Nord,2019,Hienghène,0005,Ouayaguette,164.6835205195477,-20.659220188803257,181,109,108,uni_palika,UNI – Palika,UNI-Palika,#f0c52f,3,27,108,25,TRUE,704,Tiendanite Ouayaguette
Province Nord,2019,Hienghène,0006,Ouaième,164.84911233352278,-20.61488125992091,212,138,136,uni_palika,UNI – Palika,UNI-Palika,#f0c52f,3,25,136,18.38235294117647,TRUE,701,Hienghéne littoral
Province Nord,2019,Hienghène,0007,Oué-Hawa,165.03458545186362,-20.765966185987494,70,32,31,uni_palika,UNI – Palika,UNI-Palika,#f0c52f,3,5,31,16.129032258064516,TRUE,704,Tiendanite Ouayaguette
Province Nord,2019,Hienghène,0008,Tiendanite,164.8988687236624,-20.75818441571426,97,81,81,uni_palika,UNI – Palika,UNI-Palika,#f0c52f,3,5,81,6.172839506172839,TRUE,704,Tiendanite Ouayaguette
Province Nord,2019,Hienghène,0009,Ouaré,164.93523458965643,-20.673024668353836,585,408,407,uni_palika,UNI – Palika,UNI-Palika,#f0c52f,3,276,407,67.81326781326781,TRUE,701,Hienghéne littoral
Province Nord,2019,Hienghène,0010,Léwarap,164.92837654735197,-20.722390044785012,288,175,173,uni_palika,UNI – Palika,UNI-Palika,#f0c52f,3,67,173,38.72832369942196,TRUE,701,Hienghéne littoral
Province Nord,2019,Houaïlou,0001,Mairie,165.6260919909217,-21.278284372962112,417,255,247,uni_palika,UNI – Palika,UNI-Palika,#f0c52f,3,105,247,42.51012145748988,TRUE,801,Houailou village
Province Nord,2019,Houaïlou,0002,Warai,165.76989808558005,-21.33124821435679,659,399,368,uni_palika,UNI – Palika,UNI-Palika,#f0c52f,3,91,368,24.72826086956522,TRUE,807,Boréaré - Coula - Karagreu
Province Nord,2019,Houaïlou,0003,Bâ,165.55842620966266,-21.19827944865936,370,245,242,uni_palika,UNI – Palika,UNI-Palika,#f0c52f,3,117,242,48.34710743801653,TRUE,803,Warai
Province Nord,2019,Houaïlou,0004,Nessakoéa,165.5267547278778,-21.28421939373571,296,164,159,uni_palika,UNI – Palika,UNI-Palika,#f0c52f,3,60,159,37.735849056603776,TRUE,805,Nédivin - Bas Nindien
Province Nord,2019,Houaïlou,0005,Poro,165.70953015747588,-21.30262511634177,522,267,256,uni_palika,UNI – Palika,UNI-Palika,#f0c52f,3,88,256,34.375,TRUE,801,Houailou village
Province Nord,2019,Houaïlou,0006,Coula,165.44899405604838,-21.336853600338287,488,269,265,uni_palika,UNI – Palika,UNI-Palika,#f0c52f,3,121,265,45.660377358490564,TRUE,807,Boréaré - Coula - Karagreu
Province Nord,2019,Houaïlou,0007,Néaoua,165.6455007313978,-21.325531853593,328,193,191,uni_palika,UNI – Palika,UNI-Palika,#f0c52f,3,85,191,44.50261780104712,TRUE,801,Houailou village
Province Nord,2019,Houaïlou,0008,Nédivin,165.57082158687447,-21.289736384804883,499,312,303,uni_palika,UNI – Palika,UNI-Palika,#f0c52f,3,92,303,30.363036303630363,TRUE,805,Nédivin - Bas Nindien
Province Nord,2019,Kaala-Gomen,0001,Mairie,164.397185345977,-20.6671314843025,485,270,268,uni_palika,UNI – Palika,UNI-Palika,#f0c52f,3,83,268,30.970149253731343,TRUE,1001,Kaala Gomen village et littoral
Province Nord,2019,Kaala-Gomen,0002,Oueholle,164.545680960012,-20.6046276080457,357,258,258,uni_palika,UNI – Palika,UNI-Palika,#f0c52f,3,22,258,8.527131782945736,TRUE,1004,Ouéholle - Ouémou - Kourou
Province Nord,2019,Kaala-Gomen,0003,Maison Commune de Païta,164.426512320768,-20.6494636653987,274,161,159,uni_palika,UNI – Palika,UNI-Palika,#f0c52f,3,78,159,49.056603773584904,TRUE,1001,Kaala Gomen village et littoral
Province Nord,2019,Kaala-Gomen,0004,Maison Commune de Gamaï,164.486749878062,-20.6941126404856,182,127,126,uni_palika,UNI – Palika,UNI-Palika,#f0c52f,3,67,126,53.17460317460318,TRUE,1001,Kaala Gomen village et littoral
Province Nord,2019,Kaala-Gomen,0005,Maison Commune de Baoui,164.463552597488,-20.6891303658536,122,104,104,uni_palika,UNI – Palika,UNI-Palika,#f0c52f,3,64,104,61.53846153846154,TRUE,1001,Kaala Gomen village et littoral
Province Nord,2019,Kaala-Gomen,0006,Ouaco,164.471215971078,-20.8375035625753,191,124,120,uni_palika,UNI – Palika,UNI-Palika,#f0c52f,3,17,120,14.166666666666666,TRUE,1001,Kaala Gomen village et littoral
Province Nord,2019,Koné,0001,Mairie,164.861419,-21.061604,631,436,421,uni_palika,UNI – Palika,UNI-Palika,#f0c52f,3,79,421,18.764845605700714,TRUE,NA,NA
Province Nord,2019,Koné,0002,Poindah,164.964442641559,-21.0372102738018,162,113,113,uni_palika,UNI – Palika,UNI-Palika,#f0c52f,3,39,113,34.51327433628319,TRUE,1107,Poindah - Noelly - Néami - Netchaot
Province Nord,2019,Koné,0003,Netchaot,165.022902317548,-21.0054157631335,390,273,272,uni_palika,UNI – Palika,UNI-Palika,#f0c52f,3,200,272,73.52941176470588,TRUE,1107,Poindah - Noelly - Néami - Netchaot
Province Nord,2019,Koné,0004,Tiaoué,164.916802108,-21.0000621217301,258,213,213,uni_palika,UNI – Palika,UNI-Palika,#f0c52f,3,18,213,8.450704225352112,TRUE,1107,Poindah - Noelly - Néami - Netchaot
Province Nord,2019,Koné,0005,Atéou,164.90654574925,-20.9500343540188,129,94,94,uni_palika,UNI – Palika,UNI-Palika,#f0c52f,3,10,94,10.638297872340425,TRUE,1107,Poindah - Noelly - Néami - Netchaot
Province Nord,2019,Koné,0006,Bopope,165.079714634727,-20.9178415050895,211,152,148,uni_palika,UNI – Palika,UNI-Palika,#f0c52f,3,101,148,68.24324324324324,TRUE,1108,Bopope
Province Nord,2019,Koné,0007,Neami,164.971958124292,-20.977983356452,206,145,144,uni_palika,UNI – Palika,UNI-Palika,#f0c52f,3,61,144,42.361111111111114,TRUE,1107,Poindah - Noelly - Néami - Netchaot
Province Nord,2019,Koné,0008,Baco,164.895177171264,-21.0667090848805,400,282,279,uni_palika,UNI – Palika,UNI-Palika,#f0c52f,3,121,279,43.369175627240146,TRUE,1103,Baco - Koniambo
Province Nord,2019,Koné,0009,Ecole Primaire Les Cigales,164.8701529762,-21.0521518022935,649,427,411,uni_palika,UNI – Palika,UNI-Palika,#f0c52f,3,79,411,19.221411192214113,TRUE,1101,Koné village
Province Nord,2019,Koné,0010,Noëlly,164.947538773364,-21.0048750710989,212,147,145,uni_palika,UNI – Palika,UNI-Palika,#f0c52f,3,83,145,57.241379310344826,TRUE,1107,Poindah - Noelly - Néami - Netchaot
Province Nord,2019,Koné,0011,Mairie 2,164.861419,-21.061604,487,328,309,uni_palika,UNI – Palika,UNI-Palika,#f0c52f,3,78,309,25.24271844660194,TRUE,NA,NA
Province Nord,2019,Koné,0012,Les Allamandas,164.856461111321,-21.052040276968,394,309,302,uni_palika,UNI – Palika,UNI-Palika,#f0c52f,3,47,302,15.562913907284768,TRUE,1101,Koné village
Province Nord,2019,Kouaoua,0001,Mairie,165.82856671021466,-21.396045166693337,539,357,353,uni_palika,UNI – Palika,UNI-Palika,#f0c52f,3,74,353,20.96317280453258,TRUE,3301,Kouaoua village - Amon Kasiori
Province Nord,2019,Kouaoua,0002,Ouérou-Piment,165.72221294003012,-21.49791198784617,259,175,173,uni_palika,UNI – Palika,UNI-Palika,#f0c52f,3,71,173,41.040462427745666,TRUE,3302,Méa Mébara - Ouérou Pimet
Province Nord,2019,Kouaoua,0003,Koh,165.83542921955194,-21.536184530370736,143,109,108,uni_palika,UNI – Palika,UNI-Palika,#f0c52f,3,26,108,24.074074074074073,TRUE,3302,Méa Mébara - Ouérou Pimet
Province Nord,2019,Kouaoua,0004,Méa-Mébara,165.78859040310297,-21.469132110021317,168,97,96,uni_palika,UNI – Palika,UNI-Palika,#f0c52f,3,33,96,34.375,TRUE,3302,Méa Mébara - Ouérou Pimet
Province Nord,2019,Koumac,0001,Mairie 1 et Centralisateur,164.280241420927,-20.5602050455624,1157,728,706,uni_palika,UNI – Palika,UNI-Palika,#f0c52f,3,166,706,23.51274787535411,TRUE,1201,Koumac village
Province Nord,2019,Koumac,0002,Ecole Primaire Charles Mermoud 2,164.282519595968,-20.5572929814306,1482,926,889,uni_palika,UNI – Palika,UNI-Palika,#f0c52f,3,104,889,11.69853768278965,TRUE,1201,Koumac village
Province Nord,2019,Ouégoa,0001,Mairie,164.43943670837254,-20.34408534785039,799,494,468,uni_palika,UNI – Palika,UNI-Palika,#f0c52f,3,65,468,13.88888888888889,TRUE,1901,Ouégoa village - Balagam - Paraoua - Tarap
Province Nord,2019,Ouégoa,0002,Bondé,164.4324943000077,-20.429158724947957,802,476,475,uni_palika,UNI – Palika,UNI-Palika,#f0c52f,3,241,475,50.73684210526316,TRUE,1903,Bondé
Province Nord,2019,Ouégoa,0003,Paimboas,164.52279333171543,-20.52170436626958,386,224,223,uni_palika,UNI – Palika,UNI-Palika,#f0c52f,3,79,223,35.426008968609864,TRUE,1903,Bondé
Province Nord,2019,Ouégoa,0004,Tiari,164.3468221527753,-20.245820839427363,143,101,101,uni_palika,UNI – Palika,UNI-Palika,#f0c52f,3,23,101,22.77227722772277,TRUE,1902,Pam - Tiari
Province Nord,2019,Poindimié,0001,Mairie,165.33315827223544,-20.938215187057807,1120,657,646,uni_palika,UNI – Palika,UNI-Palika,#f0c52f,3,280,646,43.343653250774,TRUE,2201,Poindimié village
Province Nord,2019,Poindimié,0002,Ouindo,165.39928663560227,-20.98624503490911,503,338,322,uni_palika,UNI – Palika,UNI-Palika,#f0c52f,3,203,322,63.04347826086956,TRUE,2204,Tibarama - Bayes - Ouindo - Ometteux - Napoém
Province Nord,2019,Poindimié,0003,Bayes,165.41027144991733,-20.95108534474138,553,377,375,uni_palika,UNI – Palika,UNI-Palika,#f0c52f,3,260,375,69.33333333333333,TRUE,2204,Tibarama - Bayes - Ouindo - Ometteux - Napoém
Province Nord,2019,Poindimié,0004,Amoa,165.39810099674145,-20.94109090560688,489,354,353,uni_palika,UNI – Palika,UNI-Palika,#f0c52f,3,277,353,78.47025495750708,TRUE,2204,Tibarama - Bayes - Ouindo - Ometteux - Napoém
Province Nord,2019,Poindimié,0005,Tye,165.2980420173767,-20.900766814763863,559,396,392,uni_palika,UNI – Palika,UNI-Palika,#f0c52f,3,230,392,58.673469387755105,TRUE,2202,Tiéti - Tyé
Province Nord,2019,Poindimié,0006,Tiwaka,165.22299948568272,-20.895132063083377,322,210,208,uni_palika,UNI – Palika,UNI-Palika,#f0c52f,3,61,208,29.326923076923077,TRUE,2202,Tiéti - Tyé
Province Nord,2019,Poindimié,0007,Tiéti,165.31101622324238,-20.919563042768107,544,382,379,uni_palika,UNI – Palika,UNI-Palika,#f0c52f,3,275,379,72.55936675461741,TRUE,2202,Tiéti - Tyé
Province Nord,2019,Ponérihouen,0001,Mairie,165.40196429415164,-21.070938768181968,480,313,304,uni_palika,UNI – Palika,UNI-Palika,#f0c52f,3,104,304,34.21052631578947,TRUE,2302,Ponérihouen village
Province Nord,2019,Ponérihouen,0002,Monéo,165.47846310724432,-21.150451617013218,447,268,264,uni_palika,UNI – Palika,UNI-Palika,#f0c52f,3,110,264,41.666666666666664,TRUE,2302,Ponérihouen village
Province Nord,2019,Ponérihouen,0003,Tchamba,165.2930233618618,-21.038585818858223,312,219,217,uni_palika,UNI – Palika,UNI-Palika,#f0c52f,3,167,217,76.95852534562212,TRUE,2303,Goyetta - Goa - Nébouéba - St Yves
Province Nord,2019,Ponérihouen,0004,Goa,165.30971500397104,-21.10629747908845,384,262,260,uni_palika,UNI – Palika,UNI-Palika,#f0c52f,3,144,260,55.38461538461539,TRUE,2303,Goyetta - Goa - Nébouéba - St Yves
Province Nord,2019,Ponérihouen,0005,Grondu,165.38976794045686,-21.076609909810266,492,337,332,uni_palika,UNI – Palika,UNI-Palika,#f0c52f,3,188,332,56.626506024096386,TRUE,2302,Ponérihouen village
Province Nord,2019,Ponérihouen,0006,Mou,165.44259083569398,-21.09696482410325,164,114,112,uni_palika,UNI – Palika,UNI-Palika,#f0c52f,3,75,112,66.96428571428571,TRUE,2302,Ponérihouen village
Province Nord,2019,Ponérihouen,0007,Goyetta,165.38150315716302,-21.17209523739158,326,229,229,uni_palika,UNI – Palika,UNI-Palika,#f0c52f,3,130,229,56.76855895196506,TRUE,2302,Ponérihouen village
Province Nord,2019,Pouembout,0001,Mairie,164.901099514933,-21.1214333298182,1097,750,732,uni_palika,UNI – Palika,UNI-Palika,#f0c52f,3,159,732,21.721311475409838,TRUE,2501,Pouembout village
Province Nord,2019,Pouembout,0002,Paouta,165.004824198459,-21.061258041708,156,131,128,uni_palika,UNI – Palika,UNI-Palika,#f0c52f,3,38,128,29.6875,TRUE,2503,Pinda - Ouaté - Kopéto
Province Nord,2019,Pouembout,0003,Ouaté,165.125775830839,-21.1850509030541,134,95,94,uni_palika,UNI – Palika,UNI-Palika,#f0c52f,3,25,94,26.595744680851062,TRUE,NA,NA
Province Nord,2019,Poum,0001,Mairie,164.02565823453438,-20.232335490929035,601,389,386,uni_palika,UNI – Palika,UNI-Palika,#f0c52f,3,153,386,39.637305699481864,TRUE,2601,Poum du village - Poingam
Province Nord,2019,Poum,0002,Tiabet,164.0259384508845,-20.127138518272172,392,287,285,uni_palika,UNI – Palika,UNI-Palika,#f0c52f,3,132,285,46.31578947368421,TRUE,2601,Poum du village - Poingam
Province Nord,2019,Poum,0003,Arama,164.20258021961365,-20.252916819670393,388,242,240,uni_palika,UNI – Palika,UNI-Palika,#f0c52f,3,53,240,22.083333333333332,TRUE,2603,Bouarou - Pangai - Narai
Province Nord,2019,Pouébo,0001,Mairie,164.5872015210802,-20.399273159074973,718,364,360,uni_palika,UNI – Palika,UNI-Palika,#f0c52f,3,98,360,27.22222222222222,TRUE,2401,Pouébo village - St Ferdinand - St Louis
Province Nord,2019,Pouébo,0002,Saint Denis Ballade,164.49963895578423,-20.310000557096696,533,307,302,uni_palika,UNI – Palika,UNI-Palika,#f0c52f,3,109,302,36.09271523178808,TRUE,2401,Pouébo village - St Ferdinand - St Louis
Province Nord,2019,Pouébo,0003,Yambé,164.658766232452,-20.439464504971355,387,233,233,uni_palika,UNI – Palika,UNI-Palika,#f0c52f,3,66,233,28.326180257510728,TRUE,2402,Tchamboéne - Diahoué - Colnett
Province Nord,2019,Pouébo,0004,Saint-Louis,164.56475883280652,-20.370617010719258,546,310,305,uni_palika,UNI – Palika,UNI-Palika,#f0c52f,3,136,305,44.59016393442623,TRUE,2401,Pouébo village - St Ferdinand - St Louis
Province Nord,2019,Pouébo,0005,Colnett,164.73002659765442,-20.4756971674156,117,62,61,uni_palika,UNI – Palika,UNI-Palika,#f0c52f,3,11,61,18.0327868852459,TRUE,2402,Tchamboéne - Diahoué - Colnett
Province Nord,2019,Poya Nord,0001,Mairie 1,164.99768585786552,-21.326893497720405,510,342,333,uni_palika,UNI – Palika,UNI-Palika,#f0c52f,3,99,333,29.72972972972973,TRUE,2701,Poya villageé Népoui
Province Nord,2019,Poya Nord,0002,Gohapin,165.27390161257972,-21.22505994951149,447,313,312,uni_palika,UNI – Palika,UNI-Palika,#f0c52f,3,19,312,6.089743589743589,TRUE,2705,Gohapin - Montfaoué - Néklia - Kradji
Province Nord,2019,Poya Nord,0003,Népoui,164.99768585786552,-21.326893497720405,685,441,418,uni_palika,UNI – Palika,UNI-Palika,#f0c52f,3,65,418,15.55023923444976,TRUE,2701,Poya villageé Népoui
Province Nord,2019,Poya Nord,0004,Montfaoué,165.2933124776928,-21.277955211764784,250,170,170,uni_palika,UNI – Palika,UNI-Palika,#f0c52f,3,125,170,73.52941176470588,TRUE,2705,Gohapin - Montfaoué - Néklia - Kradji
Province Nord,2019,Poya Nord,0006,Nékliai,165.1862986905251,-21.29493580556391,186,126,125,uni_palika,UNI – Palika,UNI-Palika,#f0c52f,3,42,125,33.6,TRUE,2705,Gohapin - Montfaoué - Néklia - Kradji
Province Nord,2019,Touho,0001,Mairie,165.23869122747195,-20.77975735338533,966,637,625,uni_palika,UNI – Palika,UNI-Palika,#f0c52f,3,335,625,53.6,TRUE,3001,Touho village
Province Nord,2019,Touho,0002,Tiouandé,165.04706639545026,-20.742192862631615,221,137,134,uni_palika,UNI – Palika,UNI-Palika,#f0c52f,3,54,134,40.298507462686565,TRUE,3003,Tiouandé - Ouanache - Congouma - Paola
Province Nord,2019,Touho,0003,Kokingone,165.25551905392797,-20.85522530725118,302,187,181,uni_palika,UNI – Palika,UNI-Palika,#f0c52f,3,98,181,54.14364640883978,TRUE,3004,Koe - Kokingone - Tiwaka - Pombéi
Province Nord,2019,Touho,0004,Paola,165.1103595238747,-20.77393379422664,405,277,276,uni_palika,UNI – Palika,UNI-Palika,#f0c52f,3,237,276,85.8695652173913,TRUE,3003,Tiouandé - Ouanache - Congouma - Paola
Province Nord,2019,Voh,0001,Mairie,164.686182051524,-20.9488288857597,817,544,523,uni_palika,UNI – Palika,UNI-Palika,#f0c52f,3,142,523,27.151051625239006,TRUE,3101,Voh village - Gatope
Province Nord,2019,Voh,0002,Témala,164.689267929949,-20.87135077045,813,541,533,uni_palika,UNI – Palika,UNI-Palika,#f0c52f,3,312,533,58.53658536585366,TRUE,3103,Témala
Province Nord,2019,Voh,0003,Ouengo,164.74217311646055,-20.784454291123556,47,39,39,uni_palika,UNI – Palika,UNI-Palika,#f0c52f,3,37,39,94.87179487179488,TRUE,3103,Témala
Province Nord,2019,Voh,0004,Tieta,164.740133724095,-20.9210724511979,264,193,192,uni_palika,UNI – Palika,UNI-Palika,#f0c52f,3,129,192,67.1875,TRUE,3106,Tiéta
Province Nord,2019,Voh,0005,Oundjo,164.697579851987,-21.0373781816945,329,249,248,uni_palika,UNI – Palika,UNI-Palika,#f0c52f,3,169,248,68.14516129032258,TRUE,3101,Voh village - Gatope
Province Nord,2026,Bélep,0001,Mairie,163.6480110596638,-19.71203277091468,941,417,417,uni_palika,UNI – Palika,UNI-Palika,#f0c52f,3,137,417,32.853717026378895,TRUE,101,Bélep
Province Nord,2026,Canala,0001,Mairie,165.96392757417755,-21.522084905801098,402,265,263,uni_palika,UNI – Palika,UNI-Palika,#f0c52f,3,108,263,41.06463878326996,TRUE,401,Canala village
Province Nord,2026,Canala,0002,Nakéty (Marie annexe),166.04631481753384,-21.54222544058342,510,347,344,uni_palika,UNI – Palika,UNI-Palika,#f0c52f,3,179,344,52.03488372093023,TRUE,403,Gélima - Nakéty
Province Nord,2026,Canala,0003,Nanon - Kénérou (maison commune),165.88480729759476,-21.546697208816735,463,293,287,uni_palika,UNI – Palika,UNI-Palika,#f0c52f,3,129,287,44.94773519163763,TRUE,401,Canala village
Province Nord,2026,Canala,0004,Méhoué (maison commune de Méhoué),165.9494172177474,-21.51958486452521,820,589,582,uni_palika,UNI – Palika,UNI-Palika,#f0c52f,3,144,582,24.742268041237114,TRUE,401,Canala village
Province Nord,2026,Canala,0005,Gélima (maison commune),165.98151543430086,-21.534392845846163,752,528,521,uni_palika,UNI – Palika,UNI-Palika,#f0c52f,3,169,521,32.437619961612285,TRUE,403,Gélima - Nakéty
Province Nord,2026,Canala,0006,Mérénémé (maison commune),165.92818615112122,-21.514857403632252,317,193,189,uni_palika,UNI – Palika,UNI-Palika,#f0c52f,3,51,189,26.984126984126984,TRUE,401,Canala village
Province Nord,2026,Canala,0007,Tenda Koumendi (école de Ného situé à la tribu de tenda-Koumendi),166.03563428874068,-21.545648677139223,345,212,210,uni_palika,UNI – Palika,UNI-Palika,#f0c52f,3,100,210,47.61904761904762,TRUE,403,Gélima - Nakéty
Province Nord,2026,Hienghène,0001,Mairie,164.94565765433836,-20.688834938182335,574,327,327,uni_palika,UNI – Palika,UNI-Palika,#f0c52f,3,38,327,11.62079510703364,TRUE,701,Hienghéne littoral
Province Nord,2026,Hienghène,0002,Tendo,164.8162801367713,-20.71273259336387,228,129,128,uni_palika,UNI – Palika,UNI-Palika,#f0c52f,3,40,128,31.25,TRUE,704,Tiendanite Ouayaguette
Province Nord,2026,Hienghène,0003,Bas-Coulna,164.78261362354763,-20.687835024386533,116,78,77,uni_palika,UNI – Palika,UNI-Palika,#f0c52f,3,27,77,35.064935064935064,TRUE,704,Tiendanite Ouayaguette
Province Nord,2026,Hienghène,0004,Haut-Coulna,164.7358564404401,-20.63480876362534,99,52,52,uni_palika,UNI – Palika,UNI-Palika,#f0c52f,3,12,52,23.076923076923077,TRUE,704,Tiendanite Ouayaguette
Province Nord,2026,Hienghène,0005,Ouayaguette,164.6835205195477,-20.659220188803257,188,108,108,uni_palika,UNI – Palika,UNI-Palika,#f0c52f,3,22,108,20.37037037037037,TRUE,704,Tiendanite Ouayaguette
Province Nord,2026,Hienghène,0006,Ouaième,164.84911233352278,-20.61488125992091,206,122,121,uni_palika,UNI – Palika,UNI-Palika,#f0c52f,3,20,121,16.52892561983471,TRUE,701,Hienghéne littoral
Province Nord,2026,Hienghène,0007,Oué-Hawa,165.03458545186362,-20.765966185987494,67,38,38,uni_palika,UNI – Palika,UNI-Palika,#f0c52f,3,8,38,21.05263157894737,TRUE,704,Tiendanite Ouayaguette
Province Nord,2026,Hienghène,0008,Tiendanite,164.8988687236624,-20.75818441571426,106,83,83,uni_palika,UNI – Palika,UNI-Palika,#f0c52f,3,3,83,3.6144578313253013,TRUE,704,Tiendanite Ouayaguette
Province Nord,2026,Hienghène,0009,Ouaré,164.93523458965643,-20.673024668353836,590,351,335,uni_palika,UNI – Palika,UNI-Palika,#f0c52f,3,121,335,36.11940298507463,TRUE,701,Hienghéne littoral
Province Nord,2026,Hienghène,0010,Léwarap,164.92837654735197,-20.722390044785012,306,175,173,uni_palika,UNI – Palika,UNI-Palika,#f0c52f,3,29,173,16.76300578034682,TRUE,701,Hienghéne littoral
Province Nord,2026,Houaïlou,0001,Salle Paul NEDJA (ancienne mairie),165.6260919909217,-21.278284372962112,429,243,240,uni_palika,UNI – Palika,UNI-Palika,#f0c52f,3,65,240,27.083333333333332,TRUE,801,Houailou village
Province Nord,2026,Houaïlou,0002,Nediouen (maison commune),165.615714,-21.264735,664,431,415,uni_palika,UNI – Palika,UNI-Palika,#f0c52f,3,76,415,18.313253012048193,TRUE,NA,NA
Province Nord,2026,Houaïlou,0003,Bâ (école primaire),165.55842620966266,-21.19827944865936,375,214,212,uni_palika,UNI – Palika,UNI-Palika,#f0c52f,3,96,212,45.283018867924525,TRUE,803,Warai
Province Nord,2026,Houaïlou,0004,Nessakoéa (maison commune),165.5267547278778,-21.28421939373571,312,168,168,uni_palika,UNI – Palika,UNI-Palika,#f0c52f,3,44,168,26.19047619047619,TRUE,805,Nédivin - Bas Nindien
Province Nord,2026,Houaïlou,0005,Poro (foyer socio-culturel),165.70953015747588,-21.30262511634177,567,301,295,uni_palika,UNI – Palika,UNI-Palika,#f0c52f,3,97,295,32.88135593220339,TRUE,801,Houailou village
Province Nord,2026,Houaïlou,0006,Coula (maison commune),165.44899405604838,-21.336853600338287,482,259,254,uni_palika,UNI – Palika,UNI-Palika,#f0c52f,3,64,254,25.19685039370079,TRUE,807,Boréaré - Coula - Karagreu
Province Nord,2026,Houaïlou,0007,Néaoua (maison commune),165.6455007313978,-21.325531853593,328,176,173,uni_palika,UNI – Palika,UNI-Palika,#f0c52f,3,57,173,32.947976878612714,TRUE,801,Houailou village
Province Nord,2026,Houaïlou,0008,Nédivin (maison commune),165.57082158687447,-21.289736384804883,537,292,288,uni_palika,UNI – Palika,UNI-Palika,#f0c52f,3,86,288,29.86111111111111,TRUE,805,Nédivin - Bas Nindien
Province Nord,2026,Kaala-Gomen,0001,Mairie,164.397185345977,-20.6671314843025,559,349,340,uni_palika,UNI – Palika,UNI-Palika,#f0c52f,3,124,340,36.470588235294116,TRUE,1001,Kaala Gomen village et littoral
Province Nord,2026,Kaala-Gomen,0002,Ouéholle,164.545680960012,-20.6046276080457,393,253,253,uni_palika,UNI – Palika,UNI-Palika,#f0c52f,3,33,253,13.043478260869565,TRUE,1004,Ouéholle - Ouémou - Kourou
Province Nord,2026,Kaala-Gomen,0003,Maison Commune de Païta,164.426512320768,-20.6494636653987,289,175,172,uni_palika,UNI – Palika,UNI-Palika,#f0c52f,3,97,172,56.395348837209305,TRUE,1001,Kaala Gomen village et littoral
Province Nord,2026,Kaala-Gomen,0004,Maison Commune de Gamaï,164.486749878062,-20.6941126404856,191,120,119,uni_palika,UNI – Palika,UNI-Palika,#f0c52f,3,41,119,34.45378151260504,TRUE,1001,Kaala Gomen village et littoral
Province Nord,2026,Kaala-Gomen,0005,Maison Commune de Baoui,164.463552597488,-20.6891303658536,143,111,110,uni_palika,UNI – Palika,UNI-Palika,#f0c52f,3,67,110,60.90909090909091,TRUE,1001,Kaala Gomen village et littoral
Province Nord,2026,Kaala-Gomen,0006,Ouaco,164.471215971078,-20.8375035625753,216,145,143,uni_palika,UNI – Palika,UNI-Palika,#f0c52f,3,44,143,30.76923076923077,TRUE,1001,Kaala Gomen village et littoral
Province Nord,2026,Koné,0001,Salle Au Pitiri,164.86328,-21.059973,675,417,410,uni_palika,UNI – Palika,UNI-Palika,#f0c52f,3,102,410,24.878048780487806,TRUE,NA,NA
Province Nord,2026,Koné,0002,Poindah,164.964442641559,-21.0372102738018,182,116,115,uni_palika,UNI – Palika,UNI-Palika,#f0c52f,3,35,115,30.434782608695652,TRUE,1107,Poindah - Noelly - Néami - Netchaot
Province Nord,2026,Koné,0003,Netchaot,165.022902317548,-21.0054157631335,407,291,288,uni_palika,UNI – Palika,UNI-Palika,#f0c52f,3,239,288,82.98611111111111,TRUE,1107,Poindah - Noelly - Néami - Netchaot
Province Nord,2026,Koné,0004,Tiaoué,164.916802108,-21.0000621217301,286,230,228,uni_palika,UNI – Palika,UNI-Palika,#f0c52f,3,42,228,18.42105263157895,TRUE,1107,Poindah - Noelly - Néami - Netchaot
Province Nord,2026,Koné,0005,Atéou,164.90654574925,-20.9500343540188,127,97,97,uni_palika,UNI – Palika,UNI-Palika,#f0c52f,3,27,97,27.835051546391753,TRUE,1107,Poindah - Noelly - Néami - Netchaot
Province Nord,2026,Koné,0006,Bopope,165.079714634727,-20.9178415050895,234,152,151,uni_palika,UNI – Palika,UNI-Palika,#f0c52f,3,92,151,60.9271523178808,TRUE,1108,Bopope
Province Nord,2026,Koné,0007,Neami,164.971958124292,-20.977983356452,234,155,154,uni_palika,UNI – Palika,UNI-Palika,#f0c52f,3,76,154,49.35064935064935,TRUE,1107,Poindah - Noelly - Néami - Netchaot
Province Nord,2026,Koné,0008,Baco,164.895177171264,-21.0667090848805,467,325,317,uni_palika,UNI – Palika,UNI-Palika,#f0c52f,3,155,317,48.89589905362776,TRUE,1103,Baco - Koniambo
Province Nord,2026,Koné,0009,Ecole Primaire Les Cigales,164.8701529762,-21.0521518022935,799,533,527,uni_palika,UNI – Palika,UNI-Palika,#f0c52f,3,176,527,33.396584440227706,TRUE,1101,Koné village
Province Nord,2026,Koné,0010,Noëlly,164.947538773364,-21.0048750710989,218,165,163,uni_palika,UNI – Palika,UNI-Palika,#f0c52f,3,116,163,71.16564417177914,TRUE,1107,Poindah - Noelly - Néami - Netchaot
Province Nord,2026,Koné,0011,Ecole Téari,164.867168,-21.074849,698,384,372,uni_palika,UNI – Palika,UNI-Palika,#f0c52f,3,92,372,24.731182795698924,TRUE,NA,NA
Province Nord,2026,Koné,0012,Les Allamandas,164.856461111321,-21.052040276968,538,365,356,uni_palika,UNI – Palika,UNI-Palika,#f0c52f,3,70,356,19.662921348314608,TRUE,1101,Koné village
Province Nord,2026,Kouaoua,0001,Centre administratif de Niminra 1,165.82856671021466,-21.396045166693337,571,337,330,uni_palika,UNI – Palika,UNI-Palika,#f0c52f,3,55,330,16.666666666666668,TRUE,3301,Kouaoua village - Amon Kasiori
Province Nord,2026,Kouaoua,0002,Centre administratif de Niminra 2,165.72221294003012,-21.49791198784617,286,162,160,uni_palika,UNI – Palika,UNI-Palika,#f0c52f,3,53,160,33.125,TRUE,3302,Méa Mébara - Ouérou Pimet
Province Nord,2026,Kouaoua,0003,Centre administratif de Niminra 3,165.83542921955194,-21.536184530370736,148,97,96,uni_palika,UNI – Palika,UNI-Palika,#f0c52f,3,23,96,23.958333333333332,TRUE,3302,Méa Mébara - Ouérou Pimet
Province Nord,2026,Kouaoua,0004,Centre administratif de Niminra 4,165.78859040310297,-21.469132110021317,190,105,105,uni_palika,UNI – Palika,UNI-Palika,#f0c52f,3,19,105,18.095238095238095,TRUE,3302,Méa Mébara - Ouérou Pimet
Province Nord,2026,Koumac,0001,Mairie,164.280241420927,-20.5602050455624,1304,772,756,uni_palika,UNI – Palika,UNI-Palika,#f0c52f,3,221,756,29.232804232804234,TRUE,1201,Koumac village
Province Nord,2026,Koumac,0002,Médiathèque Louis BASTIEN,164.285534,-20.561181,1594,970,952,uni_palika,UNI – Palika,UNI-Palika,#f0c52f,3,166,952,17.436974789915965,TRUE,NA,NA
Province Nord,2026,Ouégoa,0001,Salle polyvalente de Ouégoné,164.43943670837254,-20.34408534785039,834,543,534,uni_palika,UNI – Palika,UNI-Palika,#f0c52f,3,97,534,18.164794007490638,TRUE,1901,Ouégoa village - Balagam - Paraoua - Tarap
Province Nord,2026,Ouégoa,0002,Bondé,164.4324943000077,-20.429158724947957,857,525,522,uni_palika,UNI – Palika,UNI-Palika,#f0c52f,3,252,522,48.275862068965516,TRUE,1903,Bondé
Province Nord,2026,Ouégoa,0003,Paimboas,164.52279333171543,-20.52170436626958,383,201,200,uni_palika,UNI – Palika,UNI-Palika,#f0c52f,3,120,200,60,TRUE,1903,Bondé
Province Nord,2026,Ouégoa,0004,Tiari,164.3468221527753,-20.245820839427363,152,81,79,uni_palika,UNI – Palika,UNI-Palika,#f0c52f,3,18,79,22.78481012658228,TRUE,1902,Pam - Tiari
Province Nord,2026,Poindimié,0001,Mairie,165.33315827223544,-20.938215187057807,1184,687,676,uni_palika,UNI – Palika,UNI-Palika,#f0c52f,3,267,676,39.49704142011834,TRUE,2201,Poindimié village
Province Nord,2026,Poindimié,0002,Ouindo,165.39928663560227,-20.98624503490911,519,304,293,uni_palika,UNI – Palika,UNI-Palika,#f0c52f,3,150,293,51.19453924914676,TRUE,2204,Tibarama - Bayes - Ouindo - Ometteux - Napoém
Province Nord,2026,Poindimié,0003,Bayes,165.41027144991733,-20.95108534474138,585,327,324,uni_palika,UNI – Palika,UNI-Palika,#f0c52f,3,183,324,56.48148148148148,TRUE,2204,Tibarama - Bayes - Ouindo - Ometteux - Napoém
Province Nord,2026,Poindimié,0004,Amoa,165.39810099674145,-20.94109090560688,505,359,353,uni_palika,UNI – Palika,UNI-Palika,#f0c52f,3,299,353,84.70254957507082,TRUE,2204,Tibarama - Bayes - Ouindo - Ometteux - Napoém
Province Nord,2026,Poindimié,0005,Tyé,165.2980420173767,-20.900766814763863,564,394,389,uni_palika,UNI – Palika,UNI-Palika,#f0c52f,3,218,389,56.041131105398456,TRUE,2202,Tiéti - Tyé
Province Nord,2026,Poindimié,0006,Tiwaka,165.22299948568272,-20.895132063083377,324,189,185,uni_palika,UNI – Palika,UNI-Palika,#f0c52f,3,41,185,22.16216216216216,TRUE,2202,Tiéti - Tyé
Province Nord,2026,Poindimié,0007,Tiéti,165.31101622324238,-20.919563042768107,602,391,384,uni_palika,UNI – Palika,UNI-Palika,#f0c52f,3,277,384,72.13541666666667,TRUE,2202,Tiéti - Tyé
Province Nord,2026,Ponérihouen,0001,Mairie,165.40196429415164,-21.070938768181968,493,296,292,uni_palika,UNI – Palika,UNI-Palika,#f0c52f,3,89,292,30.47945205479452,TRUE,2302,Ponérihouen village
Province Nord,2026,Ponérihouen,0002,Monéo,165.47846310724432,-21.150451617013218,453,286,279,uni_palika,UNI – Palika,UNI-Palika,#f0c52f,3,79,279,28.315412186379927,TRUE,2302,Ponérihouen village
Province Nord,2026,Ponérihouen,0003,Tchamba,165.2930233618618,-21.038585818858223,317,201,198,uni_palika,UNI – Palika,UNI-Palika,#f0c52f,3,40,198,20.2020202020202,TRUE,2303,Goyetta - Goa - Nébouéba - St Yves
Province Nord,2026,Ponérihouen,0004,Goa,165.30971500397104,-21.10629747908845,408,242,239,uni_palika,UNI – Palika,UNI-Palika,#f0c52f,3,53,239,22.175732217573223,TRUE,2303,Goyetta - Goa - Nébouéba - St Yves
Province Nord,2026,Ponérihouen,0005,Grondu,165.38976794045686,-21.076609909810266,509,347,343,uni_palika,UNI – Palika,UNI-Palika,#f0c52f,3,121,343,35.27696793002915,TRUE,2302,Ponérihouen village
Province Nord,2026,Ponérihouen,0006,Mou,165.44259083569398,-21.09696482410325,169,90,90,uni_palika,UNI – Palika,UNI-Palika,#f0c52f,3,39,90,43.333333333333336,TRUE,2302,Ponérihouen village
Province Nord,2026,Ponérihouen,0007,Goyetta,165.38150315716302,-21.17209523739158,334,202,201,uni_palika,UNI – Palika,UNI-Palika,#f0c52f,3,78,201,38.80597014925373,TRUE,2302,Ponérihouen village
Province Nord,2026,Pouembout,0001,Mairie,164.901099514933,-21.1214333298182,948,612,598,uni_palika,UNI – Palika,UNI-Palika,#f0c52f,3,148,598,24.74916387959866,TRUE,2501,Pouembout village
Province Nord,2026,Pouembout,0002,Cantine école primaire,164.90077,-21.12369,790,535,530,uni_palika,UNI – Palika,UNI-Palika,#f0c52f,3,104,530,19.62264150943396,TRUE,NA,NA
Province Nord,2026,Poum,0001,Mairie,164.02565823453438,-20.232335490929035,653,411,402,uni_palika,UNI – Palika,UNI-Palika,#f0c52f,3,168,402,41.791044776119406,TRUE,2601,Poum du village - Poingam
Province Nord,2026,Poum,0002,Tiabet,164.0259384508845,-20.127138518272172,448,280,279,uni_palika,UNI – Palika,UNI-Palika,#f0c52f,3,142,279,50.89605734767025,TRUE,2601,Poum du village - Poingam
Province Nord,2026,Poum,0003,La maison des femmes d'Arama,164.20258021961365,-20.252916819670393,418,245,244,uni_palika,UNI – Palika,UNI-Palika,#f0c52f,3,66,244,27.049180327868854,TRUE,2603,Bouarou - Pangai - Narai
Province Nord,2026,Pouébo,0001,Mairie,164.5872015210802,-20.399273159074973,750,372,372,uni_palika,UNI – Palika,UNI-Palika,#f0c52f,3,149,372,40.053763440860216,TRUE,2401,Pouébo village - St Ferdinand - St Louis
Province Nord,2026,Pouébo,0002,Saint Denis Balade,164.49963895578423,-20.310000557096696,587,297,296,uni_palika,UNI – Palika,UNI-Palika,#f0c52f,3,139,296,46.95945945945946,TRUE,2401,Pouébo village - St Ferdinand - St Louis
Province Nord,2026,Pouébo,0003,Yambé,164.658766232452,-20.439464504971355,405,190,189,uni_palika,UNI – Palika,UNI-Palika,#f0c52f,3,64,189,33.86243386243386,TRUE,2402,Tchamboéne - Diahoué - Colnett
Province Nord,2026,Pouébo,0004,Saint-Louis,164.56475883280652,-20.370617010719258,542,314,308,uni_palika,UNI – Palika,UNI-Palika,#f0c52f,3,129,308,41.883116883116884,TRUE,2401,Pouébo village - St Ferdinand - St Louis
Province Nord,2026,Pouébo,0005,Colnett,164.73002659765442,-20.4756971674156,119,59,57,uni_palika,UNI – Palika,UNI-Palika,#f0c52f,3,9,57,15.789473684210526,TRUE,2402,Tchamboéne - Diahoué - Colnett
Province Nord,2026,Poya Nord,0001,Salle ancienne mairie,164.99768585786552,-21.326893497720405,574,380,366,uni_palika,UNI – Palika,UNI-Palika,#f0c52f,3,101,366,27.595628415300546,TRUE,2701,Poya villageé Népoui
Province Nord,2026,Poya Nord,0002,Gohapin,165.27390161257972,-21.22505994951149,493,356,353,uni_palika,UNI – Palika,UNI-Palika,#f0c52f,3,12,353,3.3994334277620397,TRUE,2705,Gohapin - Montfaoué - Néklia - Kradji
Province Nord,2026,Poya Nord,0003,Salle des fêtes de Népoui,164.99768585786552,-21.326893497720405,761,463,448,uni_palika,UNI – Palika,UNI-Palika,#f0c52f,3,106,448,23.660714285714285,TRUE,2701,Poya villageé Népoui
Province Nord,2026,Poya Nord,0004,Montfaoué,165.2933124776928,-21.277955211764784,264,165,163,uni_palika,UNI – Palika,UNI-Palika,#f0c52f,3,53,163,32.515337423312886,TRUE,2705,Gohapin - Montfaoué - Néklia - Kradji
Province Nord,2026,Poya Nord,0006,Nékliai,165.1862986905251,-21.29493580556391,203,148,148,uni_palika,UNI – Palika,UNI-Palika,#f0c52f,3,27,148,18.243243243243242,TRUE,2705,Gohapin - Montfaoué - Néklia - Kradji
Province Nord,2026,Touho,0001,Mairie,165.23869122747195,-20.77975735338533,1013,623,613,uni_palika,UNI – Palika,UNI-Palika,#f0c52f,3,271,613,44.208809135399676,TRUE,3001,Touho village
Province Nord,2026,Touho,0002,Téganpaîk,165.066398,-20.738499,234,120,114,uni_palika,UNI – Palika,UNI-Palika,#f0c52f,3,43,114,37.719298245614034,TRUE,NA,NA
Province Nord,2026,Touho,0003,Kokingone,165.25551905392797,-20.85522530725118,316,188,186,uni_palika,UNI – Palika,UNI-Palika,#f0c52f,3,94,186,50.53763440860215,TRUE,3004,Koe - Kokingone - Tiwaka - Pombéi
Province Nord,2026,Touho,0004,Paola,165.1103595238747,-20.77393379422664,408,254,253,uni_palika,UNI – Palika,UNI-Palika,#f0c52f,3,183,253,72.33201581027669,TRUE,3003,Tiouandé - Ouanache - Congouma - Paola
Province Nord,2026,Voh,0001,Mairie,164.686182051524,-20.9488288857597,727,441,426,uni_palika,UNI – Palika,UNI-Palika,#f0c52f,3,98,426,23.004694835680752,TRUE,3101,Voh village - Gatope
Province Nord,2026,Voh,0002,Témala,164.689267929949,-20.87135077045,317,219,214,uni_palika,UNI – Palika,UNI-Palika,#f0c52f,3,70,214,32.71028037383178,TRUE,3103,Témala
Province Nord,2026,Voh,0003,Ouengo,164.74217311646055,-20.784454291123556,54,41,41,uni_palika,UNI – Palika,UNI-Palika,#f0c52f,3,41,41,100,TRUE,3103,Témala
Province Nord,2026,Voh,0004,Local socio-éducatif de TIETA,164.740133724095,-20.9210724511979,277,189,189,uni_palika,UNI – Palika,UNI-Palika,#f0c52f,3,122,189,64.55026455026454,TRUE,3106,Tiéta
Province Nord,2026,Voh,0005,Local socio-éducatif de OUNDJO,164.697579851987,-21.0373781816945,359,225,221,uni_palika,UNI – Palika,UNI-Palika,#f0c52f,3,159,221,71.94570135746606,TRUE,3101,Voh village - Gatope
Province Nord,2026,Voh,0006,Ecole publique de BOYEN,164.617398,-20.824466,202,137,134,uni_palika,UNI – Palika,UNI-Palika,#f0c52f,3,59,134,44.02985074626866,TRUE,NA,NA
Province Nord,2026,Voh,0007,Local socio-éducatif de TEMALA,164.68996,-20.871392,358,265,263,uni_palika,UNI – Palika,UNI-Palika,#f0c52f,3,211,263,80.22813688212928,TRUE,NA,NA
Province Nord,2026,Voh,0008,Socio-éducatif de GATOPE,164.66949443382563,-20.965828575807695,138,93,88,uni_palika,UNI – Palika,UNI-Palika,#f0c52f,3,43,88,48.86363636363637,TRUE,3101,Voh village - Gatope
Province Nord,2019,Bélep,0001,Mairie,163.6480110596638,-19.71203277091468,912,490,487,autres_ind_nord,Autres listes indépendantistes,Autres indép.,#b6483b,4,48,487,9.856262833675565,TRUE,101,Bélep
Province Nord,2019,Canala,0001,Mairie,165.96392757417755,-21.522084905801098,369,247,234,autres_ind_nord,Autres listes indépendantistes,Autres indép.,#b6483b,4,12,234,5.128205128205129,TRUE,401,Canala village
Province Nord,2019,Canala,0002,Nakéty,166.04631481753384,-21.54222544058342,791,514,509,autres_ind_nord,Autres listes indépendantistes,Autres indép.,#b6483b,4,14,509,2.75049115913556,TRUE,403,Gélima - Nakéty
Province Nord,2019,Canala,0003,Nanon-Kénérou,165.88480729759476,-21.546697208816735,458,287,279,autres_ind_nord,Autres listes indépendantistes,Autres indép.,#b6483b,4,6,279,2.150537634408602,TRUE,401,Canala village
Province Nord,2019,Canala,0004,Méhoué,165.9494172177474,-21.51958486452521,778,496,478,autres_ind_nord,Autres listes indépendantistes,Autres indép.,#b6483b,4,6,478,1.2552301255230125,TRUE,401,Canala village
Province Nord,2019,Canala,0005,Gélima,165.98151543430086,-21.534392845846163,704,452,439,autres_ind_nord,Autres listes indépendantistes,Autres indép.,#b6483b,4,12,439,2.733485193621868,TRUE,403,Gélima - Nakéty
Province Nord,2019,Canala,0006,Mérénémé,165.92818615112122,-21.514857403632252,284,162,138,autres_ind_nord,Autres listes indépendantistes,Autres indép.,#b6483b,4,5,138,3.6231884057971016,TRUE,401,Canala village
Province Nord,2019,Hienghène,0001,Mairie,164.94565765433836,-20.688834938182335,541,304,302,autres_ind_nord,Autres listes indépendantistes,Autres indép.,#b6483b,4,4,302,1.3245033112582782,TRUE,701,Hienghéne littoral
Province Nord,2019,Hienghène,0002,Tendo,164.8162801367713,-20.71273259336387,216,157,157,autres_ind_nord,Autres listes indépendantistes,Autres indép.,#b6483b,4,1,157,0.6369426751592356,TRUE,704,Tiendanite Ouayaguette
Province Nord,2019,Hienghène,0003,Bas-Coulna,164.78261362354763,-20.687835024386533,112,67,66,autres_ind_nord,Autres listes indépendantistes,Autres indép.,#b6483b,4,0,66,0,TRUE,704,Tiendanite Ouayaguette
Province Nord,2019,Hienghène,0004,Haut-Coulna,164.7358564404401,-20.63480876362534,102,59,59,autres_ind_nord,Autres listes indépendantistes,Autres indép.,#b6483b,4,1,59,1.694915254237288,TRUE,704,Tiendanite Ouayaguette
Province Nord,2019,Hienghène,0005,Ouayaguette,164.6835205195477,-20.659220188803257,181,109,108,autres_ind_nord,Autres listes indépendantistes,Autres indép.,#b6483b,4,1,108,0.9259259259259259,TRUE,704,Tiendanite Ouayaguette
Province Nord,2019,Hienghène,0006,Ouaième,164.84911233352278,-20.61488125992091,212,138,136,autres_ind_nord,Autres listes indépendantistes,Autres indép.,#b6483b,4,1,136,0.7352941176470589,TRUE,701,Hienghéne littoral
Province Nord,2019,Hienghène,0007,Oué-Hawa,165.03458545186362,-20.765966185987494,70,32,31,autres_ind_nord,Autres listes indépendantistes,Autres indép.,#b6483b,4,1,31,3.225806451612903,TRUE,704,Tiendanite Ouayaguette
Province Nord,2019,Hienghène,0008,Tiendanite,164.8988687236624,-20.75818441571426,97,81,81,autres_ind_nord,Autres listes indépendantistes,Autres indép.,#b6483b,4,1,81,1.2345679012345678,TRUE,704,Tiendanite Ouayaguette
Province Nord,2019,Hienghène,0009,Ouaré,164.93523458965643,-20.673024668353836,585,408,407,autres_ind_nord,Autres listes indépendantistes,Autres indép.,#b6483b,4,3,407,0.7371007371007371,TRUE,701,Hienghéne littoral
Province Nord,2019,Hienghène,0010,Léwarap,164.92837654735197,-20.722390044785012,288,175,173,autres_ind_nord,Autres listes indépendantistes,Autres indép.,#b6483b,4,12,173,6.936416184971098,TRUE,701,Hienghéne littoral
Province Nord,2019,Houaïlou,0001,Mairie,165.6260919909217,-21.278284372962112,417,255,247,autres_ind_nord,Autres listes indépendantistes,Autres indép.,#b6483b,4,37,247,14.979757085020243,TRUE,801,Houailou village
Province Nord,2019,Houaïlou,0002,Warai,165.76989808558005,-21.33124821435679,659,399,368,autres_ind_nord,Autres listes indépendantistes,Autres indép.,#b6483b,4,49,368,13.315217391304348,TRUE,807,Boréaré - Coula - Karagreu
Province Nord,2019,Houaïlou,0003,Bâ,165.55842620966266,-21.19827944865936,370,245,242,autres_ind_nord,Autres listes indépendantistes,Autres indép.,#b6483b,4,14,242,5.785123966942149,TRUE,803,Warai
Province Nord,2019,Houaïlou,0004,Nessakoéa,165.5267547278778,-21.28421939373571,296,164,159,autres_ind_nord,Autres listes indépendantistes,Autres indép.,#b6483b,4,7,159,4.40251572327044,TRUE,805,Nédivin - Bas Nindien
Province Nord,2019,Houaïlou,0005,Poro,165.70953015747588,-21.30262511634177,522,267,256,autres_ind_nord,Autres listes indépendantistes,Autres indép.,#b6483b,4,30,256,11.71875,TRUE,801,Houailou village
Province Nord,2019,Houaïlou,0006,Coula,165.44899405604838,-21.336853600338287,488,269,265,autres_ind_nord,Autres listes indépendantistes,Autres indép.,#b6483b,4,7,265,2.641509433962264,TRUE,807,Boréaré - Coula - Karagreu
Province Nord,2019,Houaïlou,0007,Néaoua,165.6455007313978,-21.325531853593,328,193,191,autres_ind_nord,Autres listes indépendantistes,Autres indép.,#b6483b,4,10,191,5.2356020942408374,TRUE,801,Houailou village
Province Nord,2019,Houaïlou,0008,Nédivin,165.57082158687447,-21.289736384804883,499,312,303,autres_ind_nord,Autres listes indépendantistes,Autres indép.,#b6483b,4,31,303,10.231023102310232,TRUE,805,Nédivin - Bas Nindien
Province Nord,2019,Kaala-Gomen,0001,Mairie,164.397185345977,-20.6671314843025,485,270,268,autres_ind_nord,Autres listes indépendantistes,Autres indép.,#b6483b,4,16,268,5.970149253731344,TRUE,1001,Kaala Gomen village et littoral
Province Nord,2019,Kaala-Gomen,0002,Oueholle,164.545680960012,-20.6046276080457,357,258,258,autres_ind_nord,Autres listes indépendantistes,Autres indép.,#b6483b,4,1,258,0.3875968992248062,TRUE,1004,Ouéholle - Ouémou - Kourou
Province Nord,2019,Kaala-Gomen,0003,Maison Commune de Païta,164.426512320768,-20.6494636653987,274,161,159,autres_ind_nord,Autres listes indépendantistes,Autres indép.,#b6483b,4,32,159,20.12578616352201,TRUE,1001,Kaala Gomen village et littoral
Province Nord,2019,Kaala-Gomen,0004,Maison Commune de Gamaï,164.486749878062,-20.6941126404856,182,127,126,autres_ind_nord,Autres listes indépendantistes,Autres indép.,#b6483b,4,7,126,5.555555555555555,TRUE,1001,Kaala Gomen village et littoral
Province Nord,2019,Kaala-Gomen,0005,Maison Commune de Baoui,164.463552597488,-20.6891303658536,122,104,104,autres_ind_nord,Autres listes indépendantistes,Autres indép.,#b6483b,4,6,104,5.769230769230769,TRUE,1001,Kaala Gomen village et littoral
Province Nord,2019,Kaala-Gomen,0006,Ouaco,164.471215971078,-20.8375035625753,191,124,120,autres_ind_nord,Autres listes indépendantistes,Autres indép.,#b6483b,4,5,120,4.166666666666667,TRUE,1001,Kaala Gomen village et littoral
Province Nord,2019,Koné,0001,Mairie,164.861419,-21.061604,631,436,421,autres_ind_nord,Autres listes indépendantistes,Autres indép.,#b6483b,4,20,421,4.750593824228028,TRUE,NA,NA
Province Nord,2019,Koné,0002,Poindah,164.964442641559,-21.0372102738018,162,113,113,autres_ind_nord,Autres listes indépendantistes,Autres indép.,#b6483b,4,4,113,3.5398230088495577,TRUE,1107,Poindah - Noelly - Néami - Netchaot
Province Nord,2019,Koné,0003,Netchaot,165.022902317548,-21.0054157631335,390,273,272,autres_ind_nord,Autres listes indépendantistes,Autres indép.,#b6483b,4,2,272,0.7352941176470589,TRUE,1107,Poindah - Noelly - Néami - Netchaot
Province Nord,2019,Koné,0004,Tiaoué,164.916802108,-21.0000621217301,258,213,213,autres_ind_nord,Autres listes indépendantistes,Autres indép.,#b6483b,4,1,213,0.4694835680751174,TRUE,1107,Poindah - Noelly - Néami - Netchaot
Province Nord,2019,Koné,0005,Atéou,164.90654574925,-20.9500343540188,129,94,94,autres_ind_nord,Autres listes indépendantistes,Autres indép.,#b6483b,4,2,94,2.127659574468085,TRUE,1107,Poindah - Noelly - Néami - Netchaot
Province Nord,2019,Koné,0006,Bopope,165.079714634727,-20.9178415050895,211,152,148,autres_ind_nord,Autres listes indépendantistes,Autres indép.,#b6483b,4,2,148,1.3513513513513513,TRUE,1108,Bopope
Province Nord,2019,Koné,0007,Neami,164.971958124292,-20.977983356452,206,145,144,autres_ind_nord,Autres listes indépendantistes,Autres indép.,#b6483b,4,8,144,5.555555555555555,TRUE,1107,Poindah - Noelly - Néami - Netchaot
Province Nord,2019,Koné,0008,Baco,164.895177171264,-21.0667090848805,400,282,279,autres_ind_nord,Autres listes indépendantistes,Autres indép.,#b6483b,4,16,279,5.734767025089606,TRUE,1103,Baco - Koniambo
Province Nord,2019,Koné,0009,Ecole Primaire Les Cigales,164.8701529762,-21.0521518022935,649,427,411,autres_ind_nord,Autres listes indépendantistes,Autres indép.,#b6483b,4,29,411,7.0559610705596105,TRUE,1101,Koné village
Province Nord,2019,Koné,0010,Noëlly,164.947538773364,-21.0048750710989,212,147,145,autres_ind_nord,Autres listes indépendantistes,Autres indép.,#b6483b,4,8,145,5.517241379310345,TRUE,1107,Poindah - Noelly - Néami - Netchaot
Province Nord,2019,Koné,0011,Mairie 2,164.861419,-21.061604,487,328,309,autres_ind_nord,Autres listes indépendantistes,Autres indép.,#b6483b,4,22,309,7.119741100323624,TRUE,NA,NA
Province Nord,2019,Koné,0012,Les Allamandas,164.856461111321,-21.052040276968,394,309,302,autres_ind_nord,Autres listes indépendantistes,Autres indép.,#b6483b,4,9,302,2.980132450331126,TRUE,1101,Koné village
Province Nord,2019,Kouaoua,0001,Mairie,165.82856671021466,-21.396045166693337,539,357,353,autres_ind_nord,Autres listes indépendantistes,Autres indép.,#b6483b,4,15,353,4.2492917847025495,TRUE,3301,Kouaoua village - Amon Kasiori
Province Nord,2019,Kouaoua,0002,Ouérou-Piment,165.72221294003012,-21.49791198784617,259,175,173,autres_ind_nord,Autres listes indépendantistes,Autres indép.,#b6483b,4,3,173,1.7341040462427746,TRUE,3302,Méa Mébara - Ouérou Pimet
Province Nord,2019,Kouaoua,0003,Koh,165.83542921955194,-21.536184530370736,143,109,108,autres_ind_nord,Autres listes indépendantistes,Autres indép.,#b6483b,4,1,108,0.9259259259259259,TRUE,3302,Méa Mébara - Ouérou Pimet
Province Nord,2019,Kouaoua,0004,Méa-Mébara,165.78859040310297,-21.469132110021317,168,97,96,autres_ind_nord,Autres listes indépendantistes,Autres indép.,#b6483b,4,4,96,4.166666666666667,TRUE,3302,Méa Mébara - Ouérou Pimet
Province Nord,2019,Koumac,0001,Mairie 1 et Centralisateur,164.280241420927,-20.5602050455624,1157,728,706,autres_ind_nord,Autres listes indépendantistes,Autres indép.,#b6483b,4,32,706,4.53257790368272,TRUE,1201,Koumac village
Province Nord,2019,Koumac,0002,Ecole Primaire Charles Mermoud 2,164.282519595968,-20.5572929814306,1482,926,889,autres_ind_nord,Autres listes indépendantistes,Autres indép.,#b6483b,4,26,889,2.9246344206974126,TRUE,1201,Koumac village
Province Nord,2019,Ouégoa,0001,Mairie,164.43943670837254,-20.34408534785039,799,494,468,autres_ind_nord,Autres listes indépendantistes,Autres indép.,#b6483b,4,37,468,7.905982905982906,TRUE,1901,Ouégoa village - Balagam - Paraoua - Tarap
Province Nord,2019,Ouégoa,0002,Bondé,164.4324943000077,-20.429158724947957,802,476,475,autres_ind_nord,Autres listes indépendantistes,Autres indép.,#b6483b,4,21,475,4.421052631578948,TRUE,1903,Bondé
Province Nord,2019,Ouégoa,0003,Paimboas,164.52279333171543,-20.52170436626958,386,224,223,autres_ind_nord,Autres listes indépendantistes,Autres indép.,#b6483b,4,5,223,2.242152466367713,TRUE,1903,Bondé
Province Nord,2019,Ouégoa,0004,Tiari,164.3468221527753,-20.245820839427363,143,101,101,autres_ind_nord,Autres listes indépendantistes,Autres indép.,#b6483b,4,6,101,5.9405940594059405,TRUE,1902,Pam - Tiari
Province Nord,2019,Poindimié,0001,Mairie,165.33315827223544,-20.938215187057807,1120,657,646,autres_ind_nord,Autres listes indépendantistes,Autres indép.,#b6483b,4,17,646,2.6315789473684212,TRUE,2201,Poindimié village
Province Nord,2019,Poindimié,0002,Ouindo,165.39928663560227,-20.98624503490911,503,338,322,autres_ind_nord,Autres listes indépendantistes,Autres indép.,#b6483b,4,10,322,3.1055900621118013,TRUE,2204,Tibarama - Bayes - Ouindo - Ometteux - Napoém
Province Nord,2019,Poindimié,0003,Bayes,165.41027144991733,-20.95108534474138,553,377,375,autres_ind_nord,Autres listes indépendantistes,Autres indép.,#b6483b,4,13,375,3.466666666666667,TRUE,2204,Tibarama - Bayes - Ouindo - Ometteux - Napoém
Province Nord,2019,Poindimié,0004,Amoa,165.39810099674145,-20.94109090560688,489,354,353,autres_ind_nord,Autres listes indépendantistes,Autres indép.,#b6483b,4,13,353,3.68271954674221,TRUE,2204,Tibarama - Bayes - Ouindo - Ometteux - Napoém
Province Nord,2019,Poindimié,0005,Tye,165.2980420173767,-20.900766814763863,559,396,392,autres_ind_nord,Autres listes indépendantistes,Autres indép.,#b6483b,4,19,392,4.846938775510204,TRUE,2202,Tiéti - Tyé
Province Nord,2019,Poindimié,0006,Tiwaka,165.22299948568272,-20.895132063083377,322,210,208,autres_ind_nord,Autres listes indépendantistes,Autres indép.,#b6483b,4,1,208,0.4807692307692308,TRUE,2202,Tiéti - Tyé
Province Nord,2019,Poindimié,0007,Tiéti,165.31101622324238,-20.919563042768107,544,382,379,autres_ind_nord,Autres listes indépendantistes,Autres indép.,#b6483b,4,22,379,5.804749340369393,TRUE,2202,Tiéti - Tyé
Province Nord,2019,Ponérihouen,0001,Mairie,165.40196429415164,-21.070938768181968,480,313,304,autres_ind_nord,Autres listes indépendantistes,Autres indép.,#b6483b,4,26,304,8.552631578947368,TRUE,2302,Ponérihouen village
Province Nord,2019,Ponérihouen,0002,Monéo,165.47846310724432,-21.150451617013218,447,268,264,autres_ind_nord,Autres listes indépendantistes,Autres indép.,#b6483b,4,21,264,7.954545454545454,TRUE,2302,Ponérihouen village
Province Nord,2019,Ponérihouen,0003,Tchamba,165.2930233618618,-21.038585818858223,312,219,217,autres_ind_nord,Autres listes indépendantistes,Autres indép.,#b6483b,4,10,217,4.608294930875576,TRUE,2303,Goyetta - Goa - Nébouéba - St Yves
Province Nord,2019,Ponérihouen,0004,Goa,165.30971500397104,-21.10629747908845,384,262,260,autres_ind_nord,Autres listes indépendantistes,Autres indép.,#b6483b,4,5,260,1.9230769230769231,TRUE,2303,Goyetta - Goa - Nébouéba - St Yves
Province Nord,2019,Ponérihouen,0005,Grondu,165.38976794045686,-21.076609909810266,492,337,332,autres_ind_nord,Autres listes indépendantistes,Autres indép.,#b6483b,4,34,332,10.240963855421686,TRUE,2302,Ponérihouen village
Province Nord,2019,Ponérihouen,0006,Mou,165.44259083569398,-21.09696482410325,164,114,112,autres_ind_nord,Autres listes indépendantistes,Autres indép.,#b6483b,4,6,112,5.357142857142857,TRUE,2302,Ponérihouen village
Province Nord,2019,Ponérihouen,0007,Goyetta,165.38150315716302,-21.17209523739158,326,229,229,autres_ind_nord,Autres listes indépendantistes,Autres indép.,#b6483b,4,4,229,1.7467248908296944,TRUE,2302,Ponérihouen village
Province Nord,2019,Pouembout,0001,Mairie,164.901099514933,-21.1214333298182,1097,750,732,autres_ind_nord,Autres listes indépendantistes,Autres indép.,#b6483b,4,21,732,2.8688524590163933,TRUE,2501,Pouembout village
Province Nord,2019,Pouembout,0002,Paouta,165.004824198459,-21.061258041708,156,131,128,autres_ind_nord,Autres listes indépendantistes,Autres indép.,#b6483b,4,0,128,0,TRUE,2503,Pinda - Ouaté - Kopéto
Province Nord,2019,Pouembout,0003,Ouaté,165.125775830839,-21.1850509030541,134,95,94,autres_ind_nord,Autres listes indépendantistes,Autres indép.,#b6483b,4,0,94,0,TRUE,NA,NA
Province Nord,2019,Poum,0001,Mairie,164.02565823453438,-20.232335490929035,601,389,386,autres_ind_nord,Autres listes indépendantistes,Autres indép.,#b6483b,4,46,386,11.917098445595855,TRUE,2601,Poum du village - Poingam
Province Nord,2019,Poum,0002,Tiabet,164.0259384508845,-20.127138518272172,392,287,285,autres_ind_nord,Autres listes indépendantistes,Autres indép.,#b6483b,4,17,285,5.964912280701754,TRUE,2601,Poum du village - Poingam
Province Nord,2019,Poum,0003,Arama,164.20258021961365,-20.252916819670393,388,242,240,autres_ind_nord,Autres listes indépendantistes,Autres indép.,#b6483b,4,32,240,13.333333333333334,TRUE,2603,Bouarou - Pangai - Narai
Province Nord,2019,Pouébo,0001,Mairie,164.5872015210802,-20.399273159074973,718,364,360,autres_ind_nord,Autres listes indépendantistes,Autres indép.,#b6483b,4,43,360,11.944444444444445,TRUE,2401,Pouébo village - St Ferdinand - St Louis
Province Nord,2019,Pouébo,0002,Saint Denis Ballade,164.49963895578423,-20.310000557096696,533,307,302,autres_ind_nord,Autres listes indépendantistes,Autres indép.,#b6483b,4,41,302,13.57615894039735,TRUE,2401,Pouébo village - St Ferdinand - St Louis
Province Nord,2019,Pouébo,0003,Yambé,164.658766232452,-20.439464504971355,387,233,233,autres_ind_nord,Autres listes indépendantistes,Autres indép.,#b6483b,4,75,233,32.18884120171674,TRUE,2402,Tchamboéne - Diahoué - Colnett
Province Nord,2019,Pouébo,0004,Saint-Louis,164.56475883280652,-20.370617010719258,546,310,305,autres_ind_nord,Autres listes indépendantistes,Autres indép.,#b6483b,4,69,305,22.62295081967213,TRUE,2401,Pouébo village - St Ferdinand - St Louis
Province Nord,2019,Pouébo,0005,Colnett,164.73002659765442,-20.4756971674156,117,62,61,autres_ind_nord,Autres listes indépendantistes,Autres indép.,#b6483b,4,17,61,27.868852459016395,TRUE,2402,Tchamboéne - Diahoué - Colnett
Province Nord,2019,Poya Nord,0001,Mairie 1,164.99768585786552,-21.326893497720405,510,342,333,autres_ind_nord,Autres listes indépendantistes,Autres indép.,#b6483b,4,30,333,9.00900900900901,TRUE,2701,Poya villageé Népoui
Province Nord,2019,Poya Nord,0002,Gohapin,165.27390161257972,-21.22505994951149,447,313,312,autres_ind_nord,Autres listes indépendantistes,Autres indép.,#b6483b,4,0,312,0,TRUE,2705,Gohapin - Montfaoué - Néklia - Kradji
Province Nord,2019,Poya Nord,0003,Népoui,164.99768585786552,-21.326893497720405,685,441,418,autres_ind_nord,Autres listes indépendantistes,Autres indép.,#b6483b,4,8,418,1.9138755980861244,TRUE,2701,Poya villageé Népoui
Province Nord,2019,Poya Nord,0004,Montfaoué,165.2933124776928,-21.277955211764784,250,170,170,autres_ind_nord,Autres listes indépendantistes,Autres indép.,#b6483b,4,2,170,1.1764705882352942,TRUE,2705,Gohapin - Montfaoué - Néklia - Kradji
Province Nord,2019,Poya Nord,0006,Nékliai,165.1862986905251,-21.29493580556391,186,126,125,autres_ind_nord,Autres listes indépendantistes,Autres indép.,#b6483b,4,6,125,4.8,TRUE,2705,Gohapin - Montfaoué - Néklia - Kradji
Province Nord,2019,Touho,0001,Mairie,165.23869122747195,-20.77975735338533,966,637,625,autres_ind_nord,Autres listes indépendantistes,Autres indép.,#b6483b,4,7,625,1.12,TRUE,3001,Touho village
Province Nord,2019,Touho,0002,Tiouandé,165.04706639545026,-20.742192862631615,221,137,134,autres_ind_nord,Autres listes indépendantistes,Autres indép.,#b6483b,4,3,134,2.2388059701492535,TRUE,3003,Tiouandé - Ouanache - Congouma - Paola
Province Nord,2019,Touho,0003,Kokingone,165.25551905392797,-20.85522530725118,302,187,181,autres_ind_nord,Autres listes indépendantistes,Autres indép.,#b6483b,4,5,181,2.7624309392265194,TRUE,3004,Koe - Kokingone - Tiwaka - Pombéi
Province Nord,2019,Touho,0004,Paola,165.1103595238747,-20.77393379422664,405,277,276,autres_ind_nord,Autres listes indépendantistes,Autres indép.,#b6483b,4,4,276,1.4492753623188406,TRUE,3003,Tiouandé - Ouanache - Congouma - Paola
Province Nord,2019,Voh,0001,Mairie,164.686182051524,-20.9488288857597,817,544,523,autres_ind_nord,Autres listes indépendantistes,Autres indép.,#b6483b,4,45,523,8.604206500956023,TRUE,3101,Voh village - Gatope
Province Nord,2019,Voh,0002,Témala,164.689267929949,-20.87135077045,813,541,533,autres_ind_nord,Autres listes indépendantistes,Autres indép.,#b6483b,4,31,533,5.816135084427767,TRUE,3103,Témala
Province Nord,2019,Voh,0003,Ouengo,164.74217311646055,-20.784454291123556,47,39,39,autres_ind_nord,Autres listes indépendantistes,Autres indép.,#b6483b,4,0,39,0,TRUE,3103,Témala
Province Nord,2019,Voh,0004,Tieta,164.740133724095,-20.9210724511979,264,193,192,autres_ind_nord,Autres listes indépendantistes,Autres indép.,#b6483b,4,8,192,4.166666666666667,TRUE,3106,Tiéta
Province Nord,2019,Voh,0005,Oundjo,164.697579851987,-21.0373781816945,329,249,248,autres_ind_nord,Autres listes indépendantistes,Autres indép.,#b6483b,4,32,248,12.903225806451612,TRUE,3101,Voh village - Gatope
Province Nord,2026,Bélep,0001,Mairie,163.6480110596638,-19.71203277091468,941,417,417,autres_ind_nord,Autres listes indépendantistes,Autres indép.,#b6483b,4,8,417,1.9184652278177459,TRUE,101,Bélep
Province Nord,2026,Canala,0001,Mairie,165.96392757417755,-21.522084905801098,402,265,263,autres_ind_nord,Autres listes indépendantistes,Autres indép.,#b6483b,4,8,263,3.041825095057034,TRUE,401,Canala village
Province Nord,2026,Canala,0002,Nakéty (Marie annexe),166.04631481753384,-21.54222544058342,510,347,344,autres_ind_nord,Autres listes indépendantistes,Autres indép.,#b6483b,4,8,344,2.3255813953488373,TRUE,403,Gélima - Nakéty
Province Nord,2026,Canala,0003,Nanon - Kénérou (maison commune),165.88480729759476,-21.546697208816735,463,293,287,autres_ind_nord,Autres listes indépendantistes,Autres indép.,#b6483b,4,0,287,0,TRUE,401,Canala village
Province Nord,2026,Canala,0004,Méhoué (maison commune de Méhoué),165.9494172177474,-21.51958486452521,820,589,582,autres_ind_nord,Autres listes indépendantistes,Autres indép.,#b6483b,4,15,582,2.577319587628866,TRUE,401,Canala village
Province Nord,2026,Canala,0005,Gélima (maison commune),165.98151543430086,-21.534392845846163,752,528,521,autres_ind_nord,Autres listes indépendantistes,Autres indép.,#b6483b,4,14,521,2.6871401151631478,TRUE,403,Gélima - Nakéty
Province Nord,2026,Canala,0006,Mérénémé (maison commune),165.92818615112122,-21.514857403632252,317,193,189,autres_ind_nord,Autres listes indépendantistes,Autres indép.,#b6483b,4,5,189,2.6455026455026456,TRUE,401,Canala village
Province Nord,2026,Canala,0007,Tenda Koumendi (école de Ného situé à la tribu de tenda-Koumendi),166.03563428874068,-21.545648677139223,345,212,210,autres_ind_nord,Autres listes indépendantistes,Autres indép.,#b6483b,4,10,210,4.761904761904762,TRUE,403,Gélima - Nakéty
Province Nord,2026,Hienghène,0001,Mairie,164.94565765433836,-20.688834938182335,574,327,327,autres_ind_nord,Autres listes indépendantistes,Autres indép.,#b6483b,4,5,327,1.529051987767584,TRUE,701,Hienghéne littoral
Province Nord,2026,Hienghène,0002,Tendo,164.8162801367713,-20.71273259336387,228,129,128,autres_ind_nord,Autres listes indépendantistes,Autres indép.,#b6483b,4,6,128,4.6875,TRUE,704,Tiendanite Ouayaguette
Province Nord,2026,Hienghène,0003,Bas-Coulna,164.78261362354763,-20.687835024386533,116,78,77,autres_ind_nord,Autres listes indépendantistes,Autres indép.,#b6483b,4,2,77,2.5974025974025974,TRUE,704,Tiendanite Ouayaguette
Province Nord,2026,Hienghène,0004,Haut-Coulna,164.7358564404401,-20.63480876362534,99,52,52,autres_ind_nord,Autres listes indépendantistes,Autres indép.,#b6483b,4,1,52,1.9230769230769231,TRUE,704,Tiendanite Ouayaguette
Province Nord,2026,Hienghène,0005,Ouayaguette,164.6835205195477,-20.659220188803257,188,108,108,autres_ind_nord,Autres listes indépendantistes,Autres indép.,#b6483b,4,2,108,1.8518518518518519,TRUE,704,Tiendanite Ouayaguette
Province Nord,2026,Hienghène,0006,Ouaième,164.84911233352278,-20.61488125992091,206,122,121,autres_ind_nord,Autres listes indépendantistes,Autres indép.,#b6483b,4,4,121,3.3057851239669422,TRUE,701,Hienghéne littoral
Province Nord,2026,Hienghène,0007,Oué-Hawa,165.03458545186362,-20.765966185987494,67,38,38,autres_ind_nord,Autres listes indépendantistes,Autres indép.,#b6483b,4,0,38,0,TRUE,704,Tiendanite Ouayaguette
Province Nord,2026,Hienghène,0008,Tiendanite,164.8988687236624,-20.75818441571426,106,83,83,autres_ind_nord,Autres listes indépendantistes,Autres indép.,#b6483b,4,0,83,0,TRUE,704,Tiendanite Ouayaguette
Province Nord,2026,Hienghène,0009,Ouaré,164.93523458965643,-20.673024668353836,590,351,335,autres_ind_nord,Autres listes indépendantistes,Autres indép.,#b6483b,4,18,335,5.373134328358209,TRUE,701,Hienghéne littoral
Province Nord,2026,Hienghène,0010,Léwarap,164.92837654735197,-20.722390044785012,306,175,173,autres_ind_nord,Autres listes indépendantistes,Autres indép.,#b6483b,4,4,173,2.3121387283236996,TRUE,701,Hienghéne littoral
Province Nord,2026,Houaïlou,0001,Salle Paul NEDJA (ancienne mairie),165.6260919909217,-21.278284372962112,429,243,240,autres_ind_nord,Autres listes indépendantistes,Autres indép.,#b6483b,4,21,240,8.75,TRUE,801,Houailou village
Province Nord,2026,Houaïlou,0002,Nediouen (maison commune),165.615714,-21.264735,664,431,415,autres_ind_nord,Autres listes indépendantistes,Autres indép.,#b6483b,4,5,415,1.2048192771084338,TRUE,NA,NA
Province Nord,2026,Houaïlou,0003,Bâ (école primaire),165.55842620966266,-21.19827944865936,375,214,212,autres_ind_nord,Autres listes indépendantistes,Autres indép.,#b6483b,4,5,212,2.358490566037736,TRUE,803,Warai
Province Nord,2026,Houaïlou,0004,Nessakoéa (maison commune),165.5267547278778,-21.28421939373571,312,168,168,autres_ind_nord,Autres listes indépendantistes,Autres indép.,#b6483b,4,5,168,2.9761904761904763,TRUE,805,Nédivin - Bas Nindien
Province Nord,2026,Houaïlou,0005,Poro (foyer socio-culturel),165.70953015747588,-21.30262511634177,567,301,295,autres_ind_nord,Autres listes indépendantistes,Autres indép.,#b6483b,4,22,295,7.4576271186440675,TRUE,801,Houailou village
Province Nord,2026,Houaïlou,0006,Coula (maison commune),165.44899405604838,-21.336853600338287,482,259,254,autres_ind_nord,Autres listes indépendantistes,Autres indép.,#b6483b,4,7,254,2.7559055118110236,TRUE,807,Boréaré - Coula - Karagreu
Province Nord,2026,Houaïlou,0007,Néaoua (maison commune),165.6455007313978,-21.325531853593,328,176,173,autres_ind_nord,Autres listes indépendantistes,Autres indép.,#b6483b,4,19,173,10.982658959537572,TRUE,801,Houailou village
Province Nord,2026,Houaïlou,0008,Nédivin (maison commune),165.57082158687447,-21.289736384804883,537,292,288,autres_ind_nord,Autres listes indépendantistes,Autres indép.,#b6483b,4,11,288,3.8194444444444446,TRUE,805,Nédivin - Bas Nindien
Province Nord,2026,Kaala-Gomen,0001,Mairie,164.397185345977,-20.6671314843025,559,349,340,autres_ind_nord,Autres listes indépendantistes,Autres indép.,#b6483b,4,17,340,5,TRUE,1001,Kaala Gomen village et littoral
Province Nord,2026,Kaala-Gomen,0002,Ouéholle,164.545680960012,-20.6046276080457,393,253,253,autres_ind_nord,Autres listes indépendantistes,Autres indép.,#b6483b,4,1,253,0.3952569169960474,TRUE,1004,Ouéholle - Ouémou - Kourou
Province Nord,2026,Kaala-Gomen,0003,Maison Commune de Païta,164.426512320768,-20.6494636653987,289,175,172,autres_ind_nord,Autres listes indépendantistes,Autres indép.,#b6483b,4,9,172,5.232558139534884,TRUE,1001,Kaala Gomen village et littoral
Province Nord,2026,Kaala-Gomen,0004,Maison Commune de Gamaï,164.486749878062,-20.6941126404856,191,120,119,autres_ind_nord,Autres listes indépendantistes,Autres indép.,#b6483b,4,3,119,2.5210084033613445,TRUE,1001,Kaala Gomen village et littoral
Province Nord,2026,Kaala-Gomen,0005,Maison Commune de Baoui,164.463552597488,-20.6891303658536,143,111,110,autres_ind_nord,Autres listes indépendantistes,Autres indép.,#b6483b,4,5,110,4.545454545454546,TRUE,1001,Kaala Gomen village et littoral
Province Nord,2026,Kaala-Gomen,0006,Ouaco,164.471215971078,-20.8375035625753,216,145,143,autres_ind_nord,Autres listes indépendantistes,Autres indép.,#b6483b,4,2,143,1.3986013986013985,TRUE,1001,Kaala Gomen village et littoral
Province Nord,2026,Koné,0001,Salle Au Pitiri,164.86328,-21.059973,675,417,410,autres_ind_nord,Autres listes indépendantistes,Autres indép.,#b6483b,4,6,410,1.4634146341463414,TRUE,NA,NA
Province Nord,2026,Koné,0002,Poindah,164.964442641559,-21.0372102738018,182,116,115,autres_ind_nord,Autres listes indépendantistes,Autres indép.,#b6483b,4,3,115,2.608695652173913,TRUE,1107,Poindah - Noelly - Néami - Netchaot
Province Nord,2026,Koné,0003,Netchaot,165.022902317548,-21.0054157631335,407,291,288,autres_ind_nord,Autres listes indépendantistes,Autres indép.,#b6483b,4,1,288,0.3472222222222222,TRUE,1107,Poindah - Noelly - Néami - Netchaot
Province Nord,2026,Koné,0004,Tiaoué,164.916802108,-21.0000621217301,286,230,228,autres_ind_nord,Autres listes indépendantistes,Autres indép.,#b6483b,4,1,228,0.43859649122807015,TRUE,1107,Poindah - Noelly - Néami - Netchaot
Province Nord,2026,Koné,0005,Atéou,164.90654574925,-20.9500343540188,127,97,97,autres_ind_nord,Autres listes indépendantistes,Autres indép.,#b6483b,4,1,97,1.0309278350515463,TRUE,1107,Poindah - Noelly - Néami - Netchaot
Province Nord,2026,Koné,0006,Bopope,165.079714634727,-20.9178415050895,234,152,151,autres_ind_nord,Autres listes indépendantistes,Autres indép.,#b6483b,4,1,151,0.6622516556291391,TRUE,1108,Bopope
Province Nord,2026,Koné,0007,Neami,164.971958124292,-20.977983356452,234,155,154,autres_ind_nord,Autres listes indépendantistes,Autres indép.,#b6483b,4,3,154,1.948051948051948,TRUE,1107,Poindah - Noelly - Néami - Netchaot
Province Nord,2026,Koné,0008,Baco,164.895177171264,-21.0667090848805,467,325,317,autres_ind_nord,Autres listes indépendantistes,Autres indép.,#b6483b,4,9,317,2.8391167192429023,TRUE,1103,Baco - Koniambo
Province Nord,2026,Koné,0009,Ecole Primaire Les Cigales,164.8701529762,-21.0521518022935,799,533,527,autres_ind_nord,Autres listes indépendantistes,Autres indép.,#b6483b,4,21,527,3.984819734345351,TRUE,1101,Koné village
Province Nord,2026,Koné,0010,Noëlly,164.947538773364,-21.0048750710989,218,165,163,autres_ind_nord,Autres listes indépendantistes,Autres indép.,#b6483b,4,0,163,0,TRUE,1107,Poindah - Noelly - Néami - Netchaot
Province Nord,2026,Koné,0011,Ecole Téari,164.867168,-21.074849,698,384,372,autres_ind_nord,Autres listes indépendantistes,Autres indép.,#b6483b,4,8,372,2.150537634408602,TRUE,NA,NA
Province Nord,2026,Koné,0012,Les Allamandas,164.856461111321,-21.052040276968,538,365,356,autres_ind_nord,Autres listes indépendantistes,Autres indép.,#b6483b,4,11,356,3.0898876404494384,TRUE,1101,Koné village
Province Nord,2026,Kouaoua,0001,Centre administratif de Niminra 1,165.82856671021466,-21.396045166693337,571,337,330,autres_ind_nord,Autres listes indépendantistes,Autres indép.,#b6483b,4,6,330,1.8181818181818181,TRUE,3301,Kouaoua village - Amon Kasiori
Province Nord,2026,Kouaoua,0002,Centre administratif de Niminra 2,165.72221294003012,-21.49791198784617,286,162,160,autres_ind_nord,Autres listes indépendantistes,Autres indép.,#b6483b,4,0,160,0,TRUE,3302,Méa Mébara - Ouérou Pimet
Province Nord,2026,Kouaoua,0003,Centre administratif de Niminra 3,165.83542921955194,-21.536184530370736,148,97,96,autres_ind_nord,Autres listes indépendantistes,Autres indép.,#b6483b,4,0,96,0,TRUE,3302,Méa Mébara - Ouérou Pimet
Province Nord,2026,Kouaoua,0004,Centre administratif de Niminra 4,165.78859040310297,-21.469132110021317,190,105,105,autres_ind_nord,Autres listes indépendantistes,Autres indép.,#b6483b,4,1,105,0.9523809523809523,TRUE,3302,Méa Mébara - Ouérou Pimet
Province Nord,2026,Koumac,0001,Mairie,164.280241420927,-20.5602050455624,1304,772,756,autres_ind_nord,Autres listes indépendantistes,Autres indép.,#b6483b,4,15,756,1.9841269841269842,TRUE,1201,Koumac village
Province Nord,2026,Koumac,0002,Médiathèque Louis BASTIEN,164.285534,-20.561181,1594,970,952,autres_ind_nord,Autres listes indépendantistes,Autres indép.,#b6483b,4,9,952,0.9453781512605042,TRUE,NA,NA
Province Nord,2026,Ouégoa,0001,Salle polyvalente de Ouégoné,164.43943670837254,-20.34408534785039,834,543,534,autres_ind_nord,Autres listes indépendantistes,Autres indép.,#b6483b,4,10,534,1.8726591760299625,TRUE,1901,Ouégoa village - Balagam - Paraoua - Tarap
Province Nord,2026,Ouégoa,0002,Bondé,164.4324943000077,-20.429158724947957,857,525,522,autres_ind_nord,Autres listes indépendantistes,Autres indép.,#b6483b,4,7,522,1.3409961685823755,TRUE,1903,Bondé
Province Nord,2026,Ouégoa,0003,Paimboas,164.52279333171543,-20.52170436626958,383,201,200,autres_ind_nord,Autres listes indépendantistes,Autres indép.,#b6483b,4,0,200,0,TRUE,1903,Bondé
Province Nord,2026,Ouégoa,0004,Tiari,164.3468221527753,-20.245820839427363,152,81,79,autres_ind_nord,Autres listes indépendantistes,Autres indép.,#b6483b,4,2,79,2.5316455696202533,TRUE,1902,Pam - Tiari
Province Nord,2026,Poindimié,0001,Mairie,165.33315827223544,-20.938215187057807,1184,687,676,autres_ind_nord,Autres listes indépendantistes,Autres indép.,#b6483b,4,18,676,2.662721893491124,TRUE,2201,Poindimié village
Province Nord,2026,Poindimié,0002,Ouindo,165.39928663560227,-20.98624503490911,519,304,293,autres_ind_nord,Autres listes indépendantistes,Autres indép.,#b6483b,4,16,293,5.460750853242321,TRUE,2204,Tibarama - Bayes - Ouindo - Ometteux - Napoém
Province Nord,2026,Poindimié,0003,Bayes,165.41027144991733,-20.95108534474138,585,327,324,autres_ind_nord,Autres listes indépendantistes,Autres indép.,#b6483b,4,9,324,2.7777777777777777,TRUE,2204,Tibarama - Bayes - Ouindo - Ometteux - Napoém
Province Nord,2026,Poindimié,0004,Amoa,165.39810099674145,-20.94109090560688,505,359,353,autres_ind_nord,Autres listes indépendantistes,Autres indép.,#b6483b,4,6,353,1.6997167138810199,TRUE,2204,Tibarama - Bayes - Ouindo - Ometteux - Napoém
Province Nord,2026,Poindimié,0005,Tyé,165.2980420173767,-20.900766814763863,564,394,389,autres_ind_nord,Autres listes indépendantistes,Autres indép.,#b6483b,4,11,389,2.827763496143959,TRUE,2202,Tiéti - Tyé
Province Nord,2026,Poindimié,0006,Tiwaka,165.22299948568272,-20.895132063083377,324,189,185,autres_ind_nord,Autres listes indépendantistes,Autres indép.,#b6483b,4,6,185,3.2432432432432434,TRUE,2202,Tiéti - Tyé
Province Nord,2026,Poindimié,0007,Tiéti,165.31101622324238,-20.919563042768107,602,391,384,autres_ind_nord,Autres listes indépendantistes,Autres indép.,#b6483b,4,20,384,5.208333333333333,TRUE,2202,Tiéti - Tyé
Province Nord,2026,Ponérihouen,0001,Mairie,165.40196429415164,-21.070938768181968,493,296,292,autres_ind_nord,Autres listes indépendantistes,Autres indép.,#b6483b,4,39,292,13.356164383561644,TRUE,2302,Ponérihouen village
Province Nord,2026,Ponérihouen,0002,Monéo,165.47846310724432,-21.150451617013218,453,286,279,autres_ind_nord,Autres listes indépendantistes,Autres indép.,#b6483b,4,59,279,21.14695340501792,TRUE,2302,Ponérihouen village
Province Nord,2026,Ponérihouen,0003,Tchamba,165.2930233618618,-21.038585818858223,317,201,198,autres_ind_nord,Autres listes indépendantistes,Autres indép.,#b6483b,4,77,198,38.888888888888886,TRUE,2303,Goyetta - Goa - Nébouéba - St Yves
Province Nord,2026,Ponérihouen,0004,Goa,165.30971500397104,-21.10629747908845,408,242,239,autres_ind_nord,Autres listes indépendantistes,Autres indép.,#b6483b,4,72,239,30.1255230125523,TRUE,2303,Goyetta - Goa - Nébouéba - St Yves
Province Nord,2026,Ponérihouen,0005,Grondu,165.38976794045686,-21.076609909810266,509,347,343,autres_ind_nord,Autres listes indépendantistes,Autres indép.,#b6483b,4,95,343,27.696793002915452,TRUE,2302,Ponérihouen village
Province Nord,2026,Ponérihouen,0006,Mou,165.44259083569398,-21.09696482410325,169,90,90,autres_ind_nord,Autres listes indépendantistes,Autres indép.,#b6483b,4,22,90,24.444444444444443,TRUE,2302,Ponérihouen village
Province Nord,2026,Ponérihouen,0007,Goyetta,165.38150315716302,-21.17209523739158,334,202,201,autres_ind_nord,Autres listes indépendantistes,Autres indép.,#b6483b,4,10,201,4.975124378109452,TRUE,2302,Ponérihouen village
Province Nord,2026,Pouembout,0001,Mairie,164.901099514933,-21.1214333298182,948,612,598,autres_ind_nord,Autres listes indépendantistes,Autres indép.,#b6483b,4,10,598,1.6722408026755853,TRUE,2501,Pouembout village
Province Nord,2026,Pouembout,0002,Cantine école primaire,164.90077,-21.12369,790,535,530,autres_ind_nord,Autres listes indépendantistes,Autres indép.,#b6483b,4,4,530,0.7547169811320755,TRUE,NA,NA
Province Nord,2026,Poum,0001,Mairie,164.02565823453438,-20.232335490929035,653,411,402,autres_ind_nord,Autres listes indépendantistes,Autres indép.,#b6483b,4,30,402,7.462686567164179,TRUE,2601,Poum du village - Poingam
Province Nord,2026,Poum,0002,Tiabet,164.0259384508845,-20.127138518272172,448,280,279,autres_ind_nord,Autres listes indépendantistes,Autres indép.,#b6483b,4,3,279,1.075268817204301,TRUE,2601,Poum du village - Poingam
Province Nord,2026,Poum,0003,La maison des femmes d'Arama,164.20258021961365,-20.252916819670393,418,245,244,autres_ind_nord,Autres listes indépendantistes,Autres indép.,#b6483b,4,20,244,8.19672131147541,TRUE,2603,Bouarou - Pangai - Narai
Province Nord,2026,Pouébo,0001,Mairie,164.5872015210802,-20.399273159074973,750,372,372,autres_ind_nord,Autres listes indépendantistes,Autres indép.,#b6483b,4,13,372,3.4946236559139785,TRUE,2401,Pouébo village - St Ferdinand - St Louis
Province Nord,2026,Pouébo,0002,Saint Denis Balade,164.49963895578423,-20.310000557096696,587,297,296,autres_ind_nord,Autres listes indépendantistes,Autres indép.,#b6483b,4,18,296,6.081081081081081,TRUE,2401,Pouébo village - St Ferdinand - St Louis
Province Nord,2026,Pouébo,0003,Yambé,164.658766232452,-20.439464504971355,405,190,189,autres_ind_nord,Autres listes indépendantistes,Autres indép.,#b6483b,4,29,189,15.343915343915343,TRUE,2402,Tchamboéne - Diahoué - Colnett
Province Nord,2026,Pouébo,0004,Saint-Louis,164.56475883280652,-20.370617010719258,542,314,308,autres_ind_nord,Autres listes indépendantistes,Autres indép.,#b6483b,4,56,308,18.181818181818183,TRUE,2401,Pouébo village - St Ferdinand - St Louis
Province Nord,2026,Pouébo,0005,Colnett,164.73002659765442,-20.4756971674156,119,59,57,autres_ind_nord,Autres listes indépendantistes,Autres indép.,#b6483b,4,10,57,17.54385964912281,TRUE,2402,Tchamboéne - Diahoué - Colnett
Province Nord,2026,Poya Nord,0001,Salle ancienne mairie,164.99768585786552,-21.326893497720405,574,380,366,autres_ind_nord,Autres listes indépendantistes,Autres indép.,#b6483b,4,57,366,15.573770491803279,TRUE,2701,Poya villageé Népoui
Province Nord,2026,Poya Nord,0002,Gohapin,165.27390161257972,-21.22505994951149,493,356,353,autres_ind_nord,Autres listes indépendantistes,Autres indép.,#b6483b,4,1,353,0.28328611898017,TRUE,2705,Gohapin - Montfaoué - Néklia - Kradji
Province Nord,2026,Poya Nord,0003,Salle des fêtes de Népoui,164.99768585786552,-21.326893497720405,761,463,448,autres_ind_nord,Autres listes indépendantistes,Autres indép.,#b6483b,4,16,448,3.5714285714285716,TRUE,2701,Poya villageé Népoui
Province Nord,2026,Poya Nord,0004,Montfaoué,165.2933124776928,-21.277955211764784,264,165,163,autres_ind_nord,Autres listes indépendantistes,Autres indép.,#b6483b,4,50,163,30.67484662576687,TRUE,2705,Gohapin - Montfaoué - Néklia - Kradji
Province Nord,2026,Poya Nord,0006,Nékliai,165.1862986905251,-21.29493580556391,203,148,148,autres_ind_nord,Autres listes indépendantistes,Autres indép.,#b6483b,4,15,148,10.135135135135135,TRUE,2705,Gohapin - Montfaoué - Néklia - Kradji
Province Nord,2026,Touho,0001,Mairie,165.23869122747195,-20.77975735338533,1013,623,613,autres_ind_nord,Autres listes indépendantistes,Autres indép.,#b6483b,4,18,613,2.936378466557912,TRUE,3001,Touho village
Province Nord,2026,Touho,0002,Téganpaîk,165.066398,-20.738499,234,120,114,autres_ind_nord,Autres listes indépendantistes,Autres indép.,#b6483b,4,5,114,4.385964912280702,TRUE,NA,NA
Province Nord,2026,Touho,0003,Kokingone,165.25551905392797,-20.85522530725118,316,188,186,autres_ind_nord,Autres listes indépendantistes,Autres indép.,#b6483b,4,3,186,1.6129032258064515,TRUE,3004,Koe - Kokingone - Tiwaka - Pombéi
Province Nord,2026,Touho,0004,Paola,165.1103595238747,-20.77393379422664,408,254,253,autres_ind_nord,Autres listes indépendantistes,Autres indép.,#b6483b,4,4,253,1.5810276679841897,TRUE,3003,Tiouandé - Ouanache - Congouma - Paola
Province Nord,2026,Voh,0001,Mairie,164.686182051524,-20.9488288857597,727,441,426,autres_ind_nord,Autres listes indépendantistes,Autres indép.,#b6483b,4,14,426,3.2863849765258215,TRUE,3101,Voh village - Gatope
Province Nord,2026,Voh,0002,Témala,164.689267929949,-20.87135077045,317,219,214,autres_ind_nord,Autres listes indépendantistes,Autres indép.,#b6483b,4,5,214,2.336448598130841,TRUE,3103,Témala
Province Nord,2026,Voh,0003,Ouengo,164.74217311646055,-20.784454291123556,54,41,41,autres_ind_nord,Autres listes indépendantistes,Autres indép.,#b6483b,4,0,41,0,TRUE,3103,Témala
Province Nord,2026,Voh,0004,Local socio-éducatif de TIETA,164.740133724095,-20.9210724511979,277,189,189,autres_ind_nord,Autres listes indépendantistes,Autres indép.,#b6483b,4,13,189,6.878306878306878,TRUE,3106,Tiéta
Province Nord,2026,Voh,0005,Local socio-éducatif de OUNDJO,164.697579851987,-21.0373781816945,359,225,221,autres_ind_nord,Autres listes indépendantistes,Autres indép.,#b6483b,4,4,221,1.8099547511312217,TRUE,3101,Voh village - Gatope
Province Nord,2026,Voh,0006,Ecole publique de BOYEN,164.617398,-20.824466,202,137,134,autres_ind_nord,Autres listes indépendantistes,Autres indép.,#b6483b,4,7,134,5.223880597014926,TRUE,NA,NA
Province Nord,2026,Voh,0007,Local socio-éducatif de TEMALA,164.68996,-20.871392,358,265,263,autres_ind_nord,Autres listes indépendantistes,Autres indép.,#b6483b,4,14,263,5.32319391634981,TRUE,NA,NA
Province Nord,2026,Voh,0008,Socio-éducatif de GATOPE,164.66949443382563,-20.965828575807695,138,93,88,autres_ind_nord,Autres listes indépendantistes,Autres indép.,#b6483b,4,3,88,3.409090909090909,TRUE,3101,Voh village - Gatope
Province Nord,2019,Bélep,0001,Mairie,163.6480110596638,-19.71203277091468,912,490,487,non_ind_nord,Listes non-indépendantistes,Non-indép.,#305f9f,5,12,487,2.4640657084188913,TRUE,101,Bélep
Province Nord,2019,Canala,0001,Mairie,165.96392757417755,-21.522084905801098,369,247,234,non_ind_nord,Listes non-indépendantistes,Non-indép.,#305f9f,5,18,234,7.6923076923076925,TRUE,401,Canala village
Province Nord,2019,Canala,0002,Nakéty,166.04631481753384,-21.54222544058342,791,514,509,non_ind_nord,Listes non-indépendantistes,Non-indép.,#305f9f,5,14,509,2.75049115913556,TRUE,403,Gélima - Nakéty
Province Nord,2019,Canala,0003,Nanon-Kénérou,165.88480729759476,-21.546697208816735,458,287,279,non_ind_nord,Listes non-indépendantistes,Non-indép.,#305f9f,5,8,279,2.867383512544803,TRUE,401,Canala village
Province Nord,2019,Canala,0004,Méhoué,165.9494172177474,-21.51958486452521,778,496,478,non_ind_nord,Listes non-indépendantistes,Non-indép.,#305f9f,5,40,478,8.368200836820083,TRUE,401,Canala village
Province Nord,2019,Canala,0005,Gélima,165.98151543430086,-21.534392845846163,704,452,439,non_ind_nord,Listes non-indépendantistes,Non-indép.,#305f9f,5,16,439,3.644646924829157,TRUE,403,Gélima - Nakéty
Province Nord,2019,Canala,0006,Mérénémé,165.92818615112122,-21.514857403632252,284,162,138,non_ind_nord,Listes non-indépendantistes,Non-indép.,#305f9f,5,8,138,5.797101449275362,TRUE,401,Canala village
Province Nord,2019,Hienghène,0001,Mairie,164.94565765433836,-20.688834938182335,541,304,302,non_ind_nord,Listes non-indépendantistes,Non-indép.,#305f9f,5,7,302,2.3178807947019866,TRUE,701,Hienghéne littoral
Province Nord,2019,Hienghène,0002,Tendo,164.8162801367713,-20.71273259336387,216,157,157,non_ind_nord,Listes non-indépendantistes,Non-indép.,#305f9f,5,7,157,4.45859872611465,TRUE,704,Tiendanite Ouayaguette
Province Nord,2019,Hienghène,0003,Bas-Coulna,164.78261362354763,-20.687835024386533,112,67,66,non_ind_nord,Listes non-indépendantistes,Non-indép.,#305f9f,5,8,66,12.121212121212121,TRUE,704,Tiendanite Ouayaguette
Province Nord,2019,Hienghène,0004,Haut-Coulna,164.7358564404401,-20.63480876362534,102,59,59,non_ind_nord,Listes non-indépendantistes,Non-indép.,#305f9f,5,2,59,3.389830508474576,TRUE,704,Tiendanite Ouayaguette
Province Nord,2019,Hienghène,0005,Ouayaguette,164.6835205195477,-20.659220188803257,181,109,108,non_ind_nord,Listes non-indépendantistes,Non-indép.,#305f9f,5,4,108,3.7037037037037037,TRUE,704,Tiendanite Ouayaguette
Province Nord,2019,Hienghène,0006,Ouaième,164.84911233352278,-20.61488125992091,212,138,136,non_ind_nord,Listes non-indépendantistes,Non-indép.,#305f9f,5,3,136,2.2058823529411766,TRUE,701,Hienghéne littoral
Province Nord,2019,Hienghène,0007,Oué-Hawa,165.03458545186362,-20.765966185987494,70,32,31,non_ind_nord,Listes non-indépendantistes,Non-indép.,#305f9f,5,0,31,0,TRUE,704,Tiendanite Ouayaguette
Province Nord,2019,Hienghène,0008,Tiendanite,164.8988687236624,-20.75818441571426,97,81,81,non_ind_nord,Listes non-indépendantistes,Non-indép.,#305f9f,5,0,81,0,TRUE,704,Tiendanite Ouayaguette
Province Nord,2019,Hienghène,0009,Ouaré,164.93523458965643,-20.673024668353836,585,408,407,non_ind_nord,Listes non-indépendantistes,Non-indép.,#305f9f,5,8,407,1.9656019656019657,TRUE,701,Hienghéne littoral
Province Nord,2019,Hienghène,0010,Léwarap,164.92837654735197,-20.722390044785012,288,175,173,non_ind_nord,Listes non-indépendantistes,Non-indép.,#305f9f,5,3,173,1.7341040462427746,TRUE,701,Hienghéne littoral
Province Nord,2019,Houaïlou,0001,Mairie,165.6260919909217,-21.278284372962112,417,255,247,non_ind_nord,Listes non-indépendantistes,Non-indép.,#305f9f,5,34,247,13.765182186234817,TRUE,801,Houailou village
Province Nord,2019,Houaïlou,0002,Warai,165.76989808558005,-21.33124821435679,659,399,368,non_ind_nord,Listes non-indépendantistes,Non-indép.,#305f9f,5,65,368,17.66304347826087,TRUE,807,Boréaré - Coula - Karagreu
Province Nord,2019,Houaïlou,0003,Bâ,165.55842620966266,-21.19827944865936,370,245,242,non_ind_nord,Listes non-indépendantistes,Non-indép.,#305f9f,5,26,242,10.743801652892563,TRUE,803,Warai
Province Nord,2019,Houaïlou,0004,Nessakoéa,165.5267547278778,-21.28421939373571,296,164,159,non_ind_nord,Listes non-indépendantistes,Non-indép.,#305f9f,5,15,159,9.433962264150944,TRUE,805,Nédivin - Bas Nindien
Province Nord,2019,Houaïlou,0005,Poro,165.70953015747588,-21.30262511634177,522,267,256,non_ind_nord,Listes non-indépendantistes,Non-indép.,#305f9f,5,54,256,21.09375,TRUE,801,Houailou village
Province Nord,2019,Houaïlou,0006,Coula,165.44899405604838,-21.336853600338287,488,269,265,non_ind_nord,Listes non-indépendantistes,Non-indép.,#305f9f,5,29,265,10.943396226415095,TRUE,807,Boréaré - Coula - Karagreu
Province Nord,2019,Houaïlou,0007,Néaoua,165.6455007313978,-21.325531853593,328,193,191,non_ind_nord,Listes non-indépendantistes,Non-indép.,#305f9f,5,6,191,3.141361256544503,TRUE,801,Houailou village
Province Nord,2019,Houaïlou,0008,Nédivin,165.57082158687447,-21.289736384804883,499,312,303,non_ind_nord,Listes non-indépendantistes,Non-indép.,#305f9f,5,38,303,12.541254125412541,TRUE,805,Nédivin - Bas Nindien
Province Nord,2019,Kaala-Gomen,0001,Mairie,164.397185345977,-20.6671314843025,485,270,268,non_ind_nord,Listes non-indépendantistes,Non-indép.,#305f9f,5,90,268,33.582089552238806,TRUE,1001,Kaala Gomen village et littoral
Province Nord,2019,Kaala-Gomen,0002,Oueholle,164.545680960012,-20.6046276080457,357,258,258,non_ind_nord,Listes non-indépendantistes,Non-indép.,#305f9f,5,0,258,0,TRUE,1004,Ouéholle - Ouémou - Kourou
Province Nord,2019,Kaala-Gomen,0003,Maison Commune de Païta,164.426512320768,-20.6494636653987,274,161,159,non_ind_nord,Listes non-indépendantistes,Non-indép.,#305f9f,5,6,159,3.7735849056603774,TRUE,1001,Kaala Gomen village et littoral
Province Nord,2019,Kaala-Gomen,0004,Maison Commune de Gamaï,164.486749878062,-20.6941126404856,182,127,126,non_ind_nord,Listes non-indépendantistes,Non-indép.,#305f9f,5,3,126,2.380952380952381,TRUE,1001,Kaala Gomen village et littoral
Province Nord,2019,Kaala-Gomen,0005,Maison Commune de Baoui,164.463552597488,-20.6891303658536,122,104,104,non_ind_nord,Listes non-indépendantistes,Non-indép.,#305f9f,5,4,104,3.8461538461538463,TRUE,1001,Kaala Gomen village et littoral
Province Nord,2019,Kaala-Gomen,0006,Ouaco,164.471215971078,-20.8375035625753,191,124,120,non_ind_nord,Listes non-indépendantistes,Non-indép.,#305f9f,5,64,120,53.333333333333336,TRUE,1001,Kaala Gomen village et littoral
Province Nord,2019,Koné,0001,Mairie,164.861419,-21.061604,631,436,421,non_ind_nord,Listes non-indépendantistes,Non-indép.,#305f9f,5,265,421,62.94536817102138,TRUE,NA,NA
Province Nord,2019,Koné,0002,Poindah,164.964442641559,-21.0372102738018,162,113,113,non_ind_nord,Listes non-indépendantistes,Non-indép.,#305f9f,5,29,113,25.663716814159294,TRUE,1107,Poindah - Noelly - Néami - Netchaot
Province Nord,2019,Koné,0003,Netchaot,165.022902317548,-21.0054157631335,390,273,272,non_ind_nord,Listes non-indépendantistes,Non-indép.,#305f9f,5,9,272,3.3088235294117645,TRUE,1107,Poindah - Noelly - Néami - Netchaot
Province Nord,2019,Koné,0004,Tiaoué,164.916802108,-21.0000621217301,258,213,213,non_ind_nord,Listes non-indépendantistes,Non-indép.,#305f9f,5,5,213,2.347417840375587,TRUE,1107,Poindah - Noelly - Néami - Netchaot
Province Nord,2019,Koné,0005,Atéou,164.90654574925,-20.9500343540188,129,94,94,non_ind_nord,Listes non-indépendantistes,Non-indép.,#305f9f,5,2,94,2.127659574468085,TRUE,1107,Poindah - Noelly - Néami - Netchaot
Province Nord,2019,Koné,0006,Bopope,165.079714634727,-20.9178415050895,211,152,148,non_ind_nord,Listes non-indépendantistes,Non-indép.,#305f9f,5,5,148,3.3783783783783785,TRUE,1108,Bopope
Province Nord,2019,Koné,0007,Neami,164.971958124292,-20.977983356452,206,145,144,non_ind_nord,Listes non-indépendantistes,Non-indép.,#305f9f,5,4,144,2.7777777777777777,TRUE,1107,Poindah - Noelly - Néami - Netchaot
Province Nord,2019,Koné,0008,Baco,164.895177171264,-21.0667090848805,400,282,279,non_ind_nord,Listes non-indépendantistes,Non-indép.,#305f9f,5,13,279,4.659498207885305,TRUE,1103,Baco - Koniambo
Province Nord,2019,Koné,0009,Ecole Primaire Les Cigales,164.8701529762,-21.0521518022935,649,427,411,non_ind_nord,Listes non-indépendantistes,Non-indép.,#305f9f,5,145,411,35.27980535279806,TRUE,1101,Koné village
Province Nord,2019,Koné,0010,Noëlly,164.947538773364,-21.0048750710989,212,147,145,non_ind_nord,Listes non-indépendantistes,Non-indép.,#305f9f,5,5,145,3.4482758620689653,TRUE,1107,Poindah - Noelly - Néami - Netchaot
Province Nord,2019,Koné,0011,Mairie 2,164.861419,-21.061604,487,328,309,non_ind_nord,Listes non-indépendantistes,Non-indép.,#305f9f,5,153,309,49.51456310679612,TRUE,NA,NA
Province Nord,2019,Koné,0012,Les Allamandas,164.856461111321,-21.052040276968,394,309,302,non_ind_nord,Listes non-indépendantistes,Non-indép.,#305f9f,5,189,302,62.58278145695364,TRUE,1101,Koné village
Province Nord,2019,Kouaoua,0001,Mairie,165.82856671021466,-21.396045166693337,539,357,353,non_ind_nord,Listes non-indépendantistes,Non-indép.,#305f9f,5,150,353,42.492917847025495,TRUE,3301,Kouaoua village - Amon Kasiori
Province Nord,2019,Kouaoua,0002,Ouérou-Piment,165.72221294003012,-21.49791198784617,259,175,173,non_ind_nord,Listes non-indépendantistes,Non-indép.,#305f9f,5,23,173,13.294797687861271,TRUE,3302,Méa Mébara - Ouérou Pimet
Province Nord,2019,Kouaoua,0003,Koh,165.83542921955194,-21.536184530370736,143,109,108,non_ind_nord,Listes non-indépendantistes,Non-indép.,#305f9f,5,27,108,25,TRUE,3302,Méa Mébara - Ouérou Pimet
Province Nord,2019,Kouaoua,0004,Méa-Mébara,165.78859040310297,-21.469132110021317,168,97,96,non_ind_nord,Listes non-indépendantistes,Non-indép.,#305f9f,5,29,96,30.208333333333332,TRUE,3302,Méa Mébara - Ouérou Pimet
Province Nord,2019,Koumac,0001,Mairie 1 et Centralisateur,164.280241420927,-20.5602050455624,1157,728,706,non_ind_nord,Listes non-indépendantistes,Non-indép.,#305f9f,5,362,706,51.274787535410766,TRUE,1201,Koumac village
Province Nord,2019,Koumac,0002,Ecole Primaire Charles Mermoud 2,164.282519595968,-20.5572929814306,1482,926,889,non_ind_nord,Listes non-indépendantistes,Non-indép.,#305f9f,5,612,889,68.84139482564679,TRUE,1201,Koumac village
Province Nord,2019,Ouégoa,0001,Mairie,164.43943670837254,-20.34408534785039,799,494,468,non_ind_nord,Listes non-indépendantistes,Non-indép.,#305f9f,5,318,468,67.94871794871794,TRUE,1901,Ouégoa village - Balagam - Paraoua - Tarap
Province Nord,2019,Ouégoa,0002,Bondé,164.4324943000077,-20.429158724947957,802,476,475,non_ind_nord,Listes non-indépendantistes,Non-indép.,#305f9f,5,7,475,1.4736842105263157,TRUE,1903,Bondé
Province Nord,2019,Ouégoa,0003,Paimboas,164.52279333171543,-20.52170436626958,386,224,223,non_ind_nord,Listes non-indépendantistes,Non-indép.,#305f9f,5,3,223,1.345291479820628,TRUE,1903,Bondé
Province Nord,2019,Ouégoa,0004,Tiari,164.3468221527753,-20.245820839427363,143,101,101,non_ind_nord,Listes non-indépendantistes,Non-indép.,#305f9f,5,11,101,10.891089108910892,TRUE,1902,Pam - Tiari
Province Nord,2019,Poindimié,0001,Mairie,165.33315827223544,-20.938215187057807,1120,657,646,non_ind_nord,Listes non-indépendantistes,Non-indép.,#305f9f,5,259,646,40.092879256965944,TRUE,2201,Poindimié village
Province Nord,2019,Poindimié,0002,Ouindo,165.39928663560227,-20.98624503490911,503,338,322,non_ind_nord,Listes non-indépendantistes,Non-indép.,#305f9f,5,36,322,11.180124223602485,TRUE,2204,Tibarama - Bayes - Ouindo - Ometteux - Napoém
Province Nord,2019,Poindimié,0003,Bayes,165.41027144991733,-20.95108534474138,553,377,375,non_ind_nord,Listes non-indépendantistes,Non-indép.,#305f9f,5,48,375,12.8,TRUE,2204,Tibarama - Bayes - Ouindo - Ometteux - Napoém
Province Nord,2019,Poindimié,0004,Amoa,165.39810099674145,-20.94109090560688,489,354,353,non_ind_nord,Listes non-indépendantistes,Non-indép.,#305f9f,5,37,353,10.48158640226629,TRUE,2204,Tibarama - Bayes - Ouindo - Ometteux - Napoém
Province Nord,2019,Poindimié,0005,Tye,165.2980420173767,-20.900766814763863,559,396,392,non_ind_nord,Listes non-indépendantistes,Non-indép.,#305f9f,5,17,392,4.336734693877551,TRUE,2202,Tiéti - Tyé
Province Nord,2019,Poindimié,0006,Tiwaka,165.22299948568272,-20.895132063083377,322,210,208,non_ind_nord,Listes non-indépendantistes,Non-indép.,#305f9f,5,16,208,7.6923076923076925,TRUE,2202,Tiéti - Tyé
Province Nord,2019,Poindimié,0007,Tiéti,165.31101622324238,-20.919563042768107,544,382,379,non_ind_nord,Listes non-indépendantistes,Non-indép.,#305f9f,5,45,379,11.87335092348285,TRUE,2202,Tiéti - Tyé
Province Nord,2019,Ponérihouen,0001,Mairie,165.40196429415164,-21.070938768181968,480,313,304,non_ind_nord,Listes non-indépendantistes,Non-indép.,#305f9f,5,90,304,29.605263157894736,TRUE,2302,Ponérihouen village
Province Nord,2019,Ponérihouen,0002,Monéo,165.47846310724432,-21.150451617013218,447,268,264,non_ind_nord,Listes non-indépendantistes,Non-indép.,#305f9f,5,38,264,14.393939393939394,TRUE,2302,Ponérihouen village
Province Nord,2019,Ponérihouen,0003,Tchamba,165.2930233618618,-21.038585818858223,312,219,217,non_ind_nord,Listes non-indépendantistes,Non-indép.,#305f9f,5,17,217,7.8341013824884795,TRUE,2303,Goyetta - Goa - Nébouéba - St Yves
Province Nord,2019,Ponérihouen,0004,Goa,165.30971500397104,-21.10629747908845,384,262,260,non_ind_nord,Listes non-indépendantistes,Non-indép.,#305f9f,5,3,260,1.1538461538461537,TRUE,2303,Goyetta - Goa - Nébouéba - St Yves
Province Nord,2019,Ponérihouen,0005,Grondu,165.38976794045686,-21.076609909810266,492,337,332,non_ind_nord,Listes non-indépendantistes,Non-indép.,#305f9f,5,15,332,4.518072289156627,TRUE,2302,Ponérihouen village
Province Nord,2019,Ponérihouen,0006,Mou,165.44259083569398,-21.09696482410325,164,114,112,non_ind_nord,Listes non-indépendantistes,Non-indép.,#305f9f,5,9,112,8.035714285714286,TRUE,2302,Ponérihouen village
Province Nord,2019,Ponérihouen,0007,Goyetta,165.38150315716302,-21.17209523739158,326,229,229,non_ind_nord,Listes non-indépendantistes,Non-indép.,#305f9f,5,6,229,2.6200873362445414,TRUE,2302,Ponérihouen village
Province Nord,2019,Pouembout,0001,Mairie,164.901099514933,-21.1214333298182,1097,750,732,non_ind_nord,Listes non-indépendantistes,Non-indép.,#305f9f,5,400,732,54.6448087431694,TRUE,2501,Pouembout village
Province Nord,2019,Pouembout,0002,Paouta,165.004824198459,-21.061258041708,156,131,128,non_ind_nord,Listes non-indépendantistes,Non-indép.,#305f9f,5,11,128,8.59375,TRUE,2503,Pinda - Ouaté - Kopéto
Province Nord,2019,Pouembout,0003,Ouaté,165.125775830839,-21.1850509030541,134,95,94,non_ind_nord,Listes non-indépendantistes,Non-indép.,#305f9f,5,0,94,0,TRUE,NA,NA
Province Nord,2019,Poum,0001,Mairie,164.02565823453438,-20.232335490929035,601,389,386,non_ind_nord,Listes non-indépendantistes,Non-indép.,#305f9f,5,77,386,19.94818652849741,TRUE,2601,Poum du village - Poingam
Province Nord,2019,Poum,0002,Tiabet,164.0259384508845,-20.127138518272172,392,287,285,non_ind_nord,Listes non-indépendantistes,Non-indép.,#305f9f,5,7,285,2.456140350877193,TRUE,2601,Poum du village - Poingam
Province Nord,2019,Poum,0003,Arama,164.20258021961365,-20.252916819670393,388,242,240,non_ind_nord,Listes non-indépendantistes,Non-indép.,#305f9f,5,19,240,7.916666666666667,TRUE,2603,Bouarou - Pangai - Narai
Province Nord,2019,Pouébo,0001,Mairie,164.5872015210802,-20.399273159074973,718,364,360,non_ind_nord,Listes non-indépendantistes,Non-indép.,#305f9f,5,9,360,2.5,TRUE,2401,Pouébo village - St Ferdinand - St Louis
Province Nord,2019,Pouébo,0002,Saint Denis Ballade,164.49963895578423,-20.310000557096696,533,307,302,non_ind_nord,Listes non-indépendantistes,Non-indép.,#305f9f,5,15,302,4.966887417218543,TRUE,2401,Pouébo village - St Ferdinand - St Louis
Province Nord,2019,Pouébo,0003,Yambé,164.658766232452,-20.439464504971355,387,233,233,non_ind_nord,Listes non-indépendantistes,Non-indép.,#305f9f,5,5,233,2.1459227467811157,TRUE,2402,Tchamboéne - Diahoué - Colnett
Province Nord,2019,Pouébo,0004,Saint-Louis,164.56475883280652,-20.370617010719258,546,310,305,non_ind_nord,Listes non-indépendantistes,Non-indép.,#305f9f,5,6,305,1.9672131147540983,TRUE,2401,Pouébo village - St Ferdinand - St Louis
Province Nord,2019,Pouébo,0005,Colnett,164.73002659765442,-20.4756971674156,117,62,61,non_ind_nord,Listes non-indépendantistes,Non-indép.,#305f9f,5,4,61,6.557377049180328,TRUE,2402,Tchamboéne - Diahoué - Colnett
Province Nord,2019,Poya Nord,0001,Mairie 1,164.99768585786552,-21.326893497720405,510,342,333,non_ind_nord,Listes non-indépendantistes,Non-indép.,#305f9f,5,146,333,43.84384384384384,TRUE,2701,Poya villageé Népoui
Province Nord,2019,Poya Nord,0002,Gohapin,165.27390161257972,-21.22505994951149,447,313,312,non_ind_nord,Listes non-indépendantistes,Non-indép.,#305f9f,5,4,312,1.2820512820512822,TRUE,2705,Gohapin - Montfaoué - Néklia - Kradji
Province Nord,2019,Poya Nord,0003,Népoui,164.99768585786552,-21.326893497720405,685,441,418,non_ind_nord,Listes non-indépendantistes,Non-indép.,#305f9f,5,233,418,55.74162679425837,TRUE,2701,Poya villageé Népoui
Province Nord,2019,Poya Nord,0004,Montfaoué,165.2933124776928,-21.277955211764784,250,170,170,non_ind_nord,Listes non-indépendantistes,Non-indép.,#305f9f,5,1,170,0.5882352941176471,TRUE,2705,Gohapin - Montfaoué - Néklia - Kradji
Province Nord,2019,Poya Nord,0006,Nékliai,165.1862986905251,-21.29493580556391,186,126,125,non_ind_nord,Listes non-indépendantistes,Non-indép.,#305f9f,5,5,125,4,TRUE,2705,Gohapin - Montfaoué - Néklia - Kradji
Province Nord,2019,Touho,0001,Mairie,165.23869122747195,-20.77975735338533,966,637,625,non_ind_nord,Listes non-indépendantistes,Non-indép.,#305f9f,5,139,625,22.24,TRUE,3001,Touho village
Province Nord,2019,Touho,0002,Tiouandé,165.04706639545026,-20.742192862631615,221,137,134,non_ind_nord,Listes non-indépendantistes,Non-indép.,#305f9f,5,10,134,7.462686567164179,TRUE,3003,Tiouandé - Ouanache - Congouma - Paola
Province Nord,2019,Touho,0003,Kokingone,165.25551905392797,-20.85522530725118,302,187,181,non_ind_nord,Listes non-indépendantistes,Non-indép.,#305f9f,5,9,181,4.972375690607735,TRUE,3004,Koe - Kokingone - Tiwaka - Pombéi
Province Nord,2019,Touho,0004,Paola,165.1103595238747,-20.77393379422664,405,277,276,non_ind_nord,Listes non-indépendantistes,Non-indép.,#305f9f,5,9,276,3.260869565217391,TRUE,3003,Tiouandé - Ouanache - Congouma - Paola
Province Nord,2019,Voh,0001,Mairie,164.686182051524,-20.9488288857597,817,544,523,non_ind_nord,Listes non-indépendantistes,Non-indép.,#305f9f,5,247,523,47.22753346080306,TRUE,3101,Voh village - Gatope
Province Nord,2019,Voh,0002,Témala,164.689267929949,-20.87135077045,813,541,533,non_ind_nord,Listes non-indépendantistes,Non-indép.,#305f9f,5,89,533,16.69793621013133,TRUE,3103,Témala
Province Nord,2019,Voh,0003,Ouengo,164.74217311646055,-20.784454291123556,47,39,39,non_ind_nord,Listes non-indépendantistes,Non-indép.,#305f9f,5,0,39,0,TRUE,3103,Témala
Province Nord,2019,Voh,0004,Tieta,164.740133724095,-20.9210724511979,264,193,192,non_ind_nord,Listes non-indépendantistes,Non-indép.,#305f9f,5,4,192,2.0833333333333335,TRUE,3106,Tiéta
Province Nord,2019,Voh,0005,Oundjo,164.697579851987,-21.0373781816945,329,249,248,non_ind_nord,Listes non-indépendantistes,Non-indép.,#305f9f,5,4,248,1.6129032258064515,TRUE,3101,Voh village - Gatope
Province Nord,2026,Bélep,0001,Mairie,163.6480110596638,-19.71203277091468,941,417,417,non_ind_nord,Listes non-indépendantistes,Non-indép.,#305f9f,5,0,417,0,TRUE,101,Bélep
Province Nord,2026,Canala,0001,Mairie,165.96392757417755,-21.522084905801098,402,265,263,non_ind_nord,Listes non-indépendantistes,Non-indép.,#305f9f,5,5,263,1.9011406844106464,TRUE,401,Canala village
Province Nord,2026,Canala,0002,Nakéty (Marie annexe),166.04631481753384,-21.54222544058342,510,347,344,non_ind_nord,Listes non-indépendantistes,Non-indép.,#305f9f,5,1,344,0.29069767441860467,TRUE,403,Gélima - Nakéty
Province Nord,2026,Canala,0003,Nanon - Kénérou (maison commune),165.88480729759476,-21.546697208816735,463,293,287,non_ind_nord,Listes non-indépendantistes,Non-indép.,#305f9f,5,0,287,0,TRUE,401,Canala village
Province Nord,2026,Canala,0004,Méhoué (maison commune de Méhoué),165.9494172177474,-21.51958486452521,820,589,582,non_ind_nord,Listes non-indépendantistes,Non-indép.,#305f9f,5,11,582,1.8900343642611683,TRUE,401,Canala village
Province Nord,2026,Canala,0005,Gélima (maison commune),165.98151543430086,-21.534392845846163,752,528,521,non_ind_nord,Listes non-indépendantistes,Non-indép.,#305f9f,5,15,521,2.8790786948176583,TRUE,403,Gélima - Nakéty
Province Nord,2026,Canala,0006,Mérénémé (maison commune),165.92818615112122,-21.514857403632252,317,193,189,non_ind_nord,Listes non-indépendantistes,Non-indép.,#305f9f,5,1,189,0.5291005291005291,TRUE,401,Canala village
Province Nord,2026,Canala,0007,Tenda Koumendi (école de Ného situé à la tribu de tenda-Koumendi),166.03563428874068,-21.545648677139223,345,212,210,non_ind_nord,Listes non-indépendantistes,Non-indép.,#305f9f,5,2,210,0.9523809523809523,TRUE,403,Gélima - Nakéty
Province Nord,2026,Hienghène,0001,Mairie,164.94565765433836,-20.688834938182335,574,327,327,non_ind_nord,Listes non-indépendantistes,Non-indép.,#305f9f,5,7,327,2.140672782874618,TRUE,701,Hienghéne littoral
Province Nord,2026,Hienghène,0002,Tendo,164.8162801367713,-20.71273259336387,228,129,128,non_ind_nord,Listes non-indépendantistes,Non-indép.,#305f9f,5,6,128,4.6875,TRUE,704,Tiendanite Ouayaguette
Province Nord,2026,Hienghène,0003,Bas-Coulna,164.78261362354763,-20.687835024386533,116,78,77,non_ind_nord,Listes non-indépendantistes,Non-indép.,#305f9f,5,2,77,2.5974025974025974,TRUE,704,Tiendanite Ouayaguette
Province Nord,2026,Hienghène,0004,Haut-Coulna,164.7358564404401,-20.63480876362534,99,52,52,non_ind_nord,Listes non-indépendantistes,Non-indép.,#305f9f,5,0,52,0,TRUE,704,Tiendanite Ouayaguette
Province Nord,2026,Hienghène,0005,Ouayaguette,164.6835205195477,-20.659220188803257,188,108,108,non_ind_nord,Listes non-indépendantistes,Non-indép.,#305f9f,5,7,108,6.481481481481482,TRUE,704,Tiendanite Ouayaguette
Province Nord,2026,Hienghène,0006,Ouaième,164.84911233352278,-20.61488125992091,206,122,121,non_ind_nord,Listes non-indépendantistes,Non-indép.,#305f9f,5,1,121,0.8264462809917356,TRUE,701,Hienghéne littoral
Province Nord,2026,Hienghène,0007,Oué-Hawa,165.03458545186362,-20.765966185987494,67,38,38,non_ind_nord,Listes non-indépendantistes,Non-indép.,#305f9f,5,2,38,5.2631578947368425,TRUE,704,Tiendanite Ouayaguette
Province Nord,2026,Hienghène,0008,Tiendanite,164.8988687236624,-20.75818441571426,106,83,83,non_ind_nord,Listes non-indépendantistes,Non-indép.,#305f9f,5,0,83,0,TRUE,704,Tiendanite Ouayaguette
Province Nord,2026,Hienghène,0009,Ouaré,164.93523458965643,-20.673024668353836,590,351,335,non_ind_nord,Listes non-indépendantistes,Non-indép.,#305f9f,5,2,335,0.5970149253731343,TRUE,701,Hienghéne littoral
Province Nord,2026,Hienghène,0010,Léwarap,164.92837654735197,-20.722390044785012,306,175,173,non_ind_nord,Listes non-indépendantistes,Non-indép.,#305f9f,5,1,173,0.5780346820809249,TRUE,701,Hienghéne littoral
Province Nord,2026,Houaïlou,0001,Salle Paul NEDJA (ancienne mairie),165.6260919909217,-21.278284372962112,429,243,240,non_ind_nord,Listes non-indépendantistes,Non-indép.,#305f9f,5,14,240,5.833333333333333,TRUE,801,Houailou village
Province Nord,2026,Houaïlou,0002,Nediouen (maison commune),165.615714,-21.264735,664,431,415,non_ind_nord,Listes non-indépendantistes,Non-indép.,#305f9f,5,29,415,6.9879518072289155,TRUE,NA,NA
Province Nord,2026,Houaïlou,0003,Bâ (école primaire),165.55842620966266,-21.19827944865936,375,214,212,non_ind_nord,Listes non-indépendantistes,Non-indép.,#305f9f,5,11,212,5.188679245283019,TRUE,803,Warai
Province Nord,2026,Houaïlou,0004,Nessakoéa (maison commune),165.5267547278778,-21.28421939373571,312,168,168,non_ind_nord,Listes non-indépendantistes,Non-indép.,#305f9f,5,3,168,1.7857142857142858,TRUE,805,Nédivin - Bas Nindien
Province Nord,2026,Houaïlou,0005,Poro (foyer socio-culturel),165.70953015747588,-21.30262511634177,567,301,295,non_ind_nord,Listes non-indépendantistes,Non-indép.,#305f9f,5,18,295,6.101694915254237,TRUE,801,Houailou village
Province Nord,2026,Houaïlou,0006,Coula (maison commune),165.44899405604838,-21.336853600338287,482,259,254,non_ind_nord,Listes non-indépendantistes,Non-indép.,#305f9f,5,16,254,6.299212598425197,TRUE,807,Boréaré - Coula - Karagreu
Province Nord,2026,Houaïlou,0007,Néaoua (maison commune),165.6455007313978,-21.325531853593,328,176,173,non_ind_nord,Listes non-indépendantistes,Non-indép.,#305f9f,5,0,173,0,TRUE,801,Houailou village
Province Nord,2026,Houaïlou,0008,Nédivin (maison commune),165.57082158687447,-21.289736384804883,537,292,288,non_ind_nord,Listes non-indépendantistes,Non-indép.,#305f9f,5,7,288,2.4305555555555554,TRUE,805,Nédivin - Bas Nindien
Province Nord,2026,Kaala-Gomen,0001,Mairie,164.397185345977,-20.6671314843025,559,349,340,non_ind_nord,Listes non-indépendantistes,Non-indép.,#305f9f,5,82,340,24.11764705882353,TRUE,1001,Kaala Gomen village et littoral
Province Nord,2026,Kaala-Gomen,0002,Ouéholle,164.545680960012,-20.6046276080457,393,253,253,non_ind_nord,Listes non-indépendantistes,Non-indép.,#305f9f,5,3,253,1.1857707509881423,TRUE,1004,Ouéholle - Ouémou - Kourou
Province Nord,2026,Kaala-Gomen,0003,Maison Commune de Païta,164.426512320768,-20.6494636653987,289,175,172,non_ind_nord,Listes non-indépendantistes,Non-indép.,#305f9f,5,3,172,1.744186046511628,TRUE,1001,Kaala Gomen village et littoral
Province Nord,2026,Kaala-Gomen,0004,Maison Commune de Gamaï,164.486749878062,-20.6941126404856,191,120,119,non_ind_nord,Listes non-indépendantistes,Non-indép.,#305f9f,5,1,119,0.8403361344537815,TRUE,1001,Kaala Gomen village et littoral
Province Nord,2026,Kaala-Gomen,0005,Maison Commune de Baoui,164.463552597488,-20.6891303658536,143,111,110,non_ind_nord,Listes non-indépendantistes,Non-indép.,#305f9f,5,1,110,0.9090909090909091,TRUE,1001,Kaala Gomen village et littoral
Province Nord,2026,Kaala-Gomen,0006,Ouaco,164.471215971078,-20.8375035625753,216,145,143,non_ind_nord,Listes non-indépendantistes,Non-indép.,#305f9f,5,61,143,42.65734265734266,TRUE,1001,Kaala Gomen village et littoral
Province Nord,2026,Koné,0001,Salle Au Pitiri,164.86328,-21.059973,675,417,410,non_ind_nord,Listes non-indépendantistes,Non-indép.,#305f9f,5,236,410,57.5609756097561,TRUE,NA,NA
Province Nord,2026,Koné,0002,Poindah,164.964442641559,-21.0372102738018,182,116,115,non_ind_nord,Listes non-indépendantistes,Non-indép.,#305f9f,5,12,115,10.434782608695652,TRUE,1107,Poindah - Noelly - Néami - Netchaot
Province Nord,2026,Koné,0003,Netchaot,165.022902317548,-21.0054157631335,407,291,288,non_ind_nord,Listes non-indépendantistes,Non-indép.,#305f9f,5,6,288,2.0833333333333335,TRUE,1107,Poindah - Noelly - Néami - Netchaot
Province Nord,2026,Koné,0004,Tiaoué,164.916802108,-21.0000621217301,286,230,228,non_ind_nord,Listes non-indépendantistes,Non-indép.,#305f9f,5,0,228,0,TRUE,1107,Poindah - Noelly - Néami - Netchaot
Province Nord,2026,Koné,0005,Atéou,164.90654574925,-20.9500343540188,127,97,97,non_ind_nord,Listes non-indépendantistes,Non-indép.,#305f9f,5,0,97,0,TRUE,1107,Poindah - Noelly - Néami - Netchaot
Province Nord,2026,Koné,0006,Bopope,165.079714634727,-20.9178415050895,234,152,151,non_ind_nord,Listes non-indépendantistes,Non-indép.,#305f9f,5,4,151,2.6490066225165565,TRUE,1108,Bopope
Province Nord,2026,Koné,0007,Neami,164.971958124292,-20.977983356452,234,155,154,non_ind_nord,Listes non-indépendantistes,Non-indép.,#305f9f,5,11,154,7.142857142857143,TRUE,1107,Poindah - Noelly - Néami - Netchaot
Province Nord,2026,Koné,0008,Baco,164.895177171264,-21.0667090848805,467,325,317,non_ind_nord,Listes non-indépendantistes,Non-indép.,#305f9f,5,14,317,4.416403785488959,TRUE,1103,Baco - Koniambo
Province Nord,2026,Koné,0009,Ecole Primaire Les Cigales,164.8701529762,-21.0521518022935,799,533,527,non_ind_nord,Listes non-indépendantistes,Non-indép.,#305f9f,5,153,527,29.032258064516128,TRUE,1101,Koné village
Province Nord,2026,Koné,0010,Noëlly,164.947538773364,-21.0048750710989,218,165,163,non_ind_nord,Listes non-indépendantistes,Non-indép.,#305f9f,5,2,163,1.2269938650306749,TRUE,1107,Poindah - Noelly - Néami - Netchaot
Province Nord,2026,Koné,0011,Ecole Téari,164.867168,-21.074849,698,384,372,non_ind_nord,Listes non-indépendantistes,Non-indép.,#305f9f,5,169,372,45.43010752688172,TRUE,NA,NA
Province Nord,2026,Koné,0012,Les Allamandas,164.856461111321,-21.052040276968,538,365,356,non_ind_nord,Listes non-indépendantistes,Non-indép.,#305f9f,5,205,356,57.58426966292135,TRUE,1101,Koné village
Province Nord,2026,Kouaoua,0001,Centre administratif de Niminra 1,165.82856671021466,-21.396045166693337,571,337,330,non_ind_nord,Listes non-indépendantistes,Non-indép.,#305f9f,5,100,330,30.303030303030305,TRUE,3301,Kouaoua village - Amon Kasiori
Province Nord,2026,Kouaoua,0002,Centre administratif de Niminra 2,165.72221294003012,-21.49791198784617,286,162,160,non_ind_nord,Listes non-indépendantistes,Non-indép.,#305f9f,5,20,160,12.5,TRUE,3302,Méa Mébara - Ouérou Pimet
Province Nord,2026,Kouaoua,0003,Centre administratif de Niminra 3,165.83542921955194,-21.536184530370736,148,97,96,non_ind_nord,Listes non-indépendantistes,Non-indép.,#305f9f,5,6,96,6.25,TRUE,3302,Méa Mébara - Ouérou Pimet
Province Nord,2026,Kouaoua,0004,Centre administratif de Niminra 4,165.78859040310297,-21.469132110021317,190,105,105,non_ind_nord,Listes non-indépendantistes,Non-indép.,#305f9f,5,18,105,17.142857142857142,TRUE,3302,Méa Mébara - Ouérou Pimet
Province Nord,2026,Koumac,0001,Mairie,164.280241420927,-20.5602050455624,1304,772,756,non_ind_nord,Listes non-indépendantistes,Non-indép.,#305f9f,5,309,756,40.87301587301587,TRUE,1201,Koumac village
Province Nord,2026,Koumac,0002,Médiathèque Louis BASTIEN,164.285534,-20.561181,1594,970,952,non_ind_nord,Listes non-indépendantistes,Non-indép.,#305f9f,5,577,952,60.609243697478995,TRUE,NA,NA
Province Nord,2026,Ouégoa,0001,Salle polyvalente de Ouégoné,164.43943670837254,-20.34408534785039,834,543,534,non_ind_nord,Listes non-indépendantistes,Non-indép.,#305f9f,5,352,534,65.91760299625469,TRUE,1901,Ouégoa village - Balagam - Paraoua - Tarap
Province Nord,2026,Ouégoa,0002,Bondé,164.4324943000077,-20.429158724947957,857,525,522,non_ind_nord,Listes non-indépendantistes,Non-indép.,#305f9f,5,2,522,0.3831417624521073,TRUE,1903,Bondé
Province Nord,2026,Ouégoa,0003,Paimboas,164.52279333171543,-20.52170436626958,383,201,200,non_ind_nord,Listes non-indépendantistes,Non-indép.,#305f9f,5,3,200,1.5,TRUE,1903,Bondé
Province Nord,2026,Ouégoa,0004,Tiari,164.3468221527753,-20.245820839427363,152,81,79,non_ind_nord,Listes non-indépendantistes,Non-indép.,#305f9f,5,6,79,7.594936708860759,TRUE,1902,Pam - Tiari
Province Nord,2026,Poindimié,0001,Mairie,165.33315827223544,-20.938215187057807,1184,687,676,non_ind_nord,Listes non-indépendantistes,Non-indép.,#305f9f,5,224,676,33.13609467455621,TRUE,2201,Poindimié village
Province Nord,2026,Poindimié,0002,Ouindo,165.39928663560227,-20.98624503490911,519,304,293,non_ind_nord,Listes non-indépendantistes,Non-indép.,#305f9f,5,14,293,4.778156996587031,TRUE,2204,Tibarama - Bayes - Ouindo - Ometteux - Napoém
Province Nord,2026,Poindimié,0003,Bayes,165.41027144991733,-20.95108534474138,585,327,324,non_ind_nord,Listes non-indépendantistes,Non-indép.,#305f9f,5,5,324,1.5432098765432098,TRUE,2204,Tibarama - Bayes - Ouindo - Ometteux - Napoém
Province Nord,2026,Poindimié,0004,Amoa,165.39810099674145,-20.94109090560688,505,359,353,non_ind_nord,Listes non-indépendantistes,Non-indép.,#305f9f,5,15,353,4.2492917847025495,TRUE,2204,Tibarama - Bayes - Ouindo - Ometteux - Napoém
Province Nord,2026,Poindimié,0005,Tyé,165.2980420173767,-20.900766814763863,564,394,389,non_ind_nord,Listes non-indépendantistes,Non-indép.,#305f9f,5,7,389,1.7994858611825193,TRUE,2202,Tiéti - Tyé
Province Nord,2026,Poindimié,0006,Tiwaka,165.22299948568272,-20.895132063083377,324,189,185,non_ind_nord,Listes non-indépendantistes,Non-indép.,#305f9f,5,7,185,3.7837837837837838,TRUE,2202,Tiéti - Tyé
Province Nord,2026,Poindimié,0007,Tiéti,165.31101622324238,-20.919563042768107,602,391,384,non_ind_nord,Listes non-indépendantistes,Non-indép.,#305f9f,5,24,384,6.25,TRUE,2202,Tiéti - Tyé
Province Nord,2026,Ponérihouen,0001,Mairie,165.40196429415164,-21.070938768181968,493,296,292,non_ind_nord,Listes non-indépendantistes,Non-indép.,#305f9f,5,63,292,21.575342465753426,TRUE,2302,Ponérihouen village
Province Nord,2026,Ponérihouen,0002,Monéo,165.47846310724432,-21.150451617013218,453,286,279,non_ind_nord,Listes non-indépendantistes,Non-indép.,#305f9f,5,11,279,3.942652329749104,TRUE,2302,Ponérihouen village
Province Nord,2026,Ponérihouen,0003,Tchamba,165.2930233618618,-21.038585818858223,317,201,198,non_ind_nord,Listes non-indépendantistes,Non-indép.,#305f9f,5,12,198,6.0606060606060606,TRUE,2303,Goyetta - Goa - Nébouéba - St Yves
Province Nord,2026,Ponérihouen,0004,Goa,165.30971500397104,-21.10629747908845,408,242,239,non_ind_nord,Listes non-indépendantistes,Non-indép.,#305f9f,5,2,239,0.8368200836820083,TRUE,2303,Goyetta - Goa - Nébouéba - St Yves
Province Nord,2026,Ponérihouen,0005,Grondu,165.38976794045686,-21.076609909810266,509,347,343,non_ind_nord,Listes non-indépendantistes,Non-indép.,#305f9f,5,3,343,0.8746355685131195,TRUE,2302,Ponérihouen village
Province Nord,2026,Ponérihouen,0006,Mou,165.44259083569398,-21.09696482410325,169,90,90,non_ind_nord,Listes non-indépendantistes,Non-indép.,#305f9f,5,5,90,5.555555555555555,TRUE,2302,Ponérihouen village
Province Nord,2026,Ponérihouen,0007,Goyetta,165.38150315716302,-21.17209523739158,334,202,201,non_ind_nord,Listes non-indépendantistes,Non-indép.,#305f9f,5,1,201,0.4975124378109453,TRUE,2302,Ponérihouen village
Province Nord,2026,Pouembout,0001,Mairie,164.901099514933,-21.1214333298182,948,612,598,non_ind_nord,Listes non-indépendantistes,Non-indép.,#305f9f,5,315,598,52.675585284280935,TRUE,2501,Pouembout village
Province Nord,2026,Pouembout,0002,Cantine école primaire,164.90077,-21.12369,790,535,530,non_ind_nord,Listes non-indépendantistes,Non-indép.,#305f9f,5,191,530,36.0377358490566,TRUE,NA,NA
Province Nord,2026,Poum,0001,Mairie,164.02565823453438,-20.232335490929035,653,411,402,non_ind_nord,Listes non-indépendantistes,Non-indép.,#305f9f,5,77,402,19.154228855721392,TRUE,2601,Poum du village - Poingam
Province Nord,2026,Poum,0002,Tiabet,164.0259384508845,-20.127138518272172,448,280,279,non_ind_nord,Listes non-indépendantistes,Non-indép.,#305f9f,5,6,279,2.150537634408602,TRUE,2601,Poum du village - Poingam
Province Nord,2026,Poum,0003,La maison des femmes d'Arama,164.20258021961365,-20.252916819670393,418,245,244,non_ind_nord,Listes non-indépendantistes,Non-indép.,#305f9f,5,5,244,2.0491803278688523,TRUE,2603,Bouarou - Pangai - Narai
Province Nord,2026,Pouébo,0001,Mairie,164.5872015210802,-20.399273159074973,750,372,372,non_ind_nord,Listes non-indépendantistes,Non-indép.,#305f9f,5,3,372,0.8064516129032258,TRUE,2401,Pouébo village - St Ferdinand - St Louis
Province Nord,2026,Pouébo,0002,Saint Denis Balade,164.49963895578423,-20.310000557096696,587,297,296,non_ind_nord,Listes non-indépendantistes,Non-indép.,#305f9f,5,15,296,5.0675675675675675,TRUE,2401,Pouébo village - St Ferdinand - St Louis
Province Nord,2026,Pouébo,0003,Yambé,164.658766232452,-20.439464504971355,405,190,189,non_ind_nord,Listes non-indépendantistes,Non-indép.,#305f9f,5,0,189,0,TRUE,2402,Tchamboéne - Diahoué - Colnett
Province Nord,2026,Pouébo,0004,Saint-Louis,164.56475883280652,-20.370617010719258,542,314,308,non_ind_nord,Listes non-indépendantistes,Non-indép.,#305f9f,5,6,308,1.948051948051948,TRUE,2401,Pouébo village - St Ferdinand - St Louis
Province Nord,2026,Pouébo,0005,Colnett,164.73002659765442,-20.4756971674156,119,59,57,non_ind_nord,Listes non-indépendantistes,Non-indép.,#305f9f,5,2,57,3.508771929824561,TRUE,2402,Tchamboéne - Diahoué - Colnett
Province Nord,2026,Poya Nord,0001,Salle ancienne mairie,164.99768585786552,-21.326893497720405,574,380,366,non_ind_nord,Listes non-indépendantistes,Non-indép.,#305f9f,5,115,366,31.420765027322403,TRUE,2701,Poya villageé Népoui
Province Nord,2026,Poya Nord,0002,Gohapin,165.27390161257972,-21.22505994951149,493,356,353,non_ind_nord,Listes non-indépendantistes,Non-indép.,#305f9f,5,0,353,0,TRUE,2705,Gohapin - Montfaoué - Néklia - Kradji
Province Nord,2026,Poya Nord,0003,Salle des fêtes de Népoui,164.99768585786552,-21.326893497720405,761,463,448,non_ind_nord,Listes non-indépendantistes,Non-indép.,#305f9f,5,167,448,37.276785714285715,TRUE,2701,Poya villageé Népoui
Province Nord,2026,Poya Nord,0004,Montfaoué,165.2933124776928,-21.277955211764784,264,165,163,non_ind_nord,Listes non-indépendantistes,Non-indép.,#305f9f,5,0,163,0,TRUE,2705,Gohapin - Montfaoué - Néklia - Kradji
Province Nord,2026,Poya Nord,0006,Nékliai,165.1862986905251,-21.29493580556391,203,148,148,non_ind_nord,Listes non-indépendantistes,Non-indép.,#305f9f,5,9,148,6.081081081081081,TRUE,2705,Gohapin - Montfaoué - Néklia - Kradji
Province Nord,2026,Touho,0001,Mairie,165.23869122747195,-20.77975735338533,1013,623,613,non_ind_nord,Listes non-indépendantistes,Non-indép.,#305f9f,5,101,613,16.476345840130506,TRUE,3001,Touho village
Province Nord,2026,Touho,0002,Téganpaîk,165.066398,-20.738499,234,120,114,non_ind_nord,Listes non-indépendantistes,Non-indép.,#305f9f,5,2,114,1.7543859649122806,TRUE,NA,NA
Province Nord,2026,Touho,0003,Kokingone,165.25551905392797,-20.85522530725118,316,188,186,non_ind_nord,Listes non-indépendantistes,Non-indép.,#305f9f,5,2,186,1.075268817204301,TRUE,3004,Koe - Kokingone - Tiwaka - Pombéi
Province Nord,2026,Touho,0004,Paola,165.1103595238747,-20.77393379422664,408,254,253,non_ind_nord,Listes non-indépendantistes,Non-indép.,#305f9f,5,2,253,0.7905138339920948,TRUE,3003,Tiouandé - Ouanache - Congouma - Paola
Province Nord,2026,Voh,0001,Mairie,164.686182051524,-20.9488288857597,727,441,426,non_ind_nord,Listes non-indépendantistes,Non-indép.,#305f9f,5,223,426,52.347417840375584,TRUE,3101,Voh village - Gatope
Province Nord,2026,Voh,0002,Témala,164.689267929949,-20.87135077045,317,219,214,non_ind_nord,Listes non-indépendantistes,Non-indép.,#305f9f,5,92,214,42.99065420560748,TRUE,3103,Témala
Province Nord,2026,Voh,0003,Ouengo,164.74217311646055,-20.784454291123556,54,41,41,non_ind_nord,Listes non-indépendantistes,Non-indép.,#305f9f,5,0,41,0,TRUE,3103,Témala
Province Nord,2026,Voh,0004,Local socio-éducatif de TIETA,164.740133724095,-20.9210724511979,277,189,189,non_ind_nord,Listes non-indépendantistes,Non-indép.,#305f9f,5,5,189,2.6455026455026456,TRUE,3106,Tiéta
Province Nord,2026,Voh,0005,Local socio-éducatif de OUNDJO,164.697579851987,-21.0373781816945,359,225,221,non_ind_nord,Listes non-indépendantistes,Non-indép.,#305f9f,5,4,221,1.8099547511312217,TRUE,3101,Voh village - Gatope
Province Nord,2026,Voh,0006,Ecole publique de BOYEN,164.617398,-20.824466,202,137,134,non_ind_nord,Listes non-indépendantistes,Non-indép.,#305f9f,5,7,134,5.223880597014926,TRUE,NA,NA
Province Nord,2026,Voh,0007,Local socio-éducatif de TEMALA,164.68996,-20.871392,358,265,263,non_ind_nord,Listes non-indépendantistes,Non-indép.,#305f9f,5,0,263,0,TRUE,NA,NA
Province Nord,2026,Voh,0008,Socio-éducatif de GATOPE,164.66949443382563,-20.965828575807695,138,93,88,non_ind_nord,Listes non-indépendantistes,Non-indép.,#305f9f,5,2,88,2.272727272727273,TRUE,3101,Voh village - Gatope
Province Nord,2019,Bélep,0001,Mairie,163.6480110596638,-19.71203277091468,912,490,487,participation,Participation,Participation,#d18b24,6,490,912,53.728070175438596,TRUE,101,Bélep
Province Nord,2019,Canala,0001,Mairie,165.96392757417755,-21.522084905801098,369,247,234,participation,Participation,Participation,#d18b24,6,247,369,66.93766937669376,TRUE,401,Canala village
Province Nord,2019,Canala,0002,Nakéty,166.04631481753384,-21.54222544058342,791,514,509,participation,Participation,Participation,#d18b24,6,514,791,64.9810366624526,TRUE,403,Gélima - Nakéty
Province Nord,2019,Canala,0003,Nanon-Kénérou,165.88480729759476,-21.546697208816735,458,287,279,participation,Participation,Participation,#d18b24,6,287,458,62.66375545851528,TRUE,401,Canala village
Province Nord,2019,Canala,0004,Méhoué,165.9494172177474,-21.51958486452521,778,496,478,participation,Participation,Participation,#d18b24,6,496,778,63.753213367609256,TRUE,401,Canala village
Province Nord,2019,Canala,0005,Gélima,165.98151543430086,-21.534392845846163,704,452,439,participation,Participation,Participation,#d18b24,6,452,704,64.20454545454545,TRUE,403,Gélima - Nakéty
Province Nord,2019,Canala,0006,Mérénémé,165.92818615112122,-21.514857403632252,284,162,138,participation,Participation,Participation,#d18b24,6,162,284,57.04225352112676,TRUE,401,Canala village
Province Nord,2019,Hienghène,0001,Mairie,164.94565765433836,-20.688834938182335,541,304,302,participation,Participation,Participation,#d18b24,6,304,541,56.19223659889094,TRUE,701,Hienghéne littoral
Province Nord,2019,Hienghène,0002,Tendo,164.8162801367713,-20.71273259336387,216,157,157,participation,Participation,Participation,#d18b24,6,157,216,72.68518518518519,TRUE,704,Tiendanite Ouayaguette
Province Nord,2019,Hienghène,0003,Bas-Coulna,164.78261362354763,-20.687835024386533,112,67,66,participation,Participation,Participation,#d18b24,6,67,112,59.82142857142857,TRUE,704,Tiendanite Ouayaguette
Province Nord,2019,Hienghène,0004,Haut-Coulna,164.7358564404401,-20.63480876362534,102,59,59,participation,Participation,Participation,#d18b24,6,59,102,57.84313725490196,TRUE,704,Tiendanite Ouayaguette
Province Nord,2019,Hienghène,0005,Ouayaguette,164.6835205195477,-20.659220188803257,181,109,108,participation,Participation,Participation,#d18b24,6,109,181,60.22099447513812,TRUE,704,Tiendanite Ouayaguette
Province Nord,2019,Hienghène,0006,Ouaième,164.84911233352278,-20.61488125992091,212,138,136,participation,Participation,Participation,#d18b24,6,138,212,65.09433962264151,TRUE,701,Hienghéne littoral
Province Nord,2019,Hienghène,0007,Oué-Hawa,165.03458545186362,-20.765966185987494,70,32,31,participation,Participation,Participation,#d18b24,6,32,70,45.714285714285715,TRUE,704,Tiendanite Ouayaguette
Province Nord,2019,Hienghène,0008,Tiendanite,164.8988687236624,-20.75818441571426,97,81,81,participation,Participation,Participation,#d18b24,6,81,97,83.50515463917526,TRUE,704,Tiendanite Ouayaguette
Province Nord,2019,Hienghène,0009,Ouaré,164.93523458965643,-20.673024668353836,585,408,407,participation,Participation,Participation,#d18b24,6,408,585,69.74358974358974,TRUE,701,Hienghéne littoral
Province Nord,2019,Hienghène,0010,Léwarap,164.92837654735197,-20.722390044785012,288,175,173,participation,Participation,Participation,#d18b24,6,175,288,60.763888888888886,TRUE,701,Hienghéne littoral
Province Nord,2019,Houaïlou,0001,Mairie,165.6260919909217,-21.278284372962112,417,255,247,participation,Participation,Participation,#d18b24,6,255,417,61.15107913669065,TRUE,801,Houailou village
Province Nord,2019,Houaïlou,0002,Warai,165.76989808558005,-21.33124821435679,659,399,368,participation,Participation,Participation,#d18b24,6,399,659,60.54628224582701,TRUE,807,Boréaré - Coula - Karagreu
Province Nord,2019,Houaïlou,0003,Bâ,165.55842620966266,-21.19827944865936,370,245,242,participation,Participation,Participation,#d18b24,6,245,370,66.21621621621621,TRUE,803,Warai
Province Nord,2019,Houaïlou,0004,Nessakoéa,165.5267547278778,-21.28421939373571,296,164,159,participation,Participation,Participation,#d18b24,6,164,296,55.4054054054054,TRUE,805,Nédivin - Bas Nindien
Province Nord,2019,Houaïlou,0005,Poro,165.70953015747588,-21.30262511634177,522,267,256,participation,Participation,Participation,#d18b24,6,267,522,51.14942528735632,TRUE,801,Houailou village
Province Nord,2019,Houaïlou,0006,Coula,165.44899405604838,-21.336853600338287,488,269,265,participation,Participation,Participation,#d18b24,6,269,488,55.122950819672134,TRUE,807,Boréaré - Coula - Karagreu
Province Nord,2019,Houaïlou,0007,Néaoua,165.6455007313978,-21.325531853593,328,193,191,participation,Participation,Participation,#d18b24,6,193,328,58.84146341463415,TRUE,801,Houailou village
Province Nord,2019,Houaïlou,0008,Nédivin,165.57082158687447,-21.289736384804883,499,312,303,participation,Participation,Participation,#d18b24,6,312,499,62.5250501002004,TRUE,805,Nédivin - Bas Nindien
Province Nord,2019,Kaala-Gomen,0001,Mairie,164.397185345977,-20.6671314843025,485,270,268,participation,Participation,Participation,#d18b24,6,270,485,55.670103092783506,TRUE,1001,Kaala Gomen village et littoral
Province Nord,2019,Kaala-Gomen,0002,Oueholle,164.545680960012,-20.6046276080457,357,258,258,participation,Participation,Participation,#d18b24,6,258,357,72.26890756302521,TRUE,1004,Ouéholle - Ouémou - Kourou
Province Nord,2019,Kaala-Gomen,0003,Maison Commune de Païta,164.426512320768,-20.6494636653987,274,161,159,participation,Participation,Participation,#d18b24,6,161,274,58.75912408759124,TRUE,1001,Kaala Gomen village et littoral
Province Nord,2019,Kaala-Gomen,0004,Maison Commune de Gamaï,164.486749878062,-20.6941126404856,182,127,126,participation,Participation,Participation,#d18b24,6,127,182,69.78021978021978,TRUE,1001,Kaala Gomen village et littoral
Province Nord,2019,Kaala-Gomen,0005,Maison Commune de Baoui,164.463552597488,-20.6891303658536,122,104,104,participation,Participation,Participation,#d18b24,6,104,122,85.24590163934427,TRUE,1001,Kaala Gomen village et littoral
Province Nord,2019,Kaala-Gomen,0006,Ouaco,164.471215971078,-20.8375035625753,191,124,120,participation,Participation,Participation,#d18b24,6,124,191,64.92146596858639,TRUE,1001,Kaala Gomen village et littoral
Province Nord,2019,Koné,0001,Mairie,164.861419,-21.061604,631,436,421,participation,Participation,Participation,#d18b24,6,436,631,69.09667194928684,TRUE,NA,NA
Province Nord,2019,Koné,0002,Poindah,164.964442641559,-21.0372102738018,162,113,113,participation,Participation,Participation,#d18b24,6,113,162,69.75308641975309,TRUE,1107,Poindah - Noelly - Néami - Netchaot
Province Nord,2019,Koné,0003,Netchaot,165.022902317548,-21.0054157631335,390,273,272,participation,Participation,Participation,#d18b24,6,273,390,70,TRUE,1107,Poindah - Noelly - Néami - Netchaot
Province Nord,2019,Koné,0004,Tiaoué,164.916802108,-21.0000621217301,258,213,213,participation,Participation,Participation,#d18b24,6,213,258,82.55813953488372,TRUE,1107,Poindah - Noelly - Néami - Netchaot
Province Nord,2019,Koné,0005,Atéou,164.90654574925,-20.9500343540188,129,94,94,participation,Participation,Participation,#d18b24,6,94,129,72.86821705426357,TRUE,1107,Poindah - Noelly - Néami - Netchaot
Province Nord,2019,Koné,0006,Bopope,165.079714634727,-20.9178415050895,211,152,148,participation,Participation,Participation,#d18b24,6,152,211,72.03791469194313,TRUE,1108,Bopope
Province Nord,2019,Koné,0007,Neami,164.971958124292,-20.977983356452,206,145,144,participation,Participation,Participation,#d18b24,6,145,206,70.3883495145631,TRUE,1107,Poindah - Noelly - Néami - Netchaot
Province Nord,2019,Koné,0008,Baco,164.895177171264,-21.0667090848805,400,282,279,participation,Participation,Participation,#d18b24,6,282,400,70.5,TRUE,1103,Baco - Koniambo
Province Nord,2019,Koné,0009,Ecole Primaire Les Cigales,164.8701529762,-21.0521518022935,649,427,411,participation,Participation,Participation,#d18b24,6,427,649,65.79352850539291,TRUE,1101,Koné village
Province Nord,2019,Koné,0010,Noëlly,164.947538773364,-21.0048750710989,212,147,145,participation,Participation,Participation,#d18b24,6,147,212,69.33962264150944,TRUE,1107,Poindah - Noelly - Néami - Netchaot
Province Nord,2019,Koné,0011,Mairie 2,164.861419,-21.061604,487,328,309,participation,Participation,Participation,#d18b24,6,328,487,67.35112936344969,TRUE,NA,NA
Province Nord,2019,Koné,0012,Les Allamandas,164.856461111321,-21.052040276968,394,309,302,participation,Participation,Participation,#d18b24,6,309,394,78.42639593908629,TRUE,1101,Koné village
Province Nord,2019,Kouaoua,0001,Mairie,165.82856671021466,-21.396045166693337,539,357,353,participation,Participation,Participation,#d18b24,6,357,539,66.23376623376623,TRUE,3301,Kouaoua village - Amon Kasiori
Province Nord,2019,Kouaoua,0002,Ouérou-Piment,165.72221294003012,-21.49791198784617,259,175,173,participation,Participation,Participation,#d18b24,6,175,259,67.56756756756756,TRUE,3302,Méa Mébara - Ouérou Pimet
Province Nord,2019,Kouaoua,0003,Koh,165.83542921955194,-21.536184530370736,143,109,108,participation,Participation,Participation,#d18b24,6,109,143,76.22377622377623,TRUE,3302,Méa Mébara - Ouérou Pimet
Province Nord,2019,Kouaoua,0004,Méa-Mébara,165.78859040310297,-21.469132110021317,168,97,96,participation,Participation,Participation,#d18b24,6,97,168,57.73809523809524,TRUE,3302,Méa Mébara - Ouérou Pimet
Province Nord,2019,Koumac,0001,Mairie 1 et Centralisateur,164.280241420927,-20.5602050455624,1157,728,706,participation,Participation,Participation,#d18b24,6,728,1157,62.92134831460674,TRUE,1201,Koumac village
Province Nord,2019,Koumac,0002,Ecole Primaire Charles Mermoud 2,164.282519595968,-20.5572929814306,1482,926,889,participation,Participation,Participation,#d18b24,6,926,1482,62.48313090418353,TRUE,1201,Koumac village
Province Nord,2019,Ouégoa,0001,Mairie,164.43943670837254,-20.34408534785039,799,494,468,participation,Participation,Participation,#d18b24,6,494,799,61.82728410513141,TRUE,1901,Ouégoa village - Balagam - Paraoua - Tarap
Province Nord,2019,Ouégoa,0002,Bondé,164.4324943000077,-20.429158724947957,802,476,475,participation,Participation,Participation,#d18b24,6,476,802,59.35162094763092,TRUE,1903,Bondé
Province Nord,2019,Ouégoa,0003,Paimboas,164.52279333171543,-20.52170436626958,386,224,223,participation,Participation,Participation,#d18b24,6,224,386,58.031088082901555,TRUE,1903,Bondé
Province Nord,2019,Ouégoa,0004,Tiari,164.3468221527753,-20.245820839427363,143,101,101,participation,Participation,Participation,#d18b24,6,101,143,70.62937062937063,TRUE,1902,Pam - Tiari
Province Nord,2019,Poindimié,0001,Mairie,165.33315827223544,-20.938215187057807,1120,657,646,participation,Participation,Participation,#d18b24,6,657,1120,58.660714285714285,TRUE,2201,Poindimié village
Province Nord,2019,Poindimié,0002,Ouindo,165.39928663560227,-20.98624503490911,503,338,322,participation,Participation,Participation,#d18b24,6,338,503,67.19681908548708,TRUE,2204,Tibarama - Bayes - Ouindo - Ometteux - Napoém
Province Nord,2019,Poindimié,0003,Bayes,165.41027144991733,-20.95108534474138,553,377,375,participation,Participation,Participation,#d18b24,6,377,553,68.17359855334539,TRUE,2204,Tibarama - Bayes - Ouindo - Ometteux - Napoém
Province Nord,2019,Poindimié,0004,Amoa,165.39810099674145,-20.94109090560688,489,354,353,participation,Participation,Participation,#d18b24,6,354,489,72.39263803680981,TRUE,2204,Tibarama - Bayes - Ouindo - Ometteux - Napoém
Province Nord,2019,Poindimié,0005,Tye,165.2980420173767,-20.900766814763863,559,396,392,participation,Participation,Participation,#d18b24,6,396,559,70.84078711985688,TRUE,2202,Tiéti - Tyé
Province Nord,2019,Poindimié,0006,Tiwaka,165.22299948568272,-20.895132063083377,322,210,208,participation,Participation,Participation,#d18b24,6,210,322,65.21739130434783,TRUE,2202,Tiéti - Tyé
Province Nord,2019,Poindimié,0007,Tiéti,165.31101622324238,-20.919563042768107,544,382,379,participation,Participation,Participation,#d18b24,6,382,544,70.22058823529412,TRUE,2202,Tiéti - Tyé
Province Nord,2019,Ponérihouen,0001,Mairie,165.40196429415164,-21.070938768181968,480,313,304,participation,Participation,Participation,#d18b24,6,313,480,65.20833333333333,TRUE,2302,Ponérihouen village
Province Nord,2019,Ponérihouen,0002,Monéo,165.47846310724432,-21.150451617013218,447,268,264,participation,Participation,Participation,#d18b24,6,268,447,59.955257270693515,TRUE,2302,Ponérihouen village
Province Nord,2019,Ponérihouen,0003,Tchamba,165.2930233618618,-21.038585818858223,312,219,217,participation,Participation,Participation,#d18b24,6,219,312,70.1923076923077,TRUE,2303,Goyetta - Goa - Nébouéba - St Yves
Province Nord,2019,Ponérihouen,0004,Goa,165.30971500397104,-21.10629747908845,384,262,260,participation,Participation,Participation,#d18b24,6,262,384,68.22916666666667,TRUE,2303,Goyetta - Goa - Nébouéba - St Yves
Province Nord,2019,Ponérihouen,0005,Grondu,165.38976794045686,-21.076609909810266,492,337,332,participation,Participation,Participation,#d18b24,6,337,492,68.4959349593496,TRUE,2302,Ponérihouen village
Province Nord,2019,Ponérihouen,0006,Mou,165.44259083569398,-21.09696482410325,164,114,112,participation,Participation,Participation,#d18b24,6,114,164,69.51219512195122,TRUE,2302,Ponérihouen village
Province Nord,2019,Ponérihouen,0007,Goyetta,165.38150315716302,-21.17209523739158,326,229,229,participation,Participation,Participation,#d18b24,6,229,326,70.24539877300613,TRUE,2302,Ponérihouen village
Province Nord,2019,Pouembout,0001,Mairie,164.901099514933,-21.1214333298182,1097,750,732,participation,Participation,Participation,#d18b24,6,750,1097,68.36827711941659,TRUE,2501,Pouembout village
Province Nord,2019,Pouembout,0002,Paouta,165.004824198459,-21.061258041708,156,131,128,participation,Participation,Participation,#d18b24,6,131,156,83.97435897435898,TRUE,2503,Pinda - Ouaté - Kopéto
Province Nord,2019,Pouembout,0003,Ouaté,165.125775830839,-21.1850509030541,134,95,94,participation,Participation,Participation,#d18b24,6,95,134,70.8955223880597,TRUE,NA,NA
Province Nord,2019,Poum,0001,Mairie,164.02565823453438,-20.232335490929035,601,389,386,participation,Participation,Participation,#d18b24,6,389,601,64.72545757071548,TRUE,2601,Poum du village - Poingam
Province Nord,2019,Poum,0002,Tiabet,164.0259384508845,-20.127138518272172,392,287,285,participation,Participation,Participation,#d18b24,6,287,392,73.21428571428571,TRUE,2601,Poum du village - Poingam
Province Nord,2019,Poum,0003,Arama,164.20258021961365,-20.252916819670393,388,242,240,participation,Participation,Participation,#d18b24,6,242,388,62.371134020618555,TRUE,2603,Bouarou - Pangai - Narai
Province Nord,2019,Pouébo,0001,Mairie,164.5872015210802,-20.399273159074973,718,364,360,participation,Participation,Participation,#d18b24,6,364,718,50.69637883008357,TRUE,2401,Pouébo village - St Ferdinand - St Louis
Province Nord,2019,Pouébo,0002,Saint Denis Ballade,164.49963895578423,-20.310000557096696,533,307,302,participation,Participation,Participation,#d18b24,6,307,533,57.5984990619137,TRUE,2401,Pouébo village - St Ferdinand - St Louis
Province Nord,2019,Pouébo,0003,Yambé,164.658766232452,-20.439464504971355,387,233,233,participation,Participation,Participation,#d18b24,6,233,387,60.20671834625323,TRUE,2402,Tchamboéne - Diahoué - Colnett
Province Nord,2019,Pouébo,0004,Saint-Louis,164.56475883280652,-20.370617010719258,546,310,305,participation,Participation,Participation,#d18b24,6,310,546,56.776556776556774,TRUE,2401,Pouébo village - St Ferdinand - St Louis
Province Nord,2019,Pouébo,0005,Colnett,164.73002659765442,-20.4756971674156,117,62,61,participation,Participation,Participation,#d18b24,6,62,117,52.99145299145299,TRUE,2402,Tchamboéne - Diahoué - Colnett
Province Nord,2019,Poya Nord,0001,Mairie 1,164.99768585786552,-21.326893497720405,510,342,333,participation,Participation,Participation,#d18b24,6,342,510,67.05882352941177,TRUE,2701,Poya villageé Népoui
Province Nord,2019,Poya Nord,0002,Gohapin,165.27390161257972,-21.22505994951149,447,313,312,participation,Participation,Participation,#d18b24,6,313,447,70.02237136465324,TRUE,2705,Gohapin - Montfaoué - Néklia - Kradji
Province Nord,2019,Poya Nord,0003,Népoui,164.99768585786552,-21.326893497720405,685,441,418,participation,Participation,Participation,#d18b24,6,441,685,64.37956204379562,TRUE,2701,Poya villageé Népoui
Province Nord,2019,Poya Nord,0004,Montfaoué,165.2933124776928,-21.277955211764784,250,170,170,participation,Participation,Participation,#d18b24,6,170,250,68,TRUE,2705,Gohapin - Montfaoué - Néklia - Kradji
Province Nord,2019,Poya Nord,0006,Nékliai,165.1862986905251,-21.29493580556391,186,126,125,participation,Participation,Participation,#d18b24,6,126,186,67.74193548387096,TRUE,2705,Gohapin - Montfaoué - Néklia - Kradji
Province Nord,2019,Touho,0001,Mairie,165.23869122747195,-20.77975735338533,966,637,625,participation,Participation,Participation,#d18b24,6,637,966,65.94202898550725,TRUE,3001,Touho village
Province Nord,2019,Touho,0002,Tiouandé,165.04706639545026,-20.742192862631615,221,137,134,participation,Participation,Participation,#d18b24,6,137,221,61.990950226244344,TRUE,3003,Tiouandé - Ouanache - Congouma - Paola
Province Nord,2019,Touho,0003,Kokingone,165.25551905392797,-20.85522530725118,302,187,181,participation,Participation,Participation,#d18b24,6,187,302,61.920529801324506,TRUE,3004,Koe - Kokingone - Tiwaka - Pombéi
Province Nord,2019,Touho,0004,Paola,165.1103595238747,-20.77393379422664,405,277,276,participation,Participation,Participation,#d18b24,6,277,405,68.39506172839506,TRUE,3003,Tiouandé - Ouanache - Congouma - Paola
Province Nord,2019,Voh,0001,Mairie,164.686182051524,-20.9488288857597,817,544,523,participation,Participation,Participation,#d18b24,6,544,817,66.58506731946144,TRUE,3101,Voh village - Gatope
Province Nord,2019,Voh,0002,Témala,164.689267929949,-20.87135077045,813,541,533,participation,Participation,Participation,#d18b24,6,541,813,66.54366543665436,TRUE,3103,Témala
Province Nord,2019,Voh,0003,Ouengo,164.74217311646055,-20.784454291123556,47,39,39,participation,Participation,Participation,#d18b24,6,39,47,82.97872340425532,TRUE,3103,Témala
Province Nord,2019,Voh,0004,Tieta,164.740133724095,-20.9210724511979,264,193,192,participation,Participation,Participation,#d18b24,6,193,264,73.10606060606061,TRUE,3106,Tiéta
Province Nord,2019,Voh,0005,Oundjo,164.697579851987,-21.0373781816945,329,249,248,participation,Participation,Participation,#d18b24,6,249,329,75.6838905775076,TRUE,3101,Voh village - Gatope
Province Nord,2026,Bélep,0001,Mairie,163.6480110596638,-19.71203277091468,941,417,417,participation,Participation,Participation,#d18b24,6,417,941,44.314558979808716,TRUE,101,Bélep
Province Nord,2026,Canala,0001,Mairie,165.96392757417755,-21.522084905801098,402,265,263,participation,Participation,Participation,#d18b24,6,265,402,65.92039800995025,TRUE,401,Canala village
Province Nord,2026,Canala,0002,Nakéty (Marie annexe),166.04631481753384,-21.54222544058342,510,347,344,participation,Participation,Participation,#d18b24,6,347,510,68.03921568627452,TRUE,403,Gélima - Nakéty
Province Nord,2026,Canala,0003,Nanon - Kénérou (maison commune),165.88480729759476,-21.546697208816735,463,293,287,participation,Participation,Participation,#d18b24,6,293,463,63.2829373650108,TRUE,401,Canala village
Province Nord,2026,Canala,0004,Méhoué (maison commune de Méhoué),165.9494172177474,-21.51958486452521,820,589,582,participation,Participation,Participation,#d18b24,6,589,820,71.82926829268293,TRUE,401,Canala village
Province Nord,2026,Canala,0005,Gélima (maison commune),165.98151543430086,-21.534392845846163,752,528,521,participation,Participation,Participation,#d18b24,6,528,752,70.2127659574468,TRUE,403,Gélima - Nakéty
Province Nord,2026,Canala,0006,Mérénémé (maison commune),165.92818615112122,-21.514857403632252,317,193,189,participation,Participation,Participation,#d18b24,6,193,317,60.88328075709779,TRUE,401,Canala village
Province Nord,2026,Canala,0007,Tenda Koumendi (école de Ného situé à la tribu de tenda-Koumendi),166.03563428874068,-21.545648677139223,345,212,210,participation,Participation,Participation,#d18b24,6,212,345,61.44927536231884,TRUE,403,Gélima - Nakéty
Province Nord,2026,Hienghène,0001,Mairie,164.94565765433836,-20.688834938182335,574,327,327,participation,Participation,Participation,#d18b24,6,327,574,56.96864111498258,TRUE,701,Hienghéne littoral
Province Nord,2026,Hienghène,0002,Tendo,164.8162801367713,-20.71273259336387,228,129,128,participation,Participation,Participation,#d18b24,6,129,228,56.578947368421055,TRUE,704,Tiendanite Ouayaguette
Province Nord,2026,Hienghène,0003,Bas-Coulna,164.78261362354763,-20.687835024386533,116,78,77,participation,Participation,Participation,#d18b24,6,78,116,67.24137931034483,TRUE,704,Tiendanite Ouayaguette
Province Nord,2026,Hienghène,0004,Haut-Coulna,164.7358564404401,-20.63480876362534,99,52,52,participation,Participation,Participation,#d18b24,6,52,99,52.525252525252526,TRUE,704,Tiendanite Ouayaguette
Province Nord,2026,Hienghène,0005,Ouayaguette,164.6835205195477,-20.659220188803257,188,108,108,participation,Participation,Participation,#d18b24,6,108,188,57.4468085106383,TRUE,704,Tiendanite Ouayaguette
Province Nord,2026,Hienghène,0006,Ouaième,164.84911233352278,-20.61488125992091,206,122,121,participation,Participation,Participation,#d18b24,6,122,206,59.22330097087379,TRUE,701,Hienghéne littoral
Province Nord,2026,Hienghène,0007,Oué-Hawa,165.03458545186362,-20.765966185987494,67,38,38,participation,Participation,Participation,#d18b24,6,38,67,56.71641791044776,TRUE,704,Tiendanite Ouayaguette
Province Nord,2026,Hienghène,0008,Tiendanite,164.8988687236624,-20.75818441571426,106,83,83,participation,Participation,Participation,#d18b24,6,83,106,78.30188679245283,TRUE,704,Tiendanite Ouayaguette
Province Nord,2026,Hienghène,0009,Ouaré,164.93523458965643,-20.673024668353836,590,351,335,participation,Participation,Participation,#d18b24,6,351,590,59.49152542372882,TRUE,701,Hienghéne littoral
Province Nord,2026,Hienghène,0010,Léwarap,164.92837654735197,-20.722390044785012,306,175,173,participation,Participation,Participation,#d18b24,6,175,306,57.189542483660134,TRUE,701,Hienghéne littoral
Province Nord,2026,Houaïlou,0001,Salle Paul NEDJA (ancienne mairie),165.6260919909217,-21.278284372962112,429,243,240,participation,Participation,Participation,#d18b24,6,243,429,56.64335664335665,TRUE,801,Houailou village
Province Nord,2026,Houaïlou,0002,Nediouen (maison commune),165.615714,-21.264735,664,431,415,participation,Participation,Participation,#d18b24,6,431,664,64.90963855421687,TRUE,NA,NA
Province Nord,2026,Houaïlou,0003,Bâ (école primaire),165.55842620966266,-21.19827944865936,375,214,212,participation,Participation,Participation,#d18b24,6,214,375,57.06666666666667,TRUE,803,Warai
Province Nord,2026,Houaïlou,0004,Nessakoéa (maison commune),165.5267547278778,-21.28421939373571,312,168,168,participation,Participation,Participation,#d18b24,6,168,312,53.84615384615385,TRUE,805,Nédivin - Bas Nindien
Province Nord,2026,Houaïlou,0005,Poro (foyer socio-culturel),165.70953015747588,-21.30262511634177,567,301,295,participation,Participation,Participation,#d18b24,6,301,567,53.08641975308642,TRUE,801,Houailou village
Province Nord,2026,Houaïlou,0006,Coula (maison commune),165.44899405604838,-21.336853600338287,482,259,254,participation,Participation,Participation,#d18b24,6,259,482,53.7344398340249,TRUE,807,Boréaré - Coula - Karagreu
Province Nord,2026,Houaïlou,0007,Néaoua (maison commune),165.6455007313978,-21.325531853593,328,176,173,participation,Participation,Participation,#d18b24,6,176,328,53.65853658536585,TRUE,801,Houailou village
Province Nord,2026,Houaïlou,0008,Nédivin (maison commune),165.57082158687447,-21.289736384804883,537,292,288,participation,Participation,Participation,#d18b24,6,292,537,54.37616387337058,TRUE,805,Nédivin - Bas Nindien
Province Nord,2026,Kaala-Gomen,0001,Mairie,164.397185345977,-20.6671314843025,559,349,340,participation,Participation,Participation,#d18b24,6,349,559,62.432915921288014,TRUE,1001,Kaala Gomen village et littoral
Province Nord,2026,Kaala-Gomen,0002,Ouéholle,164.545680960012,-20.6046276080457,393,253,253,participation,Participation,Participation,#d18b24,6,253,393,64.3765903307888,TRUE,1004,Ouéholle - Ouémou - Kourou
Province Nord,2026,Kaala-Gomen,0003,Maison Commune de Païta,164.426512320768,-20.6494636653987,289,175,172,participation,Participation,Participation,#d18b24,6,175,289,60.55363321799308,TRUE,1001,Kaala Gomen village et littoral
Province Nord,2026,Kaala-Gomen,0004,Maison Commune de Gamaï,164.486749878062,-20.6941126404856,191,120,119,participation,Participation,Participation,#d18b24,6,120,191,62.82722513089005,TRUE,1001,Kaala Gomen village et littoral
Province Nord,2026,Kaala-Gomen,0005,Maison Commune de Baoui,164.463552597488,-20.6891303658536,143,111,110,participation,Participation,Participation,#d18b24,6,111,143,77.62237762237763,TRUE,1001,Kaala Gomen village et littoral
Province Nord,2026,Kaala-Gomen,0006,Ouaco,164.471215971078,-20.8375035625753,216,145,143,participation,Participation,Participation,#d18b24,6,145,216,67.12962962962963,TRUE,1001,Kaala Gomen village et littoral
Province Nord,2026,Koné,0001,Salle Au Pitiri,164.86328,-21.059973,675,417,410,participation,Participation,Participation,#d18b24,6,417,675,61.77777777777778,TRUE,NA,NA
Province Nord,2026,Koné,0002,Poindah,164.964442641559,-21.0372102738018,182,116,115,participation,Participation,Participation,#d18b24,6,116,182,63.73626373626374,TRUE,1107,Poindah - Noelly - Néami - Netchaot
Province Nord,2026,Koné,0003,Netchaot,165.022902317548,-21.0054157631335,407,291,288,participation,Participation,Participation,#d18b24,6,291,407,71.4987714987715,TRUE,1107,Poindah - Noelly - Néami - Netchaot
Province Nord,2026,Koné,0004,Tiaoué,164.916802108,-21.0000621217301,286,230,228,participation,Participation,Participation,#d18b24,6,230,286,80.41958041958041,TRUE,1107,Poindah - Noelly - Néami - Netchaot
Province Nord,2026,Koné,0005,Atéou,164.90654574925,-20.9500343540188,127,97,97,participation,Participation,Participation,#d18b24,6,97,127,76.37795275590551,TRUE,1107,Poindah - Noelly - Néami - Netchaot
Province Nord,2026,Koné,0006,Bopope,165.079714634727,-20.9178415050895,234,152,151,participation,Participation,Participation,#d18b24,6,152,234,64.95726495726495,TRUE,1108,Bopope
Province Nord,2026,Koné,0007,Neami,164.971958124292,-20.977983356452,234,155,154,participation,Participation,Participation,#d18b24,6,155,234,66.23931623931624,TRUE,1107,Poindah - Noelly - Néami - Netchaot
Province Nord,2026,Koné,0008,Baco,164.895177171264,-21.0667090848805,467,325,317,participation,Participation,Participation,#d18b24,6,325,467,69.593147751606,TRUE,1103,Baco - Koniambo
Province Nord,2026,Koné,0009,Ecole Primaire Les Cigales,164.8701529762,-21.0521518022935,799,533,527,participation,Participation,Participation,#d18b24,6,533,799,66.70838548185232,TRUE,1101,Koné village
Province Nord,2026,Koné,0010,Noëlly,164.947538773364,-21.0048750710989,218,165,163,participation,Participation,Participation,#d18b24,6,165,218,75.68807339449542,TRUE,1107,Poindah - Noelly - Néami - Netchaot
Province Nord,2026,Koné,0011,Ecole Téari,164.867168,-21.074849,698,384,372,participation,Participation,Participation,#d18b24,6,384,698,55.01432664756447,TRUE,NA,NA
Province Nord,2026,Koné,0012,Les Allamandas,164.856461111321,-21.052040276968,538,365,356,participation,Participation,Participation,#d18b24,6,365,538,67.84386617100371,TRUE,1101,Koné village
Province Nord,2026,Kouaoua,0001,Centre administratif de Niminra 1,165.82856671021466,-21.396045166693337,571,337,330,participation,Participation,Participation,#d18b24,6,337,571,59.01926444833625,TRUE,3301,Kouaoua village - Amon Kasiori
Province Nord,2026,Kouaoua,0002,Centre administratif de Niminra 2,165.72221294003012,-21.49791198784617,286,162,160,participation,Participation,Participation,#d18b24,6,162,286,56.64335664335665,TRUE,3302,Méa Mébara - Ouérou Pimet
Province Nord,2026,Kouaoua,0003,Centre administratif de Niminra 3,165.83542921955194,-21.536184530370736,148,97,96,participation,Participation,Participation,#d18b24,6,97,148,65.54054054054055,TRUE,3302,Méa Mébara - Ouérou Pimet
Province Nord,2026,Kouaoua,0004,Centre administratif de Niminra 4,165.78859040310297,-21.469132110021317,190,105,105,participation,Participation,Participation,#d18b24,6,105,190,55.26315789473684,TRUE,3302,Méa Mébara - Ouérou Pimet
Province Nord,2026,Koumac,0001,Mairie,164.280241420927,-20.5602050455624,1304,772,756,participation,Participation,Participation,#d18b24,6,772,1304,59.20245398773006,TRUE,1201,Koumac village
Province Nord,2026,Koumac,0002,Médiathèque Louis BASTIEN,164.285534,-20.561181,1594,970,952,participation,Participation,Participation,#d18b24,6,970,1594,60.853199498117945,TRUE,NA,NA
Province Nord,2026,Ouégoa,0001,Salle polyvalente de Ouégoné,164.43943670837254,-20.34408534785039,834,543,534,participation,Participation,Participation,#d18b24,6,543,834,65.10791366906474,TRUE,1901,Ouégoa village - Balagam - Paraoua - Tarap
Province Nord,2026,Ouégoa,0002,Bondé,164.4324943000077,-20.429158724947957,857,525,522,participation,Participation,Participation,#d18b24,6,525,857,61.260210035005834,TRUE,1903,Bondé
Province Nord,2026,Ouégoa,0003,Paimboas,164.52279333171543,-20.52170436626958,383,201,200,participation,Participation,Participation,#d18b24,6,201,383,52.48041775456919,TRUE,1903,Bondé
Province Nord,2026,Ouégoa,0004,Tiari,164.3468221527753,-20.245820839427363,152,81,79,participation,Participation,Participation,#d18b24,6,81,152,53.28947368421053,TRUE,1902,Pam - Tiari
Province Nord,2026,Poindimié,0001,Mairie,165.33315827223544,-20.938215187057807,1184,687,676,participation,Participation,Participation,#d18b24,6,687,1184,58.023648648648646,TRUE,2201,Poindimié village
Province Nord,2026,Poindimié,0002,Ouindo,165.39928663560227,-20.98624503490911,519,304,293,participation,Participation,Participation,#d18b24,6,304,519,58.57418111753372,TRUE,2204,Tibarama - Bayes - Ouindo - Ometteux - Napoém
Province Nord,2026,Poindimié,0003,Bayes,165.41027144991733,-20.95108534474138,585,327,324,participation,Participation,Participation,#d18b24,6,327,585,55.8974358974359,TRUE,2204,Tibarama - Bayes - Ouindo - Ometteux - Napoém
Province Nord,2026,Poindimié,0004,Amoa,165.39810099674145,-20.94109090560688,505,359,353,participation,Participation,Participation,#d18b24,6,359,505,71.08910891089108,TRUE,2204,Tibarama - Bayes - Ouindo - Ometteux - Napoém
Province Nord,2026,Poindimié,0005,Tyé,165.2980420173767,-20.900766814763863,564,394,389,participation,Participation,Participation,#d18b24,6,394,564,69.8581560283688,TRUE,2202,Tiéti - Tyé
Province Nord,2026,Poindimié,0006,Tiwaka,165.22299948568272,-20.895132063083377,324,189,185,participation,Participation,Participation,#d18b24,6,189,324,58.333333333333336,TRUE,2202,Tiéti - Tyé
Province Nord,2026,Poindimié,0007,Tiéti,165.31101622324238,-20.919563042768107,602,391,384,participation,Participation,Participation,#d18b24,6,391,602,64.95016611295681,TRUE,2202,Tiéti - Tyé
Province Nord,2026,Ponérihouen,0001,Mairie,165.40196429415164,-21.070938768181968,493,296,292,participation,Participation,Participation,#d18b24,6,296,493,60.04056795131846,TRUE,2302,Ponérihouen village
Province Nord,2026,Ponérihouen,0002,Monéo,165.47846310724432,-21.150451617013218,453,286,279,participation,Participation,Participation,#d18b24,6,286,453,63.13465783664459,TRUE,2302,Ponérihouen village
Province Nord,2026,Ponérihouen,0003,Tchamba,165.2930233618618,-21.038585818858223,317,201,198,participation,Participation,Participation,#d18b24,6,201,317,63.40694006309148,TRUE,2303,Goyetta - Goa - Nébouéba - St Yves
Province Nord,2026,Ponérihouen,0004,Goa,165.30971500397104,-21.10629747908845,408,242,239,participation,Participation,Participation,#d18b24,6,242,408,59.31372549019608,TRUE,2303,Goyetta - Goa - Nébouéba - St Yves
Province Nord,2026,Ponérihouen,0005,Grondu,165.38976794045686,-21.076609909810266,509,347,343,participation,Participation,Participation,#d18b24,6,347,509,68.17288801571709,TRUE,2302,Ponérihouen village
Province Nord,2026,Ponérihouen,0006,Mou,165.44259083569398,-21.09696482410325,169,90,90,participation,Participation,Participation,#d18b24,6,90,169,53.25443786982248,TRUE,2302,Ponérihouen village
Province Nord,2026,Ponérihouen,0007,Goyetta,165.38150315716302,-21.17209523739158,334,202,201,participation,Participation,Participation,#d18b24,6,202,334,60.47904191616767,TRUE,2302,Ponérihouen village
Province Nord,2026,Pouembout,0001,Mairie,164.901099514933,-21.1214333298182,948,612,598,participation,Participation,Participation,#d18b24,6,612,948,64.55696202531645,TRUE,2501,Pouembout village
Province Nord,2026,Pouembout,0002,Cantine école primaire,164.90077,-21.12369,790,535,530,participation,Participation,Participation,#d18b24,6,535,790,67.72151898734177,TRUE,NA,NA
Province Nord,2026,Poum,0001,Mairie,164.02565823453438,-20.232335490929035,653,411,402,participation,Participation,Participation,#d18b24,6,411,653,62.94027565084227,TRUE,2601,Poum du village - Poingam
Province Nord,2026,Poum,0002,Tiabet,164.0259384508845,-20.127138518272172,448,280,279,participation,Participation,Participation,#d18b24,6,280,448,62.5,TRUE,2601,Poum du village - Poingam
Province Nord,2026,Poum,0003,La maison des femmes d'Arama,164.20258021961365,-20.252916819670393,418,245,244,participation,Participation,Participation,#d18b24,6,245,418,58.61244019138756,TRUE,2603,Bouarou - Pangai - Narai
Province Nord,2026,Pouébo,0001,Mairie,164.5872015210802,-20.399273159074973,750,372,372,participation,Participation,Participation,#d18b24,6,372,750,49.6,TRUE,2401,Pouébo village - St Ferdinand - St Louis
Province Nord,2026,Pouébo,0002,Saint Denis Balade,164.49963895578423,-20.310000557096696,587,297,296,participation,Participation,Participation,#d18b24,6,297,587,50.59625212947189,TRUE,2401,Pouébo village - St Ferdinand - St Louis
Province Nord,2026,Pouébo,0003,Yambé,164.658766232452,-20.439464504971355,405,190,189,participation,Participation,Participation,#d18b24,6,190,405,46.91358024691358,TRUE,2402,Tchamboéne - Diahoué - Colnett
Province Nord,2026,Pouébo,0004,Saint-Louis,164.56475883280652,-20.370617010719258,542,314,308,participation,Participation,Participation,#d18b24,6,314,542,57.93357933579336,TRUE,2401,Pouébo village - St Ferdinand - St Louis
Province Nord,2026,Pouébo,0005,Colnett,164.73002659765442,-20.4756971674156,119,59,57,participation,Participation,Participation,#d18b24,6,59,119,49.57983193277311,TRUE,2402,Tchamboéne - Diahoué - Colnett
Province Nord,2026,Poya Nord,0001,Salle ancienne mairie,164.99768585786552,-21.326893497720405,574,380,366,participation,Participation,Participation,#d18b24,6,380,574,66.2020905923345,TRUE,2701,Poya villageé Népoui
Province Nord,2026,Poya Nord,0002,Gohapin,165.27390161257972,-21.22505994951149,493,356,353,participation,Participation,Participation,#d18b24,6,356,493,72.21095334685599,TRUE,2705,Gohapin - Montfaoué - Néklia - Kradji
Province Nord,2026,Poya Nord,0003,Salle des fêtes de Népoui,164.99768585786552,-21.326893497720405,761,463,448,participation,Participation,Participation,#d18b24,6,463,761,60.84099868593955,TRUE,2701,Poya villageé Népoui
Province Nord,2026,Poya Nord,0004,Montfaoué,165.2933124776928,-21.277955211764784,264,165,163,participation,Participation,Participation,#d18b24,6,165,264,62.5,TRUE,2705,Gohapin - Montfaoué - Néklia - Kradji
Province Nord,2026,Poya Nord,0006,Nékliai,165.1862986905251,-21.29493580556391,203,148,148,participation,Participation,Participation,#d18b24,6,148,203,72.9064039408867,TRUE,2705,Gohapin - Montfaoué - Néklia - Kradji
Province Nord,2026,Touho,0001,Mairie,165.23869122747195,-20.77975735338533,1013,623,613,participation,Participation,Participation,#d18b24,6,623,1013,61.5004935834156,TRUE,3001,Touho village
Province Nord,2026,Touho,0002,Téganpaîk,165.066398,-20.738499,234,120,114,participation,Participation,Participation,#d18b24,6,120,234,51.282051282051285,TRUE,NA,NA
Province Nord,2026,Touho,0003,Kokingone,165.25551905392797,-20.85522530725118,316,188,186,participation,Participation,Participation,#d18b24,6,188,316,59.49367088607595,TRUE,3004,Koe - Kokingone - Tiwaka - Pombéi
Province Nord,2026,Touho,0004,Paola,165.1103595238747,-20.77393379422664,408,254,253,participation,Participation,Participation,#d18b24,6,254,408,62.254901960784316,TRUE,3003,Tiouandé - Ouanache - Congouma - Paola
Province Nord,2026,Voh,0001,Mairie,164.686182051524,-20.9488288857597,727,441,426,participation,Participation,Participation,#d18b24,6,441,727,60.66024759284732,TRUE,3101,Voh village - Gatope
Province Nord,2026,Voh,0002,Témala,164.689267929949,-20.87135077045,317,219,214,participation,Participation,Participation,#d18b24,6,219,317,69.08517350157729,TRUE,3103,Témala
Province Nord,2026,Voh,0003,Ouengo,164.74217311646055,-20.784454291123556,54,41,41,participation,Participation,Participation,#d18b24,6,41,54,75.92592592592592,TRUE,3103,Témala
Province Nord,2026,Voh,0004,Local socio-éducatif de TIETA,164.740133724095,-20.9210724511979,277,189,189,participation,Participation,Participation,#d18b24,6,189,277,68.23104693140795,TRUE,3106,Tiéta
Province Nord,2026,Voh,0005,Local socio-éducatif de OUNDJO,164.697579851987,-21.0373781816945,359,225,221,participation,Participation,Participation,#d18b24,6,225,359,62.674094707520894,TRUE,3101,Voh village - Gatope
Province Nord,2026,Voh,0006,Ecole publique de BOYEN,164.617398,-20.824466,202,137,134,participation,Participation,Participation,#d18b24,6,137,202,67.82178217821782,TRUE,NA,NA
Province Nord,2026,Voh,0007,Local socio-éducatif de TEMALA,164.68996,-20.871392,358,265,263,participation,Participation,Participation,#d18b24,6,265,358,74.02234636871508,TRUE,NA,NA
Province Nord,2026,Voh,0008,Socio-éducatif de GATOPE,164.66949443382563,-20.965828575807695,138,93,88,participation,Participation,Participation,#d18b24,6,93,138,67.3913043478261,TRUE,3101,Voh village - Gatope
Province Sud,2019,Boulouparis,0001,Mairie,166.047711423762,-21.8654175541592,1514,1017,990,bloc_independantiste,Vote indépendantiste,Indépendantistes,#2f925d,1,276,990,27.87878787878788,TRUE,201,Boulouparis village
Province Sud,2019,Boulouparis,0002,Centre Culturel,166.049037015845,-21.8654352350015,1145,818,804,bloc_independantiste,Vote indépendantiste,Indépendantistes,#2f925d,1,115,804,14.303482587064677,TRUE,201,Boulouparis village
Province Sud,2019,Bourail,0001,Mairie,165.497503614793,-21.5680444203004,604,425,418,bloc_independantiste,Vote indépendantiste,Indépendantistes,#2f925d,1,80,418,19.138755980861244,TRUE,301,Bourail village
Province Sud,2019,Bourail,0002,Pothé,165.491900847299,-21.4547330481005,801,456,443,bloc_independantiste,Vote indépendantiste,Indépendantistes,#2f925d,1,379,443,85.55304740406321,TRUE,305,Ny
Province Sud,2019,Bourail,0003,Colisée,165.49385205691,-21.5656940047007,854,619,595,bloc_independantiste,Vote indépendantiste,Indépendantistes,#2f925d,1,77,595,12.941176470588236,TRUE,301,Bourail village
Province Sud,2019,Bourail,0004,Ecole Les Lys D'Eau,165.49748641875,-21.5730483252455,841,600,587,bloc_independantiste,Vote indépendantiste,Indépendantistes,#2f925d,1,63,587,10.732538330494037,TRUE,301,Bourail village
Province Sud,2019,Bourail,0005,Ecole Louise Michel,165.497379452405,-21.57045570157,849,586,562,bloc_independantiste,Vote indépendantiste,Indépendantistes,#2f925d,1,98,562,17.437722419928825,TRUE,301,Bourail village
Province Sud,2019,Dumbéa,0001,Hôtel de Ville 1,166.457501065839,-22.1675460417822,805,583,574,bloc_independantiste,Vote indépendantiste,Indépendantistes,#2f925d,1,28,574,4.878048780487805,TRUE,512,Plaine de Koé
Province Sud,2019,Dumbéa,0002,Hôtel de Ville 2,166.457501065839,-22.1675460417822,646,424,412,bloc_independantiste,Vote indépendantiste,Indépendantistes,#2f925d,1,85,412,20.631067961165048,TRUE,512,Plaine de Koé
Province Sud,2019,Dumbéa,0003,Hôtel de Ville 3,166.457501065839,-22.1675460417822,692,462,443,bloc_independantiste,Vote indépendantiste,Indépendantistes,#2f925d,1,102,443,23.024830699774267,TRUE,512,Plaine de Koé
Province Sud,2019,Dumbéa,0004,Ecole primaire Mainguet 1,166.474584305922,-22.2148395317313,734,484,468,bloc_independantiste,Vote indépendantiste,Indépendantistes,#2f925d,1,111,468,23.71794871794872,TRUE,501,Coeur de ville urbain
Province Sud,2019,Dumbéa,0005,Ecole primaire Mainguet 2,166.474584305922,-22.2148395317313,600,353,335,bloc_independantiste,Vote indépendantiste,Indépendantistes,#2f925d,1,84,335,25.074626865671643,TRUE,501,Coeur de ville urbain
Province Sud,2019,Dumbéa,0006,Maison de la Jeunesse 1,166.474913290828,-22.2056811434969,741,540,519,bloc_independantiste,Vote indépendantiste,Indépendantistes,#2f925d,1,74,519,14.258188824662813,TRUE,507,Jacarandas II
Province Sud,2019,Dumbéa,0007,Maison de la Jeunesse 2,166.474913290828,-22.2056811434969,709,492,479,bloc_independantiste,Vote indépendantiste,Indépendantistes,#2f925d,1,40,479,8.350730688935283,TRUE,507,Jacarandas II
Province Sud,2019,Dumbéa,0008,Centre Culturel de Dumbéa 1,166.474126141924,-22.2081759337081,761,507,494,bloc_independantiste,Vote indépendantiste,Indépendantistes,#2f925d,1,78,494,15.789473684210526,TRUE,503,Koutio Secal
Province Sud,2019,Dumbéa,0009,Centre Culturel de Dumbéa 2,166.474126141924,-22.2081759337081,784,543,515,bloc_independantiste,Vote indépendantiste,Indépendantistes,#2f925d,1,89,515,17.281553398058254,TRUE,503,Koutio Secal
Province Sud,2019,Dumbéa,0010,Centre Culturel de Dumbéa 3,166.474126141924,-22.2081759337081,630,441,423,bloc_independantiste,Vote indépendantiste,Indépendantistes,#2f925d,1,76,423,17.96690307328605,TRUE,503,Koutio Secal
Province Sud,2019,Dumbéa,0011,Ecole primaire Gustave Clain 1,166.460870510376,-22.2089353285944,699,479,463,bloc_independantiste,Vote indépendantiste,Indépendantistes,#2f925d,1,91,463,19.65442764578834,TRUE,504,Koutio érudits
Province Sud,2019,Dumbéa,0012,Ecole primaire Gustave Clain 2,166.460870510376,-22.2089353285944,625,428,413,bloc_independantiste,Vote indépendantiste,Indépendantistes,#2f925d,1,79,413,19.128329297820823,TRUE,504,Koutio érudits
Province Sud,2019,Dumbéa,0013,Ecole maternelle l'Oasis 1,166.461460951246,-22.2085634346196,679,502,488,bloc_independantiste,Vote indépendantiste,Indépendantistes,#2f925d,1,65,488,13.319672131147541,TRUE,504,Koutio érudits
Province Sud,2019,Dumbéa,0014,Ecole maternelle l'Oasis 2,166.461460951246,-22.2085634346196,634,451,429,bloc_independantiste,Vote indépendantiste,Indépendantistes,#2f925d,1,62,429,14.452214452214452,TRUE,504,Koutio érudits
Province Sud,2019,Dumbéa,0015,Groupe scolaire Michelle Delacharlerie-Rolly 1,166.445998676866,-22.2013803961715,425,336,327,bloc_independantiste,Vote indépendantiste,Indépendantistes,#2f925d,1,23,327,7.033639143730887,TRUE,510,Dumbéa/mer Ouest
Province Sud,2019,Dumbéa,0016,Groupe scolaire Michelle Delacharlerie-Rolly 2,166.445998676866,-22.2013803961715,496,336,321,bloc_independantiste,Vote indépendantiste,Indépendantistes,#2f925d,1,77,321,23.98753894080997,TRUE,510,Dumbéa/mer Ouest
Province Sud,2019,Dumbéa,0017,Groupe scolaire Renée Fong 1,166.44418672502,-22.192372203396,499,368,359,bloc_independantiste,Vote indépendantiste,Indépendantistes,#2f925d,1,31,359,8.635097493036211,TRUE,511,Dumbea/mer Est - Plaine Adam
Province Sud,2019,Dumbéa,0018,Groupe scolaire Renée Fong 2,166.44418672502,-22.192372203396,602,426,405,bloc_independantiste,Vote indépendantiste,Indépendantistes,#2f925d,1,122,405,30.123456790123456,TRUE,511,Dumbea/mer Est - Plaine Adam
Province Sud,2019,Dumbéa,0019,Mairie du Nord 1,166.457501065839,-22.1675460417822,638,447,437,bloc_independantiste,Vote indépendantiste,Indépendantistes,#2f925d,1,25,437,5.720823798627002,TRUE,512,Plaine de Koé
Province Sud,2019,Dumbéa,0020,Mairie du Nord 2,166.457501065839,-22.1675460417822,557,411,402,bloc_independantiste,Vote indépendantiste,Indépendantistes,#2f925d,1,44,402,10.945273631840797,TRUE,512,Plaine de Koé
Province Sud,2019,Dumbéa,0021,Mairie du Nord 3,166.457501065839,-22.1675460417822,594,403,394,bloc_independantiste,Vote indépendantiste,Indépendantistes,#2f925d,1,32,394,8.121827411167512,TRUE,512,Plaine de Koé
Province Sud,2019,Dumbéa,0022,Ecole primaire Paul Duboisé 1,166.434846490836,-22.1399347171588,767,550,536,bloc_independantiste,Vote indépendantiste,Indépendantistes,#2f925d,1,51,536,9.514925373134329,TRUE,515,Katiramona Sud
Province Sud,2019,Dumbéa,0023,Ecole primaire Paul Duboisé 2,166.434846490836,-22.1399347171588,734,504,484,bloc_independantiste,Vote indépendantiste,Indépendantistes,#2f925d,1,69,484,14.256198347107437,TRUE,515,Katiramona Sud
Province Sud,2019,Dumbéa,0024,Ecole maternelle les Colibris,166.436047169124,-22.1394710088392,736,513,492,bloc_independantiste,Vote indépendantiste,Indépendantistes,#2f925d,1,57,492,11.585365853658537,TRUE,515,Katiramona Sud
Province Sud,2019,Farino,0001,Mairie,165.77595416144513,-21.666848976720875,568,471,454,bloc_independantiste,Vote indépendantiste,Indépendantistes,#2f925d,1,24,454,5.286343612334802,TRUE,601,Farino
Province Sud,2019,Ile des Pins,0001,Mairie 1,167.495819,-22.66517,971,604,596,bloc_independantiste,Vote indépendantiste,Indépendantistes,#2f925d,1,343,596,57.5503355704698,TRUE,901,Vao
Province Sud,2019,Ile des Pins,0002,Batiment Communal Point 1,167.495819,-22.66517,741,498,493,bloc_independantiste,Vote indépendantiste,Indépendantistes,#2f925d,1,327,493,66.32860040567951,TRUE,901,Vao
Province Sud,2019,La Foa,0001,Centre Socio-Culturel 1,165.82495689060195,-21.708500844468237,865,646,624,bloc_independantiste,Vote indépendantiste,Indépendantistes,#2f925d,1,112,624,17.94871794871795,TRUE,1301,La Foa village
Province Sud,2019,La Foa,0002,Centre Socio Culturel 2,165.82495689060195,-21.708500844468237,677,505,492,bloc_independantiste,Vote indépendantiste,Indépendantistes,#2f925d,1,183,492,37.19512195121951,TRUE,1301,La Foa village
Province Sud,2019,La Foa,0003,Centre Socio-Culturel 3,165.82495689060195,-21.708500844468237,795,617,597,bloc_independantiste,Vote indépendantiste,Indépendantistes,#2f925d,1,157,597,26.298157453936348,TRUE,1301,La Foa village
Province Sud,2019,La Foa,0004,Centre Socio-Culturel 4,165.82495689060195,-21.708500844468237,568,437,426,bloc_independantiste,Vote indépendantiste,Indépendantistes,#2f925d,1,93,426,21.830985915492956,TRUE,1301,La Foa village
Province Sud,2019,Moindou,0001,Mairie,165.67695619871748,-21.69271000327087,755,591,579,bloc_independantiste,Vote indépendantiste,Indépendantistes,#2f925d,1,248,579,42.832469775474955,TRUE,1601,Moindou
Province Sud,2019,Mont-Dore,0001,Mairie,166.523722376157,-22.2317078297453,640,430,417,bloc_independantiste,Vote indépendantiste,Indépendantistes,#2f925d,1,86,417,20.623501199040767,TRUE,NA,NA
Province Sud,2019,Mont-Dore,0002,Groupe scolaire Hélène CHANEL,166.485528594387,-22.2217711398288,448,292,279,bloc_independantiste,Vote indépendantiste,Indépendantistes,#2f925d,1,20,279,7.168458781362007,TRUE,1703,Pont des Fran‡ais
Province Sud,2019,Mont-Dore,0003,Ecole primaire Adolphe BOUTAN,166.841440737558,-22.4256696418669,739,556,536,bloc_independantiste,Vote indépendantiste,Indépendantistes,#2f925d,1,55,536,10.261194029850746,TRUE,1715,Mouirange - Grand Sud - Ile Ouen
Province Sud,2019,Mont-Dore,0004,Ecole primaire Louis Henri GALINE 1,166.512755378687,-22.2163077194956,747,530,510,bloc_independantiste,Vote indépendantiste,Indépendantistes,#2f925d,1,61,510,11.96078431372549,TRUE,1705,Robinson Nord
Province Sud,2019,Mont-Dore,0005,Ecole La Rizière 1,166.573975497183,-22.2332233282141,993,563,547,bloc_independantiste,Vote indépendantiste,Indépendantistes,#2f925d,1,471,547,86.10603290676417,TRUE,1710,La Coulée Nord
Province Sud,2019,Mont-Dore,0006,Ecole primaire du Vallon-Dore,166.571853310489,-22.2757480668132,732,498,482,bloc_independantiste,Vote indépendantiste,Indépendantistes,#2f925d,1,61,482,12.655601659751037,TRUE,1712,Vallon Dore
Province Sud,2019,Mont-Dore,0007,Ouara (maison commune),166.84029773306233,-22.42316008394107,88,60,59,bloc_independantiste,Vote indépendantiste,Indépendantistes,#2f925d,1,50,59,84.7457627118644,TRUE,1715,Mouirange - Grand Sud - Ile Ouen
Province Sud,2019,Mont-Dore,0008,Groupe scolaire de Boulari 1,166.520855451452,-22.2274992832452,763,555,543,bloc_independantiste,Vote indépendantiste,Indépendantistes,#2f925d,1,39,543,7.18232044198895,TRUE,1707,Boulari
Province Sud,2019,Mont-Dore,0009,Mairie Annexe De Plum 1,166.623268718041,-22.2730906933136,858,525,501,bloc_independantiste,Vote indépendantiste,Indépendantistes,#2f925d,1,106,501,21.157684630738522,TRUE,1714,Plum
Province Sud,2019,Mont-Dore,0010,Ecole La Rizière 2,166.573975497183,-22.2332233282141,785,500,475,bloc_independantiste,Vote indépendantiste,Indépendantistes,#2f925d,1,123,475,25.894736842105264,TRUE,1710,La Coulée Nord
Province Sud,2019,Mont-Dore,0011,Groupe scolaire de Boulari 2,166.520855451452,-22.2274992832452,702,510,494,bloc_independantiste,Vote indépendantiste,Indépendantistes,#2f925d,1,35,494,7.08502024291498,TRUE,1707,Boulari
Province Sud,2019,Mont-Dore,0012,Groupe scolaire de Saint-Michel 1,166.529983,-22.224807,613,402,382,bloc_independantiste,Vote indépendantiste,Indépendantistes,#2f925d,1,95,382,24.869109947643977,TRUE,NA,NA
Province Sud,2019,Mont-Dore,0013,Ecole maternelle Les Fougères,166.841440737558,-22.4256696418669,398,255,249,bloc_independantiste,Vote indépendantiste,Indépendantistes,#2f925d,1,48,249,19.27710843373494,TRUE,1715,Mouirange - Grand Sud - Ile Ouen
Province Sud,2019,Mont-Dore,0014,Ecole maternelle les Dauphins,166.57252708408,-22.2768294716869,721,505,497,bloc_independantiste,Vote indépendantiste,Indépendantistes,#2f925d,1,69,497,13.883299798792757,TRUE,1712,Vallon Dore
Province Sud,2019,Mont-Dore,0015,Ecole Maternelle Les Coccinelles,166.56758162382,-22.2502864537601,978,649,617,bloc_independantiste,Vote indépendantiste,Indépendantistes,#2f925d,1,138,617,22.366288492706644,TRUE,1711,La Coulée Sud
Province Sud,2019,Mont-Dore,0016,Ecole Saint-Joseph de CLUNY,166.499920601202,-22.2239776205159,984,668,644,bloc_independantiste,Vote indépendantiste,Indépendantistes,#2f925d,1,215,644,33.38509316770186,TRUE,1704,La Conception
Province Sud,2019,Mont-Dore,0017,Ecole primaire Louis Henri GALINE 2,166.512755378687,-22.2163077194956,762,536,521,bloc_independantiste,Vote indépendantiste,Indépendantistes,#2f925d,1,54,521,10.36468330134357,TRUE,1705,Robinson Nord
Province Sud,2019,Mont-Dore,0018,Groupe scolaire Boulari 3,166.520855451452,-22.2274992832452,770,537,525,bloc_independantiste,Vote indépendantiste,Indépendantistes,#2f925d,1,51,525,9.714285714285714,TRUE,1707,Boulari
Province Sud,2019,Mont-Dore,0019,Groupe scolaire Saint-Michel 2,166.529983,-22.224807,584,400,378,bloc_independantiste,Vote indépendantiste,Indépendantistes,#2f925d,1,30,378,7.936507936507937,TRUE,NA,NA
Province Sud,2019,Mont-Dore,0020,Groupe scolaire de Plum,166.640486,-22.277131,513,341,334,bloc_independantiste,Vote indépendantiste,Indépendantistes,#2f925d,1,60,334,17.964071856287426,TRUE,NA,NA
Province Sud,2019,Mont-Dore,0021,Ecole La Rizière 3,166.573975497183,-22.2332233282141,581,346,332,bloc_independantiste,Vote indépendantiste,Indépendantistes,#2f925d,1,80,332,24.096385542168676,TRUE,1710,La Coulée Nord
Province Sud,2019,Mont-Dore,0022,Groupe scolaire de la Briqueterie 1,166.566445622614,-22.2625090934915,613,400,387,bloc_independantiste,Vote indépendantiste,Indépendantistes,#2f925d,1,84,387,21.705426356589147,TRUE,1712,Vallon Dore
Province Sud,2019,Mont-Dore,0023,Groupe scolaire de la Briqueterie 2,166.566445622614,-22.2625090934915,595,393,375,bloc_independantiste,Vote indépendantiste,Indépendantistes,#2f925d,1,30,375,8,TRUE,1712,Vallon Dore
Province Sud,2019,Mont-Dore,0024,Mairie 2,166.523259425452,-22.2297495527098,445,295,285,bloc_independantiste,Vote indépendantiste,Indépendantistes,#2f925d,1,22,285,7.719298245614035,TRUE,1707,Boulari
Province Sud,2019,Mont-Dore,0025,Groupe scolaire de Yahoué,166.489906860567,-22.2084828348965,706,488,471,bloc_independantiste,Vote indépendantiste,Indépendantistes,#2f925d,1,79,471,16.772823779193207,TRUE,1702,Yahoué Sud
Province Sud,2019,Nouméa,0001,Mairie 1,166.439401925184,-22.2714056104229,561,329,321,bloc_independantiste,Vote indépendantiste,Indépendantistes,#2f925d,1,48,321,14.953271028037383,TRUE,1822,Centre ville
Province Sud,2019,Nouméa,0002,Mairie 2,166.439401925184,-22.2714056104229,871,440,432,bloc_independantiste,Vote indépendantiste,Indépendantistes,#2f925d,1,126,432,29.166666666666668,TRUE,1822,Centre ville
Province Sud,2019,Nouméa,0003,Ecole Frédéric Surleau,166.446180272936,-22.2732842135737,666,444,435,bloc_independantiste,Vote indépendantiste,Indépendantistes,#2f925d,1,41,435,9.425287356321839,TRUE,1822,Centre ville
Province Sud,2019,Nouméa,0004,Ecole Marguerite Lefrançois,166.446044574066,-22.2859909097298,685,488,483,bloc_independantiste,Vote indépendantiste,Indépendantistes,#2f925d,1,11,483,2.277432712215321,TRUE,1809,Orphelinat
Province Sud,2019,Nouméa,0005,Ecole Yvonne Dupont 1,166.442173657352,-22.2926748814035,725,554,547,bloc_independantiste,Vote indépendantiste,Indépendantistes,#2f925d,1,8,547,1.4625228519195612,TRUE,1806,Motor Pool - Receiving
Province Sud,2019,Nouméa,0006,Ecole Eloi Franc 1,166.447826467842,-22.2974281428095,805,540,532,bloc_independantiste,Vote indépendantiste,Indépendantistes,#2f925d,1,33,532,6.203007518796992,TRUE,1803,Anse Vata Est
Province Sud,2019,Nouméa,0007,Ecole Eloi Franc 2,166.447826467842,-22.2974281428095,708,499,490,bloc_independantiste,Vote indépendantiste,Indépendantistes,#2f925d,1,15,490,3.061224489795918,TRUE,1803,Anse Vata Est
Province Sud,2019,Nouméa,0008,Ecole Fernande Leriche 1,166.448431376266,-22.2984740950672,635,468,459,bloc_independantiste,Vote indépendantiste,Indépendantistes,#2f925d,1,9,459,1.9607843137254901,TRUE,1803,Anse Vata Est
Province Sud,2019,Nouméa,0009,Ecole Fernande Leriche 2,166.448431376266,-22.2984740950672,814,587,581,bloc_independantiste,Vote indépendantiste,Indépendantistes,#2f925d,1,17,581,2.9259896729776247,TRUE,1803,Anse Vata Est
Province Sud,2019,Nouméa,0010,Ecole Jean Mermoud 1,166.454827725543,-22.2956844604928,726,550,545,bloc_independantiste,Vote indépendantiste,Indépendantistes,#2f925d,1,15,545,2.7522935779816513,TRUE,1807,N'Géa
Province Sud,2019,Nouméa,0011,Ecole Jean Mermoud 2,166.454827725543,-22.2956844604928,820,648,642,bloc_independantiste,Vote indépendantiste,Indépendantistes,#2f925d,1,2,642,0.3115264797507788,TRUE,1807,N'Géa
Province Sud,2019,Nouméa,0012,Ecole Ernest Risbec 1,166.451704940929,-22.2838445188063,767,539,526,bloc_independantiste,Vote indépendantiste,Indépendantistes,#2f925d,1,12,526,2.2813688212927756,TRUE,1808,Trianon
Province Sud,2019,Nouméa,0013,Ecole Ernest Risbec 2,166.451704940929,-22.2838445188063,785,537,525,bloc_independantiste,Vote indépendantiste,Indépendantistes,#2f925d,1,19,525,3.619047619047619,TRUE,1808,Trianon
Province Sud,2019,Nouméa,0014,Ecole Paul Boyer 1,166.452482969153,-22.2781620536236,665,463,459,bloc_independantiste,Vote indépendantiste,Indépendantistes,#2f925d,1,33,459,7.189542483660131,TRUE,1811,Faubourg Blanchot
Province Sud,2019,Nouméa,0015,Ecole Les Capucines,166.457228804171,-22.2753677119578,744,566,557,bloc_independantiste,Vote indépendantiste,Indépendantistes,#2f925d,1,32,557,5.745062836624776,TRUE,1813,Vallée des Colons Sud Ouest
Province Sud,2019,Nouméa,0016,Ecole Candide Koch 1,166.456450040223,-22.2745660873879,767,522,519,bloc_independantiste,Vote indépendantiste,Indépendantistes,#2f925d,1,41,519,7.89980732177264,TRUE,1813,Vallée des Colons Sud Ouest
Province Sud,2019,Nouméa,0017,Ecole Candide Koch 2,166.456450040223,-22.2745660873879,862,617,608,bloc_independantiste,Vote indépendantiste,Indépendantistes,#2f925d,1,19,608,3.125,TRUE,1813,Vallée des Colons Sud Ouest
Province Sud,2019,Nouméa,0018,Ecole Emily Panné 1,166.454860512437,-22.2689261325801,766,536,522,bloc_independantiste,Vote indépendantiste,Indépendantistes,#2f925d,1,28,522,5.363984674329502,TRUE,1820,Vallée des Colons Nord Est
Province Sud,2019,Nouméa,0019,Ecole Emily Panné 2,166.454860512437,-22.2689261325801,808,528,517,bloc_independantiste,Vote indépendantiste,Indépendantistes,#2f925d,1,55,517,10.638297872340425,TRUE,1820,Vallée des Colons Nord Est
Province Sud,2019,Nouméa,0020,Ecole Antoinette Charbonneaux,166.46666463723,-22.273716213111,775,579,573,bloc_independantiste,Vote indépendantiste,Indépendantistes,#2f925d,1,13,573,2.268760907504363,TRUE,1816,Magenta Tours
Province Sud,2019,Nouméa,0021,Ecole Marie Havet 1,166.471138313555,-22.2828880563017,815,611,598,bloc_independantiste,Vote indépendantiste,Indépendantistes,#2f925d,1,27,598,4.51505016722408,TRUE,1818,Ouémo
Province Sud,2019,Nouméa,0022,Ecole Marie Havet 2,166.471138313555,-22.2828880563017,857,642,635,bloc_independantiste,Vote indépendantiste,Indépendantistes,#2f925d,1,28,635,4.409448818897638,TRUE,1818,Ouémo
Province Sud,2019,Nouméa,0023,Ecole Chistine Boletti 1,166.465990390657,-22.2661773380247,818,584,569,bloc_independantiste,Vote indépendantiste,Indépendantistes,#2f925d,1,27,569,4.745166959578207,TRUE,1827,Aérodrome Sud
Province Sud,2019,Nouméa,0024,Ecole Chistine Boletti 2,166.465990390657,-22.2661773380247,915,511,498,bloc_independantiste,Vote indépendantiste,Indépendantistes,#2f925d,1,126,498,25.301204819277107,TRUE,1827,Aérodrome Sud
Province Sud,2019,Nouméa,0025,Ecole Michel Cacot 1,166.463652223431,-22.2662199324801,888,648,633,bloc_independantiste,Vote indépendantiste,Indépendantistes,#2f925d,1,34,633,5.371248025276461,TRUE,1826,Portes de Fer - Sud
Province Sud,2019,Nouméa,0026,Ecole Michel Cacot 2,166.463652223431,-22.2662199324801,807,582,571,bloc_independantiste,Vote indépendantiste,Indépendantistes,#2f925d,1,29,571,5.078809106830122,TRUE,1826,Portes de Fer - Sud
Province Sud,2019,Nouméa,0027,Ecole C. T. de Laubarède,166.445705500987,-22.2640017751327,847,455,436,bloc_independantiste,Vote indépendantiste,Indépendantistes,#2f925d,1,123,436,28.211009174311926,TRUE,1824,Vallée du Tir
Province Sud,2019,Nouméa,0028,Ecole Gustave Mouchet 1,166.454414703061,-22.2504501881193,946,494,474,bloc_independantiste,Vote indépendantiste,Indépendantistes,#2f925d,1,247,474,52.10970464135021,TRUE,1828,Portes de Fer - Nord
Province Sud,2019,Nouméa,0029,Ecole Gustave Mouchet 2,166.454414703061,-22.2504501881193,821,394,381,bloc_independantiste,Vote indépendantiste,Indépendantistes,#2f925d,1,120,381,31.496062992125985,TRUE,1828,Portes de Fer - Nord
Province Sud,2019,Nouméa,0030,Ecole Mathilde Broquet 1,166.467549840387,-22.256293239868,1024,657,639,bloc_independantiste,Vote indépendantiste,Indépendantistes,#2f925d,1,106,639,16.588419405320813,TRUE,1827,Aérodrome Sud
Province Sud,2019,Nouméa,0031,Ecole Marie Courtot 1,166.470464378859,-22.2425220070829,1056,704,688,bloc_independantiste,Vote indépendantiste,Indépendantistes,#2f925d,1,99,688,14.38953488372093,TRUE,1834,PK 6 Nord
Province Sud,2019,Nouméa,0032,Ecole Marie Courtot 2,166.470464378859,-22.2425220070829,851,635,620,bloc_independantiste,Vote indépendantiste,Indépendantistes,#2f925d,1,16,620,2.5806451612903225,TRUE,1834,PK 6 Nord
Province Sud,2019,Nouméa,0033,Ecole Suzanne Berton,166.463601949873,-22.2382604330193,926,569,546,bloc_independantiste,Vote indépendantiste,Indépendantistes,#2f925d,1,151,546,27.655677655677657,TRUE,1833,Riviére Salée Sud
Province Sud,2019,Nouméa,0034,Ecole Les Roses,166.464696,-22.23767,866,587,572,bloc_independantiste,Vote indépendantiste,Indépendantistes,#2f925d,1,105,572,18.356643356643357,TRUE,NA,NA
Province Sud,2019,Nouméa,0035,Ecole Les Oeillets,166.468679,-22.230344,845,547,531,bloc_independantiste,Vote indépendantiste,Indépendantistes,#2f925d,1,109,531,20.527306967984934,TRUE,NA,NA
Province Sud,2019,Nouméa,0036,Ecole Jacques Trouillot,166.471000599479,-22.2283599819501,828,546,523,bloc_independantiste,Vote indépendantiste,Indépendantistes,#2f925d,1,139,523,26.577437858508603,TRUE,1838,Riviére Salée Nord Est
Province Sud,2019,Nouméa,0037,Ecole Mauricette Devambez 1,166.470726,-22.23276,1076,590,566,bloc_independantiste,Vote indépendantiste,Indépendantistes,#2f925d,1,192,566,33.92226148409894,TRUE,NA,NA
Province Sud,2019,Nouméa,0038,Ecole Mauricette Devambez 2,166.470726,-22.23276,1021,665,650,bloc_independantiste,Vote indépendantiste,Indépendantistes,#2f925d,1,112,650,17.23076923076923,TRUE,NA,NA
Province Sud,2019,Nouméa,0039,Ecole Adrienne Lomont 1,166.484157216578,-22.2206462260252,698,369,354,bloc_independantiste,Vote indépendantiste,Indépendantistes,#2f925d,1,70,354,19.774011299435028,TRUE,1840,Normandie Nord
Province Sud,2019,Nouméa,0040,Ecole Adrienne Lomont 2,166.484157216578,-22.2206462260252,1167,755,730,bloc_independantiste,Vote indépendantiste,Indépendantistes,#2f925d,1,116,730,15.89041095890411,TRUE,1840,Normandie Nord
Province Sud,2019,Nouméa,0041,Ecole Gustave Lods 1,166.435430928496,-22.2381371662114,943,593,568,bloc_independantiste,Vote indépendantiste,Indépendantistes,#2f925d,1,85,568,14.964788732394366,TRUE,1843,Logicoop
Province Sud,2019,Nouméa,0042,Ecole Gustave Lods 2,166.435430928496,-22.2381371662114,1110,635,614,bloc_independantiste,Vote indépendantiste,Indépendantistes,#2f925d,1,117,614,19.055374592833875,TRUE,1843,Logicoop
Province Sud,2019,Nouméa,0043,Ecole Daniel Talon,166.429735177846,-22.2343498153878,1486,820,796,bloc_independantiste,Vote indépendantiste,Indépendantistes,#2f925d,1,231,796,29.020100502512562,TRUE,1843,Logicoop
Province Sud,2019,Nouméa,0044,Ecole Louise Vergès,166.421805,-22.23044,946,502,494,bloc_independantiste,Vote indépendantiste,Indépendantistes,#2f925d,1,222,494,44.93927125506073,TRUE,NA,NA
Province Sud,2019,Nouméa,0045,Ecole Mathilde Broquet 2,166.467549840387,-22.256293239868,1168,739,728,bloc_independantiste,Vote indépendantiste,Indépendantistes,#2f925d,1,112,728,15.384615384615385,TRUE,1827,Aérodrome Sud
Province Sud,2019,Nouméa,0046,Ecole Yvonne Dupont 2,166.442173657352,-22.2926748814035,546,413,410,bloc_independantiste,Vote indépendantiste,Indépendantistes,#2f925d,1,3,410,0.7317073170731707,TRUE,1806,Motor Pool - Receiving
Province Sud,2019,Nouméa,0047,Ecole Paul Boyer 2,166.452482969153,-22.2781620536236,737,529,522,bloc_independantiste,Vote indépendantiste,Indépendantistes,#2f925d,1,10,522,1.9157088122605364,TRUE,1811,Faubourg Blanchot
Province Sud,2019,Nouméa,0048,Ecole Marguerite Arsapin,166.462764,-22.228627,844,504,485,bloc_independantiste,Vote indépendantiste,Indépendantistes,#2f925d,1,88,485,18.144329896907216,TRUE,NA,NA
Province Sud,2019,Nouméa,0049,Ecole Les Pervenches,166.463935144665,-22.2575766179093,835,609,598,bloc_independantiste,Vote indépendantiste,Indépendantistes,#2f925d,1,30,598,5.016722408026756,TRUE,1826,Portes de Fer - Sud
Province Sud,2019,Nouméa,0050,Ecole Albert Perraud,166.467888234029,-22.2619636836771,1220,664,639,bloc_independantiste,Vote indépendantiste,Indépendantistes,#2f925d,1,208,639,32.550860719874805,TRUE,1827,Aérodrome Sud
Province Sud,2019,Nouméa,0051,Ecole Michel Amiot,166.468616034294,-22.2680303864914,929,656,643,bloc_independantiste,Vote indépendantiste,Indépendantistes,#2f925d,1,50,643,7.776049766718507,TRUE,1817,Magenta Est
Province Sud,2019,Nouméa,0052,Ecole Charles Bichon,166.443767790723,-22.2808132680625,575,402,397,bloc_independantiste,Vote indépendantiste,Indépendantistes,#2f925d,1,16,397,4.030226700251889,TRUE,1809,Orphelinat
Province Sud,2019,Nouméa,0053,Ecole Les Lys,166.443135087106,-22.2929071476207,682,496,493,bloc_independantiste,Vote indépendantiste,Indépendantistes,#2f925d,1,21,493,4.259634888438134,TRUE,1806,Motor Pool - Receiving
Province Sud,2019,Nouméa,0054,Ecole Le petit poucet,166.446452105063,-22.2638462676659,938,577,562,bloc_independantiste,Vote indépendantiste,Indépendantistes,#2f925d,1,64,562,11.387900355871887,TRUE,1824,Vallée du Tir
Province Sud,2019,Nouméa,0055,Ecole Serge Laigle,166.486016745804,-22.2343408388225,934,714,702,bloc_independantiste,Vote indépendantiste,Indépendantistes,#2f925d,1,12,702,1.7094017094017093,TRUE,1835,Tina
Province Sud,2019,Nouméa,0056,Ecole Guy Champmoreau,166.452313565802,-22.2892161943525,1168,807,788,bloc_independantiste,Vote indépendantiste,Indépendantistes,#2f925d,1,84,788,10.65989847715736,TRUE,1807,N'Géa
Province Sud,2019,Nouméa,0057,Mairie 3,166.439401925184,-22.2714056104229,108,19,18,bloc_independantiste,Vote indépendantiste,Indépendantistes,#2f925d,1,1,18,5.555555555555555,TRUE,1822,Centre ville
Province Sud,2019,Païta,0001,Dock Socioculturel 1,166.366370328351,-22.1294955354086,457,312,304,bloc_independantiste,Vote indépendantiste,Indépendantistes,#2f925d,1,69,304,22.69736842105263,TRUE,2101,Paita centre
Province Sud,2019,Païta,0002,Dock Socioculturel 2,166.366370328351,-22.1294955354086,618,437,431,bloc_independantiste,Vote indépendantiste,Indépendantistes,#2f925d,1,41,431,9.51276102088167,TRUE,2101,Paita centre
Province Sud,2019,Païta,0003,Dock Socioculturel 3,166.366370328351,-22.1294955354086,640,433,425,bloc_independantiste,Vote indépendantiste,Indépendantistes,#2f925d,1,69,425,16.235294117647058,TRUE,2101,Paita centre
Province Sud,2019,Païta,0004,Dock Socioculturel 4,166.366370328351,-22.1294955354086,345,242,233,bloc_independantiste,Vote indépendantiste,Indépendantistes,#2f925d,1,25,233,10.729613733905579,TRUE,2101,Paita centre
Province Sud,2019,Païta,0005,Dock Socioculturel 5,166.366370328351,-22.1294955354086,712,506,486,bloc_independantiste,Vote indépendantiste,Indépendantistes,#2f925d,1,56,486,11.522633744855968,TRUE,2101,Paita centre
Province Sud,2019,Païta,0006,Mairie,166.361658608639,-22.1291986951984,702,430,425,bloc_independantiste,Vote indépendantiste,Indépendantistes,#2f925d,1,197,425,46.35294117647059,TRUE,2101,Paita centre
Province Sud,2019,Païta,0007,Ecole Vi Vete,166.356291724406,-22.134484419519,731,494,478,bloc_independantiste,Vote indépendantiste,Indépendantistes,#2f925d,1,68,478,14.225941422594142,TRUE,2101,Paita centre
Province Sud,2019,Païta,0008,Ecole James Paddon,166.359353160601,-22.1337644237458,700,476,469,bloc_independantiste,Vote indépendantiste,Indépendantistes,#2f925d,1,47,469,10.021321961620469,TRUE,2101,Paita centre
Province Sud,2019,Païta,0009,Ecole Élémentaire Les Scheffleras - 1,166.36989887391,-22.1257398247667,698,404,383,bloc_independantiste,Vote indépendantiste,Indépendantistes,#2f925d,1,89,383,23.237597911227155,TRUE,2102,Scheffleras
Province Sud,2019,Païta,0010,Ecole Élémentaire Les Scheffleras - 2,166.36989887391,-22.1257398247667,734,480,461,bloc_independantiste,Vote indépendantiste,Indépendantistes,#2f925d,1,97,461,21.0412147505423,TRUE,2102,Scheffleras
Province Sud,2019,Païta,0011,Ecole Maternelle Les Scheffleras - 1,166.36989887391,-22.1257398247667,721,504,494,bloc_independantiste,Vote indépendantiste,Indépendantistes,#2f925d,1,77,494,15.587044534412955,TRUE,2102,Scheffleras
Province Sud,2019,Païta,0012,Ecole Maternelle Les Scheffleras - 2,166.36989887391,-22.1257398247667,557,392,382,bloc_independantiste,Vote indépendantiste,Indépendantistes,#2f925d,1,54,382,14.136125654450261,TRUE,2102,Scheffleras
Province Sud,2019,Païta,0013,Ecole primaire Jean Ounou COTTIN 1,166.265966445473,-22.0605318544913,738,479,458,bloc_independantiste,Vote indépendantiste,Indépendantistes,#2f925d,1,88,458,19.213973799126638,TRUE,2106,Tamoa Bangou Saint Laurent
Province Sud,2019,Païta,0014,Ecole primaire Jean Ounou COTTIN 2,166.265966445473,-22.0605318544913,761,492,482,bloc_independantiste,Vote indépendantiste,Indépendantistes,#2f925d,1,294,482,60.995850622406635,TRUE,2106,Tamoa Bangou Saint Laurent
Province Sud,2019,Païta,0015,Tontouta,166.22014428712,-22.0130384994051,556,388,377,bloc_independantiste,Vote indépendantiste,Indépendantistes,#2f925d,1,40,377,10.610079575596817,TRUE,2107,Tontouta Tiaré
Province Sud,2019,Païta,0016,Ecole Robert ABEL 1,166.379189029935,-22.1384982889128,471,389,380,bloc_independantiste,Vote indépendantiste,Indépendantistes,#2f925d,1,13,380,3.4210526315789473,TRUE,2103,Nogouta-Les 3 Vallées
Province Sud,2019,Païta,0017,Ecole Robert ABEL 2,166.379189029935,-22.1384982889128,553,357,347,bloc_independantiste,Vote indépendantiste,Indépendantistes,#2f925d,1,42,347,12.103746397694524,TRUE,2103,Nogouta-Les 3 Vallées
Province Sud,2019,Poya Sud,0005,Mairie 2,165.2454695470807,-21.4084575263513,164,133,131,bloc_independantiste,Vote indépendantiste,Indépendantistes,#2f925d,1,3,131,2.2900763358778624,TRUE,2706,Poya Sud
Province Sud,2019,Sarraméa,0001,Mairie,165.85386596919105,-21.642344787633757,502,365,358,bloc_independantiste,Vote indépendantiste,Indépendantistes,#2f925d,1,257,358,71.7877094972067,TRUE,2801,Sarraméa
Province Sud,2019,Thio,0001,Mairie 1,166.21553174553168,-21.610374938390603,784,489,478,bloc_independantiste,Vote indépendantiste,Indépendantistes,#2f925d,1,297,478,62.13389121338912,TRUE,2901,Thio village
Province Sud,2019,Thio,0002,Mairie 2,166.21553174553168,-21.610374938390603,560,319,316,bloc_independantiste,Vote indépendantiste,Indépendantistes,#2f925d,1,266,316,84.17721518987342,TRUE,2901,Thio village
Province Sud,2019,Thio,0003,Grand Borendy,166.45075740277505,-21.738718340168145,305,167,164,bloc_independantiste,Vote indépendantiste,Indépendantistes,#2f925d,1,157,164,95.73170731707317,TRUE,2902,Ouindo Borendy
Province Sud,2019,Thio,0004,Saint-Pierre,166.14983539215794,-21.67410856554519,442,251,248,bloc_independantiste,Vote indépendantiste,Indépendantistes,#2f925d,1,222,248,89.51612903225806,TRUE,2902,Ouindo Borendy
Province Sud,2019,Yaté,0001,Mairie,166.94326054599946,-22.16058963447543,274,197,195,bloc_independantiste,Vote indépendantiste,Indépendantistes,#2f925d,1,149,195,76.41025641025641,TRUE,3201,Waho Touaourou Goro
Province Sud,2019,Yaté,0002,Touaourou,166.97497872151834,-22.190244269832505,461,305,302,bloc_independantiste,Vote indépendantiste,Indépendantistes,#2f925d,1,272,302,90.06622516556291,TRUE,3201,Waho Touaourou Goro
Province Sud,2019,Yaté,0003,Goro,167.0163659290303,-22.286011229502463,219,159,158,bloc_independantiste,Vote indépendantiste,Indépendantistes,#2f925d,1,120,158,75.9493670886076,TRUE,3201,Waho Touaourou Goro
Province Sud,2019,Yaté,0004,Unia,166.89998901288348,-22.06107261844911,750,542,538,bloc_independantiste,Vote indépendantiste,Indépendantistes,#2f925d,1,500,538,92.93680297397769,TRUE,3202,Unia Ouinné
Province Sud,2026,Boulouparis,0001,Mairie,166.047711423762,-21.8654175541592,880,599,580,bloc_independantiste,Vote indépendantiste,Indépendantistes,#2f925d,1,174,580,30,TRUE,201,Boulouparis village
Province Sud,2026,Boulouparis,0002,Maison des associations du village de Boulouparis,166.047083,-21.865589,714,578,570,bloc_independantiste,Vote indépendantiste,Indépendantistes,#2f925d,1,88,570,15.43859649122807,TRUE,NA,NA
Province Sud,2026,Boulouparis,0003,Centre culturel de Boulouparis,166.049037,-21.865435,762,587,577,bloc_independantiste,Vote indépendantiste,Indépendantistes,#2f925d,1,95,577,16.464471403812826,TRUE,NA,NA
Province Sud,2026,Boulouparis,0004,Maison des associations du village de Tomo,166.15105,-21.95844,716,492,470,bloc_independantiste,Vote indépendantiste,Indépendantistes,#2f925d,1,151,470,32.12765957446808,TRUE,NA,NA
Province Sud,2026,Bourail,0001,Mairie,165.497503614793,-21.5680444203004,886,605,593,bloc_independantiste,Vote indépendantiste,Indépendantistes,#2f925d,1,112,593,18.887015177065766,TRUE,301,Bourail village
Province Sud,2026,Bourail,0002,Pothé,165.491900847299,-21.4547330481005,900,535,526,bloc_independantiste,Vote indépendantiste,Indépendantistes,#2f925d,1,420,526,79.84790874524715,TRUE,305,Ny
Province Sud,2026,Bourail,0003,Colisée 1,165.49385205691,-21.5656940047007,934,718,700,bloc_independantiste,Vote indépendantiste,Indépendantistes,#2f925d,1,104,700,14.857142857142858,TRUE,301,Bourail village
Province Sud,2026,Bourail,0004,Ecole Les Lys D'Eau,165.49748641875,-21.5730483252455,805,585,574,bloc_independantiste,Vote indépendantiste,Indépendantistes,#2f925d,1,82,574,14.285714285714286,TRUE,301,Bourail village
Province Sud,2026,Bourail,0005,Colisée 2,165.493852,-21.565694,936,663,650,bloc_independantiste,Vote indépendantiste,Indépendantistes,#2f925d,1,106,650,16.307692307692307,TRUE,NA,NA
Province Sud,2026,Dumbéa,0001,Hôtel de Ville 1,166.457501065839,-22.1675460417822,903,632,621,bloc_independantiste,Vote indépendantiste,Indépendantistes,#2f925d,1,48,621,7.729468599033816,TRUE,512,Plaine de Koé
Province Sud,2026,Dumbéa,0002,Hôtel de Ville 2,166.457501065839,-22.1675460417822,887,534,527,bloc_independantiste,Vote indépendantiste,Indépendantistes,#2f925d,1,121,527,22.960151802656547,TRUE,512,Plaine de Koé
Province Sud,2026,Dumbéa,0003,Hôtel de Ville 3,166.457501065839,-22.1675460417822,1009,613,596,bloc_independantiste,Vote indépendantiste,Indépendantistes,#2f925d,1,166,596,27.85234899328859,TRUE,512,Plaine de Koé
Province Sud,2026,Dumbéa,0004,Salle omnisports d'Auteuil Ernest Chambonnier 1,166.475894,-22.206094,974,591,585,bloc_independantiste,Vote indépendantiste,Indépendantistes,#2f925d,1,167,585,28.54700854700855,TRUE,NA,NA
Province Sud,2026,Dumbéa,0005,Salle omnisports d'Auteuil Ernest Chambonnier 2,166.475894,-22.206094,643,330,317,bloc_independantiste,Vote indépendantiste,Indépendantistes,#2f925d,1,89,317,28.07570977917981,TRUE,NA,NA
Province Sud,2026,Dumbéa,0006,Salle omnisports d'Auteuil Ernest Chambonnier 3,166.475894,-22.206094,785,469,453,bloc_independantiste,Vote indépendantiste,Indépendantistes,#2f925d,1,75,453,16.556291390728475,TRUE,NA,NA
Province Sud,2026,Dumbéa,0007,Salle omnisports d'Auteuil Ernest Chambonnier 4,166.475894,-22.206094,998,617,600,bloc_independantiste,Vote indépendantiste,Indépendantistes,#2f925d,1,167,600,27.833333333333332,TRUE,NA,NA
Province Sud,2026,Dumbéa,0008,Salle omnisports d'Auteuil Ernest Chambonnier 5,166.475894,-22.206094,765,515,498,bloc_independantiste,Vote indépendantiste,Indépendantistes,#2f925d,1,113,498,22.690763052208837,TRUE,NA,NA
Province Sud,2026,Dumbéa,0009,Salle omnisports d'Auteuil Ernest Chambonnier 6,166.475894,-22.206094,398,211,209,bloc_independantiste,Vote indépendantiste,Indépendantistes,#2f925d,1,69,209,33.014354066985646,TRUE,NA,NA
Province Sud,2026,Dumbéa,0010,Maison de la Jeunesse 1,166.474913,-22.205681,878,605,588,bloc_independantiste,Vote indépendantiste,Indépendantistes,#2f925d,1,88,588,14.965986394557824,TRUE,NA,NA
Province Sud,2026,Dumbéa,0011,Maison de la Jeunesse 2,166.474913,-22.205681,782,540,530,bloc_independantiste,Vote indépendantiste,Indépendantistes,#2f925d,1,52,530,9.81132075471698,TRUE,NA,NA
Province Sud,2026,Dumbéa,0012,Ecole primaire Gustave Clain 1,166.460870510376,-22.2089353285944,868,523,511,bloc_independantiste,Vote indépendantiste,Indépendantistes,#2f925d,1,95,511,18.59099804305284,TRUE,504,Koutio érudits
Province Sud,2026,Dumbéa,0013,Ecole primaire Gustave Clain 2,166.460871,-22.208935,821,492,484,bloc_independantiste,Vote indépendantiste,Indépendantistes,#2f925d,1,135,484,27.892561983471076,TRUE,NA,NA
Province Sud,2026,Dumbéa,0014,Ecole maternelle l'Oasis 1,166.461460951246,-22.2085634346196,727,501,494,bloc_independantiste,Vote indépendantiste,Indépendantistes,#2f925d,1,67,494,13.562753036437247,TRUE,504,Koutio érudits
Province Sud,2026,Dumbéa,0015,Ecole maternelle l'Oasis 2,166.461461,-22.208563,739,487,474,bloc_independantiste,Vote indépendantiste,Indépendantistes,#2f925d,1,88,474,18.565400843881857,TRUE,NA,NA
Province Sud,2026,Dumbéa,0016,Groupe scolaire Michelle Delacharlerie-Rolly 1,166.445998676866,-22.2013803961715,648,383,371,bloc_independantiste,Vote indépendantiste,Indépendantistes,#2f925d,1,89,371,23.98921832884097,TRUE,510,Dumbéa/mer Ouest
Province Sud,2026,Dumbéa,0017,Groupe scolaire Michelle Delacharlerie-Rolly 2,166.445999,-22.20138,778,402,394,bloc_independantiste,Vote indépendantiste,Indépendantistes,#2f925d,1,130,394,32.994923857868024,TRUE,NA,NA
Province Sud,2026,Dumbéa,0018,Groupe scolaire Renée Fong 1,166.44418672502,-22.192372203396,840,601,590,bloc_independantiste,Vote indépendantiste,Indépendantistes,#2f925d,1,67,590,11.35593220338983,TRUE,511,Dumbea/mer Est - Plaine Adam
Province Sud,2026,Dumbéa,0019,Groupe scolaire Renée Fong 2,166.444187,-22.192372,1223,724,712,bloc_independantiste,Vote indépendantiste,Indépendantistes,#2f925d,1,226,712,31.741573033707866,TRUE,NA,NA
Province Sud,2026,Dumbéa,0020,Mairie du Nord 1,166.457501065839,-22.1675460417822,714,491,484,bloc_independantiste,Vote indépendantiste,Indépendantistes,#2f925d,1,41,484,8.47107438016529,TRUE,512,Plaine de Koé
Province Sud,2026,Dumbéa,0021,Mairie du Nord 2,166.457501065839,-22.1675460417822,652,493,486,bloc_independantiste,Vote indépendantiste,Indépendantistes,#2f925d,1,45,486,9.25925925925926,TRUE,512,Plaine de Koé
Province Sud,2026,Dumbéa,0022,Mairie du Nord 3,166.457501,-22.167546,715,433,421,bloc_independantiste,Vote indépendantiste,Indépendantistes,#2f925d,1,29,421,6.888361045130641,TRUE,NA,NA
Province Sud,2026,Dumbéa,0023,Ecole primaire Paul Duboisé 1,166.434846490836,-22.1399347171588,905,645,635,bloc_independantiste,Vote indépendantiste,Indépendantistes,#2f925d,1,50,635,7.874015748031496,TRUE,515,Katiramona Sud
Province Sud,2026,Dumbéa,0024,Ecole primaire Paul Duboisé 2,166.434846,-22.139935,827,512,489,bloc_independantiste,Vote indépendantiste,Indépendantistes,#2f925d,1,68,489,13.905930470347649,TRUE,NA,NA
Province Sud,2026,Dumbéa,0025,Ecole maternelle les Colibris,166.436047169124,-22.1394710088392,802,516,508,bloc_independantiste,Vote indépendantiste,Indépendantistes,#2f925d,1,74,508,14.566929133858268,TRUE,515,Katiramona Sud
Province Sud,2026,Dumbéa,0026,Groupe scolaire Frédéric-Louis Dorbritz 1,166.437530865088,-22.1944939226253,629,494,490,bloc_independantiste,Vote indépendantiste,Indépendantistes,#2f925d,1,26,490,5.3061224489795915,TRUE,510,Dumbéa/mer Ouest
Province Sud,2026,Farino,0001,Mairie,165.77595416144513,-21.666848976720875,635,500,481,bloc_independantiste,Vote indépendantiste,Indépendantistes,#2f925d,1,63,481,13.097713097713097,TRUE,601,Farino
Province Sud,2026,Ile des Pins,0001,Mairie 1,167.495819,-22.66517,1030,586,583,bloc_independantiste,Vote indépendantiste,Indépendantistes,#2f925d,1,413,583,70.84048027444254,TRUE,901,Vao
Province Sud,2026,Ile des Pins,0002,Batiment Communal Point 1,167.495819,-22.66517,825,502,499,bloc_independantiste,Vote indépendantiste,Indépendantistes,#2f925d,1,397,499,79.55911823647294,TRUE,901,Vao
Province Sud,2026,La Foa,0001,Centre Socio-Culturel 1,165.82495689060195,-21.708500844468237,866,618,609,bloc_independantiste,Vote indépendantiste,Indépendantistes,#2f925d,1,93,609,15.270935960591133,TRUE,1301,La Foa village
Province Sud,2026,La Foa,0002,Centre Socio Culturel 2,165.82495689060195,-21.708500844468237,775,587,577,bloc_independantiste,Vote indépendantiste,Indépendantistes,#2f925d,1,156,577,27.03639514731369,TRUE,1301,La Foa village
Province Sud,2026,La Foa,0003,Centre Socio-Culturel 3,165.82495689060195,-21.708500844468237,767,583,575,bloc_independantiste,Vote indépendantiste,Indépendantistes,#2f925d,1,124,575,21.565217391304348,TRUE,1301,La Foa village
Province Sud,2026,La Foa,0004,Centre Socio-Culturel 4,165.82495689060195,-21.708500844468237,753,544,530,bloc_independantiste,Vote indépendantiste,Indépendantistes,#2f925d,1,86,530,16.22641509433962,TRUE,1301,La Foa village
Province Sud,2026,Moindou,0001,Mairie,165.67695619871748,-21.69271000327087,819,614,604,bloc_independantiste,Vote indépendantiste,Indépendantistes,#2f925d,1,242,604,40.06622516556291,TRUE,1601,Moindou
Province Sud,2026,Mont-Dore,0001,Mairie de BOULARI,166.523722376157,-22.2317078297453,830,509,498,bloc_independantiste,Vote indépendantiste,Indépendantistes,#2f925d,1,124,498,24.899598393574298,TRUE,NA,NA
Province Sud,2026,Mont-Dore,0002,Groupe scolaire Hélène CHANEL,166.485528594387,-22.2217711398288,575,399,389,bloc_independantiste,Vote indépendantiste,Indépendantistes,#2f925d,1,42,389,10.796915167095115,TRUE,1703,Pont des Fran‡ais
Province Sud,2026,Mont-Dore,0003,Ecole primaire Adolphe BOUTAN,166.841440737558,-22.4256696418669,801,617,600,bloc_independantiste,Vote indépendantiste,Indépendantistes,#2f925d,1,82,600,13.666666666666666,TRUE,1715,Mouirange - Grand Sud - Ile Ouen
Province Sud,2026,Mont-Dore,0004,Ecole primaire Louis Henri GALINE 1,166.512755378687,-22.2163077194956,828,568,546,bloc_independantiste,Vote indépendantiste,Indépendantistes,#2f925d,1,76,546,13.91941391941392,TRUE,1705,Robinson Nord
Province Sud,2026,Mont-Dore,0005,Ecole La Rizière 1,166.573975497183,-22.2332233282141,1112,686,662,bloc_independantiste,Vote indépendantiste,Indépendantistes,#2f925d,1,563,662,85.04531722054381,TRUE,1710,La Coulée Nord
Province Sud,2026,Mont-Dore,0006,Ecole primaire du Vallon-Dore,166.571853310489,-22.2757480668132,807,545,524,bloc_independantiste,Vote indépendantiste,Indépendantistes,#2f925d,1,75,524,14.312977099236642,TRUE,1712,Vallon Dore
Province Sud,2026,Mont-Dore,0007,Groupe scolaire de Plum,166.640486,-22.277131,720,440,432,bloc_independantiste,Vote indépendantiste,Indépendantistes,#2f925d,1,143,432,33.101851851851855,TRUE,NA,NA
Province Sud,2026,Mont-Dore,0008,Groupe scolaire de Boulari 1,166.520855451452,-22.2274992832452,871,612,600,bloc_independantiste,Vote indépendantiste,Indépendantistes,#2f925d,1,67,600,11.166666666666666,TRUE,1707,Boulari
Province Sud,2026,Mont-Dore,0009,Mairie Annexe De Plum 1,166.623268718041,-22.2730906933136,988,542,510,bloc_independantiste,Vote indépendantiste,Indépendantistes,#2f925d,1,137,510,26.862745098039216,TRUE,1714,Plum
Province Sud,2026,Mont-Dore,0010,Ecole La Rizière 2,166.573975497183,-22.2332233282141,952,558,538,bloc_independantiste,Vote indépendantiste,Indépendantistes,#2f925d,1,156,538,28.99628252788104,TRUE,1710,La Coulée Nord
Province Sud,2026,Mont-Dore,0011,Groupe scolaire de Boulari 2,166.520855451452,-22.2274992832452,709,516,507,bloc_independantiste,Vote indépendantiste,Indépendantistes,#2f925d,1,38,507,7.495069033530572,TRUE,1707,Boulari
Province Sud,2026,Mont-Dore,0012,Groupe scolaire de Saint-Michel 1,166.529983,-22.224807,757,476,459,bloc_independantiste,Vote indépendantiste,Indépendantistes,#2f925d,1,114,459,24.836601307189543,TRUE,NA,NA
Province Sud,2026,Mont-Dore,0013,Ecole maternelle Les Fougères,166.841440737558,-22.4256696418669,486,312,305,bloc_independantiste,Vote indépendantiste,Indépendantistes,#2f925d,1,60,305,19.672131147540984,TRUE,1715,Mouirange - Grand Sud - Ile Ouen
Province Sud,2026,Mont-Dore,0014,Ecole maternelle les Dauphins,166.57252708408,-22.2768294716869,866,620,604,bloc_independantiste,Vote indépendantiste,Indépendantistes,#2f925d,1,91,604,15.066225165562914,TRUE,1712,Vallon Dore
Province Sud,2026,Mont-Dore,0015,Ecole Maternelle Les Coccinelles,166.56758162382,-22.2502864537601,1187,756,724,bloc_independantiste,Vote indépendantiste,Indépendantistes,#2f925d,1,180,724,24.861878453038674,TRUE,1711,La Coulée Sud
Province Sud,2026,Mont-Dore,0016,Ecole Saint-Joseph de CLUNY,166.499920601202,-22.2239776205159,1024,717,702,bloc_independantiste,Vote indépendantiste,Indépendantistes,#2f925d,1,236,702,33.61823361823362,TRUE,1704,La Conception
Province Sud,2026,Mont-Dore,0017,Ecole primaire Louis Henri GALINE 2,166.512755378687,-22.2163077194956,842,557,539,bloc_independantiste,Vote indépendantiste,Indépendantistes,#2f925d,1,50,539,9.276437847866418,TRUE,1705,Robinson Nord
Province Sud,2026,Mont-Dore,0018,Groupe scolaire Boulari 3,166.520855451452,-22.2274992832452,923,616,606,bloc_independantiste,Vote indépendantiste,Indépendantistes,#2f925d,1,82,606,13.531353135313532,TRUE,1707,Boulari
Province Sud,2026,Mont-Dore,0019,Groupe scolaire Saint-Michel 2,166.529983,-22.224807,613,413,392,bloc_independantiste,Vote indépendantiste,Indépendantistes,#2f925d,1,17,392,4.336734693877551,TRUE,NA,NA
Province Sud,2026,Mont-Dore,0020,Ecole La Rizière 3,166.57398,-22.23322,625,346,329,bloc_independantiste,Vote indépendantiste,Indépendantistes,#2f925d,1,82,329,24.924012158054712,TRUE,NA,NA
Province Sud,2026,Mont-Dore,0021,Ecole de La Briqueterie 1,166.56645,-22.26251,760,468,449,bloc_independantiste,Vote indépendantiste,Indépendantistes,#2f925d,1,106,449,23.608017817371937,TRUE,NA,NA
Province Sud,2026,Mont-Dore,0022,Ecole de La Briqueterie 2,166.566445622614,-22.2625090934915,665,430,417,bloc_independantiste,Vote indépendantiste,Indépendantistes,#2f925d,1,42,417,10.071942446043165,TRUE,1712,Vallon Dore
Province Sud,2026,Mont-Dore,0023,Mairie 2,166.52326,-22.22975,517,330,320,bloc_independantiste,Vote indépendantiste,Indépendantistes,#2f925d,1,39,320,12.1875,TRUE,NA,NA
Province Sud,2026,Mont-Dore,0024,Groupe scolaire de Yahoué,166.490039,-22.208543,783,492,485,bloc_independantiste,Vote indépendantiste,Indépendantistes,#2f925d,1,92,485,18.969072164948454,TRUE,NA,NA
Province Sud,2026,Nouméa,0001,Mairie 1,166.439401925184,-22.2714056104229,630,383,380,bloc_independantiste,Vote indépendantiste,Indépendantistes,#2f925d,1,58,380,15.263157894736842,TRUE,1822,Centre ville
Province Sud,2026,Nouméa,0002,Mairie 2,166.439401925184,-22.2714056104229,1192,545,539,bloc_independantiste,Vote indépendantiste,Indépendantistes,#2f925d,1,163,539,30.241187384044526,TRUE,1822,Centre ville
Province Sud,2026,Nouméa,0003,Ecole Frédéric Surleau,166.446180272936,-22.2732842135737,756,504,499,bloc_independantiste,Vote indépendantiste,Indépendantistes,#2f925d,1,45,499,9.01803607214429,TRUE,1822,Centre ville
Province Sud,2026,Nouméa,0004,Ecole Marguerite Lefrançois,166.446044574066,-22.2859909097298,737,566,562,bloc_independantiste,Vote indépendantiste,Indépendantistes,#2f925d,1,7,562,1.2455516014234875,TRUE,1809,Orphelinat
Province Sud,2026,Nouméa,0005,Ecole Yvonne Dupont 1,166.442173657352,-22.2926748814035,706,558,555,bloc_independantiste,Vote indépendantiste,Indépendantistes,#2f925d,1,18,555,3.2432432432432434,TRUE,1806,Motor Pool - Receiving
Province Sud,2026,Nouméa,0006,Ecole Eloi Franc 1,166.447826467842,-22.2974281428095,913,674,662,bloc_independantiste,Vote indépendantiste,Indépendantistes,#2f925d,1,46,662,6.948640483383686,TRUE,1803,Anse Vata Est
Province Sud,2026,Nouméa,0007,Ecole Eloi Franc 2,166.447826467842,-22.2974281428095,772,576,570,bloc_independantiste,Vote indépendantiste,Indépendantistes,#2f925d,1,14,570,2.456140350877193,TRUE,1803,Anse Vata Est
Province Sud,2026,Nouméa,0008,Ecole Fernande Leriche 1,166.448431376266,-22.2984740950672,705,540,538,bloc_independantiste,Vote indépendantiste,Indépendantistes,#2f925d,1,11,538,2.0446096654275094,TRUE,1803,Anse Vata Est
Province Sud,2026,Nouméa,0009,Ecole Fernande Leriche 2,166.448431376266,-22.2984740950672,812,615,612,bloc_independantiste,Vote indépendantiste,Indépendantistes,#2f925d,1,17,612,2.7777777777777777,TRUE,1803,Anse Vata Est
Province Sud,2026,Nouméa,0010,Ecole Jean Mermoud 1,166.454827725543,-22.2956844604928,806,628,622,bloc_independantiste,Vote indépendantiste,Indépendantistes,#2f925d,1,9,622,1.4469453376205788,TRUE,1807,N'Géa
Province Sud,2026,Nouméa,0011,Ecole Jean Mermoud 2,166.454827725543,-22.2956844604928,965,819,813,bloc_independantiste,Vote indépendantiste,Indépendantistes,#2f925d,1,2,813,0.24600246002460024,TRUE,1807,N'Géa
Province Sud,2026,Nouméa,0012,Ecole Ernest Risbec 1,166.451704940929,-22.2838445188063,851,619,615,bloc_independantiste,Vote indépendantiste,Indépendantistes,#2f925d,1,17,615,2.7642276422764227,TRUE,1808,Trianon
Province Sud,2026,Nouméa,0013,Ecole Ernest Risbec 2,166.451704940929,-22.2838445188063,798,584,577,bloc_independantiste,Vote indépendantiste,Indépendantistes,#2f925d,1,16,577,2.7729636048526864,TRUE,1808,Trianon
Province Sud,2026,Nouméa,0014,Ecole Paul Boyer 1,166.452482969153,-22.2781620536236,706,472,469,bloc_independantiste,Vote indépendantiste,Indépendantistes,#2f925d,1,27,469,5.756929637526652,TRUE,1811,Faubourg Blanchot
Province Sud,2026,Nouméa,0015,Ecole Les Capucines,166.457228804171,-22.2753677119578,761,571,566,bloc_independantiste,Vote indépendantiste,Indépendantistes,#2f925d,1,26,566,4.593639575971731,TRUE,1813,Vallée des Colons Sud Ouest
Province Sud,2026,Nouméa,0016,Ecole Candide Koch 1,166.456450040223,-22.2745660873879,811,574,568,bloc_independantiste,Vote indépendantiste,Indépendantistes,#2f925d,1,42,568,7.394366197183099,TRUE,1813,Vallée des Colons Sud Ouest
Province Sud,2026,Nouméa,0017,Ecole Candide Koch 2,166.456450040223,-22.2745660873879,884,677,667,bloc_independantiste,Vote indépendantiste,Indépendantistes,#2f925d,1,27,667,4.047976011994003,TRUE,1813,Vallée des Colons Sud Ouest
Province Sud,2026,Nouméa,0018,Ecole Suzanne Russier 1,166.446654,-22.269689,774,544,534,bloc_independantiste,Vote indépendantiste,Indépendantistes,#2f925d,1,34,534,6.367041198501872,TRUE,NA,NA
Province Sud,2026,Nouméa,0019,Ecole Suzanne Russier 2,166.446654,-22.269689,887,597,589,bloc_independantiste,Vote indépendantiste,Indépendantistes,#2f925d,1,69,589,11.714770797962649,TRUE,NA,NA
Province Sud,2026,Nouméa,0020,Ecole Antoinette Charbonneaux,166.46666463723,-22.273716213111,766,606,602,bloc_independantiste,Vote indépendantiste,Indépendantistes,#2f925d,1,15,602,2.4916943521594686,TRUE,1816,Magenta Tours
Province Sud,2026,Nouméa,0021,Ecole Marie Havet 1,166.471138313555,-22.2828880563017,896,674,667,bloc_independantiste,Vote indépendantiste,Indépendantistes,#2f925d,1,23,667,3.4482758620689653,TRUE,1818,Ouémo
Province Sud,2026,Nouméa,0022,Ecole Marie Havet 2,166.471138313555,-22.2828880563017,944,710,702,bloc_independantiste,Vote indépendantiste,Indépendantistes,#2f925d,1,29,702,4.131054131054131,TRUE,1818,Ouémo
Province Sud,2026,Nouméa,0023,Ecole Chistine Boletti 1,166.465990390657,-22.2661773380247,902,657,649,bloc_independantiste,Vote indépendantiste,Indépendantistes,#2f925d,1,60,649,9.244992295839754,TRUE,1827,Aérodrome Sud
Province Sud,2026,Nouméa,0024,Ecole Chistine Boletti 2,166.465990390657,-22.2661773380247,1070,582,573,bloc_independantiste,Vote indépendantiste,Indépendantistes,#2f925d,1,161,573,28.097731239092496,TRUE,1827,Aérodrome Sud
Province Sud,2026,Nouméa,0025,Ecole Michel Cacot 1,166.463652223431,-22.2662199324801,969,720,712,bloc_independantiste,Vote indépendantiste,Indépendantistes,#2f925d,1,36,712,5.056179775280899,TRUE,1826,Portes de Fer - Sud
Province Sud,2026,Nouméa,0026,Ecole Michel Cacot 2,166.463652223431,-22.2662199324801,872,648,635,bloc_independantiste,Vote indépendantiste,Indépendantistes,#2f925d,1,34,635,5.354330708661418,TRUE,1826,Portes de Fer - Sud
Province Sud,2026,Nouméa,0027,Ecole C. T. de Laubarède,166.445705500987,-22.2640017751327,997,528,522,bloc_independantiste,Vote indépendantiste,Indépendantistes,#2f925d,1,169,522,32.37547892720306,TRUE,1824,Vallée du Tir
Province Sud,2026,Nouméa,0028,Ecole Gustave Mouchet 1,166.454414703061,-22.2504501881193,1075,532,521,bloc_independantiste,Vote indépendantiste,Indépendantistes,#2f925d,1,288,521,55.27831094049904,TRUE,1828,Portes de Fer - Nord
Province Sud,2026,Nouméa,0029,Ecole Gustave Mouchet 2,166.454414703061,-22.2504501881193,959,454,446,bloc_independantiste,Vote indépendantiste,Indépendantistes,#2f925d,1,175,446,39.237668161434975,TRUE,1828,Portes de Fer - Nord
Province Sud,2026,Nouméa,0030,Ecole Mathilde Broquet 1,166.467549840387,-22.256293239868,1165,730,710,bloc_independantiste,Vote indépendantiste,Indépendantistes,#2f925d,1,141,710,19.859154929577464,TRUE,1827,Aérodrome Sud
Province Sud,2026,Nouméa,0031,Ecole Marie Courtot 1,166.470464378859,-22.2425220070829,1250,798,775,bloc_independantiste,Vote indépendantiste,Indépendantistes,#2f925d,1,141,775,18.193548387096776,TRUE,1834,PK 6 Nord
Province Sud,2026,Nouméa,0032,Ecole Marie Courtot 2,166.470464378859,-22.2425220070829,880,687,680,bloc_independantiste,Vote indépendantiste,Indépendantistes,#2f925d,1,22,680,3.235294117647059,TRUE,1834,PK 6 Nord
Province Sud,2026,Nouméa,0033,Ecole Robert Burck,166.463601949873,-22.2382604330193,960,595,585,bloc_independantiste,Vote indépendantiste,Indépendantistes,#2f925d,1,184,585,31.45299145299145,TRUE,1833,Riviére Salée Sud
Province Sud,2026,Nouméa,0034,Ecole Les Roses,166.464696,-22.23767,909,576,561,bloc_independantiste,Vote indépendantiste,Indépendantistes,#2f925d,1,105,561,18.71657754010695,TRUE,NA,NA
Province Sud,2026,Nouméa,0035,Ecole Les Oeillets,166.468679,-22.230344,894,589,580,bloc_independantiste,Vote indépendantiste,Indépendantistes,#2f925d,1,117,580,20.17241379310345,TRUE,NA,NA
Province Sud,2026,Nouméa,0036,Ecole Jacques Trouillot,166.471000599479,-22.2283599819501,871,576,560,bloc_independantiste,Vote indépendantiste,Indépendantistes,#2f925d,1,127,560,22.678571428571427,TRUE,1838,Riviére Salée Nord Est
Province Sud,2026,Nouméa,0037,Ecole Les Hibiscus 1,166.475456,-22.232258,1378,685,668,bloc_independantiste,Vote indépendantiste,Indépendantistes,#2f925d,1,268,668,40.119760479041915,TRUE,NA,NA
Province Sud,2026,Nouméa,0038,Ecole Les Hibiscus 2,166.475456,-22.232258,1110,726,716,bloc_independantiste,Vote indépendantiste,Indépendantistes,#2f925d,1,142,716,19.83240223463687,TRUE,NA,NA
Province Sud,2026,Nouméa,0039,Ecole Adrienne Lomont 1,166.484157216578,-22.2206462260252,705,391,384,bloc_independantiste,Vote indépendantiste,Indépendantistes,#2f925d,1,91,384,23.697916666666668,TRUE,1840,Normandie Nord
Province Sud,2026,Nouméa,0040,Ecole Adrienne Lomont 2,166.484157216578,-22.2206462260252,1463,891,874,bloc_independantiste,Vote indépendantiste,Indépendantistes,#2f925d,1,168,874,19.221967963386728,TRUE,1840,Normandie Nord
Province Sud,2026,Nouméa,0041,Ecole Gustave Lods 1,166.435430928496,-22.2381371662114,1068,607,580,bloc_independantiste,Vote indépendantiste,Indépendantistes,#2f925d,1,107,580,18.448275862068964,TRUE,1843,Logicoop
Province Sud,2026,Nouméa,0042,Ecole Gustave Lods 2,166.435430928496,-22.2381371662114,1257,714,691,bloc_independantiste,Vote indépendantiste,Indépendantistes,#2f925d,1,175,691,25.32561505065123,TRUE,1843,Logicoop
Province Sud,2026,Nouméa,0043,Ecole Daniel Talon,166.429735177846,-22.2343498153878,1848,1048,1009,bloc_independantiste,Vote indépendantiste,Indépendantistes,#2f925d,1,380,1009,37.661050545094156,TRUE,1843,Logicoop
Province Sud,2026,Nouméa,0044,Ecole Maurice Fonrobert,166.42901,-22.231823,1058,575,566,bloc_independantiste,Vote indépendantiste,Indépendantistes,#2f925d,1,301,566,53.18021201413428,TRUE,NA,NA
Province Sud,2026,Nouméa,0045,Ecole Mathilde Broquet 2,166.467549840387,-22.256293239868,1338,874,866,bloc_independantiste,Vote indépendantiste,Indépendantistes,#2f925d,1,135,866,15.58891454965358,TRUE,1827,Aérodrome Sud
Province Sud,2026,Nouméa,0046,Ecole Yvonne Dupont 2,166.442173657352,-22.2926748814035,585,454,453,bloc_independantiste,Vote indépendantiste,Indépendantistes,#2f925d,1,8,453,1.7660044150110374,TRUE,1806,Motor Pool - Receiving
Province Sud,2026,Nouméa,0047,Ecole Paul Boyer 2,166.452482969153,-22.2781620536236,706,532,530,bloc_independantiste,Vote indépendantiste,Indépendantistes,#2f925d,1,12,530,2.2641509433962264,TRUE,1811,Faubourg Blanchot
Province Sud,2026,Nouméa,0048,Ecole Marguerite Arsapin,166.462764,-22.228627,925,536,521,bloc_independantiste,Vote indépendantiste,Indépendantistes,#2f925d,1,117,521,22.456813819577736,TRUE,NA,NA
Province Sud,2026,Nouméa,0049,Ecole Les Pervenches,166.463935144665,-22.2575766179093,896,648,639,bloc_independantiste,Vote indépendantiste,Indépendantistes,#2f925d,1,34,639,5.320813771517997,TRUE,1826,Portes de Fer - Sud
Province Sud,2026,Nouméa,0050,Ecole Albert Perraud,166.467888234029,-22.2619636836771,1545,793,776,bloc_independantiste,Vote indépendantiste,Indépendantistes,#2f925d,1,322,776,41.49484536082474,TRUE,1827,Aérodrome Sud
Province Sud,2026,Nouméa,0051,Ecole Michel Amiot,166.468616034294,-22.2680303864914,1032,752,741,bloc_independantiste,Vote indépendantiste,Indépendantistes,#2f925d,1,72,741,9.7165991902834,TRUE,1817,Magenta Est
Province Sud,2026,Nouméa,0052,Ecole Charles Bichon,166.443767790723,-22.2808132680625,679,471,463,bloc_independantiste,Vote indépendantiste,Indépendantistes,#2f925d,1,24,463,5.183585313174946,TRUE,1809,Orphelinat
Province Sud,2026,Nouméa,0053,Ecole Les Lys,166.443135087106,-22.2929071476207,777,613,603,bloc_independantiste,Vote indépendantiste,Indépendantistes,#2f925d,1,23,603,3.814262023217247,TRUE,1806,Motor Pool - Receiving
Province Sud,2026,Nouméa,0054,Ecole Le petit poucet,166.446452105063,-22.2638462676659,1023,635,619,bloc_independantiste,Vote indépendantiste,Indépendantistes,#2f925d,1,90,619,14.539579967689821,TRUE,1824,Vallée du Tir
Province Sud,2026,Nouméa,0055,Ecole Serge Laigle,166.486016745804,-22.2343408388225,1071,853,847,bloc_independantiste,Vote indépendantiste,Indépendantistes,#2f925d,1,13,847,1.5348288075560803,TRUE,1835,Tina
Province Sud,2026,Nouméa,0056,Ecole Guy Champmoreau,166.452313565802,-22.2892161943525,1306,817,808,bloc_independantiste,Vote indépendantiste,Indépendantistes,#2f925d,1,103,808,12.747524752475247,TRUE,1807,N'Géa
Province Sud,2026,Nouméa,0057,Mairie 3,166.439401925184,-22.2714056104229,62,3,3,bloc_independantiste,Vote indépendantiste,Indépendantistes,#2f925d,1,1,3,33.333333333333336,TRUE,1822,Centre ville
Province Sud,2026,Païta,0001,Arène du sud 1,166.367971,-22.141531,654,360,352,bloc_independantiste,Vote indépendantiste,Indépendantistes,#2f925d,1,85,352,24.147727272727273,TRUE,NA,NA
Province Sud,2026,Païta,0002,Arène du sud 2,166.367971,-22.141531,750,499,496,bloc_independantiste,Vote indépendantiste,Indépendantistes,#2f925d,1,87,496,17.54032258064516,TRUE,NA,NA
Province Sud,2026,Païta,0003,Ecole Robert ABEL 1,166.379189,-22.138498,754,484,475,bloc_independantiste,Vote indépendantiste,Indépendantistes,#2f925d,1,65,475,13.68421052631579,TRUE,NA,NA
Province Sud,2026,Païta,0004,Dock socio-culturel 1,166.366370328351,-22.1294955354086,766,530,518,bloc_independantiste,Vote indépendantiste,Indépendantistes,#2f925d,1,65,518,12.548262548262548,TRUE,2101,Paita centre
Province Sud,2026,Païta,0005,ecole Patrice JEAN 1,166.342408,-22.120368,829,556,537,bloc_independantiste,Vote indépendantiste,Indépendantistes,#2f925d,1,72,537,13.40782122905028,TRUE,NA,NA
Province Sud,2026,Païta,0006,Mairie,166.361658608639,-22.1291986951984,828,551,544,bloc_independantiste,Vote indépendantiste,Indépendantistes,#2f925d,1,219,544,40.25735294117647,TRUE,2101,Paita centre
Province Sud,2026,Païta,0007,Ecole Patrice JEAN 2,166.342408,-22.120368,830,528,517,bloc_independantiste,Vote indépendantiste,Indépendantistes,#2f925d,1,75,517,14.506769825918763,TRUE,NA,NA
Province Sud,2026,Païta,0008,Ecole Patrice JEAN 3,166.342408,-22.120368,866,572,558,bloc_independantiste,Vote indépendantiste,Indépendantistes,#2f925d,1,84,558,15.053763440860216,TRUE,NA,NA
Province Sud,2026,Païta,0009,Dock socio-culturel 2,166.36637,-22.1295,840,483,470,bloc_independantiste,Vote indépendantiste,Indépendantistes,#2f925d,1,113,470,24.04255319148936,TRUE,NA,NA
Province Sud,2026,Païta,0010,Dock socio-culturel 3,166.36637,-22.1295,939,555,539,bloc_independantiste,Vote indépendantiste,Indépendantistes,#2f925d,1,120,539,22.263450834879407,TRUE,NA,NA
Province Sud,2026,Païta,0011,Dock socio-culturel 4,166.36637,-22.1295,817,568,558,bloc_independantiste,Vote indépendantiste,Indépendantistes,#2f925d,1,91,558,16.308243727598565,TRUE,NA,NA
Province Sud,2026,Païta,0012,Dock socio-culturel 5,166.36637,-22.1295,703,493,482,bloc_independantiste,Vote indépendantiste,Indépendantistes,#2f925d,1,61,482,12.655601659751037,TRUE,NA,NA
Province Sud,2026,Païta,0013,Ecole Henri Martinet 1,166.22357,-22.011002,715,447,430,bloc_independantiste,Vote indépendantiste,Indépendantistes,#2f925d,1,85,430,19.767441860465116,TRUE,NA,NA
Province Sud,2026,Païta,0014,Ecole Henri Martinet 2,166.22357,-22.011002,592,400,393,bloc_independantiste,Vote indépendantiste,Indépendantistes,#2f925d,1,245,393,62.340966921119595,TRUE,NA,NA
Province Sud,2026,Païta,0015,Ecole Henri Martinet 3,166.22357,-22.011002,667,423,414,bloc_independantiste,Vote indépendantiste,Indépendantistes,#2f925d,1,50,414,12.077294685990339,TRUE,NA,NA
Province Sud,2026,Païta,0016,Ecole Robert ABEL 2,166.379189029935,-22.1384982889128,598,473,466,bloc_independantiste,Vote indépendantiste,Indépendantistes,#2f925d,1,15,466,3.218884120171674,TRUE,2103,Nogouta-Les 3 Vallées
Province Sud,2026,Païta,0017,Ecole Robert ABEL 3,166.379189029935,-22.1384982889128,993,668,657,bloc_independantiste,Vote indépendantiste,Indépendantistes,#2f925d,1,111,657,16.894977168949772,TRUE,2103,Nogouta-Les 3 Vallées
Province Sud,2026,Païta,0018,Ecole Patrice JEAN 4,166.342408,-22.120368,1052,689,673,bloc_independantiste,Vote indépendantiste,Indépendantistes,#2f925d,1,123,673,18.27637444279346,TRUE,NA,NA
Province Sud,2026,Païta,0019,Ecole Henri Martinet 4,166.22357,-22.011002,562,381,370,bloc_independantiste,Vote indépendantiste,Indépendantistes,#2f925d,1,35,370,9.45945945945946,TRUE,NA,NA
Province Sud,2026,Poya Sud,0005,Maison commune de Moindah,165.2454695470807,-21.4084575263513,202,163,162,bloc_independantiste,Vote indépendantiste,Indépendantistes,#2f925d,1,6,162,3.7037037037037037,TRUE,2706,Poya Sud
Province Sud,2026,Sarraméa,0001,Mairie,165.85386596919105,-21.642344787633757,533,364,356,bloc_independantiste,Vote indépendantiste,Indépendantistes,#2f925d,1,234,356,65.73033707865169,TRUE,2801,Sarraméa
Province Sud,2026,Thio,0001,Mairie,166.21553174553168,-21.610374938390603,870,574,564,bloc_independantiste,Vote indépendantiste,Indépendantistes,#2f925d,1,330,564,58.51063829787234,TRUE,2901,Thio village
Province Sud,2026,Thio,0002,Mairie (annexe),166.21553174553168,-21.610374938390603,615,374,373,bloc_independantiste,Vote indépendantiste,Indépendantistes,#2f925d,1,287,373,76.94369973190348,TRUE,2901,Thio village
Province Sud,2026,Thio,0003,Grand Borendy,166.45075740277505,-21.738718340168145,312,194,191,bloc_independantiste,Vote indépendantiste,Indépendantistes,#2f925d,1,162,191,84.81675392670157,TRUE,2902,Ouindo Borendy
Province Sud,2026,Thio,0004,Saint-Pierre,166.14983539215794,-21.67410856554519,481,289,287,bloc_independantiste,Vote indépendantiste,Indépendantistes,#2f925d,1,236,287,82.22996515679442,TRUE,2902,Ouindo Borendy
Province Sud,2026,Yaté,0001,Mairie,166.94326054599946,-22.16058963447543,303,211,209,bloc_independantiste,Vote indépendantiste,Indépendantistes,#2f925d,1,173,209,82.77511961722487,TRUE,3201,Waho Touaourou Goro
Province Sud,2026,Yaté,0002,Mairie (Waho central),166.94326,-22.16058,484,347,347,bloc_independantiste,Vote indépendantiste,Indépendantistes,#2f925d,1,330,347,95.10086455331412,TRUE,NA,NA
Province Sud,2026,Yaté,0003,Goro,167.0163659290303,-22.286011229502463,242,165,165,bloc_independantiste,Vote indépendantiste,Indépendantistes,#2f925d,1,132,165,80,TRUE,3201,Waho Touaourou Goro
Province Sud,2026,Yaté,0004,Unia,166.89998901288348,-22.06107261844911,793,585,581,bloc_independantiste,Vote indépendantiste,Indépendantistes,#2f925d,1,509,581,87.60757314974182,TRUE,3202,Unia Ouinné
Province Sud,2019,Boulouparis,0001,Mairie,166.047711423762,-21.8654175541592,1514,1017,990,loyaliste,Droite loyaliste,Loyalistes,#305f9f,2,417,990,42.121212121212125,TRUE,201,Boulouparis village
Province Sud,2019,Boulouparis,0002,Centre Culturel,166.049037015845,-21.8654352350015,1145,818,804,loyaliste,Droite loyaliste,Loyalistes,#305f9f,2,418,804,51.99004975124378,TRUE,201,Boulouparis village
Province Sud,2019,Bourail,0001,Mairie,165.497503614793,-21.5680444203004,604,425,418,loyaliste,Droite loyaliste,Loyalistes,#305f9f,2,141,418,33.73205741626794,TRUE,301,Bourail village
Province Sud,2019,Bourail,0002,Pothé,165.491900847299,-21.4547330481005,801,456,443,loyaliste,Droite loyaliste,Loyalistes,#305f9f,2,14,443,3.160270880361174,TRUE,305,Ny
Province Sud,2019,Bourail,0003,Colisée,165.49385205691,-21.5656940047007,854,619,595,loyaliste,Droite loyaliste,Loyalistes,#305f9f,2,253,595,42.52100840336134,TRUE,301,Bourail village
Province Sud,2019,Bourail,0004,Ecole Les Lys D'Eau,165.49748641875,-21.5730483252455,841,600,587,loyaliste,Droite loyaliste,Loyalistes,#305f9f,2,273,587,46.5076660988075,TRUE,301,Bourail village
Province Sud,2019,Bourail,0005,Ecole Louise Michel,165.497379452405,-21.57045570157,849,586,562,loyaliste,Droite loyaliste,Loyalistes,#305f9f,2,242,562,43.06049822064057,TRUE,301,Bourail village
Province Sud,2019,Dumbéa,0001,Hôtel de Ville 1,166.457501065839,-22.1675460417822,805,583,574,loyaliste,Droite loyaliste,Loyalistes,#305f9f,2,353,574,61.498257839721255,TRUE,512,Plaine de Koé
Province Sud,2019,Dumbéa,0002,Hôtel de Ville 2,166.457501065839,-22.1675460417822,646,424,412,loyaliste,Droite loyaliste,Loyalistes,#305f9f,2,94,412,22.815533980582526,TRUE,512,Plaine de Koé
Province Sud,2019,Dumbéa,0003,Hôtel de Ville 3,166.457501065839,-22.1675460417822,692,462,443,loyaliste,Droite loyaliste,Loyalistes,#305f9f,2,116,443,26.18510158013544,TRUE,512,Plaine de Koé
Province Sud,2019,Dumbéa,0004,Ecole primaire Mainguet 1,166.474584305922,-22.2148395317313,734,484,468,loyaliste,Droite loyaliste,Loyalistes,#305f9f,2,142,468,30.34188034188034,TRUE,501,Coeur de ville urbain
Province Sud,2019,Dumbéa,0005,Ecole primaire Mainguet 2,166.474584305922,-22.2148395317313,600,353,335,loyaliste,Droite loyaliste,Loyalistes,#305f9f,2,67,335,20,TRUE,501,Coeur de ville urbain
Province Sud,2019,Dumbéa,0006,Maison de la Jeunesse 1,166.474913290828,-22.2056811434969,741,540,519,loyaliste,Droite loyaliste,Loyalistes,#305f9f,2,195,519,37.57225433526011,TRUE,507,Jacarandas II
Province Sud,2019,Dumbéa,0007,Maison de la Jeunesse 2,166.474913290828,-22.2056811434969,709,492,479,loyaliste,Droite loyaliste,Loyalistes,#305f9f,2,206,479,43.0062630480167,TRUE,507,Jacarandas II
Province Sud,2019,Dumbéa,0008,Centre Culturel de Dumbéa 1,166.474126141924,-22.2081759337081,761,507,494,loyaliste,Droite loyaliste,Loyalistes,#305f9f,2,115,494,23.279352226720647,TRUE,503,Koutio Secal
Province Sud,2019,Dumbéa,0009,Centre Culturel de Dumbéa 2,166.474126141924,-22.2081759337081,784,543,515,loyaliste,Droite loyaliste,Loyalistes,#305f9f,2,124,515,24.07766990291262,TRUE,503,Koutio Secal
Province Sud,2019,Dumbéa,0010,Centre Culturel de Dumbéa 3,166.474126141924,-22.2081759337081,630,441,423,loyaliste,Droite loyaliste,Loyalistes,#305f9f,2,182,423,43.026004728132385,TRUE,503,Koutio Secal
Province Sud,2019,Dumbéa,0011,Ecole primaire Gustave Clain 1,166.460870510376,-22.2089353285944,699,479,463,loyaliste,Droite loyaliste,Loyalistes,#305f9f,2,140,463,30.237580993520517,TRUE,504,Koutio érudits
Province Sud,2019,Dumbéa,0012,Ecole primaire Gustave Clain 2,166.460870510376,-22.2089353285944,625,428,413,loyaliste,Droite loyaliste,Loyalistes,#305f9f,2,140,413,33.898305084745765,TRUE,504,Koutio érudits
Province Sud,2019,Dumbéa,0013,Ecole maternelle l'Oasis 1,166.461460951246,-22.2085634346196,679,502,488,loyaliste,Droite loyaliste,Loyalistes,#305f9f,2,223,488,45.69672131147541,TRUE,504,Koutio érudits
Province Sud,2019,Dumbéa,0014,Ecole maternelle l'Oasis 2,166.461460951246,-22.2085634346196,634,451,429,loyaliste,Droite loyaliste,Loyalistes,#305f9f,2,139,429,32.4009324009324,TRUE,504,Koutio érudits
Province Sud,2019,Dumbéa,0015,Groupe scolaire Michelle Delacharlerie-Rolly 1,166.445998676866,-22.2013803961715,425,336,327,loyaliste,Droite loyaliste,Loyalistes,#305f9f,2,201,327,61.46788990825688,TRUE,510,Dumbéa/mer Ouest
Province Sud,2019,Dumbéa,0016,Groupe scolaire Michelle Delacharlerie-Rolly 2,166.445998676866,-22.2013803961715,496,336,321,loyaliste,Droite loyaliste,Loyalistes,#305f9f,2,82,321,25.54517133956386,TRUE,510,Dumbéa/mer Ouest
Province Sud,2019,Dumbéa,0017,Groupe scolaire Renée Fong 1,166.44418672502,-22.192372203396,499,368,359,loyaliste,Droite loyaliste,Loyalistes,#305f9f,2,203,359,56.54596100278552,TRUE,511,Dumbea/mer Est - Plaine Adam
Province Sud,2019,Dumbéa,0018,Groupe scolaire Renée Fong 2,166.44418672502,-22.192372203396,602,426,405,loyaliste,Droite loyaliste,Loyalistes,#305f9f,2,83,405,20.493827160493826,TRUE,511,Dumbea/mer Est - Plaine Adam
Province Sud,2019,Dumbéa,0019,Mairie du Nord 1,166.457501065839,-22.1675460417822,638,447,437,loyaliste,Droite loyaliste,Loyalistes,#305f9f,2,221,437,50.5720823798627,TRUE,512,Plaine de Koé
Province Sud,2019,Dumbéa,0020,Mairie du Nord 2,166.457501065839,-22.1675460417822,557,411,402,loyaliste,Droite loyaliste,Loyalistes,#305f9f,2,232,402,57.711442786069654,TRUE,512,Plaine de Koé
Province Sud,2019,Dumbéa,0021,Mairie du Nord 3,166.457501065839,-22.1675460417822,594,403,394,loyaliste,Droite loyaliste,Loyalistes,#305f9f,2,153,394,38.83248730964467,TRUE,512,Plaine de Koé
Province Sud,2019,Dumbéa,0022,Ecole primaire Paul Duboisé 1,166.434846490836,-22.1399347171588,767,550,536,loyaliste,Droite loyaliste,Loyalistes,#305f9f,2,249,536,46.45522388059702,TRUE,515,Katiramona Sud
Province Sud,2019,Dumbéa,0023,Ecole primaire Paul Duboisé 2,166.434846490836,-22.1399347171588,734,504,484,loyaliste,Droite loyaliste,Loyalistes,#305f9f,2,133,484,27.479338842975206,TRUE,515,Katiramona Sud
Province Sud,2019,Dumbéa,0024,Ecole maternelle les Colibris,166.436047169124,-22.1394710088392,736,513,492,loyaliste,Droite loyaliste,Loyalistes,#305f9f,2,198,492,40.24390243902439,TRUE,515,Katiramona Sud
Province Sud,2019,Farino,0001,Mairie,165.77595416144513,-21.666848976720875,568,471,454,loyaliste,Droite loyaliste,Loyalistes,#305f9f,2,169,454,37.22466960352423,TRUE,601,Farino
Province Sud,2019,Ile des Pins,0001,Mairie 1,167.495819,-22.66517,971,604,596,loyaliste,Droite loyaliste,Loyalistes,#305f9f,2,121,596,20.302013422818792,TRUE,901,Vao
Province Sud,2019,Ile des Pins,0002,Batiment Communal Point 1,167.495819,-22.66517,741,498,493,loyaliste,Droite loyaliste,Loyalistes,#305f9f,2,78,493,15.821501014198782,TRUE,901,Vao
Province Sud,2019,La Foa,0001,Centre Socio-Culturel 1,165.82495689060195,-21.708500844468237,865,646,624,loyaliste,Droite loyaliste,Loyalistes,#305f9f,2,166,624,26.602564102564102,TRUE,1301,La Foa village
Province Sud,2019,La Foa,0002,Centre Socio Culturel 2,165.82495689060195,-21.708500844468237,677,505,492,loyaliste,Droite loyaliste,Loyalistes,#305f9f,2,128,492,26.016260162601625,TRUE,1301,La Foa village
Province Sud,2019,La Foa,0003,Centre Socio-Culturel 3,165.82495689060195,-21.708500844468237,795,617,597,loyaliste,Droite loyaliste,Loyalistes,#305f9f,2,155,597,25.963149078726968,TRUE,1301,La Foa village
Province Sud,2019,La Foa,0004,Centre Socio-Culturel 4,165.82495689060195,-21.708500844468237,568,437,426,loyaliste,Droite loyaliste,Loyalistes,#305f9f,2,119,426,27.934272300469484,TRUE,1301,La Foa village
Province Sud,2019,Moindou,0001,Mairie,165.67695619871748,-21.69271000327087,755,591,579,loyaliste,Droite loyaliste,Loyalistes,#305f9f,2,141,579,24.352331606217618,TRUE,1601,Moindou
Province Sud,2019,Mont-Dore,0001,Mairie,166.523722376157,-22.2317078297453,640,430,417,loyaliste,Droite loyaliste,Loyalistes,#305f9f,2,145,417,34.77218225419664,TRUE,NA,NA
Province Sud,2019,Mont-Dore,0002,Groupe scolaire Hélène CHANEL,166.485528594387,-22.2217711398288,448,292,279,loyaliste,Droite loyaliste,Loyalistes,#305f9f,2,147,279,52.68817204301075,TRUE,1703,Pont des Fran‡ais
Province Sud,2019,Mont-Dore,0003,Ecole primaire Adolphe BOUTAN,166.841440737558,-22.4256696418669,739,556,536,loyaliste,Droite loyaliste,Loyalistes,#305f9f,2,270,536,50.37313432835821,TRUE,1715,Mouirange - Grand Sud - Ile Ouen
Province Sud,2019,Mont-Dore,0004,Ecole primaire Louis Henri GALINE 1,166.512755378687,-22.2163077194956,747,530,510,loyaliste,Droite loyaliste,Loyalistes,#305f9f,2,216,510,42.35294117647059,TRUE,1705,Robinson Nord
Province Sud,2019,Mont-Dore,0005,Ecole La Rizière 1,166.573975497183,-22.2332233282141,993,563,547,loyaliste,Droite loyaliste,Loyalistes,#305f9f,2,18,547,3.290676416819013,TRUE,1710,La Coulée Nord
Province Sud,2019,Mont-Dore,0006,Ecole primaire du Vallon-Dore,166.571853310489,-22.2757480668132,732,498,482,loyaliste,Droite loyaliste,Loyalistes,#305f9f,2,154,482,31.95020746887967,TRUE,1712,Vallon Dore
Province Sud,2019,Mont-Dore,0007,Ouara (maison commune),166.84029773306233,-22.42316008394107,88,60,59,loyaliste,Droite loyaliste,Loyalistes,#305f9f,2,4,59,6.779661016949152,TRUE,1715,Mouirange - Grand Sud - Ile Ouen
Province Sud,2019,Mont-Dore,0008,Groupe scolaire de Boulari 1,166.520855451452,-22.2274992832452,763,555,543,loyaliste,Droite loyaliste,Loyalistes,#305f9f,2,289,543,53.22283609576427,TRUE,1707,Boulari
Province Sud,2019,Mont-Dore,0009,Mairie Annexe De Plum 1,166.623268718041,-22.2730906933136,858,525,501,loyaliste,Droite loyaliste,Loyalistes,#305f9f,2,112,501,22.355289421157686,TRUE,1714,Plum
Province Sud,2019,Mont-Dore,0010,Ecole La Rizière 2,166.573975497183,-22.2332233282141,785,500,475,loyaliste,Droite loyaliste,Loyalistes,#305f9f,2,137,475,28.842105263157894,TRUE,1710,La Coulée Nord
Province Sud,2019,Mont-Dore,0011,Groupe scolaire de Boulari 2,166.520855451452,-22.2274992832452,702,510,494,loyaliste,Droite loyaliste,Loyalistes,#305f9f,2,211,494,42.71255060728745,TRUE,1707,Boulari
Province Sud,2019,Mont-Dore,0012,Groupe scolaire de Saint-Michel 1,166.529983,-22.224807,613,402,382,loyaliste,Droite loyaliste,Loyalistes,#305f9f,2,113,382,29.581151832460733,TRUE,NA,NA
Province Sud,2019,Mont-Dore,0013,Ecole maternelle Les Fougères,166.841440737558,-22.4256696418669,398,255,249,loyaliste,Droite loyaliste,Loyalistes,#305f9f,2,78,249,31.325301204819276,TRUE,1715,Mouirange - Grand Sud - Ile Ouen
Province Sud,2019,Mont-Dore,0014,Ecole maternelle les Dauphins,166.57252708408,-22.2768294716869,721,505,497,loyaliste,Droite loyaliste,Loyalistes,#305f9f,2,251,497,50.503018108651915,TRUE,1712,Vallon Dore
Province Sud,2019,Mont-Dore,0015,Ecole Maternelle Les Coccinelles,166.56758162382,-22.2502864537601,978,649,617,loyaliste,Droite loyaliste,Loyalistes,#305f9f,2,183,617,29.659643435980552,TRUE,1711,La Coulée Sud
Province Sud,2019,Mont-Dore,0016,Ecole Saint-Joseph de CLUNY,166.499920601202,-22.2239776205159,984,668,644,loyaliste,Droite loyaliste,Loyalistes,#305f9f,2,125,644,19.40993788819876,TRUE,1704,La Conception
Province Sud,2019,Mont-Dore,0017,Ecole primaire Louis Henri GALINE 2,166.512755378687,-22.2163077194956,762,536,521,loyaliste,Droite loyaliste,Loyalistes,#305f9f,2,179,521,34.35700575815739,TRUE,1705,Robinson Nord
Province Sud,2019,Mont-Dore,0018,Groupe scolaire Boulari 3,166.520855451452,-22.2274992832452,770,537,525,loyaliste,Droite loyaliste,Loyalistes,#305f9f,2,247,525,47.04761904761905,TRUE,1707,Boulari
Province Sud,2019,Mont-Dore,0019,Groupe scolaire Saint-Michel 2,166.529983,-22.224807,584,400,378,loyaliste,Droite loyaliste,Loyalistes,#305f9f,2,162,378,42.857142857142854,TRUE,NA,NA
Province Sud,2019,Mont-Dore,0020,Groupe scolaire de Plum,166.640486,-22.277131,513,341,334,loyaliste,Droite loyaliste,Loyalistes,#305f9f,2,129,334,38.622754491017965,TRUE,NA,NA
Province Sud,2019,Mont-Dore,0021,Ecole La Rizière 3,166.573975497183,-22.2332233282141,581,346,332,loyaliste,Droite loyaliste,Loyalistes,#305f9f,2,122,332,36.74698795180723,TRUE,1710,La Coulée Nord
Province Sud,2019,Mont-Dore,0022,Groupe scolaire de la Briqueterie 1,166.566445622614,-22.2625090934915,613,400,387,loyaliste,Droite loyaliste,Loyalistes,#305f9f,2,114,387,29.45736434108527,TRUE,1712,Vallon Dore
Province Sud,2019,Mont-Dore,0023,Groupe scolaire de la Briqueterie 2,166.566445622614,-22.2625090934915,595,393,375,loyaliste,Droite loyaliste,Loyalistes,#305f9f,2,187,375,49.86666666666667,TRUE,1712,Vallon Dore
Province Sud,2019,Mont-Dore,0024,Mairie 2,166.523259425452,-22.2297495527098,445,295,285,loyaliste,Droite loyaliste,Loyalistes,#305f9f,2,147,285,51.578947368421055,TRUE,1707,Boulari
Province Sud,2019,Mont-Dore,0025,Groupe scolaire de Yahoué,166.489906860567,-22.2084828348965,706,488,471,loyaliste,Droite loyaliste,Loyalistes,#305f9f,2,149,471,31.634819532908704,TRUE,1702,Yahoué Sud
Province Sud,2019,Nouméa,0001,Mairie 1,166.439401925184,-22.2714056104229,561,329,321,loyaliste,Droite loyaliste,Loyalistes,#305f9f,2,150,321,46.728971962616825,TRUE,1822,Centre ville
Province Sud,2019,Nouméa,0002,Mairie 2,166.439401925184,-22.2714056104229,871,440,432,loyaliste,Droite loyaliste,Loyalistes,#305f9f,2,144,432,33.333333333333336,TRUE,1822,Centre ville
Province Sud,2019,Nouméa,0003,Ecole Frédéric Surleau,166.446180272936,-22.2732842135737,666,444,435,loyaliste,Droite loyaliste,Loyalistes,#305f9f,2,249,435,57.241379310344826,TRUE,1822,Centre ville
Province Sud,2019,Nouméa,0004,Ecole Marguerite Lefrançois,166.446044574066,-22.2859909097298,685,488,483,loyaliste,Droite loyaliste,Loyalistes,#305f9f,2,342,483,70.80745341614907,TRUE,1809,Orphelinat
Province Sud,2019,Nouméa,0005,Ecole Yvonne Dupont 1,166.442173657352,-22.2926748814035,725,554,547,loyaliste,Droite loyaliste,Loyalistes,#305f9f,2,379,547,69.28702010968921,TRUE,1806,Motor Pool - Receiving
Province Sud,2019,Nouméa,0006,Ecole Eloi Franc 1,166.447826467842,-22.2974281428095,805,540,532,loyaliste,Droite loyaliste,Loyalistes,#305f9f,2,335,532,62.96992481203007,TRUE,1803,Anse Vata Est
Province Sud,2019,Nouméa,0007,Ecole Eloi Franc 2,166.447826467842,-22.2974281428095,708,499,490,loyaliste,Droite loyaliste,Loyalistes,#305f9f,2,341,490,69.59183673469387,TRUE,1803,Anse Vata Est
Province Sud,2019,Nouméa,0008,Ecole Fernande Leriche 1,166.448431376266,-22.2984740950672,635,468,459,loyaliste,Droite loyaliste,Loyalistes,#305f9f,2,316,459,68.84531590413944,TRUE,1803,Anse Vata Est
Province Sud,2019,Nouméa,0009,Ecole Fernande Leriche 2,166.448431376266,-22.2984740950672,814,587,581,loyaliste,Droite loyaliste,Loyalistes,#305f9f,2,388,581,66.78141135972461,TRUE,1803,Anse Vata Est
Province Sud,2019,Nouméa,0010,Ecole Jean Mermoud 1,166.454827725543,-22.2956844604928,726,550,545,loyaliste,Droite loyaliste,Loyalistes,#305f9f,2,368,545,67.5229357798165,TRUE,1807,N'Géa
Province Sud,2019,Nouméa,0011,Ecole Jean Mermoud 2,166.454827725543,-22.2956844604928,820,648,642,loyaliste,Droite loyaliste,Loyalistes,#305f9f,2,504,642,78.50467289719626,TRUE,1807,N'Géa
Province Sud,2019,Nouméa,0012,Ecole Ernest Risbec 1,166.451704940929,-22.2838445188063,767,539,526,loyaliste,Droite loyaliste,Loyalistes,#305f9f,2,344,526,65.39923954372624,TRUE,1808,Trianon
Province Sud,2019,Nouméa,0013,Ecole Ernest Risbec 2,166.451704940929,-22.2838445188063,785,537,525,loyaliste,Droite loyaliste,Loyalistes,#305f9f,2,338,525,64.38095238095238,TRUE,1808,Trianon
Province Sud,2019,Nouméa,0014,Ecole Paul Boyer 1,166.452482969153,-22.2781620536236,665,463,459,loyaliste,Droite loyaliste,Loyalistes,#305f9f,2,277,459,60.348583877995644,TRUE,1811,Faubourg Blanchot
Province Sud,2019,Nouméa,0015,Ecole Les Capucines,166.457228804171,-22.2753677119578,744,566,557,loyaliste,Droite loyaliste,Loyalistes,#305f9f,2,341,557,61.22082585278277,TRUE,1813,Vallée des Colons Sud Ouest
Province Sud,2019,Nouméa,0016,Ecole Candide Koch 1,166.456450040223,-22.2745660873879,767,522,519,loyaliste,Droite loyaliste,Loyalistes,#305f9f,2,309,519,59.53757225433526,TRUE,1813,Vallée des Colons Sud Ouest
Province Sud,2019,Nouméa,0017,Ecole Candide Koch 2,166.456450040223,-22.2745660873879,862,617,608,loyaliste,Droite loyaliste,Loyalistes,#305f9f,2,371,608,61.01973684210526,TRUE,1813,Vallée des Colons Sud Ouest
Province Sud,2019,Nouméa,0018,Ecole Emily Panné 1,166.454860512437,-22.2689261325801,766,536,522,loyaliste,Droite loyaliste,Loyalistes,#305f9f,2,302,522,57.8544061302682,TRUE,1820,Vallée des Colons Nord Est
Province Sud,2019,Nouméa,0019,Ecole Emily Panné 2,166.454860512437,-22.2689261325801,808,528,517,loyaliste,Droite loyaliste,Loyalistes,#305f9f,2,283,517,54.73887814313346,TRUE,1820,Vallée des Colons Nord Est
Province Sud,2019,Nouméa,0020,Ecole Antoinette Charbonneaux,166.46666463723,-22.273716213111,775,579,573,loyaliste,Droite loyaliste,Loyalistes,#305f9f,2,369,573,64.3979057591623,TRUE,1816,Magenta Tours
Province Sud,2019,Nouméa,0021,Ecole Marie Havet 1,166.471138313555,-22.2828880563017,815,611,598,loyaliste,Droite loyaliste,Loyalistes,#305f9f,2,415,598,69.39799331103679,TRUE,1818,Ouémo
Province Sud,2019,Nouméa,0022,Ecole Marie Havet 2,166.471138313555,-22.2828880563017,857,642,635,loyaliste,Droite loyaliste,Loyalistes,#305f9f,2,418,635,65.8267716535433,TRUE,1818,Ouémo
Province Sud,2019,Nouméa,0023,Ecole Chistine Boletti 1,166.465990390657,-22.2661773380247,818,584,569,loyaliste,Droite loyaliste,Loyalistes,#305f9f,2,317,569,55.71177504393673,TRUE,1827,Aérodrome Sud
Province Sud,2019,Nouméa,0024,Ecole Chistine Boletti 2,166.465990390657,-22.2661773380247,915,511,498,loyaliste,Droite loyaliste,Loyalistes,#305f9f,2,195,498,39.1566265060241,TRUE,1827,Aérodrome Sud
Province Sud,2019,Nouméa,0025,Ecole Michel Cacot 1,166.463652223431,-22.2662199324801,888,648,633,loyaliste,Droite loyaliste,Loyalistes,#305f9f,2,421,633,66.5086887835703,TRUE,1826,Portes de Fer - Sud
Province Sud,2019,Nouméa,0026,Ecole Michel Cacot 2,166.463652223431,-22.2662199324801,807,582,571,loyaliste,Droite loyaliste,Loyalistes,#305f9f,2,322,571,56.3922942206655,TRUE,1826,Portes de Fer - Sud
Province Sud,2019,Nouméa,0027,Ecole C. T. de Laubarède,166.445705500987,-22.2640017751327,847,455,436,loyaliste,Droite loyaliste,Loyalistes,#305f9f,2,140,436,32.11009174311926,TRUE,1824,Vallée du Tir
Province Sud,2019,Nouméa,0028,Ecole Gustave Mouchet 1,166.454414703061,-22.2504501881193,946,494,474,loyaliste,Droite loyaliste,Loyalistes,#305f9f,2,59,474,12.447257383966244,TRUE,1828,Portes de Fer - Nord
Province Sud,2019,Nouméa,0029,Ecole Gustave Mouchet 2,166.454414703061,-22.2504501881193,821,394,381,loyaliste,Droite loyaliste,Loyalistes,#305f9f,2,116,381,30.446194225721786,TRUE,1828,Portes de Fer - Nord
Province Sud,2019,Nouméa,0030,Ecole Mathilde Broquet 1,166.467549840387,-22.256293239868,1024,657,639,loyaliste,Droite loyaliste,Loyalistes,#305f9f,2,269,639,42.09702660406886,TRUE,1827,Aérodrome Sud
Province Sud,2019,Nouméa,0031,Ecole Marie Courtot 1,166.470464378859,-22.2425220070829,1056,704,688,loyaliste,Droite loyaliste,Loyalistes,#305f9f,2,293,688,42.58720930232558,TRUE,1834,PK 6 Nord
Province Sud,2019,Nouméa,0032,Ecole Marie Courtot 2,166.470464378859,-22.2425220070829,851,635,620,loyaliste,Droite loyaliste,Loyalistes,#305f9f,2,408,620,65.80645161290323,TRUE,1834,PK 6 Nord
Province Sud,2019,Nouméa,0033,Ecole Suzanne Berton,166.463601949873,-22.2382604330193,926,569,546,loyaliste,Droite loyaliste,Loyalistes,#305f9f,2,114,546,20.87912087912088,TRUE,1833,Riviére Salée Sud
Province Sud,2019,Nouméa,0034,Ecole Les Roses,166.464696,-22.23767,866,587,572,loyaliste,Droite loyaliste,Loyalistes,#305f9f,2,221,572,38.63636363636363,TRUE,NA,NA
Province Sud,2019,Nouméa,0035,Ecole Les Oeillets,166.468679,-22.230344,845,547,531,loyaliste,Droite loyaliste,Loyalistes,#305f9f,2,193,531,36.346516007532955,TRUE,NA,NA
Province Sud,2019,Nouméa,0036,Ecole Jacques Trouillot,166.471000599479,-22.2283599819501,828,546,523,loyaliste,Droite loyaliste,Loyalistes,#305f9f,2,173,523,33.07839388145315,TRUE,1838,Riviére Salée Nord Est
Province Sud,2019,Nouméa,0037,Ecole Mauricette Devambez 1,166.470726,-22.23276,1076,590,566,loyaliste,Droite loyaliste,Loyalistes,#305f9f,2,77,566,13.604240282685513,TRUE,NA,NA
Province Sud,2019,Nouméa,0038,Ecole Mauricette Devambez 2,166.470726,-22.23276,1021,665,650,loyaliste,Droite loyaliste,Loyalistes,#305f9f,2,295,650,45.38461538461539,TRUE,NA,NA
Province Sud,2019,Nouméa,0039,Ecole Adrienne Lomont 1,166.484157216578,-22.2206462260252,698,369,354,loyaliste,Droite loyaliste,Loyalistes,#305f9f,2,111,354,31.35593220338983,TRUE,1840,Normandie Nord
Province Sud,2019,Nouméa,0040,Ecole Adrienne Lomont 2,166.484157216578,-22.2206462260252,1167,755,730,loyaliste,Droite loyaliste,Loyalistes,#305f9f,2,288,730,39.45205479452055,TRUE,1840,Normandie Nord
Province Sud,2019,Nouméa,0041,Ecole Gustave Lods 1,166.435430928496,-22.2381371662114,943,593,568,loyaliste,Droite loyaliste,Loyalistes,#305f9f,2,168,568,29.577464788732396,TRUE,1843,Logicoop
Province Sud,2019,Nouméa,0042,Ecole Gustave Lods 2,166.435430928496,-22.2381371662114,1110,635,614,loyaliste,Droite loyaliste,Loyalistes,#305f9f,2,218,614,35.504885993485345,TRUE,1843,Logicoop
Province Sud,2019,Nouméa,0043,Ecole Daniel Talon,166.429735177846,-22.2343498153878,1486,820,796,loyaliste,Droite loyaliste,Loyalistes,#305f9f,2,156,796,19.597989949748744,TRUE,1843,Logicoop
Province Sud,2019,Nouméa,0044,Ecole Louise Vergès,166.421805,-22.23044,946,502,494,loyaliste,Droite loyaliste,Loyalistes,#305f9f,2,33,494,6.680161943319838,TRUE,NA,NA
Province Sud,2019,Nouméa,0045,Ecole Mathilde Broquet 2,166.467549840387,-22.256293239868,1168,739,728,loyaliste,Droite loyaliste,Loyalistes,#305f9f,2,386,728,53.02197802197802,TRUE,1827,Aérodrome Sud
Province Sud,2019,Nouméa,0046,Ecole Yvonne Dupont 2,166.442173657352,-22.2926748814035,546,413,410,loyaliste,Droite loyaliste,Loyalistes,#305f9f,2,264,410,64.39024390243902,TRUE,1806,Motor Pool - Receiving
Province Sud,2019,Nouméa,0047,Ecole Paul Boyer 2,166.452482969153,-22.2781620536236,737,529,522,loyaliste,Droite loyaliste,Loyalistes,#305f9f,2,340,522,65.13409961685824,TRUE,1811,Faubourg Blanchot
Province Sud,2019,Nouméa,0048,Ecole Marguerite Arsapin,166.462764,-22.228627,844,504,485,loyaliste,Droite loyaliste,Loyalistes,#305f9f,2,148,485,30.515463917525775,TRUE,NA,NA
Province Sud,2019,Nouméa,0049,Ecole Les Pervenches,166.463935144665,-22.2575766179093,835,609,598,loyaliste,Droite loyaliste,Loyalistes,#305f9f,2,359,598,60.03344481605351,TRUE,1826,Portes de Fer - Sud
Province Sud,2019,Nouméa,0050,Ecole Albert Perraud,166.467888234029,-22.2619636836771,1220,664,639,loyaliste,Droite loyaliste,Loyalistes,#305f9f,2,154,639,24.100156494522693,TRUE,1827,Aérodrome Sud
Province Sud,2019,Nouméa,0051,Ecole Michel Amiot,166.468616034294,-22.2680303864914,929,656,643,loyaliste,Droite loyaliste,Loyalistes,#305f9f,2,373,643,58.009331259720064,TRUE,1817,Magenta Est
Province Sud,2019,Nouméa,0052,Ecole Charles Bichon,166.443767790723,-22.2808132680625,575,402,397,loyaliste,Droite loyaliste,Loyalistes,#305f9f,2,236,397,59.44584382871537,TRUE,1809,Orphelinat
Province Sud,2019,Nouméa,0053,Ecole Les Lys,166.443135087106,-22.2929071476207,682,496,493,loyaliste,Droite loyaliste,Loyalistes,#305f9f,2,328,493,66.5314401622718,TRUE,1806,Motor Pool - Receiving
Province Sud,2019,Nouméa,0054,Ecole Le petit poucet,166.446452105063,-22.2638462676659,938,577,562,loyaliste,Droite loyaliste,Loyalistes,#305f9f,2,252,562,44.83985765124555,TRUE,1824,Vallée du Tir
Province Sud,2019,Nouméa,0055,Ecole Serge Laigle,166.486016745804,-22.2343408388225,934,714,702,loyaliste,Droite loyaliste,Loyalistes,#305f9f,2,431,702,61.396011396011396,TRUE,1835,Tina
Province Sud,2019,Nouméa,0056,Ecole Guy Champmoreau,166.452313565802,-22.2892161943525,1168,807,788,loyaliste,Droite loyaliste,Loyalistes,#305f9f,2,438,788,55.58375634517766,TRUE,1807,N'Géa
Province Sud,2019,Nouméa,0057,Mairie 3,166.439401925184,-22.2714056104229,108,19,18,loyaliste,Droite loyaliste,Loyalistes,#305f9f,2,10,18,55.55555555555556,TRUE,1822,Centre ville
Province Sud,2019,Païta,0001,Dock Socioculturel 1,166.366370328351,-22.1294955354086,457,312,304,loyaliste,Droite loyaliste,Loyalistes,#305f9f,2,85,304,27.960526315789473,TRUE,2101,Paita centre
Province Sud,2019,Païta,0002,Dock Socioculturel 2,166.366370328351,-22.1294955354086,618,437,431,loyaliste,Droite loyaliste,Loyalistes,#305f9f,2,69,431,16.009280742459396,TRUE,2101,Paita centre
Province Sud,2019,Païta,0003,Dock Socioculturel 3,166.366370328351,-22.1294955354086,640,433,425,loyaliste,Droite loyaliste,Loyalistes,#305f9f,2,136,425,32,TRUE,2101,Paita centre
Province Sud,2019,Païta,0004,Dock Socioculturel 4,166.366370328351,-22.1294955354086,345,242,233,loyaliste,Droite loyaliste,Loyalistes,#305f9f,2,117,233,50.21459227467811,TRUE,2101,Paita centre
Province Sud,2019,Païta,0005,Dock Socioculturel 5,166.366370328351,-22.1294955354086,712,506,486,loyaliste,Droite loyaliste,Loyalistes,#305f9f,2,196,486,40.32921810699588,TRUE,2101,Paita centre
Province Sud,2019,Païta,0006,Mairie,166.361658608639,-22.1291986951984,702,430,425,loyaliste,Droite loyaliste,Loyalistes,#305f9f,2,153,425,36,TRUE,2101,Paita centre
Province Sud,2019,Païta,0007,Ecole Vi Vete,166.356291724406,-22.134484419519,731,494,478,loyaliste,Droite loyaliste,Loyalistes,#305f9f,2,105,478,21.96652719665272,TRUE,2101,Paita centre
Province Sud,2019,Païta,0008,Ecole James Paddon,166.359353160601,-22.1337644237458,700,476,469,loyaliste,Droite loyaliste,Loyalistes,#305f9f,2,219,469,46.695095948827294,TRUE,2101,Paita centre
Province Sud,2019,Païta,0009,Ecole Élémentaire Les Scheffleras - 1,166.36989887391,-22.1257398247667,698,404,383,loyaliste,Droite loyaliste,Loyalistes,#305f9f,2,62,383,16.18798955613577,TRUE,2102,Scheffleras
Province Sud,2019,Païta,0010,Ecole Élémentaire Les Scheffleras - 2,166.36989887391,-22.1257398247667,734,480,461,loyaliste,Droite loyaliste,Loyalistes,#305f9f,2,115,461,24.945770065075923,TRUE,2102,Scheffleras
Province Sud,2019,Païta,0011,Ecole Maternelle Les Scheffleras - 1,166.36989887391,-22.1257398247667,721,504,494,loyaliste,Droite loyaliste,Loyalistes,#305f9f,2,126,494,25.506072874493928,TRUE,2102,Scheffleras
Province Sud,2019,Païta,0012,Ecole Maternelle Les Scheffleras - 2,166.36989887391,-22.1257398247667,557,392,382,loyaliste,Droite loyaliste,Loyalistes,#305f9f,2,171,382,44.76439790575916,TRUE,2102,Scheffleras
Province Sud,2019,Païta,0013,Ecole primaire Jean Ounou COTTIN 1,166.265966445473,-22.0605318544913,738,479,458,loyaliste,Droite loyaliste,Loyalistes,#305f9f,2,173,458,37.77292576419214,TRUE,2106,Tamoa Bangou Saint Laurent
Province Sud,2019,Païta,0014,Ecole primaire Jean Ounou COTTIN 2,166.265966445473,-22.0605318544913,761,492,482,loyaliste,Droite loyaliste,Loyalistes,#305f9f,2,85,482,17.634854771784234,TRUE,2106,Tamoa Bangou Saint Laurent
Province Sud,2019,Païta,0015,Tontouta,166.22014428712,-22.0130384994051,556,388,377,loyaliste,Droite loyaliste,Loyalistes,#305f9f,2,142,377,37.6657824933687,TRUE,2107,Tontouta Tiaré
Province Sud,2019,Païta,0016,Ecole Robert ABEL 1,166.379189029935,-22.1384982889128,471,389,380,loyaliste,Droite loyaliste,Loyalistes,#305f9f,2,245,380,64.47368421052632,TRUE,2103,Nogouta-Les 3 Vallées
Province Sud,2019,Païta,0017,Ecole Robert ABEL 2,166.379189029935,-22.1384982889128,553,357,347,loyaliste,Droite loyaliste,Loyalistes,#305f9f,2,115,347,33.14121037463977,TRUE,2103,Nogouta-Les 3 Vallées
Province Sud,2019,Poya Sud,0005,Mairie 2,165.2454695470807,-21.4084575263513,164,133,131,loyaliste,Droite loyaliste,Loyalistes,#305f9f,2,70,131,53.43511450381679,TRUE,2706,Poya Sud
Province Sud,2019,Sarraméa,0001,Mairie,165.85386596919105,-21.642344787633757,502,365,358,loyaliste,Droite loyaliste,Loyalistes,#305f9f,2,29,358,8.100558659217876,TRUE,2801,Sarraméa
Province Sud,2019,Thio,0001,Mairie 1,166.21553174553168,-21.610374938390603,784,489,478,loyaliste,Droite loyaliste,Loyalistes,#305f9f,2,52,478,10.878661087866108,TRUE,2901,Thio village
Province Sud,2019,Thio,0002,Mairie 2,166.21553174553168,-21.610374938390603,560,319,316,loyaliste,Droite loyaliste,Loyalistes,#305f9f,2,5,316,1.5822784810126582,TRUE,2901,Thio village
Province Sud,2019,Thio,0003,Grand Borendy,166.45075740277505,-21.738718340168145,305,167,164,loyaliste,Droite loyaliste,Loyalistes,#305f9f,2,0,164,0,TRUE,2902,Ouindo Borendy
Province Sud,2019,Thio,0004,Saint-Pierre,166.14983539215794,-21.67410856554519,442,251,248,loyaliste,Droite loyaliste,Loyalistes,#305f9f,2,2,248,0.8064516129032258,TRUE,2902,Ouindo Borendy
Province Sud,2019,Yaté,0001,Mairie,166.94326054599946,-22.16058963447543,274,197,195,loyaliste,Droite loyaliste,Loyalistes,#305f9f,2,8,195,4.102564102564102,TRUE,3201,Waho Touaourou Goro
Province Sud,2019,Yaté,0002,Touaourou,166.97497872151834,-22.190244269832505,461,305,302,loyaliste,Droite loyaliste,Loyalistes,#305f9f,2,5,302,1.6556291390728477,TRUE,3201,Waho Touaourou Goro
Province Sud,2019,Yaté,0003,Goro,167.0163659290303,-22.286011229502463,219,159,158,loyaliste,Droite loyaliste,Loyalistes,#305f9f,2,5,158,3.1645569620253164,TRUE,3201,Waho Touaourou Goro
Province Sud,2019,Yaté,0004,Unia,166.89998901288348,-22.06107261844911,750,542,538,loyaliste,Droite loyaliste,Loyalistes,#305f9f,2,8,538,1.486988847583643,TRUE,3202,Unia Ouinné
Province Sud,2026,Boulouparis,0001,Mairie,166.047711423762,-21.8654175541592,880,599,580,loyaliste,Droite loyaliste,Loyalistes,#305f9f,2,271,580,46.724137931034484,TRUE,201,Boulouparis village
Province Sud,2026,Boulouparis,0002,Maison des associations du village de Boulouparis,166.047083,-21.865589,714,578,570,loyaliste,Droite loyaliste,Loyalistes,#305f9f,2,406,570,71.2280701754386,TRUE,NA,NA
Province Sud,2026,Boulouparis,0003,Centre culturel de Boulouparis,166.049037,-21.865435,762,587,577,loyaliste,Droite loyaliste,Loyalistes,#305f9f,2,360,577,62.39168110918544,TRUE,NA,NA
Province Sud,2026,Boulouparis,0004,Maison des associations du village de Tomo,166.15105,-21.95844,716,492,470,loyaliste,Droite loyaliste,Loyalistes,#305f9f,2,202,470,42.97872340425532,TRUE,NA,NA
Province Sud,2026,Bourail,0001,Mairie,165.497503614793,-21.5680444203004,886,605,593,loyaliste,Droite loyaliste,Loyalistes,#305f9f,2,322,593,54.30016863406408,TRUE,301,Bourail village
Province Sud,2026,Bourail,0002,Pothé,165.491900847299,-21.4547330481005,900,535,526,loyaliste,Droite loyaliste,Loyalistes,#305f9f,2,15,526,2.8517110266159698,TRUE,305,Ny
Province Sud,2026,Bourail,0003,Colisée 1,165.49385205691,-21.5656940047007,934,718,700,loyaliste,Droite loyaliste,Loyalistes,#305f9f,2,431,700,61.57142857142857,TRUE,301,Bourail village
Province Sud,2026,Bourail,0004,Ecole Les Lys D'Eau,165.49748641875,-21.5730483252455,805,585,574,loyaliste,Droite loyaliste,Loyalistes,#305f9f,2,359,574,62.54355400696864,TRUE,301,Bourail village
Province Sud,2026,Bourail,0005,Colisée 2,165.493852,-21.565694,936,663,650,loyaliste,Droite loyaliste,Loyalistes,#305f9f,2,406,650,62.46153846153846,TRUE,NA,NA
Province Sud,2026,Dumbéa,0001,Hôtel de Ville 1,166.457501065839,-22.1675460417822,903,632,621,loyaliste,Droite loyaliste,Loyalistes,#305f9f,2,443,621,71.33655394524959,TRUE,512,Plaine de Koé
Province Sud,2026,Dumbéa,0002,Hôtel de Ville 2,166.457501065839,-22.1675460417822,887,534,527,loyaliste,Droite loyaliste,Loyalistes,#305f9f,2,178,527,33.776091081593925,TRUE,512,Plaine de Koé
Province Sud,2026,Dumbéa,0003,Hôtel de Ville 3,166.457501065839,-22.1675460417822,1009,613,596,loyaliste,Droite loyaliste,Loyalistes,#305f9f,2,181,596,30.369127516778523,TRUE,512,Plaine de Koé
Province Sud,2026,Dumbéa,0004,Salle omnisports d'Auteuil Ernest Chambonnier 1,166.475894,-22.206094,974,591,585,loyaliste,Droite loyaliste,Loyalistes,#305f9f,2,213,585,36.41025641025641,TRUE,NA,NA
Province Sud,2026,Dumbéa,0005,Salle omnisports d'Auteuil Ernest Chambonnier 2,166.475894,-22.206094,643,330,317,loyaliste,Droite loyaliste,Loyalistes,#305f9f,2,83,317,26.182965299684543,TRUE,NA,NA
Province Sud,2026,Dumbéa,0006,Salle omnisports d'Auteuil Ernest Chambonnier 3,166.475894,-22.206094,785,469,453,loyaliste,Droite loyaliste,Loyalistes,#305f9f,2,134,453,29.58057395143488,TRUE,NA,NA
Province Sud,2026,Dumbéa,0007,Salle omnisports d'Auteuil Ernest Chambonnier 4,166.475894,-22.206094,998,617,600,loyaliste,Droite loyaliste,Loyalistes,#305f9f,2,185,600,30.833333333333332,TRUE,NA,NA
Province Sud,2026,Dumbéa,0008,Salle omnisports d'Auteuil Ernest Chambonnier 5,166.475894,-22.206094,765,515,498,loyaliste,Droite loyaliste,Loyalistes,#305f9f,2,269,498,54.01606425702811,TRUE,NA,NA
Province Sud,2026,Dumbéa,0009,Salle omnisports d'Auteuil Ernest Chambonnier 6,166.475894,-22.206094,398,211,209,loyaliste,Droite loyaliste,Loyalistes,#305f9f,2,48,209,22.966507177033492,TRUE,NA,NA
Province Sud,2026,Dumbéa,0010,Maison de la Jeunesse 1,166.474913,-22.205681,878,605,588,loyaliste,Droite loyaliste,Loyalistes,#305f9f,2,301,588,51.19047619047619,TRUE,NA,NA
Province Sud,2026,Dumbéa,0011,Maison de la Jeunesse 2,166.474913,-22.205681,782,540,530,loyaliste,Droite loyaliste,Loyalistes,#305f9f,2,315,530,59.43396226415094,TRUE,NA,NA
Province Sud,2026,Dumbéa,0012,Ecole primaire Gustave Clain 1,166.460870510376,-22.2089353285944,868,523,511,loyaliste,Droite loyaliste,Loyalistes,#305f9f,2,235,511,45.98825831702544,TRUE,504,Koutio érudits
Province Sud,2026,Dumbéa,0013,Ecole primaire Gustave Clain 2,166.460871,-22.208935,821,492,484,loyaliste,Droite loyaliste,Loyalistes,#305f9f,2,209,484,43.18181818181818,TRUE,NA,NA
Province Sud,2026,Dumbéa,0014,Ecole maternelle l'Oasis 1,166.461460951246,-22.2085634346196,727,501,494,loyaliste,Droite loyaliste,Loyalistes,#305f9f,2,270,494,54.65587044534413,TRUE,504,Koutio érudits
Province Sud,2026,Dumbéa,0015,Ecole maternelle l'Oasis 2,166.461461,-22.208563,739,487,474,loyaliste,Droite loyaliste,Loyalistes,#305f9f,2,225,474,47.46835443037975,TRUE,NA,NA
Province Sud,2026,Dumbéa,0016,Groupe scolaire Michelle Delacharlerie-Rolly 1,166.445998676866,-22.2013803961715,648,383,371,loyaliste,Droite loyaliste,Loyalistes,#305f9f,2,121,371,32.61455525606469,TRUE,510,Dumbéa/mer Ouest
Province Sud,2026,Dumbéa,0017,Groupe scolaire Michelle Delacharlerie-Rolly 2,166.445999,-22.20138,778,402,394,loyaliste,Droite loyaliste,Loyalistes,#305f9f,2,91,394,23.096446700507613,TRUE,NA,NA
Province Sud,2026,Dumbéa,0018,Groupe scolaire Renée Fong 1,166.44418672502,-22.192372203396,840,601,590,loyaliste,Droite loyaliste,Loyalistes,#305f9f,2,387,590,65.59322033898304,TRUE,511,Dumbea/mer Est - Plaine Adam
Province Sud,2026,Dumbéa,0019,Groupe scolaire Renée Fong 2,166.444187,-22.192372,1223,724,712,loyaliste,Droite loyaliste,Loyalistes,#305f9f,2,186,712,26.123595505617978,TRUE,NA,NA
Province Sud,2026,Dumbéa,0020,Mairie du Nord 1,166.457501065839,-22.1675460417822,714,491,484,loyaliste,Droite loyaliste,Loyalistes,#305f9f,2,327,484,67.56198347107438,TRUE,512,Plaine de Koé
Province Sud,2026,Dumbéa,0021,Mairie du Nord 2,166.457501065839,-22.1675460417822,652,493,486,loyaliste,Droite loyaliste,Loyalistes,#305f9f,2,322,486,66.2551440329218,TRUE,512,Plaine de Koé
Province Sud,2026,Dumbéa,0022,Mairie du Nord 3,166.457501,-22.167546,715,433,421,loyaliste,Droite loyaliste,Loyalistes,#305f9f,2,188,421,44.65558194774347,TRUE,NA,NA
Province Sud,2026,Dumbéa,0023,Ecole primaire Paul Duboisé 1,166.434846490836,-22.1399347171588,905,645,635,loyaliste,Droite loyaliste,Loyalistes,#305f9f,2,389,635,61.25984251968504,TRUE,515,Katiramona Sud
Province Sud,2026,Dumbéa,0024,Ecole primaire Paul Duboisé 2,166.434846,-22.139935,827,512,489,loyaliste,Droite loyaliste,Loyalistes,#305f9f,2,184,489,37.627811860940696,TRUE,NA,NA
Province Sud,2026,Dumbéa,0025,Ecole maternelle les Colibris,166.436047169124,-22.1394710088392,802,516,508,loyaliste,Droite loyaliste,Loyalistes,#305f9f,2,267,508,52.55905511811024,TRUE,515,Katiramona Sud
Province Sud,2026,Dumbéa,0026,Groupe scolaire Frédéric-Louis Dorbritz 1,166.437530865088,-22.1944939226253,629,494,490,loyaliste,Droite loyaliste,Loyalistes,#305f9f,2,353,490,72.04081632653062,TRUE,510,Dumbéa/mer Ouest
Province Sud,2026,Farino,0001,Mairie,165.77595416144513,-21.666848976720875,635,500,481,loyaliste,Droite loyaliste,Loyalistes,#305f9f,2,293,481,60.91476091476091,TRUE,601,Farino
Province Sud,2026,Ile des Pins,0001,Mairie 1,167.495819,-22.66517,1030,586,583,loyaliste,Droite loyaliste,Loyalistes,#305f9f,2,77,583,13.20754716981132,TRUE,901,Vao
Province Sud,2026,Ile des Pins,0002,Batiment Communal Point 1,167.495819,-22.66517,825,502,499,loyaliste,Droite loyaliste,Loyalistes,#305f9f,2,36,499,7.214428857715431,TRUE,901,Vao
Province Sud,2026,La Foa,0001,Centre Socio-Culturel 1,165.82495689060195,-21.708500844468237,866,618,609,loyaliste,Droite loyaliste,Loyalistes,#305f9f,2,264,609,43.34975369458128,TRUE,1301,La Foa village
Province Sud,2026,La Foa,0002,Centre Socio Culturel 2,165.82495689060195,-21.708500844468237,775,587,577,loyaliste,Droite loyaliste,Loyalistes,#305f9f,2,236,577,40.901213171577126,TRUE,1301,La Foa village
Province Sud,2026,La Foa,0003,Centre Socio-Culturel 3,165.82495689060195,-21.708500844468237,767,583,575,loyaliste,Droite loyaliste,Loyalistes,#305f9f,2,243,575,42.26086956521739,TRUE,1301,La Foa village
Province Sud,2026,La Foa,0004,Centre Socio-Culturel 4,165.82495689060195,-21.708500844468237,753,544,530,loyaliste,Droite loyaliste,Loyalistes,#305f9f,2,211,530,39.81132075471698,TRUE,1301,La Foa village
Province Sud,2026,Moindou,0001,Mairie,165.67695619871748,-21.69271000327087,819,614,604,loyaliste,Droite loyaliste,Loyalistes,#305f9f,2,264,604,43.70860927152318,TRUE,1601,Moindou
Province Sud,2026,Mont-Dore,0001,Mairie de BOULARI,166.523722376157,-22.2317078297453,830,509,498,loyaliste,Droite loyaliste,Loyalistes,#305f9f,2,225,498,45.18072289156626,TRUE,NA,NA
Province Sud,2026,Mont-Dore,0002,Groupe scolaire Hélène CHANEL,166.485528594387,-22.2217711398288,575,399,389,loyaliste,Droite loyaliste,Loyalistes,#305f9f,2,241,389,61.95372750642674,TRUE,1703,Pont des Fran‡ais
Province Sud,2026,Mont-Dore,0003,Ecole primaire Adolphe BOUTAN,166.841440737558,-22.4256696418669,801,617,600,loyaliste,Droite loyaliste,Loyalistes,#305f9f,2,379,600,63.166666666666664,TRUE,1715,Mouirange - Grand Sud - Ile Ouen
Province Sud,2026,Mont-Dore,0004,Ecole primaire Louis Henri GALINE 1,166.512755378687,-22.2163077194956,828,568,546,loyaliste,Droite loyaliste,Loyalistes,#305f9f,2,258,546,47.252747252747255,TRUE,1705,Robinson Nord
Province Sud,2026,Mont-Dore,0005,Ecole La Rizière 1,166.573975497183,-22.2332233282141,1112,686,662,loyaliste,Droite loyaliste,Loyalistes,#305f9f,2,11,662,1.661631419939577,TRUE,1710,La Coulée Nord
Province Sud,2026,Mont-Dore,0006,Ecole primaire du Vallon-Dore,166.571853310489,-22.2757480668132,807,545,524,loyaliste,Droite loyaliste,Loyalistes,#305f9f,2,267,524,50.954198473282446,TRUE,1712,Vallon Dore
Province Sud,2026,Mont-Dore,0007,Groupe scolaire de Plum,166.640486,-22.277131,720,440,432,loyaliste,Droite loyaliste,Loyalistes,#305f9f,2,168,432,38.888888888888886,TRUE,NA,NA
Province Sud,2026,Mont-Dore,0008,Groupe scolaire de Boulari 1,166.520855451452,-22.2274992832452,871,612,600,loyaliste,Droite loyaliste,Loyalistes,#305f9f,2,385,600,64.16666666666667,TRUE,1707,Boulari
Province Sud,2026,Mont-Dore,0009,Mairie Annexe De Plum 1,166.623268718041,-22.2730906933136,988,542,510,loyaliste,Droite loyaliste,Loyalistes,#305f9f,2,172,510,33.72549019607843,TRUE,1714,Plum
Province Sud,2026,Mont-Dore,0010,Ecole La Rizière 2,166.573975497183,-22.2332233282141,952,558,538,loyaliste,Droite loyaliste,Loyalistes,#305f9f,2,194,538,36.059479553903344,TRUE,1710,La Coulée Nord
Province Sud,2026,Mont-Dore,0011,Groupe scolaire de Boulari 2,166.520855451452,-22.2274992832452,709,516,507,loyaliste,Droite loyaliste,Loyalistes,#305f9f,2,323,507,63.70808678500986,TRUE,1707,Boulari
Province Sud,2026,Mont-Dore,0012,Groupe scolaire de Saint-Michel 1,166.529983,-22.224807,757,476,459,loyaliste,Droite loyaliste,Loyalistes,#305f9f,2,161,459,35.07625272331155,TRUE,NA,NA
Province Sud,2026,Mont-Dore,0013,Ecole maternelle Les Fougères,166.841440737558,-22.4256696418669,486,312,305,loyaliste,Droite loyaliste,Loyalistes,#305f9f,2,127,305,41.63934426229508,TRUE,1715,Mouirange - Grand Sud - Ile Ouen
Province Sud,2026,Mont-Dore,0014,Ecole maternelle les Dauphins,166.57252708408,-22.2768294716869,866,620,604,loyaliste,Droite loyaliste,Loyalistes,#305f9f,2,346,604,57.28476821192053,TRUE,1712,Vallon Dore
Province Sud,2026,Mont-Dore,0015,Ecole Maternelle Les Coccinelles,166.56758162382,-22.2502864537601,1187,756,724,loyaliste,Droite loyaliste,Loyalistes,#305f9f,2,277,724,38.25966850828729,TRUE,1711,La Coulée Sud
Province Sud,2026,Mont-Dore,0016,Ecole Saint-Joseph de CLUNY,166.499920601202,-22.2239776205159,1024,717,702,loyaliste,Droite loyaliste,Loyalistes,#305f9f,2,202,702,28.774928774928775,TRUE,1704,La Conception
Province Sud,2026,Mont-Dore,0017,Ecole primaire Louis Henri GALINE 2,166.512755378687,-22.2163077194956,842,557,539,loyaliste,Droite loyaliste,Loyalistes,#305f9f,2,266,539,49.35064935064935,TRUE,1705,Robinson Nord
Province Sud,2026,Mont-Dore,0018,Groupe scolaire Boulari 3,166.520855451452,-22.2274992832452,923,616,606,loyaliste,Droite loyaliste,Loyalistes,#305f9f,2,307,606,50.66006600660066,TRUE,1707,Boulari
Province Sud,2026,Mont-Dore,0019,Groupe scolaire Saint-Michel 2,166.529983,-22.224807,613,413,392,loyaliste,Droite loyaliste,Loyalistes,#305f9f,2,239,392,60.96938775510204,TRUE,NA,NA
Province Sud,2026,Mont-Dore,0020,Ecole La Rizière 3,166.57398,-22.23322,625,346,329,loyaliste,Droite loyaliste,Loyalistes,#305f9f,2,155,329,47.11246200607903,TRUE,NA,NA
Province Sud,2026,Mont-Dore,0021,Ecole de La Briqueterie 1,166.56645,-22.26251,760,468,449,loyaliste,Droite loyaliste,Loyalistes,#305f9f,2,188,449,41.87082405345212,TRUE,NA,NA
Province Sud,2026,Mont-Dore,0022,Ecole de La Briqueterie 2,166.566445622614,-22.2625090934915,665,430,417,loyaliste,Droite loyaliste,Loyalistes,#305f9f,2,255,417,61.15107913669065,TRUE,1712,Vallon Dore
Province Sud,2026,Mont-Dore,0023,Mairie 2,166.52326,-22.22975,517,330,320,loyaliste,Droite loyaliste,Loyalistes,#305f9f,2,208,320,65,TRUE,NA,NA
Province Sud,2026,Mont-Dore,0024,Groupe scolaire de Yahoué,166.490039,-22.208543,783,492,485,loyaliste,Droite loyaliste,Loyalistes,#305f9f,2,198,485,40.824742268041234,TRUE,NA,NA
Province Sud,2026,Nouméa,0001,Mairie 1,166.439401925184,-22.2714056104229,630,383,380,loyaliste,Droite loyaliste,Loyalistes,#305f9f,2,194,380,51.05263157894737,TRUE,1822,Centre ville
Province Sud,2026,Nouméa,0002,Mairie 2,166.439401925184,-22.2714056104229,1192,545,539,loyaliste,Droite loyaliste,Loyalistes,#305f9f,2,210,539,38.96103896103896,TRUE,1822,Centre ville
Province Sud,2026,Nouméa,0003,Ecole Frédéric Surleau,166.446180272936,-22.2732842135737,756,504,499,loyaliste,Droite loyaliste,Loyalistes,#305f9f,2,326,499,65.33066132264528,TRUE,1822,Centre ville
Province Sud,2026,Nouméa,0004,Ecole Marguerite Lefrançois,166.446044574066,-22.2859909097298,737,566,562,loyaliste,Droite loyaliste,Loyalistes,#305f9f,2,467,562,83.09608540925267,TRUE,1809,Orphelinat
Province Sud,2026,Nouméa,0005,Ecole Yvonne Dupont 1,166.442173657352,-22.2926748814035,706,558,555,loyaliste,Droite loyaliste,Loyalistes,#305f9f,2,438,555,78.91891891891892,TRUE,1806,Motor Pool - Receiving
Province Sud,2026,Nouméa,0006,Ecole Eloi Franc 1,166.447826467842,-22.2974281428095,913,674,662,loyaliste,Droite loyaliste,Loyalistes,#305f9f,2,490,662,74.01812688821752,TRUE,1803,Anse Vata Est
Province Sud,2026,Nouméa,0007,Ecole Eloi Franc 2,166.447826467842,-22.2974281428095,772,576,570,loyaliste,Droite loyaliste,Loyalistes,#305f9f,2,479,570,84.03508771929825,TRUE,1803,Anse Vata Est
Province Sud,2026,Nouméa,0008,Ecole Fernande Leriche 1,166.448431376266,-22.2984740950672,705,540,538,loyaliste,Droite loyaliste,Loyalistes,#305f9f,2,461,538,85.68773234200744,TRUE,1803,Anse Vata Est
Province Sud,2026,Nouméa,0009,Ecole Fernande Leriche 2,166.448431376266,-22.2984740950672,812,615,612,loyaliste,Droite loyaliste,Loyalistes,#305f9f,2,498,612,81.37254901960785,TRUE,1803,Anse Vata Est
Province Sud,2026,Nouméa,0010,Ecole Jean Mermoud 1,166.454827725543,-22.2956844604928,806,628,622,loyaliste,Droite loyaliste,Loyalistes,#305f9f,2,519,622,83.44051446945338,TRUE,1807,N'Géa
Province Sud,2026,Nouméa,0011,Ecole Jean Mermoud 2,166.454827725543,-22.2956844604928,965,819,813,loyaliste,Droite loyaliste,Loyalistes,#305f9f,2,702,813,86.34686346863468,TRUE,1807,N'Géa
Province Sud,2026,Nouméa,0012,Ecole Ernest Risbec 1,166.451704940929,-22.2838445188063,851,619,615,loyaliste,Droite loyaliste,Loyalistes,#305f9f,2,502,615,81.6260162601626,TRUE,1808,Trianon
Province Sud,2026,Nouméa,0013,Ecole Ernest Risbec 2,166.451704940929,-22.2838445188063,798,584,577,loyaliste,Droite loyaliste,Loyalistes,#305f9f,2,447,577,77.46967071057192,TRUE,1808,Trianon
Province Sud,2026,Nouméa,0014,Ecole Paul Boyer 1,166.452482969153,-22.2781620536236,706,472,469,loyaliste,Droite loyaliste,Loyalistes,#305f9f,2,354,469,75.47974413646055,TRUE,1811,Faubourg Blanchot
Province Sud,2026,Nouméa,0015,Ecole Les Capucines,166.457228804171,-22.2753677119578,761,571,566,loyaliste,Droite loyaliste,Loyalistes,#305f9f,2,448,566,79.15194346289752,TRUE,1813,Vallée des Colons Sud Ouest
Province Sud,2026,Nouméa,0016,Ecole Candide Koch 1,166.456450040223,-22.2745660873879,811,574,568,loyaliste,Droite loyaliste,Loyalistes,#305f9f,2,406,568,71.47887323943662,TRUE,1813,Vallée des Colons Sud Ouest
Province Sud,2026,Nouméa,0017,Ecole Candide Koch 2,166.456450040223,-22.2745660873879,884,677,667,loyaliste,Droite loyaliste,Loyalistes,#305f9f,2,529,667,79.3103448275862,TRUE,1813,Vallée des Colons Sud Ouest
Province Sud,2026,Nouméa,0018,Ecole Suzanne Russier 1,166.446654,-22.269689,774,544,534,loyaliste,Droite loyaliste,Loyalistes,#305f9f,2,375,534,70.2247191011236,TRUE,NA,NA
Province Sud,2026,Nouméa,0019,Ecole Suzanne Russier 2,166.446654,-22.269689,887,597,589,loyaliste,Droite loyaliste,Loyalistes,#305f9f,2,379,589,64.34634974533107,TRUE,NA,NA
Province Sud,2026,Nouméa,0020,Ecole Antoinette Charbonneaux,166.46666463723,-22.273716213111,766,606,602,loyaliste,Droite loyaliste,Loyalistes,#305f9f,2,499,602,82.89036544850498,TRUE,1816,Magenta Tours
Province Sud,2026,Nouméa,0021,Ecole Marie Havet 1,166.471138313555,-22.2828880563017,896,674,667,loyaliste,Droite loyaliste,Loyalistes,#305f9f,2,546,667,81.85907046476761,TRUE,1818,Ouémo
Province Sud,2026,Nouméa,0022,Ecole Marie Havet 2,166.471138313555,-22.2828880563017,944,710,702,loyaliste,Droite loyaliste,Loyalistes,#305f9f,2,554,702,78.91737891737891,TRUE,1818,Ouémo
Province Sud,2026,Nouméa,0023,Ecole Chistine Boletti 1,166.465990390657,-22.2661773380247,902,657,649,loyaliste,Droite loyaliste,Loyalistes,#305f9f,2,456,649,70.26194144838213,TRUE,1827,Aérodrome Sud
Province Sud,2026,Nouméa,0024,Ecole Chistine Boletti 2,166.465990390657,-22.2661773380247,1070,582,573,loyaliste,Droite loyaliste,Loyalistes,#305f9f,2,236,573,41.18673647469459,TRUE,1827,Aérodrome Sud
Province Sud,2026,Nouméa,0025,Ecole Michel Cacot 1,166.463652223431,-22.2662199324801,969,720,712,loyaliste,Droite loyaliste,Loyalistes,#305f9f,2,536,712,75.28089887640449,TRUE,1826,Portes de Fer - Sud
Province Sud,2026,Nouméa,0026,Ecole Michel Cacot 2,166.463652223431,-22.2662199324801,872,648,635,loyaliste,Droite loyaliste,Loyalistes,#305f9f,2,502,635,79.05511811023622,TRUE,1826,Portes de Fer - Sud
Province Sud,2026,Nouméa,0027,Ecole C. T. de Laubarède,166.445705500987,-22.2640017751327,997,528,522,loyaliste,Droite loyaliste,Loyalistes,#305f9f,2,199,522,38.122605363984675,TRUE,1824,Vallée du Tir
Province Sud,2026,Nouméa,0028,Ecole Gustave Mouchet 1,166.454414703061,-22.2504501881193,1075,532,521,loyaliste,Droite loyaliste,Loyalistes,#305f9f,2,60,521,11.516314779270633,TRUE,1828,Portes de Fer - Nord
Province Sud,2026,Nouméa,0029,Ecole Gustave Mouchet 2,166.454414703061,-22.2504501881193,959,454,446,loyaliste,Droite loyaliste,Loyalistes,#305f9f,2,132,446,29.59641255605381,TRUE,1828,Portes de Fer - Nord
Province Sud,2026,Nouméa,0030,Ecole Mathilde Broquet 1,166.467549840387,-22.256293239868,1165,730,710,loyaliste,Droite loyaliste,Loyalistes,#305f9f,2,345,710,48.59154929577465,TRUE,1827,Aérodrome Sud
Province Sud,2026,Nouméa,0031,Ecole Marie Courtot 1,166.470464378859,-22.2425220070829,1250,798,775,loyaliste,Droite loyaliste,Loyalistes,#305f9f,2,425,775,54.83870967741935,TRUE,1834,PK 6 Nord
Province Sud,2026,Nouméa,0032,Ecole Marie Courtot 2,166.470464378859,-22.2425220070829,880,687,680,loyaliste,Droite loyaliste,Loyalistes,#305f9f,2,538,680,79.11764705882354,TRUE,1834,PK 6 Nord
Province Sud,2026,Nouméa,0033,Ecole Robert Burck,166.463601949873,-22.2382604330193,960,595,585,loyaliste,Droite loyaliste,Loyalistes,#305f9f,2,166,585,28.376068376068375,TRUE,1833,Riviére Salée Sud
Province Sud,2026,Nouméa,0034,Ecole Les Roses,166.464696,-22.23767,909,576,561,loyaliste,Droite loyaliste,Loyalistes,#305f9f,2,244,561,43.49376114081996,TRUE,NA,NA
Province Sud,2026,Nouméa,0035,Ecole Les Oeillets,166.468679,-22.230344,894,589,580,loyaliste,Droite loyaliste,Loyalistes,#305f9f,2,270,580,46.55172413793103,TRUE,NA,NA
Province Sud,2026,Nouméa,0036,Ecole Jacques Trouillot,166.471000599479,-22.2283599819501,871,576,560,loyaliste,Droite loyaliste,Loyalistes,#305f9f,2,228,560,40.714285714285715,TRUE,1838,Riviére Salée Nord Est
Province Sud,2026,Nouméa,0037,Ecole Les Hibiscus 1,166.475456,-22.232258,1378,685,668,loyaliste,Droite loyaliste,Loyalistes,#305f9f,2,94,668,14.071856287425149,TRUE,NA,NA
Province Sud,2026,Nouméa,0038,Ecole Les Hibiscus 2,166.475456,-22.232258,1110,726,716,loyaliste,Droite loyaliste,Loyalistes,#305f9f,2,373,716,52.09497206703911,TRUE,NA,NA
Province Sud,2026,Nouméa,0039,Ecole Adrienne Lomont 1,166.484157216578,-22.2206462260252,705,391,384,loyaliste,Droite loyaliste,Loyalistes,#305f9f,2,132,384,34.375,TRUE,1840,Normandie Nord
Province Sud,2026,Nouméa,0040,Ecole Adrienne Lomont 2,166.484157216578,-22.2206462260252,1463,891,874,loyaliste,Droite loyaliste,Loyalistes,#305f9f,2,432,874,49.4279176201373,TRUE,1840,Normandie Nord
Province Sud,2026,Nouméa,0041,Ecole Gustave Lods 1,166.435430928496,-22.2381371662114,1068,607,580,loyaliste,Droite loyaliste,Loyalistes,#305f9f,2,199,580,34.310344827586206,TRUE,1843,Logicoop
Province Sud,2026,Nouméa,0042,Ecole Gustave Lods 2,166.435430928496,-22.2381371662114,1257,714,691,loyaliste,Droite loyaliste,Loyalistes,#305f9f,2,303,691,43.849493487698986,TRUE,1843,Logicoop
Province Sud,2026,Nouméa,0043,Ecole Daniel Talon,166.429735177846,-22.2343498153878,1848,1048,1009,loyaliste,Droite loyaliste,Loyalistes,#305f9f,2,198,1009,19.62338949454906,TRUE,1843,Logicoop
Province Sud,2026,Nouméa,0044,Ecole Maurice Fonrobert,166.42901,-22.231823,1058,575,566,loyaliste,Droite loyaliste,Loyalistes,#305f9f,2,39,566,6.890459363957597,TRUE,NA,NA
Province Sud,2026,Nouméa,0045,Ecole Mathilde Broquet 2,166.467549840387,-22.256293239868,1338,874,866,loyaliste,Droite loyaliste,Loyalistes,#305f9f,2,513,866,59.237875288683604,TRUE,1827,Aérodrome Sud
Province Sud,2026,Nouméa,0046,Ecole Yvonne Dupont 2,166.442173657352,-22.2926748814035,585,454,453,loyaliste,Droite loyaliste,Loyalistes,#305f9f,2,386,453,85.20971302428256,TRUE,1806,Motor Pool - Receiving
Province Sud,2026,Nouméa,0047,Ecole Paul Boyer 2,166.452482969153,-22.2781620536236,706,532,530,loyaliste,Droite loyaliste,Loyalistes,#305f9f,2,433,530,81.69811320754717,TRUE,1811,Faubourg Blanchot
Province Sud,2026,Nouméa,0048,Ecole Marguerite Arsapin,166.462764,-22.228627,925,536,521,loyaliste,Droite loyaliste,Loyalistes,#305f9f,2,198,521,38.00383877159309,TRUE,NA,NA
Province Sud,2026,Nouméa,0049,Ecole Les Pervenches,166.463935144665,-22.2575766179093,896,648,639,loyaliste,Droite loyaliste,Loyalistes,#305f9f,2,484,639,75.7433489827856,TRUE,1826,Portes de Fer - Sud
Province Sud,2026,Nouméa,0050,Ecole Albert Perraud,166.467888234029,-22.2619636836771,1545,793,776,loyaliste,Droite loyaliste,Loyalistes,#305f9f,2,184,776,23.711340206185568,TRUE,1827,Aérodrome Sud
Province Sud,2026,Nouméa,0051,Ecole Michel Amiot,166.468616034294,-22.2680303864914,1032,752,741,loyaliste,Droite loyaliste,Loyalistes,#305f9f,2,509,741,68.69095816464238,TRUE,1817,Magenta Est
Province Sud,2026,Nouméa,0052,Ecole Charles Bichon,166.443767790723,-22.2808132680625,679,471,463,loyaliste,Droite loyaliste,Loyalistes,#305f9f,2,348,463,75.16198704103672,TRUE,1809,Orphelinat
Province Sud,2026,Nouméa,0053,Ecole Les Lys,166.443135087106,-22.2929071476207,777,613,603,loyaliste,Droite loyaliste,Loyalistes,#305f9f,2,494,603,81.92371475953566,TRUE,1806,Motor Pool - Receiving
Province Sud,2026,Nouméa,0054,Ecole Le petit poucet,166.446452105063,-22.2638462676659,1023,635,619,loyaliste,Droite loyaliste,Loyalistes,#305f9f,2,362,619,58.48142164781906,TRUE,1824,Vallée du Tir
Province Sud,2026,Nouméa,0055,Ecole Serge Laigle,166.486016745804,-22.2343408388225,1071,853,847,loyaliste,Droite loyaliste,Loyalistes,#305f9f,2,675,847,79.69303423848878,TRUE,1835,Tina
Province Sud,2026,Nouméa,0056,Ecole Guy Champmoreau,166.452313565802,-22.2892161943525,1306,817,808,loyaliste,Droite loyaliste,Loyalistes,#305f9f,2,509,808,62.995049504950494,TRUE,1807,N'Géa
Province Sud,2026,Nouméa,0057,Mairie 3,166.439401925184,-22.2714056104229,62,3,3,loyaliste,Droite loyaliste,Loyalistes,#305f9f,2,0,3,0,TRUE,1822,Centre ville
Province Sud,2026,Païta,0001,Arène du sud 1,166.367971,-22.141531,654,360,352,loyaliste,Droite loyaliste,Loyalistes,#305f9f,2,123,352,34.94318181818182,TRUE,NA,NA
Province Sud,2026,Païta,0002,Arène du sud 2,166.367971,-22.141531,750,499,496,loyaliste,Droite loyaliste,Loyalistes,#305f9f,2,137,496,27.620967741935484,TRUE,NA,NA
Province Sud,2026,Païta,0003,Ecole Robert ABEL 1,166.379189,-22.138498,754,484,475,loyaliste,Droite loyaliste,Loyalistes,#305f9f,2,196,475,41.26315789473684,TRUE,NA,NA
Province Sud,2026,Païta,0004,Dock socio-culturel 1,166.366370328351,-22.1294955354086,766,530,518,loyaliste,Droite loyaliste,Loyalistes,#305f9f,2,292,518,56.37065637065637,TRUE,2101,Paita centre
Province Sud,2026,Païta,0005,ecole Patrice JEAN 1,166.342408,-22.120368,829,556,537,loyaliste,Droite loyaliste,Loyalistes,#305f9f,2,250,537,46.554934823091244,TRUE,NA,NA
Province Sud,2026,Païta,0006,Mairie,166.361658608639,-22.1291986951984,828,551,544,loyaliste,Droite loyaliste,Loyalistes,#305f9f,2,198,544,36.39705882352941,TRUE,2101,Paita centre
Province Sud,2026,Païta,0007,Ecole Patrice JEAN 2,166.342408,-22.120368,830,528,517,loyaliste,Droite loyaliste,Loyalistes,#305f9f,2,161,517,31.14119922630561,TRUE,NA,NA
Province Sud,2026,Païta,0008,Ecole Patrice JEAN 3,166.342408,-22.120368,866,572,558,loyaliste,Droite loyaliste,Loyalistes,#305f9f,2,307,558,55.017921146953405,TRUE,NA,NA
Province Sud,2026,Païta,0009,Dock socio-culturel 2,166.36637,-22.1295,840,483,470,loyaliste,Droite loyaliste,Loyalistes,#305f9f,2,115,470,24.46808510638298,TRUE,NA,NA
Province Sud,2026,Païta,0010,Dock socio-culturel 3,166.36637,-22.1295,939,555,539,loyaliste,Droite loyaliste,Loyalistes,#305f9f,2,151,539,28.014842300556587,TRUE,NA,NA
Province Sud,2026,Païta,0011,Dock socio-culturel 4,166.36637,-22.1295,817,568,558,loyaliste,Droite loyaliste,Loyalistes,#305f9f,2,226,558,40.50179211469534,TRUE,NA,NA
Province Sud,2026,Païta,0012,Dock socio-culturel 5,166.36637,-22.1295,703,493,482,loyaliste,Droite loyaliste,Loyalistes,#305f9f,2,274,482,56.84647302904564,TRUE,NA,NA
Province Sud,2026,Païta,0013,Ecole Henri Martinet 1,166.22357,-22.011002,715,447,430,loyaliste,Droite loyaliste,Loyalistes,#305f9f,2,201,430,46.74418604651163,TRUE,NA,NA
Province Sud,2026,Païta,0014,Ecole Henri Martinet 2,166.22357,-22.011002,592,400,393,loyaliste,Droite loyaliste,Loyalistes,#305f9f,2,21,393,5.343511450381679,TRUE,NA,NA
Province Sud,2026,Païta,0015,Ecole Henri Martinet 3,166.22357,-22.011002,667,423,414,loyaliste,Droite loyaliste,Loyalistes,#305f9f,2,211,414,50.966183574879224,TRUE,NA,NA
Province Sud,2026,Païta,0016,Ecole Robert ABEL 2,166.379189029935,-22.1384982889128,598,473,466,loyaliste,Droite loyaliste,Loyalistes,#305f9f,2,366,466,78.54077253218884,TRUE,2103,Nogouta-Les 3 Vallées
Province Sud,2026,Païta,0017,Ecole Robert ABEL 3,166.379189029935,-22.1384982889128,993,668,657,loyaliste,Droite loyaliste,Loyalistes,#305f9f,2,296,657,45.053272450532724,TRUE,2103,Nogouta-Les 3 Vallées
Province Sud,2026,Païta,0018,Ecole Patrice JEAN 4,166.342408,-22.120368,1052,689,673,loyaliste,Droite loyaliste,Loyalistes,#305f9f,2,237,673,35.21545319465082,TRUE,NA,NA
Province Sud,2026,Païta,0019,Ecole Henri Martinet 4,166.22357,-22.011002,562,381,370,loyaliste,Droite loyaliste,Loyalistes,#305f9f,2,226,370,61.08108108108108,TRUE,NA,NA
Province Sud,2026,Poya Sud,0005,Maison commune de Moindah,165.2454695470807,-21.4084575263513,202,163,162,loyaliste,Droite loyaliste,Loyalistes,#305f9f,2,134,162,82.71604938271605,TRUE,2706,Poya Sud
Province Sud,2026,Sarraméa,0001,Mairie,165.85386596919105,-21.642344787633757,533,364,356,loyaliste,Droite loyaliste,Loyalistes,#305f9f,2,31,356,8.707865168539326,TRUE,2801,Sarraméa
Province Sud,2026,Thio,0001,Mairie,166.21553174553168,-21.610374938390603,870,574,564,loyaliste,Droite loyaliste,Loyalistes,#305f9f,2,50,564,8.865248226950355,TRUE,2901,Thio village
Province Sud,2026,Thio,0002,Mairie (annexe),166.21553174553168,-21.610374938390603,615,374,373,loyaliste,Droite loyaliste,Loyalistes,#305f9f,2,0,373,0,TRUE,2901,Thio village
Province Sud,2026,Thio,0003,Grand Borendy,166.45075740277505,-21.738718340168145,312,194,191,loyaliste,Droite loyaliste,Loyalistes,#305f9f,2,0,191,0,TRUE,2902,Ouindo Borendy
Province Sud,2026,Thio,0004,Saint-Pierre,166.14983539215794,-21.67410856554519,481,289,287,loyaliste,Droite loyaliste,Loyalistes,#305f9f,2,2,287,0.6968641114982579,TRUE,2902,Ouindo Borendy
Province Sud,2026,Yaté,0001,Mairie,166.94326054599946,-22.16058963447543,303,211,209,loyaliste,Droite loyaliste,Loyalistes,#305f9f,2,5,209,2.3923444976076556,TRUE,3201,Waho Touaourou Goro
Province Sud,2026,Yaté,0002,Mairie (Waho central),166.94326,-22.16058,484,347,347,loyaliste,Droite loyaliste,Loyalistes,#305f9f,2,2,347,0.57636887608069165,TRUE,NA,NA
Province Sud,2026,Yaté,0003,Goro,167.0163659290303,-22.286011229502463,242,165,165,loyaliste,Droite loyaliste,Loyalistes,#305f9f,2,3,165,1.8181818181818181,TRUE,3201,Waho Touaourou Goro
Province Sud,2026,Yaté,0004,Unia,166.89998901288348,-22.06107261844911,793,585,581,loyaliste,Droite loyaliste,Loyalistes,#305f9f,2,2,581,0.3442340791738382,TRUE,3202,Unia Ouinné
Province Sud,2019,Boulouparis,0001,Mairie,166.047711423762,-21.8654175541592,1514,1017,990,centre_non_ind,Centre non-indépendantiste,Centre,#67a9cf,3,166,990,16.767676767676768,TRUE,201,Boulouparis village
Province Sud,2019,Boulouparis,0002,Centre Culturel,166.049037015845,-21.8654352350015,1145,818,804,centre_non_ind,Centre non-indépendantiste,Centre,#67a9cf,3,127,804,15.796019900497512,TRUE,201,Boulouparis village
Province Sud,2019,Bourail,0001,Mairie,165.497503614793,-21.5680444203004,604,425,418,centre_non_ind,Centre non-indépendantiste,Centre,#67a9cf,3,102,418,24.401913875598087,TRUE,301,Bourail village
Province Sud,2019,Bourail,0002,Pothé,165.491900847299,-21.4547330481005,801,456,443,centre_non_ind,Centre non-indépendantiste,Centre,#67a9cf,3,21,443,4.74040632054176,TRUE,305,Ny
Province Sud,2019,Bourail,0003,Colisée,165.49385205691,-21.5656940047007,854,619,595,centre_non_ind,Centre non-indépendantiste,Centre,#67a9cf,3,161,595,27.058823529411764,TRUE,301,Bourail village
Province Sud,2019,Bourail,0004,Ecole Les Lys D'Eau,165.49748641875,-21.5730483252455,841,600,587,centre_non_ind,Centre non-indépendantiste,Centre,#67a9cf,3,120,587,20.442930153321978,TRUE,301,Bourail village
Province Sud,2019,Bourail,0005,Ecole Louise Michel,165.497379452405,-21.57045570157,849,586,562,centre_non_ind,Centre non-indépendantiste,Centre,#67a9cf,3,150,562,26.690391459074732,TRUE,301,Bourail village
Province Sud,2019,Dumbéa,0001,Hôtel de Ville 1,166.457501065839,-22.1675460417822,805,583,574,centre_non_ind,Centre non-indépendantiste,Centre,#67a9cf,3,110,574,19.16376306620209,TRUE,512,Plaine de Koé
Province Sud,2019,Dumbéa,0002,Hôtel de Ville 2,166.457501065839,-22.1675460417822,646,424,412,centre_non_ind,Centre non-indépendantiste,Centre,#67a9cf,3,80,412,19.41747572815534,TRUE,512,Plaine de Koé
Province Sud,2019,Dumbéa,0003,Hôtel de Ville 3,166.457501065839,-22.1675460417822,692,462,443,centre_non_ind,Centre non-indépendantiste,Centre,#67a9cf,3,88,443,19.864559819413092,TRUE,512,Plaine de Koé
Province Sud,2019,Dumbéa,0004,Ecole primaire Mainguet 1,166.474584305922,-22.2148395317313,734,484,468,centre_non_ind,Centre non-indépendantiste,Centre,#67a9cf,3,96,468,20.512820512820515,TRUE,501,Coeur de ville urbain
Province Sud,2019,Dumbéa,0005,Ecole primaire Mainguet 2,166.474584305922,-22.2148395317313,600,353,335,centre_non_ind,Centre non-indépendantiste,Centre,#67a9cf,3,63,335,18.80597014925373,TRUE,501,Coeur de ville urbain
Province Sud,2019,Dumbéa,0006,Maison de la Jeunesse 1,166.474913290828,-22.2056811434969,741,540,519,centre_non_ind,Centre non-indépendantiste,Centre,#67a9cf,3,125,519,24.084778420038536,TRUE,507,Jacarandas II
Province Sud,2019,Dumbéa,0007,Maison de la Jeunesse 2,166.474913290828,-22.2056811434969,709,492,479,centre_non_ind,Centre non-indépendantiste,Centre,#67a9cf,3,108,479,22.546972860125262,TRUE,507,Jacarandas II
Province Sud,2019,Dumbéa,0008,Centre Culturel de Dumbéa 1,166.474126141924,-22.2081759337081,761,507,494,centre_non_ind,Centre non-indépendantiste,Centre,#67a9cf,3,125,494,25.303643724696357,TRUE,503,Koutio Secal
Province Sud,2019,Dumbéa,0009,Centre Culturel de Dumbéa 2,166.474126141924,-22.2081759337081,784,543,515,centre_non_ind,Centre non-indépendantiste,Centre,#67a9cf,3,105,515,20.388349514563107,TRUE,503,Koutio Secal
Province Sud,2019,Dumbéa,0010,Centre Culturel de Dumbéa 3,166.474126141924,-22.2081759337081,630,441,423,centre_non_ind,Centre non-indépendantiste,Centre,#67a9cf,3,80,423,18.912529550827422,TRUE,503,Koutio Secal
Province Sud,2019,Dumbéa,0011,Ecole primaire Gustave Clain 1,166.460870510376,-22.2089353285944,699,479,463,centre_non_ind,Centre non-indépendantiste,Centre,#67a9cf,3,82,463,17.71058315334773,TRUE,504,Koutio érudits
Province Sud,2019,Dumbéa,0012,Ecole primaire Gustave Clain 2,166.460870510376,-22.2089353285944,625,428,413,centre_non_ind,Centre non-indépendantiste,Centre,#67a9cf,3,78,413,18.886198547215496,TRUE,504,Koutio érudits
Province Sud,2019,Dumbéa,0013,Ecole maternelle l'Oasis 1,166.461460951246,-22.2085634346196,679,502,488,centre_non_ind,Centre non-indépendantiste,Centre,#67a9cf,3,91,488,18.647540983606557,TRUE,504,Koutio érudits
Province Sud,2019,Dumbéa,0014,Ecole maternelle l'Oasis 2,166.461460951246,-22.2085634346196,634,451,429,centre_non_ind,Centre non-indépendantiste,Centre,#67a9cf,3,94,429,21.91142191142191,TRUE,504,Koutio érudits
Province Sud,2019,Dumbéa,0015,Groupe scolaire Michelle Delacharlerie-Rolly 1,166.445998676866,-22.2013803961715,425,336,327,centre_non_ind,Centre non-indépendantiste,Centre,#67a9cf,3,34,327,10.397553516819572,TRUE,510,Dumbéa/mer Ouest
Province Sud,2019,Dumbéa,0016,Groupe scolaire Michelle Delacharlerie-Rolly 2,166.445998676866,-22.2013803961715,496,336,321,centre_non_ind,Centre non-indépendantiste,Centre,#67a9cf,3,58,321,18.068535825545172,TRUE,510,Dumbéa/mer Ouest
Province Sud,2019,Dumbéa,0017,Groupe scolaire Renée Fong 1,166.44418672502,-22.192372203396,499,368,359,centre_non_ind,Centre non-indépendantiste,Centre,#67a9cf,3,55,359,15.32033426183844,TRUE,511,Dumbea/mer Est - Plaine Adam
Province Sud,2019,Dumbéa,0018,Groupe scolaire Renée Fong 2,166.44418672502,-22.192372203396,602,426,405,centre_non_ind,Centre non-indépendantiste,Centre,#67a9cf,3,74,405,18.271604938271604,TRUE,511,Dumbea/mer Est - Plaine Adam
Province Sud,2019,Dumbéa,0019,Mairie du Nord 1,166.457501065839,-22.1675460417822,638,447,437,centre_non_ind,Centre non-indépendantiste,Centre,#67a9cf,3,77,437,17.620137299771166,TRUE,512,Plaine de Koé
Province Sud,2019,Dumbéa,0020,Mairie du Nord 2,166.457501065839,-22.1675460417822,557,411,402,centre_non_ind,Centre non-indépendantiste,Centre,#67a9cf,3,54,402,13.432835820895523,TRUE,512,Plaine de Koé
Province Sud,2019,Dumbéa,0021,Mairie du Nord 3,166.457501065839,-22.1675460417822,594,403,394,centre_non_ind,Centre non-indépendantiste,Centre,#67a9cf,3,63,394,15.98984771573604,TRUE,512,Plaine de Koé
Province Sud,2019,Dumbéa,0022,Ecole primaire Paul Duboisé 1,166.434846490836,-22.1399347171588,767,550,536,centre_non_ind,Centre non-indépendantiste,Centre,#67a9cf,3,107,536,19.96268656716418,TRUE,515,Katiramona Sud
Province Sud,2019,Dumbéa,0023,Ecole primaire Paul Duboisé 2,166.434846490836,-22.1399347171588,734,504,484,centre_non_ind,Centre non-indépendantiste,Centre,#67a9cf,3,83,484,17.14876033057851,TRUE,515,Katiramona Sud
Province Sud,2019,Dumbéa,0024,Ecole maternelle les Colibris,166.436047169124,-22.1394710088392,736,513,492,centre_non_ind,Centre non-indépendantiste,Centre,#67a9cf,3,94,492,19.10569105691057,TRUE,515,Katiramona Sud
Province Sud,2019,Farino,0001,Mairie,165.77595416144513,-21.666848976720875,568,471,454,centre_non_ind,Centre non-indépendantiste,Centre,#67a9cf,3,195,454,42.951541850220266,TRUE,601,Farino
Province Sud,2019,Ile des Pins,0001,Mairie 1,167.495819,-22.66517,971,604,596,centre_non_ind,Centre non-indépendantiste,Centre,#67a9cf,3,87,596,14.59731543624161,TRUE,901,Vao
Province Sud,2019,Ile des Pins,0002,Batiment Communal Point 1,167.495819,-22.66517,741,498,493,centre_non_ind,Centre non-indépendantiste,Centre,#67a9cf,3,61,493,12.373225152129818,TRUE,901,Vao
Province Sud,2019,La Foa,0001,Centre Socio-Culturel 1,165.82495689060195,-21.708500844468237,865,646,624,centre_non_ind,Centre non-indépendantiste,Centre,#67a9cf,3,254,624,40.705128205128204,TRUE,1301,La Foa village
Province Sud,2019,La Foa,0002,Centre Socio Culturel 2,165.82495689060195,-21.708500844468237,677,505,492,centre_non_ind,Centre non-indépendantiste,Centre,#67a9cf,3,138,492,28.048780487804876,TRUE,1301,La Foa village
Province Sud,2019,La Foa,0003,Centre Socio-Culturel 3,165.82495689060195,-21.708500844468237,795,617,597,centre_non_ind,Centre non-indépendantiste,Centre,#67a9cf,3,186,597,31.155778894472363,TRUE,1301,La Foa village
Province Sud,2019,La Foa,0004,Centre Socio-Culturel 4,165.82495689060195,-21.708500844468237,568,437,426,centre_non_ind,Centre non-indépendantiste,Centre,#67a9cf,3,148,426,34.74178403755869,TRUE,1301,La Foa village
Province Sud,2019,Moindou,0001,Mairie,165.67695619871748,-21.69271000327087,755,591,579,centre_non_ind,Centre non-indépendantiste,Centre,#67a9cf,3,140,579,24.179620034542314,TRUE,1601,Moindou
Province Sud,2019,Mont-Dore,0001,Mairie,166.523722376157,-22.2317078297453,640,430,417,centre_non_ind,Centre non-indépendantiste,Centre,#67a9cf,3,73,417,17.50599520383693,TRUE,NA,NA
Province Sud,2019,Mont-Dore,0002,Groupe scolaire Hélène CHANEL,166.485528594387,-22.2217711398288,448,292,279,centre_non_ind,Centre non-indépendantiste,Centre,#67a9cf,3,63,279,22.580645161290324,TRUE,1703,Pont des Fran‡ais
Province Sud,2019,Mont-Dore,0003,Ecole primaire Adolphe BOUTAN,166.841440737558,-22.4256696418669,739,556,536,centre_non_ind,Centre non-indépendantiste,Centre,#67a9cf,3,101,536,18.84328358208955,TRUE,1715,Mouirange - Grand Sud - Ile Ouen
Province Sud,2019,Mont-Dore,0004,Ecole primaire Louis Henri GALINE 1,166.512755378687,-22.2163077194956,747,530,510,centre_non_ind,Centre non-indépendantiste,Centre,#67a9cf,3,93,510,18.235294117647058,TRUE,1705,Robinson Nord
Province Sud,2019,Mont-Dore,0005,Ecole La Rizière 1,166.573975497183,-22.2332233282141,993,563,547,centre_non_ind,Centre non-indépendantiste,Centre,#67a9cf,3,28,547,5.118829981718465,TRUE,1710,La Coulée Nord
Province Sud,2019,Mont-Dore,0006,Ecole primaire du Vallon-Dore,166.571853310489,-22.2757480668132,732,498,482,centre_non_ind,Centre non-indépendantiste,Centre,#67a9cf,3,94,482,19.502074688796682,TRUE,1712,Vallon Dore
Province Sud,2019,Mont-Dore,0007,Ouara (maison commune),166.84029773306233,-22.42316008394107,88,60,59,centre_non_ind,Centre non-indépendantiste,Centre,#67a9cf,3,5,59,8.474576271186441,TRUE,1715,Mouirange - Grand Sud - Ile Ouen
Province Sud,2019,Mont-Dore,0008,Groupe scolaire de Boulari 1,166.520855451452,-22.2274992832452,763,555,543,centre_non_ind,Centre non-indépendantiste,Centre,#67a9cf,3,79,543,14.548802946593002,TRUE,1707,Boulari
Province Sud,2019,Mont-Dore,0009,Mairie Annexe De Plum 1,166.623268718041,-22.2730906933136,858,525,501,centre_non_ind,Centre non-indépendantiste,Centre,#67a9cf,3,128,501,25.548902195608783,TRUE,1714,Plum
Province Sud,2019,Mont-Dore,0010,Ecole La Rizière 2,166.573975497183,-22.2332233282141,785,500,475,centre_non_ind,Centre non-indépendantiste,Centre,#67a9cf,3,98,475,20.63157894736842,TRUE,1710,La Coulée Nord
Province Sud,2019,Mont-Dore,0011,Groupe scolaire de Boulari 2,166.520855451452,-22.2274992832452,702,510,494,centre_non_ind,Centre non-indépendantiste,Centre,#67a9cf,3,104,494,21.05263157894737,TRUE,1707,Boulari
Province Sud,2019,Mont-Dore,0012,Groupe scolaire de Saint-Michel 1,166.529983,-22.224807,613,402,382,centre_non_ind,Centre non-indépendantiste,Centre,#67a9cf,3,63,382,16.49214659685864,TRUE,NA,NA
Province Sud,2019,Mont-Dore,0013,Ecole maternelle Les Fougères,166.841440737558,-22.4256696418669,398,255,249,centre_non_ind,Centre non-indépendantiste,Centre,#67a9cf,3,38,249,15.261044176706827,TRUE,1715,Mouirange - Grand Sud - Ile Ouen
Province Sud,2019,Mont-Dore,0014,Ecole maternelle les Dauphins,166.57252708408,-22.2768294716869,721,505,497,centre_non_ind,Centre non-indépendantiste,Centre,#67a9cf,3,76,497,15.29175050301811,TRUE,1712,Vallon Dore
Province Sud,2019,Mont-Dore,0015,Ecole Maternelle Les Coccinelles,166.56758162382,-22.2502864537601,978,649,617,centre_non_ind,Centre non-indépendantiste,Centre,#67a9cf,3,116,617,18.80064829821718,TRUE,1711,La Coulée Sud
Province Sud,2019,Mont-Dore,0016,Ecole Saint-Joseph de CLUNY,166.499920601202,-22.2239776205159,984,668,644,centre_non_ind,Centre non-indépendantiste,Centre,#67a9cf,3,102,644,15.838509316770187,TRUE,1704,La Conception
Province Sud,2019,Mont-Dore,0017,Ecole primaire Louis Henri GALINE 2,166.512755378687,-22.2163077194956,762,536,521,centre_non_ind,Centre non-indépendantiste,Centre,#67a9cf,3,88,521,16.89059500959693,TRUE,1705,Robinson Nord
Province Sud,2019,Mont-Dore,0018,Groupe scolaire Boulari 3,166.520855451452,-22.2274992832452,770,537,525,centre_non_ind,Centre non-indépendantiste,Centre,#67a9cf,3,102,525,19.428571428571427,TRUE,1707,Boulari
Province Sud,2019,Mont-Dore,0019,Groupe scolaire Saint-Michel 2,166.529983,-22.224807,584,400,378,centre_non_ind,Centre non-indépendantiste,Centre,#67a9cf,3,63,378,16.666666666666668,TRUE,NA,NA
Province Sud,2019,Mont-Dore,0020,Groupe scolaire de Plum,166.640486,-22.277131,513,341,334,centre_non_ind,Centre non-indépendantiste,Centre,#67a9cf,3,74,334,22.15568862275449,TRUE,NA,NA
Province Sud,2019,Mont-Dore,0021,Ecole La Rizière 3,166.573975497183,-22.2332233282141,581,346,332,centre_non_ind,Centre non-indépendantiste,Centre,#67a9cf,3,72,332,21.686746987951807,TRUE,1710,La Coulée Nord
Province Sud,2019,Mont-Dore,0022,Groupe scolaire de la Briqueterie 1,166.566445622614,-22.2625090934915,613,400,387,centre_non_ind,Centre non-indépendantiste,Centre,#67a9cf,3,88,387,22.739018087855296,TRUE,1712,Vallon Dore
Province Sud,2019,Mont-Dore,0023,Groupe scolaire de la Briqueterie 2,166.566445622614,-22.2625090934915,595,393,375,centre_non_ind,Centre non-indépendantiste,Centre,#67a9cf,3,61,375,16.266666666666666,TRUE,1712,Vallon Dore
Province Sud,2019,Mont-Dore,0024,Mairie 2,166.523259425452,-22.2297495527098,445,295,285,centre_non_ind,Centre non-indépendantiste,Centre,#67a9cf,3,56,285,19.649122807017545,TRUE,1707,Boulari
Province Sud,2019,Mont-Dore,0025,Groupe scolaire de Yahoué,166.489906860567,-22.2084828348965,706,488,471,centre_non_ind,Centre non-indépendantiste,Centre,#67a9cf,3,75,471,15.92356687898089,TRUE,1702,Yahoué Sud
Province Sud,2019,Nouméa,0001,Mairie 1,166.439401925184,-22.2714056104229,561,329,321,centre_non_ind,Centre non-indépendantiste,Centre,#67a9cf,3,66,321,20.560747663551403,TRUE,1822,Centre ville
Province Sud,2019,Nouméa,0002,Mairie 2,166.439401925184,-22.2714056104229,871,440,432,centre_non_ind,Centre non-indépendantiste,Centre,#67a9cf,3,82,432,18.98148148148148,TRUE,1822,Centre ville
Province Sud,2019,Nouméa,0003,Ecole Frédéric Surleau,166.446180272936,-22.2732842135737,666,444,435,centre_non_ind,Centre non-indépendantiste,Centre,#67a9cf,3,78,435,17.93103448275862,TRUE,1822,Centre ville
Province Sud,2019,Nouméa,0004,Ecole Marguerite Lefrançois,166.446044574066,-22.2859909097298,685,488,483,centre_non_ind,Centre non-indépendantiste,Centre,#67a9cf,3,74,483,15.320910973084887,TRUE,1809,Orphelinat
Province Sud,2019,Nouméa,0005,Ecole Yvonne Dupont 1,166.442173657352,-22.2926748814035,725,554,547,centre_non_ind,Centre non-indépendantiste,Centre,#67a9cf,3,95,547,17.36745886654479,TRUE,1806,Motor Pool - Receiving
Province Sud,2019,Nouméa,0006,Ecole Eloi Franc 1,166.447826467842,-22.2974281428095,805,540,532,centre_non_ind,Centre non-indépendantiste,Centre,#67a9cf,3,103,532,19.360902255639097,TRUE,1803,Anse Vata Est
Province Sud,2019,Nouméa,0007,Ecole Eloi Franc 2,166.447826467842,-22.2974281428095,708,499,490,centre_non_ind,Centre non-indépendantiste,Centre,#67a9cf,3,78,490,15.918367346938776,TRUE,1803,Anse Vata Est
Province Sud,2019,Nouméa,0008,Ecole Fernande Leriche 1,166.448431376266,-22.2984740950672,635,468,459,centre_non_ind,Centre non-indépendantiste,Centre,#67a9cf,3,87,459,18.954248366013072,TRUE,1803,Anse Vata Est
Province Sud,2019,Nouméa,0009,Ecole Fernande Leriche 2,166.448431376266,-22.2984740950672,814,587,581,centre_non_ind,Centre non-indépendantiste,Centre,#67a9cf,3,112,581,19.27710843373494,TRUE,1803,Anse Vata Est
Province Sud,2019,Nouméa,0010,Ecole Jean Mermoud 1,166.454827725543,-22.2956844604928,726,550,545,centre_non_ind,Centre non-indépendantiste,Centre,#67a9cf,3,96,545,17.61467889908257,TRUE,1807,N'Géa
Province Sud,2019,Nouméa,0011,Ecole Jean Mermoud 2,166.454827725543,-22.2956844604928,820,648,642,centre_non_ind,Centre non-indépendantiste,Centre,#67a9cf,3,88,642,13.707165109034268,TRUE,1807,N'Géa
Province Sud,2019,Nouméa,0012,Ecole Ernest Risbec 1,166.451704940929,-22.2838445188063,767,539,526,centre_non_ind,Centre non-indépendantiste,Centre,#67a9cf,3,98,526,18.631178707224336,TRUE,1808,Trianon
Province Sud,2019,Nouméa,0013,Ecole Ernest Risbec 2,166.451704940929,-22.2838445188063,785,537,525,centre_non_ind,Centre non-indépendantiste,Centre,#67a9cf,3,82,525,15.619047619047619,TRUE,1808,Trianon
Province Sud,2019,Nouméa,0014,Ecole Paul Boyer 1,166.452482969153,-22.2781620536236,665,463,459,centre_non_ind,Centre non-indépendantiste,Centre,#67a9cf,3,81,459,17.647058823529413,TRUE,1811,Faubourg Blanchot
Province Sud,2019,Nouméa,0015,Ecole Les Capucines,166.457228804171,-22.2753677119578,744,566,557,centre_non_ind,Centre non-indépendantiste,Centre,#67a9cf,3,111,557,19.92818671454219,TRUE,1813,Vallée des Colons Sud Ouest
Province Sud,2019,Nouméa,0016,Ecole Candide Koch 1,166.456450040223,-22.2745660873879,767,522,519,centre_non_ind,Centre non-indépendantiste,Centre,#67a9cf,3,103,519,19.845857418111752,TRUE,1813,Vallée des Colons Sud Ouest
Province Sud,2019,Nouméa,0017,Ecole Candide Koch 2,166.456450040223,-22.2745660873879,862,617,608,centre_non_ind,Centre non-indépendantiste,Centre,#67a9cf,3,119,608,19.57236842105263,TRUE,1813,Vallée des Colons Sud Ouest
Province Sud,2019,Nouméa,0018,Ecole Emily Panné 1,166.454860512437,-22.2689261325801,766,536,522,centre_non_ind,Centre non-indépendantiste,Centre,#67a9cf,3,92,522,17.624521072796934,TRUE,1820,Vallée des Colons Nord Est
Province Sud,2019,Nouméa,0019,Ecole Emily Panné 2,166.454860512437,-22.2689261325801,808,528,517,centre_non_ind,Centre non-indépendantiste,Centre,#67a9cf,3,92,517,17.79497098646035,TRUE,1820,Vallée des Colons Nord Est
Province Sud,2019,Nouméa,0020,Ecole Antoinette Charbonneaux,166.46666463723,-22.273716213111,775,579,573,centre_non_ind,Centre non-indépendantiste,Centre,#67a9cf,3,94,573,16.404886561954626,TRUE,1816,Magenta Tours
Province Sud,2019,Nouméa,0021,Ecole Marie Havet 1,166.471138313555,-22.2828880563017,815,611,598,centre_non_ind,Centre non-indépendantiste,Centre,#67a9cf,3,100,598,16.722408026755854,TRUE,1818,Ouémo
Province Sud,2019,Nouméa,0022,Ecole Marie Havet 2,166.471138313555,-22.2828880563017,857,642,635,centre_non_ind,Centre non-indépendantiste,Centre,#67a9cf,3,110,635,17.322834645669293,TRUE,1818,Ouémo
Province Sud,2019,Nouméa,0023,Ecole Chistine Boletti 1,166.465990390657,-22.2661773380247,818,584,569,centre_non_ind,Centre non-indépendantiste,Centre,#67a9cf,3,120,569,21.0896309314587,TRUE,1827,Aérodrome Sud
Province Sud,2019,Nouméa,0024,Ecole Chistine Boletti 2,166.465990390657,-22.2661773380247,915,511,498,centre_non_ind,Centre non-indépendantiste,Centre,#67a9cf,3,91,498,18.27309236947791,TRUE,1827,Aérodrome Sud
Province Sud,2019,Nouméa,0025,Ecole Michel Cacot 1,166.463652223431,-22.2662199324801,888,648,633,centre_non_ind,Centre non-indépendantiste,Centre,#67a9cf,3,101,633,15.955766192733018,TRUE,1826,Portes de Fer - Sud
Province Sud,2019,Nouméa,0026,Ecole Michel Cacot 2,166.463652223431,-22.2662199324801,807,582,571,centre_non_ind,Centre non-indépendantiste,Centre,#67a9cf,3,126,571,22.066549912434326,TRUE,1826,Portes de Fer - Sud
Province Sud,2019,Nouméa,0027,Ecole C. T. de Laubarède,166.445705500987,-22.2640017751327,847,455,436,centre_non_ind,Centre non-indépendantiste,Centre,#67a9cf,3,93,436,21.3302752293578,TRUE,1824,Vallée du Tir
Province Sud,2019,Nouméa,0028,Ecole Gustave Mouchet 1,166.454414703061,-22.2504501881193,946,494,474,centre_non_ind,Centre non-indépendantiste,Centre,#67a9cf,3,73,474,15.40084388185654,TRUE,1828,Portes de Fer - Nord
Province Sud,2019,Nouméa,0029,Ecole Gustave Mouchet 2,166.454414703061,-22.2504501881193,821,394,381,centre_non_ind,Centre non-indépendantiste,Centre,#67a9cf,3,60,381,15.748031496062993,TRUE,1828,Portes de Fer - Nord
Province Sud,2019,Nouméa,0030,Ecole Mathilde Broquet 1,166.467549840387,-22.256293239868,1024,657,639,centre_non_ind,Centre non-indépendantiste,Centre,#67a9cf,3,138,639,21.5962441314554,TRUE,1827,Aérodrome Sud
Province Sud,2019,Nouméa,0031,Ecole Marie Courtot 1,166.470464378859,-22.2425220070829,1056,704,688,centre_non_ind,Centre non-indépendantiste,Centre,#67a9cf,3,134,688,19.476744186046513,TRUE,1834,PK 6 Nord
Province Sud,2019,Nouméa,0032,Ecole Marie Courtot 2,166.470464378859,-22.2425220070829,851,635,620,centre_non_ind,Centre non-indépendantiste,Centre,#67a9cf,3,109,620,17.580645161290324,TRUE,1834,PK 6 Nord
Province Sud,2019,Nouméa,0033,Ecole Suzanne Berton,166.463601949873,-22.2382604330193,926,569,546,centre_non_ind,Centre non-indépendantiste,Centre,#67a9cf,3,122,546,22.344322344322343,TRUE,1833,Riviére Salée Sud
Province Sud,2019,Nouméa,0034,Ecole Les Roses,166.464696,-22.23767,866,587,572,centre_non_ind,Centre non-indépendantiste,Centre,#67a9cf,3,102,572,17.832167832167833,TRUE,NA,NA
Province Sud,2019,Nouméa,0035,Ecole Les Oeillets,166.468679,-22.230344,845,547,531,centre_non_ind,Centre non-indépendantiste,Centre,#67a9cf,3,107,531,20.150659133709983,TRUE,NA,NA
Province Sud,2019,Nouméa,0036,Ecole Jacques Trouillot,166.471000599479,-22.2283599819501,828,546,523,centre_non_ind,Centre non-indépendantiste,Centre,#67a9cf,3,97,523,18.54684512428298,TRUE,1838,Riviére Salée Nord Est
Province Sud,2019,Nouméa,0037,Ecole Mauricette Devambez 1,166.470726,-22.23276,1076,590,566,centre_non_ind,Centre non-indépendantiste,Centre,#67a9cf,3,99,566,17.491166077738516,TRUE,NA,NA
Province Sud,2019,Nouméa,0038,Ecole Mauricette Devambez 2,166.470726,-22.23276,1021,665,650,centre_non_ind,Centre non-indépendantiste,Centre,#67a9cf,3,130,650,20,TRUE,NA,NA
Province Sud,2019,Nouméa,0039,Ecole Adrienne Lomont 1,166.484157216578,-22.2206462260252,698,369,354,centre_non_ind,Centre non-indépendantiste,Centre,#67a9cf,3,67,354,18.926553672316384,TRUE,1840,Normandie Nord
Province Sud,2019,Nouméa,0040,Ecole Adrienne Lomont 2,166.484157216578,-22.2206462260252,1167,755,730,centre_non_ind,Centre non-indépendantiste,Centre,#67a9cf,3,128,730,17.534246575342465,TRUE,1840,Normandie Nord
Province Sud,2019,Nouméa,0041,Ecole Gustave Lods 1,166.435430928496,-22.2381371662114,943,593,568,centre_non_ind,Centre non-indépendantiste,Centre,#67a9cf,3,121,568,21.302816901408452,TRUE,1843,Logicoop
Province Sud,2019,Nouméa,0042,Ecole Gustave Lods 2,166.435430928496,-22.2381371662114,1110,635,614,centre_non_ind,Centre non-indépendantiste,Centre,#67a9cf,3,126,614,20.521172638436482,TRUE,1843,Logicoop
Province Sud,2019,Nouméa,0043,Ecole Daniel Talon,166.429735177846,-22.2343498153878,1486,820,796,centre_non_ind,Centre non-indépendantiste,Centre,#67a9cf,3,167,796,20.979899497487438,TRUE,1843,Logicoop
Province Sud,2019,Nouméa,0044,Ecole Louise Vergès,166.421805,-22.23044,946,502,494,centre_non_ind,Centre non-indépendantiste,Centre,#67a9cf,3,113,494,22.874493927125506,TRUE,NA,NA
Province Sud,2019,Nouméa,0045,Ecole Mathilde Broquet 2,166.467549840387,-22.256293239868,1168,739,728,centre_non_ind,Centre non-indépendantiste,Centre,#67a9cf,3,115,728,15.796703296703297,TRUE,1827,Aérodrome Sud
Province Sud,2019,Nouméa,0046,Ecole Yvonne Dupont 2,166.442173657352,-22.2926748814035,546,413,410,centre_non_ind,Centre non-indépendantiste,Centre,#67a9cf,3,88,410,21.463414634146343,TRUE,1806,Motor Pool - Receiving
Province Sud,2019,Nouméa,0047,Ecole Paul Boyer 2,166.452482969153,-22.2781620536236,737,529,522,centre_non_ind,Centre non-indépendantiste,Centre,#67a9cf,3,90,522,17.24137931034483,TRUE,1811,Faubourg Blanchot
Province Sud,2019,Nouméa,0048,Ecole Marguerite Arsapin,166.462764,-22.228627,844,504,485,centre_non_ind,Centre non-indépendantiste,Centre,#67a9cf,3,114,485,23.50515463917526,TRUE,NA,NA
Province Sud,2019,Nouméa,0049,Ecole Les Pervenches,166.463935144665,-22.2575766179093,835,609,598,centre_non_ind,Centre non-indépendantiste,Centre,#67a9cf,3,81,598,13.545150501672241,TRUE,1826,Portes de Fer - Sud
Province Sud,2019,Nouméa,0050,Ecole Albert Perraud,166.467888234029,-22.2619636836771,1220,664,639,centre_non_ind,Centre non-indépendantiste,Centre,#67a9cf,3,139,639,21.752738654147105,TRUE,1827,Aérodrome Sud
Province Sud,2019,Nouméa,0051,Ecole Michel Amiot,166.468616034294,-22.2680303864914,929,656,643,centre_non_ind,Centre non-indépendantiste,Centre,#67a9cf,3,101,643,15.707620528771384,TRUE,1817,Magenta Est
Province Sud,2019,Nouméa,0052,Ecole Charles Bichon,166.443767790723,-22.2808132680625,575,402,397,centre_non_ind,Centre non-indépendantiste,Centre,#67a9cf,3,83,397,20.906801007556677,TRUE,1809,Orphelinat
Province Sud,2019,Nouméa,0053,Ecole Les Lys,166.443135087106,-22.2929071476207,682,496,493,centre_non_ind,Centre non-indépendantiste,Centre,#67a9cf,3,84,493,17.038539553752535,TRUE,1806,Motor Pool - Receiving
Province Sud,2019,Nouméa,0054,Ecole Le petit poucet,166.446452105063,-22.2638462676659,938,577,562,centre_non_ind,Centre non-indépendantiste,Centre,#67a9cf,3,117,562,20.818505338078293,TRUE,1824,Vallée du Tir
Province Sud,2019,Nouméa,0055,Ecole Serge Laigle,166.486016745804,-22.2343408388225,934,714,702,centre_non_ind,Centre non-indépendantiste,Centre,#67a9cf,3,133,702,18.945868945868945,TRUE,1835,Tina
Province Sud,2019,Nouméa,0056,Ecole Guy Champmoreau,166.452313565802,-22.2892161943525,1168,807,788,centre_non_ind,Centre non-indépendantiste,Centre,#67a9cf,3,145,788,18.401015228426395,TRUE,1807,N'Géa
Province Sud,2019,Nouméa,0057,Mairie 3,166.439401925184,-22.2714056104229,108,19,18,centre_non_ind,Centre non-indépendantiste,Centre,#67a9cf,3,2,18,11.11111111111111,TRUE,1822,Centre ville
Province Sud,2019,Païta,0001,Dock Socioculturel 1,166.366370328351,-22.1294955354086,457,312,304,centre_non_ind,Centre non-indépendantiste,Centre,#67a9cf,3,53,304,17.43421052631579,TRUE,2101,Paita centre
Province Sud,2019,Païta,0002,Dock Socioculturel 2,166.366370328351,-22.1294955354086,618,437,431,centre_non_ind,Centre non-indépendantiste,Centre,#67a9cf,3,50,431,11.600928074245939,TRUE,2101,Paita centre
Province Sud,2019,Païta,0003,Dock Socioculturel 3,166.366370328351,-22.1294955354086,640,433,425,centre_non_ind,Centre non-indépendantiste,Centre,#67a9cf,3,74,425,17.41176470588235,TRUE,2101,Paita centre
Province Sud,2019,Païta,0004,Dock Socioculturel 4,166.366370328351,-22.1294955354086,345,242,233,centre_non_ind,Centre non-indépendantiste,Centre,#67a9cf,3,34,233,14.592274678111588,TRUE,2101,Paita centre
Province Sud,2019,Païta,0005,Dock Socioculturel 5,166.366370328351,-22.1294955354086,712,506,486,centre_non_ind,Centre non-indépendantiste,Centre,#67a9cf,3,77,486,15.843621399176955,TRUE,2101,Paita centre
Province Sud,2019,Païta,0006,Mairie,166.361658608639,-22.1291986951984,702,430,425,centre_non_ind,Centre non-indépendantiste,Centre,#67a9cf,3,26,425,6.117647058823529,TRUE,2101,Paita centre
Province Sud,2019,Païta,0007,Ecole Vi Vete,166.356291724406,-22.134484419519,731,494,478,centre_non_ind,Centre non-indépendantiste,Centre,#67a9cf,3,58,478,12.133891213389122,TRUE,2101,Paita centre
Province Sud,2019,Païta,0008,Ecole James Paddon,166.359353160601,-22.1337644237458,700,476,469,centre_non_ind,Centre non-indépendantiste,Centre,#67a9cf,3,57,469,12.153518123667377,TRUE,2101,Paita centre
Province Sud,2019,Païta,0009,Ecole Élémentaire Les Scheffleras - 1,166.36989887391,-22.1257398247667,698,404,383,centre_non_ind,Centre non-indépendantiste,Centre,#67a9cf,3,74,383,19.321148825065276,TRUE,2102,Scheffleras
Province Sud,2019,Païta,0010,Ecole Élémentaire Les Scheffleras - 2,166.36989887391,-22.1257398247667,734,480,461,centre_non_ind,Centre non-indépendantiste,Centre,#67a9cf,3,69,461,14.967462039045554,TRUE,2102,Scheffleras
Province Sud,2019,Païta,0011,Ecole Maternelle Les Scheffleras - 1,166.36989887391,-22.1257398247667,721,504,494,centre_non_ind,Centre non-indépendantiste,Centre,#67a9cf,3,80,494,16.194331983805668,TRUE,2102,Scheffleras
Province Sud,2019,Païta,0012,Ecole Maternelle Les Scheffleras - 2,166.36989887391,-22.1257398247667,557,392,382,centre_non_ind,Centre non-indépendantiste,Centre,#67a9cf,3,78,382,20.418848167539267,TRUE,2102,Scheffleras
Province Sud,2019,Païta,0013,Ecole primaire Jean Ounou COTTIN 1,166.265966445473,-22.0605318544913,738,479,458,centre_non_ind,Centre non-indépendantiste,Centre,#67a9cf,3,81,458,17.685589519650655,TRUE,2106,Tamoa Bangou Saint Laurent
Province Sud,2019,Païta,0014,Ecole primaire Jean Ounou COTTIN 2,166.265966445473,-22.0605318544913,761,492,482,centre_non_ind,Centre non-indépendantiste,Centre,#67a9cf,3,56,482,11.618257261410788,TRUE,2106,Tamoa Bangou Saint Laurent
Province Sud,2019,Païta,0015,Tontouta,166.22014428712,-22.0130384994051,556,388,377,centre_non_ind,Centre non-indépendantiste,Centre,#67a9cf,3,109,377,28.912466843501328,TRUE,2107,Tontouta Tiaré
Province Sud,2019,Païta,0016,Ecole Robert ABEL 1,166.379189029935,-22.1384982889128,471,389,380,centre_non_ind,Centre non-indépendantiste,Centre,#67a9cf,3,58,380,15.263157894736842,TRUE,2103,Nogouta-Les 3 Vallées
Province Sud,2019,Païta,0017,Ecole Robert ABEL 2,166.379189029935,-22.1384982889128,553,357,347,centre_non_ind,Centre non-indépendantiste,Centre,#67a9cf,3,47,347,13.544668587896254,TRUE,2103,Nogouta-Les 3 Vallées
Province Sud,2019,Poya Sud,0005,Mairie 2,165.2454695470807,-21.4084575263513,164,133,131,centre_non_ind,Centre non-indépendantiste,Centre,#67a9cf,3,43,131,32.82442748091603,TRUE,2706,Poya Sud
Province Sud,2019,Sarraméa,0001,Mairie,165.85386596919105,-21.642344787633757,502,365,358,centre_non_ind,Centre non-indépendantiste,Centre,#67a9cf,3,47,358,13.128491620111731,TRUE,2801,Sarraméa
Province Sud,2019,Thio,0001,Mairie 1,166.21553174553168,-21.610374938390603,784,489,478,centre_non_ind,Centre non-indépendantiste,Centre,#67a9cf,3,48,478,10.0418410041841,TRUE,2901,Thio village
Province Sud,2019,Thio,0002,Mairie 2,166.21553174553168,-21.610374938390603,560,319,316,centre_non_ind,Centre non-indépendantiste,Centre,#67a9cf,3,18,316,5.69620253164557,TRUE,2901,Thio village
Province Sud,2019,Thio,0003,Grand Borendy,166.45075740277505,-21.738718340168145,305,167,164,centre_non_ind,Centre non-indépendantiste,Centre,#67a9cf,3,2,164,1.2195121951219512,TRUE,2902,Ouindo Borendy
Province Sud,2019,Thio,0004,Saint-Pierre,166.14983539215794,-21.67410856554519,442,251,248,centre_non_ind,Centre non-indépendantiste,Centre,#67a9cf,3,6,248,2.4193548387096775,TRUE,2902,Ouindo Borendy
Province Sud,2019,Yaté,0001,Mairie,166.94326054599946,-22.16058963447543,274,197,195,centre_non_ind,Centre non-indépendantiste,Centre,#67a9cf,3,34,195,17.435897435897434,TRUE,3201,Waho Touaourou Goro
Province Sud,2019,Yaté,0002,Touaourou,166.97497872151834,-22.190244269832505,461,305,302,centre_non_ind,Centre non-indépendantiste,Centre,#67a9cf,3,19,302,6.291390728476821,TRUE,3201,Waho Touaourou Goro
Province Sud,2019,Yaté,0003,Goro,167.0163659290303,-22.286011229502463,219,159,158,centre_non_ind,Centre non-indépendantiste,Centre,#67a9cf,3,30,158,18.9873417721519,TRUE,3201,Waho Touaourou Goro
Province Sud,2019,Yaté,0004,Unia,166.89998901288348,-22.06107261844911,750,542,538,centre_non_ind,Centre non-indépendantiste,Centre,#67a9cf,3,17,538,3.159851301115242,TRUE,3202,Unia Ouinné
Province Sud,2026,Boulouparis,0001,Mairie,166.047711423762,-21.8654175541592,880,599,580,centre_non_ind,Centre non-indépendantiste,Centre,#67a9cf,3,66,580,11.379310344827585,TRUE,201,Boulouparis village
Province Sud,2026,Boulouparis,0002,Maison des associations du village de Boulouparis,166.047083,-21.865589,714,578,570,centre_non_ind,Centre non-indépendantiste,Centre,#67a9cf,3,35,570,6.140350877192983,TRUE,NA,NA
Province Sud,2026,Boulouparis,0003,Centre culturel de Boulouparis,166.049037,-21.865435,762,587,577,centre_non_ind,Centre non-indépendantiste,Centre,#67a9cf,3,55,577,9.532062391681109,TRUE,NA,NA
Province Sud,2026,Boulouparis,0004,Maison des associations du village de Tomo,166.15105,-21.95844,716,492,470,centre_non_ind,Centre non-indépendantiste,Centre,#67a9cf,3,47,470,10,TRUE,NA,NA
Province Sud,2026,Bourail,0001,Mairie,165.497503614793,-21.5680444203004,886,605,593,centre_non_ind,Centre non-indépendantiste,Centre,#67a9cf,3,84,593,14.165261382799326,TRUE,301,Bourail village
Province Sud,2026,Bourail,0002,Pothé,165.491900847299,-21.4547330481005,900,535,526,centre_non_ind,Centre non-indépendantiste,Centre,#67a9cf,3,34,526,6.4638783269961975,TRUE,305,Ny
Province Sud,2026,Bourail,0003,Colisée 1,165.49385205691,-21.5656940047007,934,718,700,centre_non_ind,Centre non-indépendantiste,Centre,#67a9cf,3,79,700,11.285714285714286,TRUE,301,Bourail village
Province Sud,2026,Bourail,0004,Ecole Les Lys D'Eau,165.49748641875,-21.5730483252455,805,585,574,centre_non_ind,Centre non-indépendantiste,Centre,#67a9cf,3,72,574,12.543554006968641,TRUE,301,Bourail village
Province Sud,2026,Bourail,0005,Colisée 2,165.493852,-21.565694,936,663,650,centre_non_ind,Centre non-indépendantiste,Centre,#67a9cf,3,89,650,13.692307692307692,TRUE,NA,NA
Province Sud,2026,Dumbéa,0001,Hôtel de Ville 1,166.457501065839,-22.1675460417822,903,632,621,centre_non_ind,Centre non-indépendantiste,Centre,#67a9cf,3,67,621,10.789049919484702,TRUE,512,Plaine de Koé
Province Sud,2026,Dumbéa,0002,Hôtel de Ville 2,166.457501065839,-22.1675460417822,887,534,527,centre_non_ind,Centre non-indépendantiste,Centre,#67a9cf,3,72,527,13.66223908918406,TRUE,512,Plaine de Koé
Province Sud,2026,Dumbéa,0003,Hôtel de Ville 3,166.457501065839,-22.1675460417822,1009,613,596,centre_non_ind,Centre non-indépendantiste,Centre,#67a9cf,3,100,596,16.778523489932887,TRUE,512,Plaine de Koé
Province Sud,2026,Dumbéa,0004,Salle omnisports d'Auteuil Ernest Chambonnier 1,166.475894,-22.206094,974,591,585,centre_non_ind,Centre non-indépendantiste,Centre,#67a9cf,3,80,585,13.675213675213675,TRUE,NA,NA
Province Sud,2026,Dumbéa,0005,Salle omnisports d'Auteuil Ernest Chambonnier 2,166.475894,-22.206094,643,330,317,centre_non_ind,Centre non-indépendantiste,Centre,#67a9cf,3,52,317,16.40378548895899,TRUE,NA,NA
Province Sud,2026,Dumbéa,0006,Salle omnisports d'Auteuil Ernest Chambonnier 3,166.475894,-22.206094,785,469,453,centre_non_ind,Centre non-indépendantiste,Centre,#67a9cf,3,56,453,12.362030905077262,TRUE,NA,NA
Province Sud,2026,Dumbéa,0007,Salle omnisports d'Auteuil Ernest Chambonnier 4,166.475894,-22.206094,998,617,600,centre_non_ind,Centre non-indépendantiste,Centre,#67a9cf,3,88,600,14.666666666666666,TRUE,NA,NA
Province Sud,2026,Dumbéa,0008,Salle omnisports d'Auteuil Ernest Chambonnier 5,166.475894,-22.206094,765,515,498,centre_non_ind,Centre non-indépendantiste,Centre,#67a9cf,3,50,498,10.040160642570282,TRUE,NA,NA
Province Sud,2026,Dumbéa,0009,Salle omnisports d'Auteuil Ernest Chambonnier 6,166.475894,-22.206094,398,211,209,centre_non_ind,Centre non-indépendantiste,Centre,#67a9cf,3,47,209,22.48803827751196,TRUE,NA,NA
Province Sud,2026,Dumbéa,0010,Maison de la Jeunesse 1,166.474913,-22.205681,878,605,588,centre_non_ind,Centre non-indépendantiste,Centre,#67a9cf,3,79,588,13.435374149659864,TRUE,NA,NA
Province Sud,2026,Dumbéa,0011,Maison de la Jeunesse 2,166.474913,-22.205681,782,540,530,centre_non_ind,Centre non-indépendantiste,Centre,#67a9cf,3,68,530,12.830188679245284,TRUE,NA,NA
Province Sud,2026,Dumbéa,0012,Ecole primaire Gustave Clain 1,166.460870510376,-22.2089353285944,868,523,511,centre_non_ind,Centre non-indépendantiste,Centre,#67a9cf,3,66,511,12.915851272015656,TRUE,504,Koutio érudits
Province Sud,2026,Dumbéa,0013,Ecole primaire Gustave Clain 2,166.460871,-22.208935,821,492,484,centre_non_ind,Centre non-indépendantiste,Centre,#67a9cf,3,60,484,12.396694214876034,TRUE,NA,NA
Province Sud,2026,Dumbéa,0014,Ecole maternelle l'Oasis 1,166.461460951246,-22.2085634346196,727,501,494,centre_non_ind,Centre non-indépendantiste,Centre,#67a9cf,3,60,494,12.145748987854251,TRUE,504,Koutio érudits
Province Sud,2026,Dumbéa,0015,Ecole maternelle l'Oasis 2,166.461461,-22.208563,739,487,474,centre_non_ind,Centre non-indépendantiste,Centre,#67a9cf,3,54,474,11.39240506329114,TRUE,NA,NA
Province Sud,2026,Dumbéa,0016,Groupe scolaire Michelle Delacharlerie-Rolly 1,166.445998676866,-22.2013803961715,648,383,371,centre_non_ind,Centre non-indépendantiste,Centre,#67a9cf,3,82,371,22.10242587601078,TRUE,510,Dumbéa/mer Ouest
Province Sud,2026,Dumbéa,0017,Groupe scolaire Michelle Delacharlerie-Rolly 2,166.445999,-22.20138,778,402,394,centre_non_ind,Centre non-indépendantiste,Centre,#67a9cf,3,54,394,13.705583756345177,TRUE,NA,NA
Province Sud,2026,Dumbéa,0018,Groupe scolaire Renée Fong 1,166.44418672502,-22.192372203396,840,601,590,centre_non_ind,Centre non-indépendantiste,Centre,#67a9cf,3,45,590,7.627118644067797,TRUE,511,Dumbea/mer Est - Plaine Adam
Province Sud,2026,Dumbéa,0019,Groupe scolaire Renée Fong 2,166.444187,-22.192372,1223,724,712,centre_non_ind,Centre non-indépendantiste,Centre,#67a9cf,3,115,712,16.151685393258425,TRUE,NA,NA
Province Sud,2026,Dumbéa,0020,Mairie du Nord 1,166.457501065839,-22.1675460417822,714,491,484,centre_non_ind,Centre non-indépendantiste,Centre,#67a9cf,3,42,484,8.677685950413224,TRUE,512,Plaine de Koé
Province Sud,2026,Dumbéa,0021,Mairie du Nord 2,166.457501065839,-22.1675460417822,652,493,486,centre_non_ind,Centre non-indépendantiste,Centre,#67a9cf,3,65,486,13.374485596707819,TRUE,512,Plaine de Koé
Province Sud,2026,Dumbéa,0022,Mairie du Nord 3,166.457501,-22.167546,715,433,421,centre_non_ind,Centre non-indépendantiste,Centre,#67a9cf,3,60,421,14.251781472684085,TRUE,NA,NA
Province Sud,2026,Dumbéa,0023,Ecole primaire Paul Duboisé 1,166.434846490836,-22.1399347171588,905,645,635,centre_non_ind,Centre non-indépendantiste,Centre,#67a9cf,3,94,635,14.803149606299213,TRUE,515,Katiramona Sud
Province Sud,2026,Dumbéa,0024,Ecole primaire Paul Duboisé 2,166.434846,-22.139935,827,512,489,centre_non_ind,Centre non-indépendantiste,Centre,#67a9cf,3,78,489,15.950920245398773,TRUE,NA,NA
Province Sud,2026,Dumbéa,0025,Ecole maternelle les Colibris,166.436047169124,-22.1394710088392,802,516,508,centre_non_ind,Centre non-indépendantiste,Centre,#67a9cf,3,70,508,13.779527559055119,TRUE,515,Katiramona Sud
Province Sud,2026,Dumbéa,0026,Groupe scolaire Frédéric-Louis Dorbritz 1,166.437530865088,-22.1944939226253,629,494,490,centre_non_ind,Centre non-indépendantiste,Centre,#67a9cf,3,59,490,12.040816326530612,TRUE,510,Dumbéa/mer Ouest
Province Sud,2026,Farino,0001,Mairie,165.77595416144513,-21.666848976720875,635,500,481,centre_non_ind,Centre non-indépendantiste,Centre,#67a9cf,3,79,481,16.424116424116423,TRUE,601,Farino
Province Sud,2026,Ile des Pins,0001,Mairie 1,167.495819,-22.66517,1030,586,583,centre_non_ind,Centre non-indépendantiste,Centre,#67a9cf,3,61,583,10.4631217838765,TRUE,901,Vao
Province Sud,2026,Ile des Pins,0002,Batiment Communal Point 1,167.495819,-22.66517,825,502,499,centre_non_ind,Centre non-indépendantiste,Centre,#67a9cf,3,45,499,9.01803607214429,TRUE,901,Vao
Province Sud,2026,La Foa,0001,Centre Socio-Culturel 1,165.82495689060195,-21.708500844468237,866,618,609,centre_non_ind,Centre non-indépendantiste,Centre,#67a9cf,3,157,609,25.779967159277504,TRUE,1301,La Foa village
Province Sud,2026,La Foa,0002,Centre Socio Culturel 2,165.82495689060195,-21.708500844468237,775,587,577,centre_non_ind,Centre non-indépendantiste,Centre,#67a9cf,3,123,577,21.317157712305026,TRUE,1301,La Foa village
Province Sud,2026,La Foa,0003,Centre Socio-Culturel 3,165.82495689060195,-21.708500844468237,767,583,575,centre_non_ind,Centre non-indépendantiste,Centre,#67a9cf,3,129,575,22.434782608695652,TRUE,1301,La Foa village
Province Sud,2026,La Foa,0004,Centre Socio-Culturel 4,165.82495689060195,-21.708500844468237,753,544,530,centre_non_ind,Centre non-indépendantiste,Centre,#67a9cf,3,94,530,17.735849056603772,TRUE,1301,La Foa village
Province Sud,2026,Moindou,0001,Mairie,165.67695619871748,-21.69271000327087,819,614,604,centre_non_ind,Centre non-indépendantiste,Centre,#67a9cf,3,60,604,9.933774834437086,TRUE,1601,Moindou
Province Sud,2026,Mont-Dore,0001,Mairie de BOULARI,166.523722376157,-22.2317078297453,830,509,498,centre_non_ind,Centre non-indépendantiste,Centre,#67a9cf,3,66,498,13.25301204819277,TRUE,NA,NA
Province Sud,2026,Mont-Dore,0002,Groupe scolaire Hélène CHANEL,166.485528594387,-22.2217711398288,575,399,389,centre_non_ind,Centre non-indépendantiste,Centre,#67a9cf,3,47,389,12.082262210796916,TRUE,1703,Pont des Fran‡ais
Province Sud,2026,Mont-Dore,0003,Ecole primaire Adolphe BOUTAN,166.841440737558,-22.4256696418669,801,617,600,centre_non_ind,Centre non-indépendantiste,Centre,#67a9cf,3,61,600,10.166666666666666,TRUE,1715,Mouirange - Grand Sud - Ile Ouen
Province Sud,2026,Mont-Dore,0004,Ecole primaire Louis Henri GALINE 1,166.512755378687,-22.2163077194956,828,568,546,centre_non_ind,Centre non-indépendantiste,Centre,#67a9cf,3,71,546,13.003663003663004,TRUE,1705,Robinson Nord
Province Sud,2026,Mont-Dore,0005,Ecole La Rizière 1,166.573975497183,-22.2332233282141,1112,686,662,centre_non_ind,Centre non-indépendantiste,Centre,#67a9cf,3,46,662,6.948640483383686,TRUE,1710,La Coulée Nord
Province Sud,2026,Mont-Dore,0006,Ecole primaire du Vallon-Dore,166.571853310489,-22.2757480668132,807,545,524,centre_non_ind,Centre non-indépendantiste,Centre,#67a9cf,3,70,524,13.358778625954198,TRUE,1712,Vallon Dore
Province Sud,2026,Mont-Dore,0007,Groupe scolaire de Plum,166.640486,-22.277131,720,440,432,centre_non_ind,Centre non-indépendantiste,Centre,#67a9cf,3,50,432,11.574074074074074,TRUE,NA,NA
Province Sud,2026,Mont-Dore,0008,Groupe scolaire de Boulari 1,166.520855451452,-22.2274992832452,871,612,600,centre_non_ind,Centre non-indépendantiste,Centre,#67a9cf,3,53,600,8.833333333333334,TRUE,1707,Boulari
Province Sud,2026,Mont-Dore,0009,Mairie Annexe De Plum 1,166.623268718041,-22.2730906933136,988,542,510,centre_non_ind,Centre non-indépendantiste,Centre,#67a9cf,3,56,510,10.980392156862745,TRUE,1714,Plum
Province Sud,2026,Mont-Dore,0010,Ecole La Rizière 2,166.573975497183,-22.2332233282141,952,558,538,centre_non_ind,Centre non-indépendantiste,Centre,#67a9cf,3,84,538,15.613382899628252,TRUE,1710,La Coulée Nord
Province Sud,2026,Mont-Dore,0011,Groupe scolaire de Boulari 2,166.520855451452,-22.2274992832452,709,516,507,centre_non_ind,Centre non-indépendantiste,Centre,#67a9cf,3,59,507,11.637080867850099,TRUE,1707,Boulari
Province Sud,2026,Mont-Dore,0012,Groupe scolaire de Saint-Michel 1,166.529983,-22.224807,757,476,459,centre_non_ind,Centre non-indépendantiste,Centre,#67a9cf,3,65,459,14.161220043572985,TRUE,NA,NA
Province Sud,2026,Mont-Dore,0013,Ecole maternelle Les Fougères,166.841440737558,-22.4256696418669,486,312,305,centre_non_ind,Centre non-indépendantiste,Centre,#67a9cf,3,39,305,12.78688524590164,TRUE,1715,Mouirange - Grand Sud - Ile Ouen
Province Sud,2026,Mont-Dore,0014,Ecole maternelle les Dauphins,166.57252708408,-22.2768294716869,866,620,604,centre_non_ind,Centre non-indépendantiste,Centre,#67a9cf,3,79,604,13.079470198675496,TRUE,1712,Vallon Dore
Province Sud,2026,Mont-Dore,0015,Ecole Maternelle Les Coccinelles,166.56758162382,-22.2502864537601,1187,756,724,centre_non_ind,Centre non-indépendantiste,Centre,#67a9cf,3,115,724,15.883977900552486,TRUE,1711,La Coulée Sud
Province Sud,2026,Mont-Dore,0016,Ecole Saint-Joseph de CLUNY,166.499920601202,-22.2239776205159,1024,717,702,centre_non_ind,Centre non-indépendantiste,Centre,#67a9cf,3,80,702,11.396011396011396,TRUE,1704,La Conception
Province Sud,2026,Mont-Dore,0017,Ecole primaire Louis Henri GALINE 2,166.512755378687,-22.2163077194956,842,557,539,centre_non_ind,Centre non-indépendantiste,Centre,#67a9cf,3,89,539,16.512059369202227,TRUE,1705,Robinson Nord
Province Sud,2026,Mont-Dore,0018,Groupe scolaire Boulari 3,166.520855451452,-22.2274992832452,923,616,606,centre_non_ind,Centre non-indépendantiste,Centre,#67a9cf,3,94,606,15.511551155115512,TRUE,1707,Boulari
Province Sud,2026,Mont-Dore,0019,Groupe scolaire Saint-Michel 2,166.529983,-22.224807,613,413,392,centre_non_ind,Centre non-indépendantiste,Centre,#67a9cf,3,45,392,11.479591836734693,TRUE,NA,NA
Province Sud,2026,Mont-Dore,0020,Ecole La Rizière 3,166.57398,-22.23322,625,346,329,centre_non_ind,Centre non-indépendantiste,Centre,#67a9cf,3,50,329,15.19756838905775,TRUE,NA,NA
Province Sud,2026,Mont-Dore,0021,Ecole de La Briqueterie 1,166.56645,-22.26251,760,468,449,centre_non_ind,Centre non-indépendantiste,Centre,#67a9cf,3,64,449,14.25389755011136,TRUE,NA,NA
Province Sud,2026,Mont-Dore,0022,Ecole de La Briqueterie 2,166.566445622614,-22.2625090934915,665,430,417,centre_non_ind,Centre non-indépendantiste,Centre,#67a9cf,3,63,417,15.107913669064748,TRUE,1712,Vallon Dore
Province Sud,2026,Mont-Dore,0023,Mairie 2,166.52326,-22.22975,517,330,320,centre_non_ind,Centre non-indépendantiste,Centre,#67a9cf,3,36,320,11.25,TRUE,NA,NA
Province Sud,2026,Mont-Dore,0024,Groupe scolaire de Yahoué,166.490039,-22.208543,783,492,485,centre_non_ind,Centre non-indépendantiste,Centre,#67a9cf,3,71,485,14.639175257731958,TRUE,NA,NA
Province Sud,2026,Nouméa,0001,Mairie 1,166.439401925184,-22.2714056104229,630,383,380,centre_non_ind,Centre non-indépendantiste,Centre,#67a9cf,3,59,380,15.526315789473685,TRUE,1822,Centre ville
Province Sud,2026,Nouméa,0002,Mairie 2,166.439401925184,-22.2714056104229,1192,545,539,centre_non_ind,Centre non-indépendantiste,Centre,#67a9cf,3,63,539,11.688311688311689,TRUE,1822,Centre ville
Province Sud,2026,Nouméa,0003,Ecole Frédéric Surleau,166.446180272936,-22.2732842135737,756,504,499,centre_non_ind,Centre non-indépendantiste,Centre,#67a9cf,3,61,499,12.224448897795591,TRUE,1822,Centre ville
Province Sud,2026,Nouméa,0004,Ecole Marguerite Lefrançois,166.446044574066,-22.2859909097298,737,566,562,centre_non_ind,Centre non-indépendantiste,Centre,#67a9cf,3,53,562,9.430604982206406,TRUE,1809,Orphelinat
Province Sud,2026,Nouméa,0005,Ecole Yvonne Dupont 1,166.442173657352,-22.2926748814035,706,558,555,centre_non_ind,Centre non-indépendantiste,Centre,#67a9cf,3,57,555,10.27027027027027,TRUE,1806,Motor Pool - Receiving
Province Sud,2026,Nouméa,0006,Ecole Eloi Franc 1,166.447826467842,-22.2974281428095,913,674,662,centre_non_ind,Centre non-indépendantiste,Centre,#67a9cf,3,69,662,10.422960725075528,TRUE,1803,Anse Vata Est
Province Sud,2026,Nouméa,0007,Ecole Eloi Franc 2,166.447826467842,-22.2974281428095,772,576,570,centre_non_ind,Centre non-indépendantiste,Centre,#67a9cf,3,53,570,9.298245614035087,TRUE,1803,Anse Vata Est
Province Sud,2026,Nouméa,0008,Ecole Fernande Leriche 1,166.448431376266,-22.2984740950672,705,540,538,centre_non_ind,Centre non-indépendantiste,Centre,#67a9cf,3,44,538,8.178438661710038,TRUE,1803,Anse Vata Est
Province Sud,2026,Nouméa,0009,Ecole Fernande Leriche 2,166.448431376266,-22.2984740950672,812,615,612,centre_non_ind,Centre non-indépendantiste,Centre,#67a9cf,3,61,612,9.967320261437909,TRUE,1803,Anse Vata Est
Province Sud,2026,Nouméa,0010,Ecole Jean Mermoud 1,166.454827725543,-22.2956844604928,806,628,622,centre_non_ind,Centre non-indépendantiste,Centre,#67a9cf,3,68,622,10.932475884244372,TRUE,1807,N'Géa
Province Sud,2026,Nouméa,0011,Ecole Jean Mermoud 2,166.454827725543,-22.2956844604928,965,819,813,centre_non_ind,Centre non-indépendantiste,Centre,#67a9cf,3,79,813,9.71709717097171,TRUE,1807,N'Géa
Province Sud,2026,Nouméa,0012,Ecole Ernest Risbec 1,166.451704940929,-22.2838445188063,851,619,615,centre_non_ind,Centre non-indépendantiste,Centre,#67a9cf,3,60,615,9.75609756097561,TRUE,1808,Trianon
Province Sud,2026,Nouméa,0013,Ecole Ernest Risbec 2,166.451704940929,-22.2838445188063,798,584,577,centre_non_ind,Centre non-indépendantiste,Centre,#67a9cf,3,67,577,11.611785095320624,TRUE,1808,Trianon
Province Sud,2026,Nouméa,0014,Ecole Paul Boyer 1,166.452482969153,-22.2781620536236,706,472,469,centre_non_ind,Centre non-indépendantiste,Centre,#67a9cf,3,54,469,11.513859275053305,TRUE,1811,Faubourg Blanchot
Province Sud,2026,Nouméa,0015,Ecole Les Capucines,166.457228804171,-22.2753677119578,761,571,566,centre_non_ind,Centre non-indépendantiste,Centre,#67a9cf,3,50,566,8.8339222614841,TRUE,1813,Vallée des Colons Sud Ouest
Province Sud,2026,Nouméa,0016,Ecole Candide Koch 1,166.456450040223,-22.2745660873879,811,574,568,centre_non_ind,Centre non-indépendantiste,Centre,#67a9cf,3,66,568,11.619718309859154,TRUE,1813,Vallée des Colons Sud Ouest
Province Sud,2026,Nouméa,0017,Ecole Candide Koch 2,166.456450040223,-22.2745660873879,884,677,667,centre_non_ind,Centre non-indépendantiste,Centre,#67a9cf,3,62,667,9.295352323838081,TRUE,1813,Vallée des Colons Sud Ouest
Province Sud,2026,Nouméa,0018,Ecole Suzanne Russier 1,166.446654,-22.269689,774,544,534,centre_non_ind,Centre non-indépendantiste,Centre,#67a9cf,3,65,534,12.172284644194757,TRUE,NA,NA
Province Sud,2026,Nouméa,0019,Ecole Suzanne Russier 2,166.446654,-22.269689,887,597,589,centre_non_ind,Centre non-indépendantiste,Centre,#67a9cf,3,64,589,10.865874363327674,TRUE,NA,NA
Province Sud,2026,Nouméa,0020,Ecole Antoinette Charbonneaux,166.46666463723,-22.273716213111,766,606,602,centre_non_ind,Centre non-indépendantiste,Centre,#67a9cf,3,43,602,7.142857142857143,TRUE,1816,Magenta Tours
Province Sud,2026,Nouméa,0021,Ecole Marie Havet 1,166.471138313555,-22.2828880563017,896,674,667,centre_non_ind,Centre non-indépendantiste,Centre,#67a9cf,3,49,667,7.346326836581709,TRUE,1818,Ouémo
Province Sud,2026,Nouméa,0022,Ecole Marie Havet 2,166.471138313555,-22.2828880563017,944,710,702,centre_non_ind,Centre non-indépendantiste,Centre,#67a9cf,3,63,702,8.974358974358974,TRUE,1818,Ouémo
Province Sud,2026,Nouméa,0023,Ecole Chistine Boletti 1,166.465990390657,-22.2661773380247,902,657,649,centre_non_ind,Centre non-indépendantiste,Centre,#67a9cf,3,66,649,10.169491525423728,TRUE,1827,Aérodrome Sud
Province Sud,2026,Nouméa,0024,Ecole Chistine Boletti 2,166.465990390657,-22.2661773380247,1070,582,573,centre_non_ind,Centre non-indépendantiste,Centre,#67a9cf,3,95,573,16.57940663176265,TRUE,1827,Aérodrome Sud
Province Sud,2026,Nouméa,0025,Ecole Michel Cacot 1,166.463652223431,-22.2662199324801,969,720,712,centre_non_ind,Centre non-indépendantiste,Centre,#67a9cf,3,90,712,12.640449438202246,TRUE,1826,Portes de Fer - Sud
Province Sud,2026,Nouméa,0026,Ecole Michel Cacot 2,166.463652223431,-22.2662199324801,872,648,635,centre_non_ind,Centre non-indépendantiste,Centre,#67a9cf,3,53,635,8.346456692913385,TRUE,1826,Portes de Fer - Sud
Province Sud,2026,Nouméa,0027,Ecole C. T. de Laubarède,166.445705500987,-22.2640017751327,997,528,522,centre_non_ind,Centre non-indépendantiste,Centre,#67a9cf,3,92,522,17.624521072796934,TRUE,1824,Vallée du Tir
Province Sud,2026,Nouméa,0028,Ecole Gustave Mouchet 1,166.454414703061,-22.2504501881193,1075,532,521,centre_non_ind,Centre non-indépendantiste,Centre,#67a9cf,3,82,521,15.738963531669866,TRUE,1828,Portes de Fer - Nord
Province Sud,2026,Nouméa,0029,Ecole Gustave Mouchet 2,166.454414703061,-22.2504501881193,959,454,446,centre_non_ind,Centre non-indépendantiste,Centre,#67a9cf,3,56,446,12.556053811659194,TRUE,1828,Portes de Fer - Nord
Province Sud,2026,Nouméa,0030,Ecole Mathilde Broquet 1,166.467549840387,-22.256293239868,1165,730,710,centre_non_ind,Centre non-indépendantiste,Centre,#67a9cf,3,102,710,14.366197183098592,TRUE,1827,Aérodrome Sud
Province Sud,2026,Nouméa,0031,Ecole Marie Courtot 1,166.470464378859,-22.2425220070829,1250,798,775,centre_non_ind,Centre non-indépendantiste,Centre,#67a9cf,3,84,775,10.838709677419354,TRUE,1834,PK 6 Nord
Province Sud,2026,Nouméa,0032,Ecole Marie Courtot 2,166.470464378859,-22.2425220070829,880,687,680,centre_non_ind,Centre non-indépendantiste,Centre,#67a9cf,3,73,680,10.735294117647058,TRUE,1834,PK 6 Nord
Province Sud,2026,Nouméa,0033,Ecole Robert Burck,166.463601949873,-22.2382604330193,960,595,585,centre_non_ind,Centre non-indépendantiste,Centre,#67a9cf,3,102,585,17.435897435897434,TRUE,1833,Riviére Salée Sud
Province Sud,2026,Nouméa,0034,Ecole Les Roses,166.464696,-22.23767,909,576,561,centre_non_ind,Centre non-indépendantiste,Centre,#67a9cf,3,99,561,17.647058823529413,TRUE,NA,NA
Province Sud,2026,Nouméa,0035,Ecole Les Oeillets,166.468679,-22.230344,894,589,580,centre_non_ind,Centre non-indépendantiste,Centre,#67a9cf,3,81,580,13.96551724137931,TRUE,NA,NA
Province Sud,2026,Nouméa,0036,Ecole Jacques Trouillot,166.471000599479,-22.2283599819501,871,576,560,centre_non_ind,Centre non-indépendantiste,Centre,#67a9cf,3,87,560,15.535714285714286,TRUE,1838,Riviére Salée Nord Est
Province Sud,2026,Nouméa,0037,Ecole Les Hibiscus 1,166.475456,-22.232258,1378,685,668,centre_non_ind,Centre non-indépendantiste,Centre,#67a9cf,3,111,668,16.61676646706587,TRUE,NA,NA
Province Sud,2026,Nouméa,0038,Ecole Les Hibiscus 2,166.475456,-22.232258,1110,726,716,centre_non_ind,Centre non-indépendantiste,Centre,#67a9cf,3,91,716,12.70949720670391,TRUE,NA,NA
Province Sud,2026,Nouméa,0039,Ecole Adrienne Lomont 1,166.484157216578,-22.2206462260252,705,391,384,centre_non_ind,Centre non-indépendantiste,Centre,#67a9cf,3,55,384,14.322916666666666,TRUE,1840,Normandie Nord
Province Sud,2026,Nouméa,0040,Ecole Adrienne Lomont 2,166.484157216578,-22.2206462260252,1463,891,874,centre_non_ind,Centre non-indépendantiste,Centre,#67a9cf,3,128,874,14.645308924485127,TRUE,1840,Normandie Nord
Province Sud,2026,Nouméa,0041,Ecole Gustave Lods 1,166.435430928496,-22.2381371662114,1068,607,580,centre_non_ind,Centre non-indépendantiste,Centre,#67a9cf,3,122,580,21.03448275862069,TRUE,1843,Logicoop
Province Sud,2026,Nouméa,0042,Ecole Gustave Lods 2,166.435430928496,-22.2381371662114,1257,714,691,centre_non_ind,Centre non-indépendantiste,Centre,#67a9cf,3,90,691,13.024602026049203,TRUE,1843,Logicoop
Province Sud,2026,Nouméa,0043,Ecole Daniel Talon,166.429735177846,-22.2343498153878,1848,1048,1009,centre_non_ind,Centre non-indépendantiste,Centre,#67a9cf,3,193,1009,19.12784935579782,TRUE,1843,Logicoop
Province Sud,2026,Nouméa,0044,Ecole Maurice Fonrobert,166.42901,-22.231823,1058,575,566,centre_non_ind,Centre non-indépendantiste,Centre,#67a9cf,3,93,566,16.431095406360424,TRUE,NA,NA
Province Sud,2026,Nouméa,0045,Ecole Mathilde Broquet 2,166.467549840387,-22.256293239868,1338,874,866,centre_non_ind,Centre non-indépendantiste,Centre,#67a9cf,3,96,866,11.085450346420323,TRUE,1827,Aérodrome Sud
Province Sud,2026,Nouméa,0046,Ecole Yvonne Dupont 2,166.442173657352,-22.2926748814035,585,454,453,centre_non_ind,Centre non-indépendantiste,Centre,#67a9cf,3,36,453,7.947019867549669,TRUE,1806,Motor Pool - Receiving
Province Sud,2026,Nouméa,0047,Ecole Paul Boyer 2,166.452482969153,-22.2781620536236,706,532,530,centre_non_ind,Centre non-indépendantiste,Centre,#67a9cf,3,55,530,10.377358490566039,TRUE,1811,Faubourg Blanchot
Province Sud,2026,Nouméa,0048,Ecole Marguerite Arsapin,166.462764,-22.228627,925,536,521,centre_non_ind,Centre non-indépendantiste,Centre,#67a9cf,3,81,521,15.547024952015356,TRUE,NA,NA
Province Sud,2026,Nouméa,0049,Ecole Les Pervenches,166.463935144665,-22.2575766179093,896,648,639,centre_non_ind,Centre non-indépendantiste,Centre,#67a9cf,3,59,639,9.23317683881064,TRUE,1826,Portes de Fer - Sud
Province Sud,2026,Nouméa,0050,Ecole Albert Perraud,166.467888234029,-22.2619636836771,1545,793,776,centre_non_ind,Centre non-indépendantiste,Centre,#67a9cf,3,128,776,16.49484536082474,TRUE,1827,Aérodrome Sud
Province Sud,2026,Nouméa,0051,Ecole Michel Amiot,166.468616034294,-22.2680303864914,1032,752,741,centre_non_ind,Centre non-indépendantiste,Centre,#67a9cf,3,89,741,12.010796221322536,TRUE,1817,Magenta Est
Province Sud,2026,Nouméa,0052,Ecole Charles Bichon,166.443767790723,-22.2808132680625,679,471,463,centre_non_ind,Centre non-indépendantiste,Centre,#67a9cf,3,56,463,12.095032397408207,TRUE,1809,Orphelinat
Province Sud,2026,Nouméa,0053,Ecole Les Lys,166.443135087106,-22.2929071476207,777,613,603,centre_non_ind,Centre non-indépendantiste,Centre,#67a9cf,3,41,603,6.799336650082918,TRUE,1806,Motor Pool - Receiving
Province Sud,2026,Nouméa,0054,Ecole Le petit poucet,166.446452105063,-22.2638462676659,1023,635,619,centre_non_ind,Centre non-indépendantiste,Centre,#67a9cf,3,80,619,12.924071082390952,TRUE,1824,Vallée du Tir
Province Sud,2026,Nouméa,0055,Ecole Serge Laigle,166.486016745804,-22.2343408388225,1071,853,847,centre_non_ind,Centre non-indépendantiste,Centre,#67a9cf,3,92,847,10.861865407319954,TRUE,1835,Tina
Province Sud,2026,Nouméa,0056,Ecole Guy Champmoreau,166.452313565802,-22.2892161943525,1306,817,808,centre_non_ind,Centre non-indépendantiste,Centre,#67a9cf,3,110,808,13.613861386138614,TRUE,1807,N'Géa
Province Sud,2026,Nouméa,0057,Mairie 3,166.439401925184,-22.2714056104229,62,3,3,centre_non_ind,Centre non-indépendantiste,Centre,#67a9cf,3,0,3,0,TRUE,1822,Centre ville
Province Sud,2026,Païta,0001,Arène du sud 1,166.367971,-22.141531,654,360,352,centre_non_ind,Centre non-indépendantiste,Centre,#67a9cf,3,31,352,8.806818181818182,TRUE,NA,NA
Province Sud,2026,Païta,0002,Arène du sud 2,166.367971,-22.141531,750,499,496,centre_non_ind,Centre non-indépendantiste,Centre,#67a9cf,3,37,496,7.459677419354839,TRUE,NA,NA
Province Sud,2026,Païta,0003,Ecole Robert ABEL 1,166.379189,-22.138498,754,484,475,centre_non_ind,Centre non-indépendantiste,Centre,#67a9cf,3,70,475,14.736842105263158,TRUE,NA,NA
Province Sud,2026,Païta,0004,Dock socio-culturel 1,166.366370328351,-22.1294955354086,766,530,518,centre_non_ind,Centre non-indépendantiste,Centre,#67a9cf,3,49,518,9.45945945945946,TRUE,2101,Paita centre
Province Sud,2026,Païta,0005,ecole Patrice JEAN 1,166.342408,-22.120368,829,556,537,centre_non_ind,Centre non-indépendantiste,Centre,#67a9cf,3,55,537,10.242085661080074,TRUE,NA,NA
Province Sud,2026,Païta,0006,Mairie,166.361658608639,-22.1291986951984,828,551,544,centre_non_ind,Centre non-indépendantiste,Centre,#67a9cf,3,54,544,9.926470588235293,TRUE,2101,Paita centre
Province Sud,2026,Païta,0007,Ecole Patrice JEAN 2,166.342408,-22.120368,830,528,517,centre_non_ind,Centre non-indépendantiste,Centre,#67a9cf,3,41,517,7.93036750483559,TRUE,NA,NA
Province Sud,2026,Païta,0008,Ecole Patrice JEAN 3,166.342408,-22.120368,866,572,558,centre_non_ind,Centre non-indépendantiste,Centre,#67a9cf,3,49,558,8.78136200716846,TRUE,NA,NA
Province Sud,2026,Païta,0009,Dock socio-culturel 2,166.36637,-22.1295,840,483,470,centre_non_ind,Centre non-indépendantiste,Centre,#67a9cf,3,49,470,10.425531914893616,TRUE,NA,NA
Province Sud,2026,Païta,0010,Dock socio-culturel 3,166.36637,-22.1295,939,555,539,centre_non_ind,Centre non-indépendantiste,Centre,#67a9cf,3,52,539,9.647495361781075,TRUE,NA,NA
Province Sud,2026,Païta,0011,Dock socio-culturel 4,166.36637,-22.1295,817,568,558,centre_non_ind,Centre non-indépendantiste,Centre,#67a9cf,3,42,558,7.526881720430108,TRUE,NA,NA
Province Sud,2026,Païta,0012,Dock socio-culturel 5,166.36637,-22.1295,703,493,482,centre_non_ind,Centre non-indépendantiste,Centre,#67a9cf,3,44,482,9.12863070539419,TRUE,NA,NA
Province Sud,2026,Païta,0013,Ecole Henri Martinet 1,166.22357,-22.011002,715,447,430,centre_non_ind,Centre non-indépendantiste,Centre,#67a9cf,3,69,430,16.046511627906977,TRUE,NA,NA
Province Sud,2026,Païta,0014,Ecole Henri Martinet 2,166.22357,-22.011002,592,400,393,centre_non_ind,Centre non-indépendantiste,Centre,#67a9cf,3,28,393,7.124681933842239,TRUE,NA,NA
Province Sud,2026,Païta,0015,Ecole Henri Martinet 3,166.22357,-22.011002,667,423,414,centre_non_ind,Centre non-indépendantiste,Centre,#67a9cf,3,59,414,14.251207729468598,TRUE,NA,NA
Province Sud,2026,Païta,0016,Ecole Robert ABEL 2,166.379189029935,-22.1384982889128,598,473,466,centre_non_ind,Centre non-indépendantiste,Centre,#67a9cf,3,35,466,7.510729613733906,TRUE,2103,Nogouta-Les 3 Vallées
Province Sud,2026,Païta,0017,Ecole Robert ABEL 3,166.379189029935,-22.1384982889128,993,668,657,centre_non_ind,Centre non-indépendantiste,Centre,#67a9cf,3,62,657,9.436834094368342,TRUE,2103,Nogouta-Les 3 Vallées
Province Sud,2026,Païta,0018,Ecole Patrice JEAN 4,166.342408,-22.120368,1052,689,673,centre_non_ind,Centre non-indépendantiste,Centre,#67a9cf,3,65,673,9.658246656760772,TRUE,NA,NA
Province Sud,2026,Païta,0019,Ecole Henri Martinet 4,166.22357,-22.011002,562,381,370,centre_non_ind,Centre non-indépendantiste,Centre,#67a9cf,3,37,370,10,TRUE,NA,NA
Province Sud,2026,Poya Sud,0005,Maison commune de Moindah,165.2454695470807,-21.4084575263513,202,163,162,centre_non_ind,Centre non-indépendantiste,Centre,#67a9cf,3,11,162,6.790123456790123,TRUE,2706,Poya Sud
Province Sud,2026,Sarraméa,0001,Mairie,165.85386596919105,-21.642344787633757,533,364,356,centre_non_ind,Centre non-indépendantiste,Centre,#67a9cf,3,48,356,13.48314606741573,TRUE,2801,Sarraméa
Province Sud,2026,Thio,0001,Mairie,166.21553174553168,-21.610374938390603,870,574,564,centre_non_ind,Centre non-indépendantiste,Centre,#67a9cf,3,17,564,3.0141843971631204,TRUE,2901,Thio village
Province Sud,2026,Thio,0002,Mairie (annexe),166.21553174553168,-21.610374938390603,615,374,373,centre_non_ind,Centre non-indépendantiste,Centre,#67a9cf,3,12,373,3.2171581769436997,TRUE,2901,Thio village
Province Sud,2026,Thio,0003,Grand Borendy,166.45075740277505,-21.738718340168145,312,194,191,centre_non_ind,Centre non-indépendantiste,Centre,#67a9cf,3,5,191,2.6178010471204187,TRUE,2902,Ouindo Borendy
Province Sud,2026,Thio,0004,Saint-Pierre,166.14983539215794,-21.67410856554519,481,289,287,centre_non_ind,Centre non-indépendantiste,Centre,#67a9cf,3,6,287,2.0905923344947737,TRUE,2902,Ouindo Borendy
Province Sud,2026,Yaté,0001,Mairie,166.94326054599946,-22.16058963447543,303,211,209,centre_non_ind,Centre non-indépendantiste,Centre,#67a9cf,3,3,209,1.4354066985645932,TRUE,3201,Waho Touaourou Goro
Province Sud,2026,Yaté,0002,Mairie (Waho central),166.94326,-22.16058,484,347,347,centre_non_ind,Centre non-indépendantiste,Centre,#67a9cf,3,3,347,0.8645533141210374,TRUE,NA,NA
Province Sud,2026,Yaté,0003,Goro,167.0163659290303,-22.286011229502463,242,165,165,centre_non_ind,Centre non-indépendantiste,Centre,#67a9cf,3,16,165,9.696969696969697,TRUE,3201,Waho Touaourou Goro
Province Sud,2026,Yaté,0004,Unia,166.89998901288348,-22.06107261844911,793,585,581,centre_non_ind,Centre non-indépendantiste,Centre,#67a9cf,3,9,581,1.549053356282272,TRUE,3202,Unia Ouinné
Province Sud,2019,Boulouparis,0001,Mairie,166.047711423762,-21.8654175541592,1514,1017,990,oceanien,Éveil océanien,Éveil océanien,#16a5ad,4,19,990,1.9191919191919191,TRUE,201,Boulouparis village
Province Sud,2019,Boulouparis,0002,Centre Culturel,166.049037015845,-21.8654352350015,1145,818,804,oceanien,Éveil océanien,Éveil océanien,#16a5ad,4,23,804,2.8606965174129355,TRUE,201,Boulouparis village
Province Sud,2019,Bourail,0001,Mairie,165.497503614793,-21.5680444203004,604,425,418,oceanien,Éveil océanien,Éveil océanien,#16a5ad,4,10,418,2.3923444976076556,TRUE,301,Bourail village
Province Sud,2019,Bourail,0002,Pothé,165.491900847299,-21.4547330481005,801,456,443,oceanien,Éveil océanien,Éveil océanien,#16a5ad,4,0,443,0,TRUE,305,Ny
Province Sud,2019,Bourail,0003,Colisée,165.49385205691,-21.5656940047007,854,619,595,oceanien,Éveil océanien,Éveil océanien,#16a5ad,4,14,595,2.3529411764705883,TRUE,301,Bourail village
Province Sud,2019,Bourail,0004,Ecole Les Lys D'Eau,165.49748641875,-21.5730483252455,841,600,587,oceanien,Éveil océanien,Éveil océanien,#16a5ad,4,5,587,0.8517887563884157,TRUE,301,Bourail village
Province Sud,2019,Bourail,0005,Ecole Louise Michel,165.497379452405,-21.57045570157,849,586,562,oceanien,Éveil océanien,Éveil océanien,#16a5ad,4,10,562,1.7793594306049823,TRUE,301,Bourail village
Province Sud,2019,Dumbéa,0001,Hôtel de Ville 1,166.457501065839,-22.1675460417822,805,583,574,oceanien,Éveil océanien,Éveil océanien,#16a5ad,4,10,574,1.7421602787456445,TRUE,512,Plaine de Koé
Province Sud,2019,Dumbéa,0002,Hôtel de Ville 2,166.457501065839,-22.1675460417822,646,424,412,oceanien,Éveil océanien,Éveil océanien,#16a5ad,4,89,412,21.601941747572816,TRUE,512,Plaine de Koé
Province Sud,2019,Dumbéa,0003,Hôtel de Ville 3,166.457501065839,-22.1675460417822,692,462,443,oceanien,Éveil océanien,Éveil océanien,#16a5ad,4,81,443,18.284424379232505,TRUE,512,Plaine de Koé
Province Sud,2019,Dumbéa,0004,Ecole primaire Mainguet 1,166.474584305922,-22.2148395317313,734,484,468,oceanien,Éveil océanien,Éveil océanien,#16a5ad,4,62,468,13.247863247863247,TRUE,501,Coeur de ville urbain
Province Sud,2019,Dumbéa,0005,Ecole primaire Mainguet 2,166.474584305922,-22.2148395317313,600,353,335,oceanien,Éveil océanien,Éveil océanien,#16a5ad,4,69,335,20.597014925373134,TRUE,501,Coeur de ville urbain
Province Sud,2019,Dumbéa,0006,Maison de la Jeunesse 1,166.474913290828,-22.2056811434969,741,540,519,oceanien,Éveil océanien,Éveil océanien,#16a5ad,4,71,519,13.680154142581888,TRUE,507,Jacarandas II
Province Sud,2019,Dumbéa,0007,Maison de la Jeunesse 2,166.474913290828,-22.2056811434969,709,492,479,oceanien,Éveil océanien,Éveil océanien,#16a5ad,4,34,479,7.09812108559499,TRUE,507,Jacarandas II
Province Sud,2019,Dumbéa,0008,Centre Culturel de Dumbéa 1,166.474126141924,-22.2081759337081,761,507,494,oceanien,Éveil océanien,Éveil océanien,#16a5ad,4,134,494,27.125506072874494,TRUE,503,Koutio Secal
Province Sud,2019,Dumbéa,0009,Centre Culturel de Dumbéa 2,166.474126141924,-22.2081759337081,784,543,515,oceanien,Éveil océanien,Éveil océanien,#16a5ad,4,146,515,28.349514563106798,TRUE,503,Koutio Secal
Province Sud,2019,Dumbéa,0010,Centre Culturel de Dumbéa 3,166.474126141924,-22.2081759337081,630,441,423,oceanien,Éveil océanien,Éveil océanien,#16a5ad,4,40,423,9.456264775413711,TRUE,503,Koutio Secal
Province Sud,2019,Dumbéa,0011,Ecole primaire Gustave Clain 1,166.460870510376,-22.2089353285944,699,479,463,oceanien,Éveil océanien,Éveil océanien,#16a5ad,4,86,463,18.574514038876888,TRUE,504,Koutio érudits
Province Sud,2019,Dumbéa,0012,Ecole primaire Gustave Clain 2,166.460870510376,-22.2089353285944,625,428,413,oceanien,Éveil océanien,Éveil océanien,#16a5ad,4,52,413,12.590799031476998,TRUE,504,Koutio érudits
Province Sud,2019,Dumbéa,0013,Ecole maternelle l'Oasis 1,166.461460951246,-22.2085634346196,679,502,488,oceanien,Éveil océanien,Éveil océanien,#16a5ad,4,42,488,8.60655737704918,TRUE,504,Koutio érudits
Province Sud,2019,Dumbéa,0014,Ecole maternelle l'Oasis 2,166.461460951246,-22.2085634346196,634,451,429,oceanien,Éveil océanien,Éveil océanien,#16a5ad,4,57,429,13.286713286713287,TRUE,504,Koutio érudits
Province Sud,2019,Dumbéa,0015,Groupe scolaire Michelle Delacharlerie-Rolly 1,166.445998676866,-22.2013803961715,425,336,327,oceanien,Éveil océanien,Éveil océanien,#16a5ad,4,19,327,5.81039755351682,TRUE,510,Dumbéa/mer Ouest
Province Sud,2019,Dumbéa,0016,Groupe scolaire Michelle Delacharlerie-Rolly 2,166.445998676866,-22.2013803961715,496,336,321,oceanien,Éveil océanien,Éveil océanien,#16a5ad,4,65,321,20.24922118380062,TRUE,510,Dumbéa/mer Ouest
Province Sud,2019,Dumbéa,0017,Groupe scolaire Renée Fong 1,166.44418672502,-22.192372203396,499,368,359,oceanien,Éveil océanien,Éveil océanien,#16a5ad,4,19,359,5.2924791086350975,TRUE,511,Dumbea/mer Est - Plaine Adam
Province Sud,2019,Dumbéa,0018,Groupe scolaire Renée Fong 2,166.44418672502,-22.192372203396,602,426,405,oceanien,Éveil océanien,Éveil océanien,#16a5ad,4,82,405,20.246913580246915,TRUE,511,Dumbea/mer Est - Plaine Adam
Province Sud,2019,Dumbéa,0019,Mairie du Nord 1,166.457501065839,-22.1675460417822,638,447,437,oceanien,Éveil océanien,Éveil océanien,#16a5ad,4,26,437,5.949656750572083,TRUE,512,Plaine de Koé
Province Sud,2019,Dumbéa,0020,Mairie du Nord 2,166.457501065839,-22.1675460417822,557,411,402,oceanien,Éveil océanien,Éveil océanien,#16a5ad,4,8,402,1.9900497512437811,TRUE,512,Plaine de Koé
Province Sud,2019,Dumbéa,0021,Mairie du Nord 3,166.457501065839,-22.1675460417822,594,403,394,oceanien,Éveil océanien,Éveil océanien,#16a5ad,4,94,394,23.85786802030457,TRUE,512,Plaine de Koé
Province Sud,2019,Dumbéa,0022,Ecole primaire Paul Duboisé 1,166.434846490836,-22.1399347171588,767,550,536,oceanien,Éveil océanien,Éveil océanien,#16a5ad,4,34,536,6.343283582089552,TRUE,515,Katiramona Sud
Province Sud,2019,Dumbéa,0023,Ecole primaire Paul Duboisé 2,166.434846490836,-22.1399347171588,734,504,484,oceanien,Éveil océanien,Éveil océanien,#16a5ad,4,126,484,26.03305785123967,TRUE,515,Katiramona Sud
Province Sud,2019,Dumbéa,0024,Ecole maternelle les Colibris,166.436047169124,-22.1394710088392,736,513,492,oceanien,Éveil océanien,Éveil océanien,#16a5ad,4,63,492,12.804878048780488,TRUE,515,Katiramona Sud
Province Sud,2019,Farino,0001,Mairie,165.77595416144513,-21.666848976720875,568,471,454,oceanien,Éveil océanien,Éveil océanien,#16a5ad,4,5,454,1.1013215859030836,TRUE,601,Farino
Province Sud,2019,Ile des Pins,0001,Mairie 1,167.495819,-22.66517,971,604,596,oceanien,Éveil océanien,Éveil océanien,#16a5ad,4,4,596,0.6711409395973155,TRUE,901,Vao
Province Sud,2019,Ile des Pins,0002,Batiment Communal Point 1,167.495819,-22.66517,741,498,493,oceanien,Éveil océanien,Éveil océanien,#16a5ad,4,1,493,0.2028397565922921,TRUE,901,Vao
Province Sud,2019,La Foa,0001,Centre Socio-Culturel 1,165.82495689060195,-21.708500844468237,865,646,624,oceanien,Éveil océanien,Éveil océanien,#16a5ad,4,34,624,5.448717948717949,TRUE,1301,La Foa village
Province Sud,2019,La Foa,0002,Centre Socio Culturel 2,165.82495689060195,-21.708500844468237,677,505,492,oceanien,Éveil océanien,Éveil océanien,#16a5ad,4,4,492,0.8130081300813008,TRUE,1301,La Foa village
Province Sud,2019,La Foa,0003,Centre Socio-Culturel 3,165.82495689060195,-21.708500844468237,795,617,597,oceanien,Éveil océanien,Éveil océanien,#16a5ad,4,41,597,6.867671691792295,TRUE,1301,La Foa village
Province Sud,2019,La Foa,0004,Centre Socio-Culturel 4,165.82495689060195,-21.708500844468237,568,437,426,oceanien,Éveil océanien,Éveil océanien,#16a5ad,4,24,426,5.633802816901408,TRUE,1301,La Foa village
Province Sud,2019,Moindou,0001,Mairie,165.67695619871748,-21.69271000327087,755,591,579,oceanien,Éveil océanien,Éveil océanien,#16a5ad,4,1,579,0.17271157167530224,TRUE,1601,Moindou
Province Sud,2019,Mont-Dore,0001,Mairie,166.523722376157,-22.2317078297453,640,430,417,oceanien,Éveil océanien,Éveil océanien,#16a5ad,4,35,417,8.393285371702637,TRUE,NA,NA
Province Sud,2019,Mont-Dore,0002,Groupe scolaire Hélène CHANEL,166.485528594387,-22.2217711398288,448,292,279,oceanien,Éveil océanien,Éveil océanien,#16a5ad,4,15,279,5.376344086021505,TRUE,1703,Pont des Fran‡ais
Province Sud,2019,Mont-Dore,0003,Ecole primaire Adolphe BOUTAN,166.841440737558,-22.4256696418669,739,556,536,oceanien,Éveil océanien,Éveil océanien,#16a5ad,4,25,536,4.664179104477612,TRUE,1715,Mouirange - Grand Sud - Ile Ouen
Province Sud,2019,Mont-Dore,0004,Ecole primaire Louis Henri GALINE 1,166.512755378687,-22.2163077194956,747,530,510,oceanien,Éveil océanien,Éveil océanien,#16a5ad,4,62,510,12.156862745098039,TRUE,1705,Robinson Nord
Province Sud,2019,Mont-Dore,0005,Ecole La Rizière 1,166.573975497183,-22.2332233282141,993,563,547,oceanien,Éveil océanien,Éveil océanien,#16a5ad,4,10,547,1.8281535648994516,TRUE,1710,La Coulée Nord
Province Sud,2019,Mont-Dore,0006,Ecole primaire du Vallon-Dore,166.571853310489,-22.2757480668132,732,498,482,oceanien,Éveil océanien,Éveil océanien,#16a5ad,4,96,482,19.91701244813278,TRUE,1712,Vallon Dore
Province Sud,2019,Mont-Dore,0007,Ouara (maison commune),166.84029773306233,-22.42316008394107,88,60,59,oceanien,Éveil océanien,Éveil océanien,#16a5ad,4,0,59,0,TRUE,1715,Mouirange - Grand Sud - Ile Ouen
Province Sud,2019,Mont-Dore,0008,Groupe scolaire de Boulari 1,166.520855451452,-22.2274992832452,763,555,543,oceanien,Éveil océanien,Éveil océanien,#16a5ad,4,29,543,5.3406998158379375,TRUE,1707,Boulari
Province Sud,2019,Mont-Dore,0009,Mairie Annexe De Plum 1,166.623268718041,-22.2730906933136,858,525,501,oceanien,Éveil océanien,Éveil océanien,#16a5ad,4,87,501,17.365269461077844,TRUE,1714,Plum
Province Sud,2019,Mont-Dore,0010,Ecole La Rizière 2,166.573975497183,-22.2332233282141,785,500,475,oceanien,Éveil océanien,Éveil océanien,#16a5ad,4,58,475,12.210526315789474,TRUE,1710,La Coulée Nord
Province Sud,2019,Mont-Dore,0011,Groupe scolaire de Boulari 2,166.520855451452,-22.2274992832452,702,510,494,oceanien,Éveil océanien,Éveil océanien,#16a5ad,4,57,494,11.538461538461538,TRUE,1707,Boulari
Province Sud,2019,Mont-Dore,0012,Groupe scolaire de Saint-Michel 1,166.529983,-22.224807,613,402,382,oceanien,Éveil océanien,Éveil océanien,#16a5ad,4,58,382,15.18324607329843,TRUE,NA,NA
Province Sud,2019,Mont-Dore,0013,Ecole maternelle Les Fougères,166.841440737558,-22.4256696418669,398,255,249,oceanien,Éveil océanien,Éveil océanien,#16a5ad,4,45,249,18.072289156626507,TRUE,1715,Mouirange - Grand Sud - Ile Ouen
Province Sud,2019,Mont-Dore,0014,Ecole maternelle les Dauphins,166.57252708408,-22.2768294716869,721,505,497,oceanien,Éveil océanien,Éveil océanien,#16a5ad,4,25,497,5.030181086519114,TRUE,1712,Vallon Dore
Province Sud,2019,Mont-Dore,0015,Ecole Maternelle Les Coccinelles,166.56758162382,-22.2502864537601,978,649,617,oceanien,Éveil océanien,Éveil océanien,#16a5ad,4,89,617,14.424635332252837,TRUE,1711,La Coulée Sud
Province Sud,2019,Mont-Dore,0016,Ecole Saint-Joseph de CLUNY,166.499920601202,-22.2239776205159,984,668,644,oceanien,Éveil océanien,Éveil océanien,#16a5ad,4,131,644,20.341614906832298,TRUE,1704,La Conception
Province Sud,2019,Mont-Dore,0017,Ecole primaire Louis Henri GALINE 2,166.512755378687,-22.2163077194956,762,536,521,oceanien,Éveil océanien,Éveil océanien,#16a5ad,4,123,521,23.608445297504797,TRUE,1705,Robinson Nord
Province Sud,2019,Mont-Dore,0018,Groupe scolaire Boulari 3,166.520855451452,-22.2274992832452,770,537,525,oceanien,Éveil océanien,Éveil océanien,#16a5ad,4,54,525,10.285714285714286,TRUE,1707,Boulari
Province Sud,2019,Mont-Dore,0019,Groupe scolaire Saint-Michel 2,166.529983,-22.224807,584,400,378,oceanien,Éveil océanien,Éveil océanien,#16a5ad,4,62,378,16.402116402116402,TRUE,NA,NA
Province Sud,2019,Mont-Dore,0020,Groupe scolaire de Plum,166.640486,-22.277131,513,341,334,oceanien,Éveil océanien,Éveil océanien,#16a5ad,4,18,334,5.389221556886228,TRUE,NA,NA
Province Sud,2019,Mont-Dore,0021,Ecole La Rizière 3,166.573975497183,-22.2332233282141,581,346,332,oceanien,Éveil océanien,Éveil océanien,#16a5ad,4,15,332,4.518072289156627,TRUE,1710,La Coulée Nord
Province Sud,2019,Mont-Dore,0022,Groupe scolaire de la Briqueterie 1,166.566445622614,-22.2625090934915,613,400,387,oceanien,Éveil océanien,Éveil océanien,#16a5ad,4,52,387,13.436692506459949,TRUE,1712,Vallon Dore
Province Sud,2019,Mont-Dore,0023,Groupe scolaire de la Briqueterie 2,166.566445622614,-22.2625090934915,595,393,375,oceanien,Éveil océanien,Éveil océanien,#16a5ad,4,32,375,8.533333333333333,TRUE,1712,Vallon Dore
Province Sud,2019,Mont-Dore,0024,Mairie 2,166.523259425452,-22.2297495527098,445,295,285,oceanien,Éveil océanien,Éveil océanien,#16a5ad,4,20,285,7.017543859649122,TRUE,1707,Boulari
Province Sud,2019,Mont-Dore,0025,Groupe scolaire de Yahoué,166.489906860567,-22.2084828348965,706,488,471,oceanien,Éveil océanien,Éveil océanien,#16a5ad,4,76,471,16.13588110403397,TRUE,1702,Yahoué Sud
Province Sud,2019,Nouméa,0001,Mairie 1,166.439401925184,-22.2714056104229,561,329,321,oceanien,Éveil océanien,Éveil océanien,#16a5ad,4,19,321,5.919003115264798,TRUE,1822,Centre ville
Province Sud,2019,Nouméa,0002,Mairie 2,166.439401925184,-22.2714056104229,871,440,432,oceanien,Éveil océanien,Éveil océanien,#16a5ad,4,26,432,6.018518518518518,TRUE,1822,Centre ville
Province Sud,2019,Nouméa,0003,Ecole Frédéric Surleau,166.446180272936,-22.2732842135737,666,444,435,oceanien,Éveil océanien,Éveil océanien,#16a5ad,4,9,435,2.0689655172413794,TRUE,1822,Centre ville
Province Sud,2019,Nouméa,0004,Ecole Marguerite Lefrançois,166.446044574066,-22.2859909097298,685,488,483,oceanien,Éveil océanien,Éveil océanien,#16a5ad,4,2,483,0.4140786749482402,TRUE,1809,Orphelinat
Province Sud,2019,Nouméa,0005,Ecole Yvonne Dupont 1,166.442173657352,-22.2926748814035,725,554,547,oceanien,Éveil océanien,Éveil océanien,#16a5ad,4,4,547,0.7312614259597806,TRUE,1806,Motor Pool - Receiving
Province Sud,2019,Nouméa,0006,Ecole Eloi Franc 1,166.447826467842,-22.2974281428095,805,540,532,oceanien,Éveil océanien,Éveil océanien,#16a5ad,4,6,532,1.1278195488721805,TRUE,1803,Anse Vata Est
Province Sud,2019,Nouméa,0007,Ecole Eloi Franc 2,166.447826467842,-22.2974281428095,708,499,490,oceanien,Éveil océanien,Éveil océanien,#16a5ad,4,3,490,0.6122448979591837,TRUE,1803,Anse Vata Est
Province Sud,2019,Nouméa,0008,Ecole Fernande Leriche 1,166.448431376266,-22.2984740950672,635,468,459,oceanien,Éveil océanien,Éveil océanien,#16a5ad,4,4,459,0.8714596949891068,TRUE,1803,Anse Vata Est
Province Sud,2019,Nouméa,0009,Ecole Fernande Leriche 2,166.448431376266,-22.2984740950672,814,587,581,oceanien,Éveil océanien,Éveil océanien,#16a5ad,4,3,581,0.5163511187607573,TRUE,1803,Anse Vata Est
Province Sud,2019,Nouméa,0010,Ecole Jean Mermoud 1,166.454827725543,-22.2956844604928,726,550,545,oceanien,Éveil océanien,Éveil océanien,#16a5ad,4,3,545,0.5504587155963303,TRUE,1807,N'Géa
Province Sud,2019,Nouméa,0011,Ecole Jean Mermoud 2,166.454827725543,-22.2956844604928,820,648,642,oceanien,Éveil océanien,Éveil océanien,#16a5ad,4,2,642,0.3115264797507788,TRUE,1807,N'Géa
Province Sud,2019,Nouméa,0012,Ecole Ernest Risbec 1,166.451704940929,-22.2838445188063,767,539,526,oceanien,Éveil océanien,Éveil océanien,#16a5ad,4,3,526,0.5703422053231939,TRUE,1808,Trianon
Province Sud,2019,Nouméa,0013,Ecole Ernest Risbec 2,166.451704940929,-22.2838445188063,785,537,525,oceanien,Éveil océanien,Éveil océanien,#16a5ad,4,6,525,1.1428571428571428,TRUE,1808,Trianon
Province Sud,2019,Nouméa,0014,Ecole Paul Boyer 1,166.452482969153,-22.2781620536236,665,463,459,oceanien,Éveil océanien,Éveil océanien,#16a5ad,4,9,459,1.9607843137254901,TRUE,1811,Faubourg Blanchot
Province Sud,2019,Nouméa,0015,Ecole Les Capucines,166.457228804171,-22.2753677119578,744,566,557,oceanien,Éveil océanien,Éveil océanien,#16a5ad,4,4,557,0.718132854578097,TRUE,1813,Vallée des Colons Sud Ouest
Province Sud,2019,Nouméa,0016,Ecole Candide Koch 1,166.456450040223,-22.2745660873879,767,522,519,oceanien,Éveil océanien,Éveil océanien,#16a5ad,4,5,519,0.9633911368015414,TRUE,1813,Vallée des Colons Sud Ouest
Province Sud,2019,Nouméa,0017,Ecole Candide Koch 2,166.456450040223,-22.2745660873879,862,617,608,oceanien,Éveil océanien,Éveil océanien,#16a5ad,4,4,608,0.6578947368421053,TRUE,1813,Vallée des Colons Sud Ouest
Province Sud,2019,Nouméa,0018,Ecole Emily Panné 1,166.454860512437,-22.2689261325801,766,536,522,oceanien,Éveil océanien,Éveil océanien,#16a5ad,4,13,522,2.4904214559386975,TRUE,1820,Vallée des Colons Nord Est
Province Sud,2019,Nouméa,0019,Ecole Emily Panné 2,166.454860512437,-22.2689261325801,808,528,517,oceanien,Éveil océanien,Éveil océanien,#16a5ad,4,13,517,2.514506769825919,TRUE,1820,Vallée des Colons Nord Est
Province Sud,2019,Nouméa,0020,Ecole Antoinette Charbonneaux,166.46666463723,-22.273716213111,775,579,573,oceanien,Éveil océanien,Éveil océanien,#16a5ad,4,3,573,0.5235602094240838,TRUE,1816,Magenta Tours
Province Sud,2019,Nouméa,0021,Ecole Marie Havet 1,166.471138313555,-22.2828880563017,815,611,598,oceanien,Éveil océanien,Éveil océanien,#16a5ad,4,2,598,0.33444816053511706,TRUE,1818,Ouémo
Province Sud,2019,Nouméa,0022,Ecole Marie Havet 2,166.471138313555,-22.2828880563017,857,642,635,oceanien,Éveil océanien,Éveil océanien,#16a5ad,4,5,635,0.7874015748031497,TRUE,1818,Ouémo
Province Sud,2019,Nouméa,0023,Ecole Chistine Boletti 1,166.465990390657,-22.2661773380247,818,584,569,oceanien,Éveil océanien,Éveil océanien,#16a5ad,4,15,569,2.6362038664323375,TRUE,1827,Aérodrome Sud
Province Sud,2019,Nouméa,0024,Ecole Chistine Boletti 2,166.465990390657,-22.2661773380247,915,511,498,oceanien,Éveil océanien,Éveil océanien,#16a5ad,4,16,498,3.21285140562249,TRUE,1827,Aérodrome Sud
Province Sud,2019,Nouméa,0025,Ecole Michel Cacot 1,166.463652223431,-22.2662199324801,888,648,633,oceanien,Éveil océanien,Éveil océanien,#16a5ad,4,7,633,1.1058451816745656,TRUE,1826,Portes de Fer - Sud
Province Sud,2019,Nouméa,0026,Ecole Michel Cacot 2,166.463652223431,-22.2662199324801,807,582,571,oceanien,Éveil océanien,Éveil océanien,#16a5ad,4,9,571,1.5761821366024518,TRUE,1826,Portes de Fer - Sud
Province Sud,2019,Nouméa,0027,Ecole C. T. de Laubarède,166.445705500987,-22.2640017751327,847,455,436,oceanien,Éveil océanien,Éveil océanien,#16a5ad,4,15,436,3.4403669724770642,TRUE,1824,Vallée du Tir
Province Sud,2019,Nouméa,0028,Ecole Gustave Mouchet 1,166.454414703061,-22.2504501881193,946,494,474,oceanien,Éveil océanien,Éveil océanien,#16a5ad,4,47,474,9.915611814345992,TRUE,1828,Portes de Fer - Nord
Province Sud,2019,Nouméa,0029,Ecole Gustave Mouchet 2,166.454414703061,-22.2504501881193,821,394,381,oceanien,Éveil océanien,Éveil océanien,#16a5ad,4,28,381,7.349081364829396,TRUE,1828,Portes de Fer - Nord
Province Sud,2019,Nouméa,0030,Ecole Mathilde Broquet 1,166.467549840387,-22.256293239868,1024,657,639,oceanien,Éveil océanien,Éveil océanien,#16a5ad,4,49,639,7.668231611893583,TRUE,1827,Aérodrome Sud
Province Sud,2019,Nouméa,0031,Ecole Marie Courtot 1,166.470464378859,-22.2425220070829,1056,704,688,oceanien,Éveil océanien,Éveil océanien,#16a5ad,4,52,688,7.558139534883721,TRUE,1834,PK 6 Nord
Province Sud,2019,Nouméa,0032,Ecole Marie Courtot 2,166.470464378859,-22.2425220070829,851,635,620,oceanien,Éveil océanien,Éveil océanien,#16a5ad,4,4,620,0.6451612903225806,TRUE,1834,PK 6 Nord
Province Sud,2019,Nouméa,0033,Ecole Suzanne Berton,166.463601949873,-22.2382604330193,926,569,546,oceanien,Éveil océanien,Éveil océanien,#16a5ad,4,89,546,16.3003663003663,TRUE,1833,Riviére Salée Sud
Province Sud,2019,Nouméa,0034,Ecole Les Roses,166.464696,-22.23767,866,587,572,oceanien,Éveil océanien,Éveil océanien,#16a5ad,4,63,572,11.013986013986013,TRUE,NA,NA
Province Sud,2019,Nouméa,0035,Ecole Les Oeillets,166.468679,-22.230344,845,547,531,oceanien,Éveil océanien,Éveil océanien,#16a5ad,4,67,531,12.617702448210922,TRUE,NA,NA
Province Sud,2019,Nouméa,0036,Ecole Jacques Trouillot,166.471000599479,-22.2283599819501,828,546,523,oceanien,Éveil océanien,Éveil océanien,#16a5ad,4,51,523,9.751434034416826,TRUE,1838,Riviére Salée Nord Est
Province Sud,2019,Nouméa,0037,Ecole Mauricette Devambez 1,166.470726,-22.23276,1076,590,566,oceanien,Éveil océanien,Éveil océanien,#16a5ad,4,110,566,19.434628975265017,TRUE,NA,NA
Province Sud,2019,Nouméa,0038,Ecole Mauricette Devambez 2,166.470726,-22.23276,1021,665,650,oceanien,Éveil océanien,Éveil océanien,#16a5ad,4,37,650,5.6923076923076925,TRUE,NA,NA
Province Sud,2019,Nouméa,0039,Ecole Adrienne Lomont 1,166.484157216578,-22.2206462260252,698,369,354,oceanien,Éveil océanien,Éveil océanien,#16a5ad,4,67,354,18.926553672316384,TRUE,1840,Normandie Nord
Province Sud,2019,Nouméa,0040,Ecole Adrienne Lomont 2,166.484157216578,-22.2206462260252,1167,755,730,oceanien,Éveil océanien,Éveil océanien,#16a5ad,4,80,730,10.95890410958904,TRUE,1840,Normandie Nord
Province Sud,2019,Nouméa,0041,Ecole Gustave Lods 1,166.435430928496,-22.2381371662114,943,593,568,oceanien,Éveil océanien,Éveil océanien,#16a5ad,4,104,568,18.309859154929576,TRUE,1843,Logicoop
Province Sud,2019,Nouméa,0042,Ecole Gustave Lods 2,166.435430928496,-22.2381371662114,1110,635,614,oceanien,Éveil océanien,Éveil océanien,#16a5ad,4,70,614,11.400651465798045,TRUE,1843,Logicoop
Province Sud,2019,Nouméa,0043,Ecole Daniel Talon,166.429735177846,-22.2343498153878,1486,820,796,oceanien,Éveil océanien,Éveil océanien,#16a5ad,4,152,796,19.09547738693467,TRUE,1843,Logicoop
Province Sud,2019,Nouméa,0044,Ecole Louise Vergès,166.421805,-22.23044,946,502,494,oceanien,Éveil océanien,Éveil océanien,#16a5ad,4,91,494,18.42105263157895,TRUE,NA,NA
Province Sud,2019,Nouméa,0045,Ecole Mathilde Broquet 2,166.467549840387,-22.256293239868,1168,739,728,oceanien,Éveil océanien,Éveil océanien,#16a5ad,4,36,728,4.945054945054945,TRUE,1827,Aérodrome Sud
Province Sud,2019,Nouméa,0046,Ecole Yvonne Dupont 2,166.442173657352,-22.2926748814035,546,413,410,oceanien,Éveil océanien,Éveil océanien,#16a5ad,4,5,410,1.2195121951219512,TRUE,1806,Motor Pool - Receiving
Province Sud,2019,Nouméa,0047,Ecole Paul Boyer 2,166.452482969153,-22.2781620536236,737,529,522,oceanien,Éveil océanien,Éveil océanien,#16a5ad,4,6,522,1.1494252873563218,TRUE,1811,Faubourg Blanchot
Province Sud,2019,Nouméa,0048,Ecole Marguerite Arsapin,166.462764,-22.228627,844,504,485,oceanien,Éveil océanien,Éveil océanien,#16a5ad,4,78,485,16.082474226804123,TRUE,NA,NA
Province Sud,2019,Nouméa,0049,Ecole Les Pervenches,166.463935144665,-22.2575766179093,835,609,598,oceanien,Éveil océanien,Éveil océanien,#16a5ad,4,18,598,3.0100334448160537,TRUE,1826,Portes de Fer - Sud
Province Sud,2019,Nouméa,0050,Ecole Albert Perraud,166.467888234029,-22.2619636836771,1220,664,639,oceanien,Éveil océanien,Éveil océanien,#16a5ad,4,55,639,8.60719874804382,TRUE,1827,Aérodrome Sud
Province Sud,2019,Nouméa,0051,Ecole Michel Amiot,166.468616034294,-22.2680303864914,929,656,643,oceanien,Éveil océanien,Éveil océanien,#16a5ad,4,25,643,3.8880248833592534,TRUE,1817,Magenta Est
Province Sud,2019,Nouméa,0052,Ecole Charles Bichon,166.443767790723,-22.2808132680625,575,402,397,oceanien,Éveil océanien,Éveil océanien,#16a5ad,4,2,397,0.5037783375314862,TRUE,1809,Orphelinat
Province Sud,2019,Nouméa,0053,Ecole Les Lys,166.443135087106,-22.2929071476207,682,496,493,oceanien,Éveil océanien,Éveil océanien,#16a5ad,4,2,493,0.4056795131845842,TRUE,1806,Motor Pool - Receiving
Province Sud,2019,Nouméa,0054,Ecole Le petit poucet,166.446452105063,-22.2638462676659,938,577,562,oceanien,Éveil océanien,Éveil océanien,#16a5ad,4,50,562,8.896797153024911,TRUE,1824,Vallée du Tir
Province Sud,2019,Nouméa,0055,Ecole Serge Laigle,166.486016745804,-22.2343408388225,934,714,702,oceanien,Éveil océanien,Éveil océanien,#16a5ad,4,16,702,2.2792022792022792,TRUE,1835,Tina
Province Sud,2019,Nouméa,0056,Ecole Guy Champmoreau,166.452313565802,-22.2892161943525,1168,807,788,oceanien,Éveil océanien,Éveil océanien,#16a5ad,4,33,788,4.187817258883249,TRUE,1807,N'Géa
Province Sud,2019,Nouméa,0057,Mairie 3,166.439401925184,-22.2714056104229,108,19,18,oceanien,Éveil océanien,Éveil océanien,#16a5ad,4,3,18,16.666666666666668,TRUE,1822,Centre ville
Province Sud,2019,Païta,0001,Dock Socioculturel 1,166.366370328351,-22.1294955354086,457,312,304,oceanien,Éveil océanien,Éveil océanien,#16a5ad,4,64,304,21.05263157894737,TRUE,2101,Paita centre
Province Sud,2019,Païta,0002,Dock Socioculturel 2,166.366370328351,-22.1294955354086,618,437,431,oceanien,Éveil océanien,Éveil océanien,#16a5ad,4,195,431,45.243619489559165,TRUE,2101,Paita centre
Province Sud,2019,Païta,0003,Dock Socioculturel 3,166.366370328351,-22.1294955354086,640,433,425,oceanien,Éveil océanien,Éveil océanien,#16a5ad,4,74,425,17.41176470588235,TRUE,2101,Paita centre
Province Sud,2019,Païta,0004,Dock Socioculturel 4,166.366370328351,-22.1294955354086,345,242,233,oceanien,Éveil océanien,Éveil océanien,#16a5ad,4,30,233,12.875536480686696,TRUE,2101,Paita centre
Province Sud,2019,Païta,0005,Dock Socioculturel 5,166.366370328351,-22.1294955354086,712,506,486,oceanien,Éveil océanien,Éveil océanien,#16a5ad,4,106,486,21.810699588477366,TRUE,2101,Paita centre
Province Sud,2019,Païta,0006,Mairie,166.361658608639,-22.1291986951984,702,430,425,oceanien,Éveil océanien,Éveil océanien,#16a5ad,4,17,425,4,TRUE,2101,Paita centre
Province Sud,2019,Païta,0007,Ecole Vi Vete,166.356291724406,-22.134484419519,731,494,478,oceanien,Éveil océanien,Éveil océanien,#16a5ad,4,189,478,39.53974895397489,TRUE,2101,Paita centre
Province Sud,2019,Païta,0008,Ecole James Paddon,166.359353160601,-22.1337644237458,700,476,469,oceanien,Éveil océanien,Éveil océanien,#16a5ad,4,96,469,20.46908315565032,TRUE,2101,Paita centre
Province Sud,2019,Païta,0009,Ecole Élémentaire Les Scheffleras - 1,166.36989887391,-22.1257398247667,698,404,383,oceanien,Éveil océanien,Éveil océanien,#16a5ad,4,111,383,28.98172323759791,TRUE,2102,Scheffleras
Province Sud,2019,Païta,0010,Ecole Élémentaire Les Scheffleras - 2,166.36989887391,-22.1257398247667,734,480,461,oceanien,Éveil océanien,Éveil océanien,#16a5ad,4,111,461,24.07809110629067,TRUE,2102,Scheffleras
Province Sud,2019,Païta,0011,Ecole Maternelle Les Scheffleras - 1,166.36989887391,-22.1257398247667,721,504,494,oceanien,Éveil océanien,Éveil océanien,#16a5ad,4,145,494,29.352226720647774,TRUE,2102,Scheffleras
Province Sud,2019,Païta,0012,Ecole Maternelle Les Scheffleras - 2,166.36989887391,-22.1257398247667,557,392,382,oceanien,Éveil océanien,Éveil océanien,#16a5ad,4,9,382,2.356020942408377,TRUE,2102,Scheffleras
Province Sud,2019,Païta,0013,Ecole primaire Jean Ounou COTTIN 1,166.265966445473,-22.0605318544913,738,479,458,oceanien,Éveil océanien,Éveil océanien,#16a5ad,4,18,458,3.930131004366812,TRUE,2106,Tamoa Bangou Saint Laurent
Province Sud,2019,Païta,0014,Ecole primaire Jean Ounou COTTIN 2,166.265966445473,-22.0605318544913,761,492,482,oceanien,Éveil océanien,Éveil océanien,#16a5ad,4,10,482,2.074688796680498,TRUE,2106,Tamoa Bangou Saint Laurent
Province Sud,2019,Païta,0015,Tontouta,166.22014428712,-22.0130384994051,556,388,377,oceanien,Éveil océanien,Éveil océanien,#16a5ad,4,32,377,8.488063660477454,TRUE,2107,Tontouta Tiaré
Province Sud,2019,Païta,0016,Ecole Robert ABEL 1,166.379189029935,-22.1384982889128,471,389,380,oceanien,Éveil océanien,Éveil océanien,#16a5ad,4,14,380,3.6842105263157894,TRUE,2103,Nogouta-Les 3 Vallées
Province Sud,2019,Païta,0017,Ecole Robert ABEL 2,166.379189029935,-22.1384982889128,553,357,347,oceanien,Éveil océanien,Éveil océanien,#16a5ad,4,107,347,30.835734870317,TRUE,2103,Nogouta-Les 3 Vallées
Province Sud,2019,Poya Sud,0005,Mairie 2,165.2454695470807,-21.4084575263513,164,133,131,oceanien,Éveil océanien,Éveil océanien,#16a5ad,4,0,131,0,TRUE,2706,Poya Sud
Province Sud,2019,Sarraméa,0001,Mairie,165.85386596919105,-21.642344787633757,502,365,358,oceanien,Éveil océanien,Éveil océanien,#16a5ad,4,7,358,1.9553072625698324,TRUE,2801,Sarraméa
Province Sud,2019,Thio,0001,Mairie 1,166.21553174553168,-21.610374938390603,784,489,478,oceanien,Éveil océanien,Éveil océanien,#16a5ad,4,50,478,10.460251046025105,TRUE,2901,Thio village
Province Sud,2019,Thio,0002,Mairie 2,166.21553174553168,-21.610374938390603,560,319,316,oceanien,Éveil océanien,Éveil océanien,#16a5ad,4,12,316,3.7974683544303796,TRUE,2901,Thio village
Province Sud,2019,Thio,0003,Grand Borendy,166.45075740277505,-21.738718340168145,305,167,164,oceanien,Éveil océanien,Éveil océanien,#16a5ad,4,1,164,0.6097560975609756,TRUE,2902,Ouindo Borendy
Province Sud,2019,Thio,0004,Saint-Pierre,166.14983539215794,-21.67410856554519,442,251,248,oceanien,Éveil océanien,Éveil océanien,#16a5ad,4,1,248,0.4032258064516129,TRUE,2902,Ouindo Borendy
Province Sud,2019,Yaté,0001,Mairie,166.94326054599946,-22.16058963447543,274,197,195,oceanien,Éveil océanien,Éveil océanien,#16a5ad,4,0,195,0,TRUE,3201,Waho Touaourou Goro
Province Sud,2019,Yaté,0002,Touaourou,166.97497872151834,-22.190244269832505,461,305,302,oceanien,Éveil océanien,Éveil océanien,#16a5ad,4,0,302,0,TRUE,3201,Waho Touaourou Goro
Province Sud,2019,Yaté,0003,Goro,167.0163659290303,-22.286011229502463,219,159,158,oceanien,Éveil océanien,Éveil océanien,#16a5ad,4,0,158,0,TRUE,3201,Waho Touaourou Goro
Province Sud,2019,Yaté,0004,Unia,166.89998901288348,-22.06107261844911,750,542,538,oceanien,Éveil océanien,Éveil océanien,#16a5ad,4,0,538,0,TRUE,3202,Unia Ouinné
Province Sud,2026,Boulouparis,0001,Mairie,166.047711423762,-21.8654175541592,880,599,580,oceanien,Éveil océanien,Éveil océanien,#16a5ad,4,29,580,5,TRUE,201,Boulouparis village
Province Sud,2026,Boulouparis,0002,Maison des associations du village de Boulouparis,166.047083,-21.865589,714,578,570,oceanien,Éveil océanien,Éveil océanien,#16a5ad,4,16,570,2.807017543859649,TRUE,NA,NA
Province Sud,2026,Boulouparis,0003,Centre culturel de Boulouparis,166.049037,-21.865435,762,587,577,oceanien,Éveil océanien,Éveil océanien,#16a5ad,4,13,577,2.2530329289428077,TRUE,NA,NA
Province Sud,2026,Boulouparis,0004,Maison des associations du village de Tomo,166.15105,-21.95844,716,492,470,oceanien,Éveil océanien,Éveil océanien,#16a5ad,4,29,470,6.170212765957447,TRUE,NA,NA
Province Sud,2026,Bourail,0001,Mairie,165.497503614793,-21.5680444203004,886,605,593,oceanien,Éveil océanien,Éveil océanien,#16a5ad,4,23,593,3.87858347386172,TRUE,301,Bourail village
Province Sud,2026,Bourail,0002,Pothé,165.491900847299,-21.4547330481005,900,535,526,oceanien,Éveil océanien,Éveil océanien,#16a5ad,4,15,526,2.8517110266159698,TRUE,305,Ny
Province Sud,2026,Bourail,0003,Colisée 1,165.49385205691,-21.5656940047007,934,718,700,oceanien,Éveil océanien,Éveil océanien,#16a5ad,4,29,700,4.142857142857143,TRUE,301,Bourail village
Province Sud,2026,Bourail,0004,Ecole Les Lys D'Eau,165.49748641875,-21.5730483252455,805,585,574,oceanien,Éveil océanien,Éveil océanien,#16a5ad,4,10,574,1.7421602787456445,TRUE,301,Bourail village
Province Sud,2026,Bourail,0005,Colisée 2,165.493852,-21.565694,936,663,650,oceanien,Éveil océanien,Éveil océanien,#16a5ad,4,7,650,1.0769230769230769,TRUE,NA,NA
Province Sud,2026,Dumbéa,0001,Hôtel de Ville 1,166.457501065839,-22.1675460417822,903,632,621,oceanien,Éveil océanien,Éveil océanien,#16a5ad,4,21,621,3.3816425120772946,TRUE,512,Plaine de Koé
Province Sud,2026,Dumbéa,0002,Hôtel de Ville 2,166.457501065839,-22.1675460417822,887,534,527,oceanien,Éveil océanien,Éveil océanien,#16a5ad,4,125,527,23.719165085388994,TRUE,512,Plaine de Koé
Province Sud,2026,Dumbéa,0003,Hôtel de Ville 3,166.457501065839,-22.1675460417822,1009,613,596,oceanien,Éveil océanien,Éveil océanien,#16a5ad,4,110,596,18.456375838926174,TRUE,512,Plaine de Koé
Province Sud,2026,Dumbéa,0004,Salle omnisports d'Auteuil Ernest Chambonnier 1,166.475894,-22.206094,974,591,585,oceanien,Éveil océanien,Éveil océanien,#16a5ad,4,72,585,12.307692307692308,TRUE,NA,NA
Province Sud,2026,Dumbéa,0005,Salle omnisports d'Auteuil Ernest Chambonnier 2,166.475894,-22.206094,643,330,317,oceanien,Éveil océanien,Éveil océanien,#16a5ad,4,74,317,23.34384858044164,TRUE,NA,NA
Province Sud,2026,Dumbéa,0006,Salle omnisports d'Auteuil Ernest Chambonnier 3,166.475894,-22.206094,785,469,453,oceanien,Éveil océanien,Éveil océanien,#16a5ad,4,161,453,35.54083885209713,TRUE,NA,NA
Province Sud,2026,Dumbéa,0007,Salle omnisports d'Auteuil Ernest Chambonnier 4,166.475894,-22.206094,998,617,600,oceanien,Éveil océanien,Éveil océanien,#16a5ad,4,122,600,20.333333333333332,TRUE,NA,NA
Province Sud,2026,Dumbéa,0008,Salle omnisports d'Auteuil Ernest Chambonnier 5,166.475894,-22.206094,765,515,498,oceanien,Éveil océanien,Éveil océanien,#16a5ad,4,40,498,8.032128514056225,TRUE,NA,NA
Province Sud,2026,Dumbéa,0009,Salle omnisports d'Auteuil Ernest Chambonnier 6,166.475894,-22.206094,398,211,209,oceanien,Éveil océanien,Éveil océanien,#16a5ad,4,36,209,17.22488038277512,TRUE,NA,NA
Province Sud,2026,Dumbéa,0010,Maison de la Jeunesse 1,166.474913,-22.205681,878,605,588,oceanien,Éveil océanien,Éveil océanien,#16a5ad,4,72,588,12.244897959183673,TRUE,NA,NA
Province Sud,2026,Dumbéa,0011,Maison de la Jeunesse 2,166.474913,-22.205681,782,540,530,oceanien,Éveil océanien,Éveil océanien,#16a5ad,4,48,530,9.056603773584905,TRUE,NA,NA
Province Sud,2026,Dumbéa,0012,Ecole primaire Gustave Clain 1,166.460870510376,-22.2089353285944,868,523,511,oceanien,Éveil océanien,Éveil océanien,#16a5ad,4,83,511,16.2426614481409,TRUE,504,Koutio érudits
Province Sud,2026,Dumbéa,0013,Ecole primaire Gustave Clain 2,166.460871,-22.208935,821,492,484,oceanien,Éveil océanien,Éveil océanien,#16a5ad,4,56,484,11.570247933884298,TRUE,NA,NA
Province Sud,2026,Dumbéa,0014,Ecole maternelle l'Oasis 1,166.461460951246,-22.2085634346196,727,501,494,oceanien,Éveil océanien,Éveil océanien,#16a5ad,4,58,494,11.740890688259109,TRUE,504,Koutio érudits
Province Sud,2026,Dumbéa,0015,Ecole maternelle l'Oasis 2,166.461461,-22.208563,739,487,474,oceanien,Éveil océanien,Éveil océanien,#16a5ad,4,87,474,18.354430379746834,TRUE,NA,NA
Province Sud,2026,Dumbéa,0016,Groupe scolaire Michelle Delacharlerie-Rolly 1,166.445998676866,-22.2013803961715,648,383,371,oceanien,Éveil océanien,Éveil océanien,#16a5ad,4,51,371,13.746630727762803,TRUE,510,Dumbéa/mer Ouest
Province Sud,2026,Dumbéa,0017,Groupe scolaire Michelle Delacharlerie-Rolly 2,166.445999,-22.20138,778,402,394,oceanien,Éveil océanien,Éveil océanien,#16a5ad,4,75,394,19.03553299492386,TRUE,NA,NA
Province Sud,2026,Dumbéa,0018,Groupe scolaire Renée Fong 1,166.44418672502,-22.192372203396,840,601,590,oceanien,Éveil océanien,Éveil océanien,#16a5ad,4,65,590,11.016949152542374,TRUE,511,Dumbea/mer Est - Plaine Adam
Province Sud,2026,Dumbéa,0019,Groupe scolaire Renée Fong 2,166.444187,-22.192372,1223,724,712,oceanien,Éveil océanien,Éveil océanien,#16a5ad,4,137,712,19.241573033707866,TRUE,NA,NA
Province Sud,2026,Dumbéa,0020,Mairie du Nord 1,166.457501065839,-22.1675460417822,714,491,484,oceanien,Éveil océanien,Éveil océanien,#16a5ad,4,36,484,7.43801652892562,TRUE,512,Plaine de Koé
Province Sud,2026,Dumbéa,0021,Mairie du Nord 2,166.457501065839,-22.1675460417822,652,493,486,oceanien,Éveil océanien,Éveil océanien,#16a5ad,4,13,486,2.674897119341564,TRUE,512,Plaine de Koé
Province Sud,2026,Dumbéa,0022,Mairie du Nord 3,166.457501,-22.167546,715,433,421,oceanien,Éveil océanien,Éveil océanien,#16a5ad,4,120,421,28.50356294536817,TRUE,NA,NA
Province Sud,2026,Dumbéa,0023,Ecole primaire Paul Duboisé 1,166.434846490836,-22.1399347171588,905,645,635,oceanien,Éveil océanien,Éveil océanien,#16a5ad,4,76,635,11.968503937007874,TRUE,515,Katiramona Sud
Province Sud,2026,Dumbéa,0024,Ecole primaire Paul Duboisé 2,166.434846,-22.139935,827,512,489,oceanien,Éveil océanien,Éveil océanien,#16a5ad,4,120,489,24.539877300613497,TRUE,NA,NA
Province Sud,2026,Dumbéa,0025,Ecole maternelle les Colibris,166.436047169124,-22.1394710088392,802,516,508,oceanien,Éveil océanien,Éveil océanien,#16a5ad,4,55,508,10.826771653543307,TRUE,515,Katiramona Sud
Province Sud,2026,Dumbéa,0026,Groupe scolaire Frédéric-Louis Dorbritz 1,166.437530865088,-22.1944939226253,629,494,490,oceanien,Éveil océanien,Éveil océanien,#16a5ad,4,22,490,4.489795918367347,TRUE,510,Dumbéa/mer Ouest
Province Sud,2026,Farino,0001,Mairie,165.77595416144513,-21.666848976720875,635,500,481,oceanien,Éveil océanien,Éveil océanien,#16a5ad,4,11,481,2.286902286902287,TRUE,601,Farino
Province Sud,2026,Ile des Pins,0001,Mairie 1,167.495819,-22.66517,1030,586,583,oceanien,Éveil océanien,Éveil océanien,#16a5ad,4,13,583,2.229845626072041,TRUE,901,Vao
Province Sud,2026,Ile des Pins,0002,Batiment Communal Point 1,167.495819,-22.66517,825,502,499,oceanien,Éveil océanien,Éveil océanien,#16a5ad,4,4,499,0.8016032064128257,TRUE,901,Vao
Province Sud,2026,La Foa,0001,Centre Socio-Culturel 1,165.82495689060195,-21.708500844468237,866,618,609,oceanien,Éveil océanien,Éveil océanien,#16a5ad,4,57,609,9.35960591133005,TRUE,1301,La Foa village
Province Sud,2026,La Foa,0002,Centre Socio Culturel 2,165.82495689060195,-21.708500844468237,775,587,577,oceanien,Éveil océanien,Éveil océanien,#16a5ad,4,26,577,4.506065857885615,TRUE,1301,La Foa village
Province Sud,2026,La Foa,0003,Centre Socio-Culturel 3,165.82495689060195,-21.708500844468237,767,583,575,oceanien,Éveil océanien,Éveil océanien,#16a5ad,4,56,575,9.73913043478261,TRUE,1301,La Foa village
Province Sud,2026,La Foa,0004,Centre Socio-Culturel 4,165.82495689060195,-21.708500844468237,753,544,530,oceanien,Éveil océanien,Éveil océanien,#16a5ad,4,105,530,19.81132075471698,TRUE,1301,La Foa village
Province Sud,2026,Moindou,0001,Mairie,165.67695619871748,-21.69271000327087,819,614,604,oceanien,Éveil océanien,Éveil océanien,#16a5ad,4,17,604,2.814569536423841,TRUE,1601,Moindou
Province Sud,2026,Mont-Dore,0001,Mairie de BOULARI,166.523722376157,-22.2317078297453,830,509,498,oceanien,Éveil océanien,Éveil océanien,#16a5ad,4,42,498,8.433734939759036,TRUE,NA,NA
Province Sud,2026,Mont-Dore,0002,Groupe scolaire Hélène CHANEL,166.485528594387,-22.2217711398288,575,399,389,oceanien,Éveil océanien,Éveil océanien,#16a5ad,4,31,389,7.969151670951157,TRUE,1703,Pont des Fran‡ais
Province Sud,2026,Mont-Dore,0003,Ecole primaire Adolphe BOUTAN,166.841440737558,-22.4256696418669,801,617,600,oceanien,Éveil océanien,Éveil océanien,#16a5ad,4,24,600,4,TRUE,1715,Mouirange - Grand Sud - Ile Ouen
Province Sud,2026,Mont-Dore,0004,Ecole primaire Louis Henri GALINE 1,166.512755378687,-22.2163077194956,828,568,546,oceanien,Éveil océanien,Éveil océanien,#16a5ad,4,98,546,17.94871794871795,TRUE,1705,Robinson Nord
Province Sud,2026,Mont-Dore,0005,Ecole La Rizière 1,166.573975497183,-22.2332233282141,1112,686,662,oceanien,Éveil océanien,Éveil océanien,#16a5ad,4,19,662,2.8700906344410875,TRUE,1710,La Coulée Nord
Province Sud,2026,Mont-Dore,0006,Ecole primaire du Vallon-Dore,166.571853310489,-22.2757480668132,807,545,524,oceanien,Éveil océanien,Éveil océanien,#16a5ad,4,69,524,13.16793893129771,TRUE,1712,Vallon Dore
Province Sud,2026,Mont-Dore,0007,Groupe scolaire de Plum,166.640486,-22.277131,720,440,432,oceanien,Éveil océanien,Éveil océanien,#16a5ad,4,20,432,4.62962962962963,TRUE,NA,NA
Province Sud,2026,Mont-Dore,0008,Groupe scolaire de Boulari 1,166.520855451452,-22.2274992832452,871,612,600,oceanien,Éveil océanien,Éveil océanien,#16a5ad,4,50,600,8.333333333333334,TRUE,1707,Boulari
Province Sud,2026,Mont-Dore,0009,Mairie Annexe De Plum 1,166.623268718041,-22.2730906933136,988,542,510,oceanien,Éveil océanien,Éveil océanien,#16a5ad,4,112,510,21.96078431372549,TRUE,1714,Plum
Province Sud,2026,Mont-Dore,0010,Ecole La Rizière 2,166.573975497183,-22.2332233282141,952,558,538,oceanien,Éveil océanien,Éveil océanien,#16a5ad,4,60,538,11.152416356877323,TRUE,1710,La Coulée Nord
Province Sud,2026,Mont-Dore,0011,Groupe scolaire de Boulari 2,166.520855451452,-22.2274992832452,709,516,507,oceanien,Éveil océanien,Éveil océanien,#16a5ad,4,53,507,10.453648915187376,TRUE,1707,Boulari
Province Sud,2026,Mont-Dore,0012,Groupe scolaire de Saint-Michel 1,166.529983,-22.224807,757,476,459,oceanien,Éveil océanien,Éveil océanien,#16a5ad,4,79,459,17.21132897603486,TRUE,NA,NA
Province Sud,2026,Mont-Dore,0013,Ecole maternelle Les Fougères,166.841440737558,-22.4256696418669,486,312,305,oceanien,Éveil océanien,Éveil océanien,#16a5ad,4,64,305,20.983606557377048,TRUE,1715,Mouirange - Grand Sud - Ile Ouen
Province Sud,2026,Mont-Dore,0014,Ecole maternelle les Dauphins,166.57252708408,-22.2768294716869,866,620,604,oceanien,Éveil océanien,Éveil océanien,#16a5ad,4,36,604,5.960264900662252,TRUE,1712,Vallon Dore
Province Sud,2026,Mont-Dore,0015,Ecole Maternelle Les Coccinelles,166.56758162382,-22.2502864537601,1187,756,724,oceanien,Éveil océanien,Éveil océanien,#16a5ad,4,94,724,12.98342541436464,TRUE,1711,La Coulée Sud
Province Sud,2026,Mont-Dore,0016,Ecole Saint-Joseph de CLUNY,166.499920601202,-22.2239776205159,1024,717,702,oceanien,Éveil océanien,Éveil océanien,#16a5ad,4,146,702,20.797720797720796,TRUE,1704,La Conception
Province Sud,2026,Mont-Dore,0017,Ecole primaire Louis Henri GALINE 2,166.512755378687,-22.2163077194956,842,557,539,oceanien,Éveil océanien,Éveil océanien,#16a5ad,4,110,539,20.408163265306122,TRUE,1705,Robinson Nord
Province Sud,2026,Mont-Dore,0018,Groupe scolaire Boulari 3,166.520855451452,-22.2274992832452,923,616,606,oceanien,Éveil océanien,Éveil océanien,#16a5ad,4,78,606,12.871287128712872,TRUE,1707,Boulari
Province Sud,2026,Mont-Dore,0019,Groupe scolaire Saint-Michel 2,166.529983,-22.224807,613,413,392,oceanien,Éveil océanien,Éveil océanien,#16a5ad,4,64,392,16.3265306122449,TRUE,NA,NA
Province Sud,2026,Mont-Dore,0020,Ecole La Rizière 3,166.57398,-22.23322,625,346,329,oceanien,Éveil océanien,Éveil océanien,#16a5ad,4,16,329,4.86322188449848,TRUE,NA,NA
Province Sud,2026,Mont-Dore,0021,Ecole de La Briqueterie 1,166.56645,-22.26251,760,468,449,oceanien,Éveil océanien,Éveil océanien,#16a5ad,4,53,449,11.804008908685969,TRUE,NA,NA
Province Sud,2026,Mont-Dore,0022,Ecole de La Briqueterie 2,166.566445622614,-22.2625090934915,665,430,417,oceanien,Éveil océanien,Éveil océanien,#16a5ad,4,27,417,6.474820143884892,TRUE,1712,Vallon Dore
Province Sud,2026,Mont-Dore,0023,Mairie 2,166.52326,-22.22975,517,330,320,oceanien,Éveil océanien,Éveil océanien,#16a5ad,4,12,320,3.75,TRUE,NA,NA
Province Sud,2026,Mont-Dore,0024,Groupe scolaire de Yahoué,166.490039,-22.208543,783,492,485,oceanien,Éveil océanien,Éveil océanien,#16a5ad,4,94,485,19.38144329896907,TRUE,NA,NA
Province Sud,2026,Nouméa,0001,Mairie 1,166.439401925184,-22.2714056104229,630,383,380,oceanien,Éveil océanien,Éveil océanien,#16a5ad,4,28,380,7.368421052631579,TRUE,1822,Centre ville
Province Sud,2026,Nouméa,0002,Mairie 2,166.439401925184,-22.2714056104229,1192,545,539,oceanien,Éveil océanien,Éveil océanien,#16a5ad,4,28,539,5.194805194805195,TRUE,1822,Centre ville
Province Sud,2026,Nouméa,0003,Ecole Frédéric Surleau,166.446180272936,-22.2732842135737,756,504,499,oceanien,Éveil océanien,Éveil océanien,#16a5ad,4,19,499,3.8076152304609217,TRUE,1822,Centre ville
Province Sud,2026,Nouméa,0004,Ecole Marguerite Lefrançois,166.446044574066,-22.2859909097298,737,566,562,oceanien,Éveil océanien,Éveil océanien,#16a5ad,4,11,562,1.9572953736654803,TRUE,1809,Orphelinat
Province Sud,2026,Nouméa,0005,Ecole Yvonne Dupont 1,166.442173657352,-22.2926748814035,706,558,555,oceanien,Éveil océanien,Éveil océanien,#16a5ad,4,6,555,1.0810810810810811,TRUE,1806,Motor Pool - Receiving
Province Sud,2026,Nouméa,0006,Ecole Eloi Franc 1,166.447826467842,-22.2974281428095,913,674,662,oceanien,Éveil océanien,Éveil océanien,#16a5ad,4,21,662,3.1722054380664653,TRUE,1803,Anse Vata Est
Province Sud,2026,Nouméa,0007,Ecole Eloi Franc 2,166.447826467842,-22.2974281428095,772,576,570,oceanien,Éveil océanien,Éveil océanien,#16a5ad,4,6,570,1.0526315789473684,TRUE,1803,Anse Vata Est
Province Sud,2026,Nouméa,0008,Ecole Fernande Leriche 1,166.448431376266,-22.2984740950672,705,540,538,oceanien,Éveil océanien,Éveil océanien,#16a5ad,4,0,538,0,TRUE,1803,Anse Vata Est
Province Sud,2026,Nouméa,0009,Ecole Fernande Leriche 2,166.448431376266,-22.2984740950672,812,615,612,oceanien,Éveil océanien,Éveil océanien,#16a5ad,4,9,612,1.4705882352941178,TRUE,1803,Anse Vata Est
Province Sud,2026,Nouméa,0010,Ecole Jean Mermoud 1,166.454827725543,-22.2956844604928,806,628,622,oceanien,Éveil océanien,Éveil océanien,#16a5ad,4,3,622,0.48231511254019294,TRUE,1807,N'Géa
Province Sud,2026,Nouméa,0011,Ecole Jean Mermoud 2,166.454827725543,-22.2956844604928,965,819,813,oceanien,Éveil océanien,Éveil océanien,#16a5ad,4,10,813,1.2300123001230012,TRUE,1807,N'Géa
Province Sud,2026,Nouméa,0012,Ecole Ernest Risbec 1,166.451704940929,-22.2838445188063,851,619,615,oceanien,Éveil océanien,Éveil océanien,#16a5ad,4,5,615,0.8130081300813008,TRUE,1808,Trianon
Province Sud,2026,Nouméa,0013,Ecole Ernest Risbec 2,166.451704940929,-22.2838445188063,798,584,577,oceanien,Éveil océanien,Éveil océanien,#16a5ad,4,15,577,2.5996533795493932,TRUE,1808,Trianon
Province Sud,2026,Nouméa,0014,Ecole Paul Boyer 1,166.452482969153,-22.2781620536236,706,472,469,oceanien,Éveil océanien,Éveil océanien,#16a5ad,4,11,469,2.345415778251599,TRUE,1811,Faubourg Blanchot
Province Sud,2026,Nouméa,0015,Ecole Les Capucines,166.457228804171,-22.2753677119578,761,571,566,oceanien,Éveil océanien,Éveil océanien,#16a5ad,4,10,566,1.7667844522968197,TRUE,1813,Vallée des Colons Sud Ouest
Province Sud,2026,Nouméa,0016,Ecole Candide Koch 1,166.456450040223,-22.2745660873879,811,574,568,oceanien,Éveil océanien,Éveil océanien,#16a5ad,4,13,568,2.288732394366197,TRUE,1813,Vallée des Colons Sud Ouest
Province Sud,2026,Nouméa,0017,Ecole Candide Koch 2,166.456450040223,-22.2745660873879,884,677,667,oceanien,Éveil océanien,Éveil océanien,#16a5ad,4,9,667,1.3493253373313343,TRUE,1813,Vallée des Colons Sud Ouest
Province Sud,2026,Nouméa,0018,Ecole Suzanne Russier 1,166.446654,-22.269689,774,544,534,oceanien,Éveil océanien,Éveil océanien,#16a5ad,4,17,534,3.183520599250936,TRUE,NA,NA
Province Sud,2026,Nouméa,0019,Ecole Suzanne Russier 2,166.446654,-22.269689,887,597,589,oceanien,Éveil océanien,Éveil océanien,#16a5ad,4,27,589,4.584040747028863,TRUE,NA,NA
Province Sud,2026,Nouméa,0020,Ecole Antoinette Charbonneaux,166.46666463723,-22.273716213111,766,606,602,oceanien,Éveil océanien,Éveil océanien,#16a5ad,4,5,602,0.8305647840531561,TRUE,1816,Magenta Tours
Province Sud,2026,Nouméa,0021,Ecole Marie Havet 1,166.471138313555,-22.2828880563017,896,674,667,oceanien,Éveil océanien,Éveil océanien,#16a5ad,4,6,667,0.8995502248875562,TRUE,1818,Ouémo
Province Sud,2026,Nouméa,0022,Ecole Marie Havet 2,166.471138313555,-22.2828880563017,944,710,702,oceanien,Éveil océanien,Éveil océanien,#16a5ad,4,8,702,1.1396011396011396,TRUE,1818,Ouémo
Province Sud,2026,Nouméa,0023,Ecole Chistine Boletti 1,166.465990390657,-22.2661773380247,902,657,649,oceanien,Éveil océanien,Éveil océanien,#16a5ad,4,28,649,4.314329738058552,TRUE,1827,Aérodrome Sud
Province Sud,2026,Nouméa,0024,Ecole Chistine Boletti 2,166.465990390657,-22.2661773380247,1070,582,573,oceanien,Éveil océanien,Éveil océanien,#16a5ad,4,29,573,5.061082024432809,TRUE,1827,Aérodrome Sud
Province Sud,2026,Nouméa,0025,Ecole Michel Cacot 1,166.463652223431,-22.2662199324801,969,720,712,oceanien,Éveil océanien,Éveil océanien,#16a5ad,4,15,712,2.106741573033708,TRUE,1826,Portes de Fer - Sud
Province Sud,2026,Nouméa,0026,Ecole Michel Cacot 2,166.463652223431,-22.2662199324801,872,648,635,oceanien,Éveil océanien,Éveil océanien,#16a5ad,4,12,635,1.889763779527559,TRUE,1826,Portes de Fer - Sud
Province Sud,2026,Nouméa,0027,Ecole C. T. de Laubarède,166.445705500987,-22.2640017751327,997,528,522,oceanien,Éveil océanien,Éveil océanien,#16a5ad,4,20,522,3.8314176245210727,TRUE,1824,Vallée du Tir
Province Sud,2026,Nouméa,0028,Ecole Gustave Mouchet 1,166.454414703061,-22.2504501881193,1075,532,521,oceanien,Éveil océanien,Éveil océanien,#16a5ad,4,38,521,7.293666026871401,TRUE,1828,Portes de Fer - Nord
Province Sud,2026,Nouméa,0029,Ecole Gustave Mouchet 2,166.454414703061,-22.2504501881193,959,454,446,oceanien,Éveil océanien,Éveil océanien,#16a5ad,4,38,446,8.52017937219731,TRUE,1828,Portes de Fer - Nord
Province Sud,2026,Nouméa,0030,Ecole Mathilde Broquet 1,166.467549840387,-22.256293239868,1165,730,710,oceanien,Éveil océanien,Éveil océanien,#16a5ad,4,76,710,10.704225352112676,TRUE,1827,Aérodrome Sud
Province Sud,2026,Nouméa,0031,Ecole Marie Courtot 1,166.470464378859,-22.2425220070829,1250,798,775,oceanien,Éveil océanien,Éveil océanien,#16a5ad,4,61,775,7.870967741935484,TRUE,1834,PK 6 Nord
Province Sud,2026,Nouméa,0032,Ecole Marie Courtot 2,166.470464378859,-22.2425220070829,880,687,680,oceanien,Éveil océanien,Éveil océanien,#16a5ad,4,12,680,1.7647058823529411,TRUE,1834,PK 6 Nord
Province Sud,2026,Nouméa,0033,Ecole Robert Burck,166.463601949873,-22.2382604330193,960,595,585,oceanien,Éveil océanien,Éveil océanien,#16a5ad,4,84,585,14.35897435897436,TRUE,1833,Riviére Salée Sud
Province Sud,2026,Nouméa,0034,Ecole Les Roses,166.464696,-22.23767,909,576,561,oceanien,Éveil océanien,Éveil océanien,#16a5ad,4,68,561,12.121212121212121,TRUE,NA,NA
Province Sud,2026,Nouméa,0035,Ecole Les Oeillets,166.468679,-22.230344,894,589,580,oceanien,Éveil océanien,Éveil océanien,#16a5ad,4,66,580,11.379310344827585,TRUE,NA,NA
Province Sud,2026,Nouméa,0036,Ecole Jacques Trouillot,166.471000599479,-22.2283599819501,871,576,560,oceanien,Éveil océanien,Éveil océanien,#16a5ad,4,60,560,10.714285714285714,TRUE,1838,Riviére Salée Nord Est
Province Sud,2026,Nouméa,0037,Ecole Les Hibiscus 1,166.475456,-22.232258,1378,685,668,oceanien,Éveil océanien,Éveil océanien,#16a5ad,4,140,668,20.95808383233533,TRUE,NA,NA
Province Sud,2026,Nouméa,0038,Ecole Les Hibiscus 2,166.475456,-22.232258,1110,726,716,oceanien,Éveil océanien,Éveil océanien,#16a5ad,4,58,716,8.100558659217876,TRUE,NA,NA
Province Sud,2026,Nouméa,0039,Ecole Adrienne Lomont 1,166.484157216578,-22.2206462260252,705,391,384,oceanien,Éveil océanien,Éveil océanien,#16a5ad,4,64,384,16.666666666666668,TRUE,1840,Normandie Nord
Province Sud,2026,Nouméa,0040,Ecole Adrienne Lomont 2,166.484157216578,-22.2206462260252,1463,891,874,oceanien,Éveil océanien,Éveil océanien,#16a5ad,4,100,874,11.441647597254004,TRUE,1840,Normandie Nord
Province Sud,2026,Nouméa,0041,Ecole Gustave Lods 1,166.435430928496,-22.2381371662114,1068,607,580,oceanien,Éveil océanien,Éveil océanien,#16a5ad,4,112,580,19.310344827586206,TRUE,1843,Logicoop
Province Sud,2026,Nouméa,0042,Ecole Gustave Lods 2,166.435430928496,-22.2381371662114,1257,714,691,oceanien,Éveil océanien,Éveil océanien,#16a5ad,4,75,691,10.85383502170767,TRUE,1843,Logicoop
Province Sud,2026,Nouméa,0043,Ecole Daniel Talon,166.429735177846,-22.2343498153878,1848,1048,1009,oceanien,Éveil océanien,Éveil océanien,#16a5ad,4,145,1009,14.370664023785926,TRUE,1843,Logicoop
Province Sud,2026,Nouméa,0044,Ecole Maurice Fonrobert,166.42901,-22.231823,1058,575,566,oceanien,Éveil océanien,Éveil océanien,#16a5ad,4,88,566,15.547703180212014,TRUE,NA,NA
Province Sud,2026,Nouméa,0045,Ecole Mathilde Broquet 2,166.467549840387,-22.256293239868,1338,874,866,oceanien,Éveil océanien,Éveil océanien,#16a5ad,4,54,866,6.235565819861431,TRUE,1827,Aérodrome Sud
Province Sud,2026,Nouméa,0046,Ecole Yvonne Dupont 2,166.442173657352,-22.2926748814035,585,454,453,oceanien,Éveil océanien,Éveil océanien,#16a5ad,4,9,453,1.9867549668874172,TRUE,1806,Motor Pool - Receiving
Province Sud,2026,Nouméa,0047,Ecole Paul Boyer 2,166.452482969153,-22.2781620536236,706,532,530,oceanien,Éveil océanien,Éveil océanien,#16a5ad,4,4,530,0.7547169811320755,TRUE,1811,Faubourg Blanchot
Province Sud,2026,Nouméa,0048,Ecole Marguerite Arsapin,166.462764,-22.228627,925,536,521,oceanien,Éveil océanien,Éveil océanien,#16a5ad,4,81,521,15.547024952015356,TRUE,NA,NA
Province Sud,2026,Nouméa,0049,Ecole Les Pervenches,166.463935144665,-22.2575766179093,896,648,639,oceanien,Éveil océanien,Éveil océanien,#16a5ad,4,18,639,2.816901408450704,TRUE,1826,Portes de Fer - Sud
Province Sud,2026,Nouméa,0050,Ecole Albert Perraud,166.467888234029,-22.2619636836771,1545,793,776,oceanien,Éveil océanien,Éveil océanien,#16a5ad,4,60,776,7.731958762886598,TRUE,1827,Aérodrome Sud
Province Sud,2026,Nouméa,0051,Ecole Michel Amiot,166.468616034294,-22.2680303864914,1032,752,741,oceanien,Éveil océanien,Éveil océanien,#16a5ad,4,32,741,4.318488529014845,TRUE,1817,Magenta Est
Province Sud,2026,Nouméa,0052,Ecole Charles Bichon,166.443767790723,-22.2808132680625,679,471,463,oceanien,Éveil océanien,Éveil océanien,#16a5ad,4,6,463,1.2958963282937366,TRUE,1809,Orphelinat
Province Sud,2026,Nouméa,0053,Ecole Les Lys,166.443135087106,-22.2929071476207,777,613,603,oceanien,Éveil océanien,Éveil océanien,#16a5ad,4,12,603,1.9900497512437811,TRUE,1806,Motor Pool - Receiving
Province Sud,2026,Nouméa,0054,Ecole Le petit poucet,166.446452105063,-22.2638462676659,1023,635,619,oceanien,Éveil océanien,Éveil océanien,#16a5ad,4,46,619,7.431340872374798,TRUE,1824,Vallée du Tir
Province Sud,2026,Nouméa,0055,Ecole Serge Laigle,166.486016745804,-22.2343408388225,1071,853,847,oceanien,Éveil océanien,Éveil océanien,#16a5ad,4,28,847,3.3057851239669422,TRUE,1835,Tina
Province Sud,2026,Nouméa,0056,Ecole Guy Champmoreau,166.452313565802,-22.2892161943525,1306,817,808,oceanien,Éveil océanien,Éveil océanien,#16a5ad,4,41,808,5.074257425742574,TRUE,1807,N'Géa
Province Sud,2026,Nouméa,0057,Mairie 3,166.439401925184,-22.2714056104229,62,3,3,oceanien,Éveil océanien,Éveil océanien,#16a5ad,4,0,3,0,TRUE,1822,Centre ville
Province Sud,2026,Païta,0001,Arène du sud 1,166.367971,-22.141531,654,360,352,oceanien,Éveil océanien,Éveil océanien,#16a5ad,4,89,352,25.28409090909091,TRUE,NA,NA
Province Sud,2026,Païta,0002,Arène du sud 2,166.367971,-22.141531,750,499,496,oceanien,Éveil océanien,Éveil océanien,#16a5ad,4,219,496,44.153225806451616,TRUE,NA,NA
Province Sud,2026,Païta,0003,Ecole Robert ABEL 1,166.379189,-22.138498,754,484,475,oceanien,Éveil océanien,Éveil océanien,#16a5ad,4,109,475,22.94736842105263,TRUE,NA,NA
Province Sud,2026,Païta,0004,Dock socio-culturel 1,166.366370328351,-22.1294955354086,766,530,518,oceanien,Éveil océanien,Éveil océanien,#16a5ad,4,79,518,15.250965250965251,TRUE,2101,Paita centre
Province Sud,2026,Païta,0005,ecole Patrice JEAN 1,166.342408,-22.120368,829,556,537,oceanien,Éveil océanien,Éveil océanien,#16a5ad,4,131,537,24.394785847299815,TRUE,NA,NA
Province Sud,2026,Païta,0006,Mairie,166.361658608639,-22.1291986951984,828,551,544,oceanien,Éveil océanien,Éveil océanien,#16a5ad,4,44,544,8.088235294117647,TRUE,2101,Paita centre
Province Sud,2026,Païta,0007,Ecole Patrice JEAN 2,166.342408,-22.120368,830,528,517,oceanien,Éveil océanien,Éveil océanien,#16a5ad,4,222,517,42.94003868471954,TRUE,NA,NA
Province Sud,2026,Païta,0008,Ecole Patrice JEAN 3,166.342408,-22.120368,866,572,558,oceanien,Éveil océanien,Éveil océanien,#16a5ad,4,78,558,13.978494623655914,TRUE,NA,NA
Province Sud,2026,Païta,0009,Dock socio-culturel 2,166.36637,-22.1295,840,483,470,oceanien,Éveil océanien,Éveil océanien,#16a5ad,4,157,470,33.40425531914894,TRUE,NA,NA
Province Sud,2026,Païta,0010,Dock socio-culturel 3,166.36637,-22.1295,939,555,539,oceanien,Éveil océanien,Éveil océanien,#16a5ad,4,185,539,34.32282003710575,TRUE,NA,NA
Province Sud,2026,Païta,0011,Dock socio-culturel 4,166.36637,-22.1295,817,568,558,oceanien,Éveil océanien,Éveil océanien,#16a5ad,4,169,558,30.28673835125448,TRUE,NA,NA
Province Sud,2026,Païta,0012,Dock socio-culturel 5,166.36637,-22.1295,703,493,482,oceanien,Éveil océanien,Éveil océanien,#16a5ad,4,56,482,11.618257261410788,TRUE,NA,NA
Province Sud,2026,Païta,0013,Ecole Henri Martinet 1,166.22357,-22.011002,715,447,430,oceanien,Éveil océanien,Éveil océanien,#16a5ad,4,42,430,9.767441860465116,TRUE,NA,NA
Province Sud,2026,Païta,0014,Ecole Henri Martinet 2,166.22357,-22.011002,592,400,393,oceanien,Éveil océanien,Éveil océanien,#16a5ad,4,68,393,17.302798982188296,TRUE,NA,NA
Province Sud,2026,Païta,0015,Ecole Henri Martinet 3,166.22357,-22.011002,667,423,414,oceanien,Éveil océanien,Éveil océanien,#16a5ad,4,64,414,15.458937198067632,TRUE,NA,NA
Province Sud,2026,Païta,0016,Ecole Robert ABEL 2,166.379189029935,-22.1384982889128,598,473,466,oceanien,Éveil océanien,Éveil océanien,#16a5ad,4,29,466,6.223175965665236,TRUE,2103,Nogouta-Les 3 Vallées
Province Sud,2026,Païta,0017,Ecole Robert ABEL 3,166.379189029935,-22.1384982889128,993,668,657,oceanien,Éveil océanien,Éveil océanien,#16a5ad,4,163,657,24.809741248097414,TRUE,2103,Nogouta-Les 3 Vallées
Province Sud,2026,Païta,0018,Ecole Patrice JEAN 4,166.342408,-22.120368,1052,689,673,oceanien,Éveil océanien,Éveil océanien,#16a5ad,4,204,673,30.312035661218424,TRUE,NA,NA
Province Sud,2026,Païta,0019,Ecole Henri Martinet 4,166.22357,-22.011002,562,381,370,oceanien,Éveil océanien,Éveil océanien,#16a5ad,4,31,370,8.378378378378379,TRUE,NA,NA
Province Sud,2026,Poya Sud,0005,Maison commune de Moindah,165.2454695470807,-21.4084575263513,202,163,162,oceanien,Éveil océanien,Éveil océanien,#16a5ad,4,1,162,0.6172839506172839,TRUE,2706,Poya Sud
Province Sud,2026,Sarraméa,0001,Mairie,165.85386596919105,-21.642344787633757,533,364,356,oceanien,Éveil océanien,Éveil océanien,#16a5ad,4,19,356,5.337078651685394,TRUE,2801,Sarraméa
Province Sud,2026,Thio,0001,Mairie,166.21553174553168,-21.610374938390603,870,574,564,oceanien,Éveil océanien,Éveil océanien,#16a5ad,4,152,564,26.95035460992908,TRUE,2901,Thio village
Province Sud,2026,Thio,0002,Mairie (annexe),166.21553174553168,-21.610374938390603,615,374,373,oceanien,Éveil océanien,Éveil océanien,#16a5ad,4,60,373,16.0857908847185,TRUE,2901,Thio village
Province Sud,2026,Thio,0003,Grand Borendy,166.45075740277505,-21.738718340168145,312,194,191,oceanien,Éveil océanien,Éveil océanien,#16a5ad,4,23,191,12.041884816753926,TRUE,2902,Ouindo Borendy
Province Sud,2026,Thio,0004,Saint-Pierre,166.14983539215794,-21.67410856554519,481,289,287,oceanien,Éveil océanien,Éveil océanien,#16a5ad,4,36,287,12.543554006968641,TRUE,2902,Ouindo Borendy
Province Sud,2026,Yaté,0001,Mairie,166.94326054599946,-22.16058963447543,303,211,209,oceanien,Éveil océanien,Éveil océanien,#16a5ad,4,17,209,8.133971291866029,TRUE,3201,Waho Touaourou Goro
Province Sud,2026,Yaté,0002,Mairie (Waho central),166.94326,-22.16058,484,347,347,oceanien,Éveil océanien,Éveil océanien,#16a5ad,4,8,347,2.3054755043227666,TRUE,NA,NA
Province Sud,2026,Yaté,0003,Goro,167.0163659290303,-22.286011229502463,242,165,165,oceanien,Éveil océanien,Éveil océanien,#16a5ad,4,2,165,1.2121212121212122,TRUE,3201,Waho Touaourou Goro
Province Sud,2026,Yaté,0004,Unia,166.89998901288348,-22.06107261844911,793,585,581,oceanien,Éveil océanien,Éveil océanien,#16a5ad,4,49,581,8.433734939759036,TRUE,3202,Unia Ouinné
Province Sud,2019,Boulouparis,0001,Mairie,166.047711423762,-21.8654175541592,1514,1017,990,droite_nationale,Droite nationale,Droite nationale,#7a4a28,5,43,990,4.343434343434343,TRUE,201,Boulouparis village
Province Sud,2019,Boulouparis,0002,Centre Culturel,166.049037015845,-21.8654352350015,1145,818,804,droite_nationale,Droite nationale,Droite nationale,#7a4a28,5,49,804,6.0945273631840795,TRUE,201,Boulouparis village
Province Sud,2019,Bourail,0001,Mairie,165.497503614793,-21.5680444203004,604,425,418,droite_nationale,Droite nationale,Droite nationale,#7a4a28,5,26,418,6.220095693779904,TRUE,301,Bourail village
Province Sud,2019,Bourail,0002,Pothé,165.491900847299,-21.4547330481005,801,456,443,droite_nationale,Droite nationale,Droite nationale,#7a4a28,5,1,443,0.22573363431151242,TRUE,305,Ny
Province Sud,2019,Bourail,0003,Colisée,165.49385205691,-21.5656940047007,854,619,595,droite_nationale,Droite nationale,Droite nationale,#7a4a28,5,41,595,6.890756302521009,TRUE,301,Bourail village
Province Sud,2019,Bourail,0004,Ecole Les Lys D'Eau,165.49748641875,-21.5730483252455,841,600,587,droite_nationale,Droite nationale,Droite nationale,#7a4a28,5,38,587,6.473594548551959,TRUE,301,Bourail village
Province Sud,2019,Bourail,0005,Ecole Louise Michel,165.497379452405,-21.57045570157,849,586,562,droite_nationale,Droite nationale,Droite nationale,#7a4a28,5,14,562,2.491103202846975,TRUE,301,Bourail village
Province Sud,2019,Dumbéa,0001,Hôtel de Ville 1,166.457501065839,-22.1675460417822,805,583,574,droite_nationale,Droite nationale,Droite nationale,#7a4a28,5,41,574,7.142857142857143,TRUE,512,Plaine de Koé
Province Sud,2019,Dumbéa,0002,Hôtel de Ville 2,166.457501065839,-22.1675460417822,646,424,412,droite_nationale,Droite nationale,Droite nationale,#7a4a28,5,17,412,4.12621359223301,TRUE,512,Plaine de Koé
Province Sud,2019,Dumbéa,0003,Hôtel de Ville 3,166.457501065839,-22.1675460417822,692,462,443,droite_nationale,Droite nationale,Droite nationale,#7a4a28,5,12,443,2.708803611738149,TRUE,512,Plaine de Koé
Province Sud,2019,Dumbéa,0004,Ecole primaire Mainguet 1,166.474584305922,-22.2148395317313,734,484,468,droite_nationale,Droite nationale,Droite nationale,#7a4a28,5,10,468,2.1367521367521367,TRUE,501,Coeur de ville urbain
Province Sud,2019,Dumbéa,0005,Ecole primaire Mainguet 2,166.474584305922,-22.2148395317313,600,353,335,droite_nationale,Droite nationale,Droite nationale,#7a4a28,5,12,335,3.582089552238806,TRUE,501,Coeur de ville urbain
Province Sud,2019,Dumbéa,0006,Maison de la Jeunesse 1,166.474913290828,-22.2056811434969,741,540,519,droite_nationale,Droite nationale,Droite nationale,#7a4a28,5,22,519,4.238921001926783,TRUE,507,Jacarandas II
Province Sud,2019,Dumbéa,0007,Maison de la Jeunesse 2,166.474913290828,-22.2056811434969,709,492,479,droite_nationale,Droite nationale,Droite nationale,#7a4a28,5,34,479,7.09812108559499,TRUE,507,Jacarandas II
Province Sud,2019,Dumbéa,0008,Centre Culturel de Dumbéa 1,166.474126141924,-22.2081759337081,761,507,494,droite_nationale,Droite nationale,Droite nationale,#7a4a28,5,11,494,2.2267206477732793,TRUE,503,Koutio Secal
Province Sud,2019,Dumbéa,0009,Centre Culturel de Dumbéa 2,166.474126141924,-22.2081759337081,784,543,515,droite_nationale,Droite nationale,Droite nationale,#7a4a28,5,24,515,4.660194174757281,TRUE,503,Koutio Secal
Province Sud,2019,Dumbéa,0010,Centre Culturel de Dumbéa 3,166.474126141924,-22.2081759337081,630,441,423,droite_nationale,Droite nationale,Droite nationale,#7a4a28,5,7,423,1.6548463356973995,TRUE,503,Koutio Secal
Province Sud,2019,Dumbéa,0011,Ecole primaire Gustave Clain 1,166.460870510376,-22.2089353285944,699,479,463,droite_nationale,Droite nationale,Droite nationale,#7a4a28,5,19,463,4.103671706263499,TRUE,504,Koutio érudits
Province Sud,2019,Dumbéa,0012,Ecole primaire Gustave Clain 2,166.460870510376,-22.2089353285944,625,428,413,droite_nationale,Droite nationale,Droite nationale,#7a4a28,5,13,413,3.1476997578692494,TRUE,504,Koutio érudits
Province Sud,2019,Dumbéa,0013,Ecole maternelle l'Oasis 1,166.461460951246,-22.2085634346196,679,502,488,droite_nationale,Droite nationale,Droite nationale,#7a4a28,5,20,488,4.098360655737705,TRUE,504,Koutio érudits
Province Sud,2019,Dumbéa,0014,Ecole maternelle l'Oasis 2,166.461460951246,-22.2085634346196,634,451,429,droite_nationale,Droite nationale,Droite nationale,#7a4a28,5,33,429,7.6923076923076925,TRUE,504,Koutio érudits
Province Sud,2019,Dumbéa,0015,Groupe scolaire Michelle Delacharlerie-Rolly 1,166.445998676866,-22.2013803961715,425,336,327,droite_nationale,Droite nationale,Droite nationale,#7a4a28,5,18,327,5.504587155963303,TRUE,510,Dumbéa/mer Ouest
Province Sud,2019,Dumbéa,0016,Groupe scolaire Michelle Delacharlerie-Rolly 2,166.445998676866,-22.2013803961715,496,336,321,droite_nationale,Droite nationale,Droite nationale,#7a4a28,5,3,321,0.9345794392523364,TRUE,510,Dumbéa/mer Ouest
Province Sud,2019,Dumbéa,0017,Groupe scolaire Renée Fong 1,166.44418672502,-22.192372203396,499,368,359,droite_nationale,Droite nationale,Droite nationale,#7a4a28,5,18,359,5.013927576601671,TRUE,511,Dumbea/mer Est - Plaine Adam
Province Sud,2019,Dumbéa,0018,Groupe scolaire Renée Fong 2,166.44418672502,-22.192372203396,602,426,405,droite_nationale,Droite nationale,Droite nationale,#7a4a28,5,7,405,1.728395061728395,TRUE,511,Dumbea/mer Est - Plaine Adam
Province Sud,2019,Dumbéa,0019,Mairie du Nord 1,166.457501065839,-22.1675460417822,638,447,437,droite_nationale,Droite nationale,Droite nationale,#7a4a28,5,32,437,7.322654462242563,TRUE,512,Plaine de Koé
Province Sud,2019,Dumbéa,0020,Mairie du Nord 2,166.457501065839,-22.1675460417822,557,411,402,droite_nationale,Droite nationale,Droite nationale,#7a4a28,5,23,402,5.721393034825871,TRUE,512,Plaine de Koé
Province Sud,2019,Dumbéa,0021,Mairie du Nord 3,166.457501065839,-22.1675460417822,594,403,394,droite_nationale,Droite nationale,Droite nationale,#7a4a28,5,12,394,3.045685279187817,TRUE,512,Plaine de Koé
Province Sud,2019,Dumbéa,0022,Ecole primaire Paul Duboisé 1,166.434846490836,-22.1399347171588,767,550,536,droite_nationale,Droite nationale,Droite nationale,#7a4a28,5,29,536,5.41044776119403,TRUE,515,Katiramona Sud
Province Sud,2019,Dumbéa,0023,Ecole primaire Paul Duboisé 2,166.434846490836,-22.1399347171588,734,504,484,droite_nationale,Droite nationale,Droite nationale,#7a4a28,5,24,484,4.958677685950414,TRUE,515,Katiramona Sud
Province Sud,2019,Dumbéa,0024,Ecole maternelle les Colibris,166.436047169124,-22.1394710088392,736,513,492,droite_nationale,Droite nationale,Droite nationale,#7a4a28,5,24,492,4.878048780487805,TRUE,515,Katiramona Sud
Province Sud,2019,Farino,0001,Mairie,165.77595416144513,-21.666848976720875,568,471,454,droite_nationale,Droite nationale,Droite nationale,#7a4a28,5,23,454,5.066079295154185,TRUE,601,Farino
Province Sud,2019,Ile des Pins,0001,Mairie 1,167.495819,-22.66517,971,604,596,droite_nationale,Droite nationale,Droite nationale,#7a4a28,5,7,596,1.174496644295302,TRUE,901,Vao
Province Sud,2019,Ile des Pins,0002,Batiment Communal Point 1,167.495819,-22.66517,741,498,493,droite_nationale,Droite nationale,Droite nationale,#7a4a28,5,5,493,1.0141987829614605,TRUE,901,Vao
Province Sud,2019,La Foa,0001,Centre Socio-Culturel 1,165.82495689060195,-21.708500844468237,865,646,624,droite_nationale,Droite nationale,Droite nationale,#7a4a28,5,20,624,3.2051282051282053,TRUE,1301,La Foa village
Province Sud,2019,La Foa,0002,Centre Socio Culturel 2,165.82495689060195,-21.708500844468237,677,505,492,droite_nationale,Droite nationale,Droite nationale,#7a4a28,5,14,492,2.845528455284553,TRUE,1301,La Foa village
Province Sud,2019,La Foa,0003,Centre Socio-Culturel 3,165.82495689060195,-21.708500844468237,795,617,597,droite_nationale,Droite nationale,Droite nationale,#7a4a28,5,16,597,2.680067001675042,TRUE,1301,La Foa village
Province Sud,2019,La Foa,0004,Centre Socio-Culturel 4,165.82495689060195,-21.708500844468237,568,437,426,droite_nationale,Droite nationale,Droite nationale,#7a4a28,5,8,426,1.8779342723004695,TRUE,1301,La Foa village
Province Sud,2019,Moindou,0001,Mairie,165.67695619871748,-21.69271000327087,755,591,579,droite_nationale,Droite nationale,Droite nationale,#7a4a28,5,17,579,2.936096718480138,TRUE,1601,Moindou
Province Sud,2019,Mont-Dore,0001,Mairie,166.523722376157,-22.2317078297453,640,430,417,droite_nationale,Droite nationale,Droite nationale,#7a4a28,5,30,417,7.1942446043165464,TRUE,NA,NA
Province Sud,2019,Mont-Dore,0002,Groupe scolaire Hélène CHANEL,166.485528594387,-22.2217711398288,448,292,279,droite_nationale,Droite nationale,Droite nationale,#7a4a28,5,13,279,4.659498207885305,TRUE,1703,Pont des Fran‡ais
Province Sud,2019,Mont-Dore,0003,Ecole primaire Adolphe BOUTAN,166.841440737558,-22.4256696418669,739,556,536,droite_nationale,Droite nationale,Droite nationale,#7a4a28,5,24,536,4.477611940298507,TRUE,1715,Mouirange - Grand Sud - Ile Ouen
Province Sud,2019,Mont-Dore,0004,Ecole primaire Louis Henri GALINE 1,166.512755378687,-22.2163077194956,747,530,510,droite_nationale,Droite nationale,Droite nationale,#7a4a28,5,19,510,3.7254901960784315,TRUE,1705,Robinson Nord
Province Sud,2019,Mont-Dore,0005,Ecole La Rizière 1,166.573975497183,-22.2332233282141,993,563,547,droite_nationale,Droite nationale,Droite nationale,#7a4a28,5,1,547,0.18281535648994515,TRUE,1710,La Coulée Nord
Province Sud,2019,Mont-Dore,0006,Ecole primaire du Vallon-Dore,166.571853310489,-22.2757480668132,732,498,482,droite_nationale,Droite nationale,Droite nationale,#7a4a28,5,14,482,2.904564315352697,TRUE,1712,Vallon Dore
Province Sud,2019,Mont-Dore,0007,Ouara (maison commune),166.84029773306233,-22.42316008394107,88,60,59,droite_nationale,Droite nationale,Droite nationale,#7a4a28,5,0,59,0,TRUE,1715,Mouirange - Grand Sud - Ile Ouen
Province Sud,2019,Mont-Dore,0008,Groupe scolaire de Boulari 1,166.520855451452,-22.2274992832452,763,555,543,droite_nationale,Droite nationale,Droite nationale,#7a4a28,5,28,543,5.156537753222836,TRUE,1707,Boulari
Province Sud,2019,Mont-Dore,0009,Mairie Annexe De Plum 1,166.623268718041,-22.2730906933136,858,525,501,droite_nationale,Droite nationale,Droite nationale,#7a4a28,5,14,501,2.7944111776447107,TRUE,1714,Plum
Province Sud,2019,Mont-Dore,0010,Ecole La Rizière 2,166.573975497183,-22.2332233282141,785,500,475,droite_nationale,Droite nationale,Droite nationale,#7a4a28,5,24,475,5.052631578947368,TRUE,1710,La Coulée Nord
Province Sud,2019,Mont-Dore,0011,Groupe scolaire de Boulari 2,166.520855451452,-22.2274992832452,702,510,494,droite_nationale,Droite nationale,Droite nationale,#7a4a28,5,23,494,4.65587044534413,TRUE,1707,Boulari
Province Sud,2019,Mont-Dore,0012,Groupe scolaire de Saint-Michel 1,166.529983,-22.224807,613,402,382,droite_nationale,Droite nationale,Droite nationale,#7a4a28,5,18,382,4.712041884816754,TRUE,NA,NA
Province Sud,2019,Mont-Dore,0013,Ecole maternelle Les Fougères,166.841440737558,-22.4256696418669,398,255,249,droite_nationale,Droite nationale,Droite nationale,#7a4a28,5,8,249,3.21285140562249,TRUE,1715,Mouirange - Grand Sud - Ile Ouen
Province Sud,2019,Mont-Dore,0014,Ecole maternelle les Dauphins,166.57252708408,-22.2768294716869,721,505,497,droite_nationale,Droite nationale,Droite nationale,#7a4a28,5,20,497,4.0241448692152915,TRUE,1712,Vallon Dore
Province Sud,2019,Mont-Dore,0015,Ecole Maternelle Les Coccinelles,166.56758162382,-22.2502864537601,978,649,617,droite_nationale,Droite nationale,Droite nationale,#7a4a28,5,25,617,4.051863857374392,TRUE,1711,La Coulée Sud
Province Sud,2019,Mont-Dore,0016,Ecole Saint-Joseph de CLUNY,166.499920601202,-22.2239776205159,984,668,644,droite_nationale,Droite nationale,Droite nationale,#7a4a28,5,10,644,1.5527950310559007,TRUE,1704,La Conception
Province Sud,2019,Mont-Dore,0017,Ecole primaire Louis Henri GALINE 2,166.512755378687,-22.2163077194956,762,536,521,droite_nationale,Droite nationale,Droite nationale,#7a4a28,5,17,521,3.2629558541266794,TRUE,1705,Robinson Nord
Province Sud,2019,Mont-Dore,0018,Groupe scolaire Boulari 3,166.520855451452,-22.2274992832452,770,537,525,droite_nationale,Droite nationale,Droite nationale,#7a4a28,5,17,525,3.238095238095238,TRUE,1707,Boulari
Province Sud,2019,Mont-Dore,0019,Groupe scolaire Saint-Michel 2,166.529983,-22.224807,584,400,378,droite_nationale,Droite nationale,Droite nationale,#7a4a28,5,20,378,5.291005291005291,TRUE,NA,NA
Province Sud,2019,Mont-Dore,0020,Groupe scolaire de Plum,166.640486,-22.277131,513,341,334,droite_nationale,Droite nationale,Droite nationale,#7a4a28,5,19,334,5.688622754491018,TRUE,NA,NA
Province Sud,2019,Mont-Dore,0021,Ecole La Rizière 3,166.573975497183,-22.2332233282141,581,346,332,droite_nationale,Droite nationale,Droite nationale,#7a4a28,5,11,332,3.3132530120481927,TRUE,1710,La Coulée Nord
Province Sud,2019,Mont-Dore,0022,Groupe scolaire de la Briqueterie 1,166.566445622614,-22.2625090934915,613,400,387,droite_nationale,Droite nationale,Droite nationale,#7a4a28,5,11,387,2.842377260981912,TRUE,1712,Vallon Dore
Province Sud,2019,Mont-Dore,0023,Groupe scolaire de la Briqueterie 2,166.566445622614,-22.2625090934915,595,393,375,droite_nationale,Droite nationale,Droite nationale,#7a4a28,5,22,375,5.866666666666666,TRUE,1712,Vallon Dore
Province Sud,2019,Mont-Dore,0024,Mairie 2,166.523259425452,-22.2297495527098,445,295,285,droite_nationale,Droite nationale,Droite nationale,#7a4a28,5,13,285,4.56140350877193,TRUE,1707,Boulari
Province Sud,2019,Mont-Dore,0025,Groupe scolaire de Yahoué,166.489906860567,-22.2084828348965,706,488,471,droite_nationale,Droite nationale,Droite nationale,#7a4a28,5,16,471,3.397027600849257,TRUE,1702,Yahoué Sud
Province Sud,2019,Nouméa,0001,Mairie 1,166.439401925184,-22.2714056104229,561,329,321,droite_nationale,Droite nationale,Droite nationale,#7a4a28,5,12,321,3.7383177570093458,TRUE,1822,Centre ville
Province Sud,2019,Nouméa,0002,Mairie 2,166.439401925184,-22.2714056104229,871,440,432,droite_nationale,Droite nationale,Droite nationale,#7a4a28,5,15,432,3.4722222222222223,TRUE,1822,Centre ville
Province Sud,2019,Nouméa,0003,Ecole Frédéric Surleau,166.446180272936,-22.2732842135737,666,444,435,droite_nationale,Droite nationale,Droite nationale,#7a4a28,5,22,435,5.057471264367816,TRUE,1822,Centre ville
Province Sud,2019,Nouméa,0004,Ecole Marguerite Lefrançois,166.446044574066,-22.2859909097298,685,488,483,droite_nationale,Droite nationale,Droite nationale,#7a4a28,5,15,483,3.1055900621118013,TRUE,1809,Orphelinat
Province Sud,2019,Nouméa,0005,Ecole Yvonne Dupont 1,166.442173657352,-22.2926748814035,725,554,547,droite_nationale,Droite nationale,Droite nationale,#7a4a28,5,27,547,4.936014625228519,TRUE,1806,Motor Pool - Receiving
Province Sud,2019,Nouméa,0006,Ecole Eloi Franc 1,166.447826467842,-22.2974281428095,805,540,532,droite_nationale,Droite nationale,Droite nationale,#7a4a28,5,19,532,3.5714285714285716,TRUE,1803,Anse Vata Est
Province Sud,2019,Nouméa,0007,Ecole Eloi Franc 2,166.447826467842,-22.2974281428095,708,499,490,droite_nationale,Droite nationale,Droite nationale,#7a4a28,5,13,490,2.6530612244897958,TRUE,1803,Anse Vata Est
Province Sud,2019,Nouméa,0008,Ecole Fernande Leriche 1,166.448431376266,-22.2984740950672,635,468,459,droite_nationale,Droite nationale,Droite nationale,#7a4a28,5,18,459,3.9215686274509802,TRUE,1803,Anse Vata Est
Province Sud,2019,Nouméa,0009,Ecole Fernande Leriche 2,166.448431376266,-22.2984740950672,814,587,581,droite_nationale,Droite nationale,Droite nationale,#7a4a28,5,23,581,3.9586919104991396,TRUE,1803,Anse Vata Est
Province Sud,2019,Nouméa,0010,Ecole Jean Mermoud 1,166.454827725543,-22.2956844604928,726,550,545,droite_nationale,Droite nationale,Droite nationale,#7a4a28,5,20,545,3.669724770642202,TRUE,1807,N'Géa
Province Sud,2019,Nouméa,0011,Ecole Jean Mermoud 2,166.454827725543,-22.2956844604928,820,648,642,droite_nationale,Droite nationale,Droite nationale,#7a4a28,5,16,642,2.4922118380062304,TRUE,1807,N'Géa
Province Sud,2019,Nouméa,0012,Ecole Ernest Risbec 1,166.451704940929,-22.2838445188063,767,539,526,droite_nationale,Droite nationale,Droite nationale,#7a4a28,5,20,526,3.802281368821293,TRUE,1808,Trianon
Province Sud,2019,Nouméa,0013,Ecole Ernest Risbec 2,166.451704940929,-22.2838445188063,785,537,525,droite_nationale,Droite nationale,Droite nationale,#7a4a28,5,31,525,5.904761904761905,TRUE,1808,Trianon
Province Sud,2019,Nouméa,0014,Ecole Paul Boyer 1,166.452482969153,-22.2781620536236,665,463,459,droite_nationale,Droite nationale,Droite nationale,#7a4a28,5,26,459,5.664488017429194,TRUE,1811,Faubourg Blanchot
Province Sud,2019,Nouméa,0015,Ecole Les Capucines,166.457228804171,-22.2753677119578,744,566,557,droite_nationale,Droite nationale,Droite nationale,#7a4a28,5,22,557,3.949730700179533,TRUE,1813,Vallée des Colons Sud Ouest
Province Sud,2019,Nouméa,0016,Ecole Candide Koch 1,166.456450040223,-22.2745660873879,767,522,519,droite_nationale,Droite nationale,Droite nationale,#7a4a28,5,25,519,4.8169556840077075,TRUE,1813,Vallée des Colons Sud Ouest
Province Sud,2019,Nouméa,0017,Ecole Candide Koch 2,166.456450040223,-22.2745660873879,862,617,608,droite_nationale,Droite nationale,Droite nationale,#7a4a28,5,26,608,4.276315789473684,TRUE,1813,Vallée des Colons Sud Ouest
Province Sud,2019,Nouméa,0018,Ecole Emily Panné 1,166.454860512437,-22.2689261325801,766,536,522,droite_nationale,Droite nationale,Droite nationale,#7a4a28,5,20,522,3.8314176245210727,TRUE,1820,Vallée des Colons Nord Est
Province Sud,2019,Nouméa,0019,Ecole Emily Panné 2,166.454860512437,-22.2689261325801,808,528,517,droite_nationale,Droite nationale,Droite nationale,#7a4a28,5,25,517,4.835589941972921,TRUE,1820,Vallée des Colons Nord Est
Province Sud,2019,Nouméa,0020,Ecole Antoinette Charbonneaux,166.46666463723,-22.273716213111,775,579,573,droite_nationale,Droite nationale,Droite nationale,#7a4a28,5,45,573,7.853403141361256,TRUE,1816,Magenta Tours
Province Sud,2019,Nouméa,0021,Ecole Marie Havet 1,166.471138313555,-22.2828880563017,815,611,598,droite_nationale,Droite nationale,Droite nationale,#7a4a28,5,14,598,2.3411371237458196,TRUE,1818,Ouémo
Province Sud,2019,Nouméa,0022,Ecole Marie Havet 2,166.471138313555,-22.2828880563017,857,642,635,droite_nationale,Droite nationale,Droite nationale,#7a4a28,5,25,635,3.937007874015748,TRUE,1818,Ouémo
Province Sud,2019,Nouméa,0023,Ecole Chistine Boletti 1,166.465990390657,-22.2661773380247,818,584,569,droite_nationale,Droite nationale,Droite nationale,#7a4a28,5,21,569,3.6906854130052724,TRUE,1827,Aérodrome Sud
Province Sud,2019,Nouméa,0024,Ecole Chistine Boletti 2,166.465990390657,-22.2661773380247,915,511,498,droite_nationale,Droite nationale,Droite nationale,#7a4a28,5,18,498,3.6144578313253013,TRUE,1827,Aérodrome Sud
Province Sud,2019,Nouméa,0025,Ecole Michel Cacot 1,166.463652223431,-22.2662199324801,888,648,633,droite_nationale,Droite nationale,Droite nationale,#7a4a28,5,28,633,4.423380726698262,TRUE,1826,Portes de Fer - Sud
Province Sud,2019,Nouméa,0026,Ecole Michel Cacot 2,166.463652223431,-22.2662199324801,807,582,571,droite_nationale,Droite nationale,Droite nationale,#7a4a28,5,20,571,3.502626970227671,TRUE,1826,Portes de Fer - Sud
Province Sud,2019,Nouméa,0027,Ecole C. T. de Laubarède,166.445705500987,-22.2640017751327,847,455,436,droite_nationale,Droite nationale,Droite nationale,#7a4a28,5,13,436,2.981651376146789,TRUE,1824,Vallée du Tir
Province Sud,2019,Nouméa,0028,Ecole Gustave Mouchet 1,166.454414703061,-22.2504501881193,946,494,474,droite_nationale,Droite nationale,Droite nationale,#7a4a28,5,1,474,0.2109704641350211,TRUE,1828,Portes de Fer - Nord
Province Sud,2019,Nouméa,0029,Ecole Gustave Mouchet 2,166.454414703061,-22.2504501881193,821,394,381,droite_nationale,Droite nationale,Droite nationale,#7a4a28,5,16,381,4.199475065616798,TRUE,1828,Portes de Fer - Nord
Province Sud,2019,Nouméa,0030,Ecole Mathilde Broquet 1,166.467549840387,-22.256293239868,1024,657,639,droite_nationale,Droite nationale,Droite nationale,#7a4a28,5,24,639,3.755868544600939,TRUE,1827,Aérodrome Sud
Province Sud,2019,Nouméa,0031,Ecole Marie Courtot 1,166.470464378859,-22.2425220070829,1056,704,688,droite_nationale,Droite nationale,Droite nationale,#7a4a28,5,31,688,4.505813953488372,TRUE,1834,PK 6 Nord
Province Sud,2019,Nouméa,0032,Ecole Marie Courtot 2,166.470464378859,-22.2425220070829,851,635,620,droite_nationale,Droite nationale,Droite nationale,#7a4a28,5,34,620,5.483870967741935,TRUE,1834,PK 6 Nord
Province Sud,2019,Nouméa,0033,Ecole Suzanne Berton,166.463601949873,-22.2382604330193,926,569,546,droite_nationale,Droite nationale,Droite nationale,#7a4a28,5,20,546,3.663003663003663,TRUE,1833,Riviére Salée Sud
Province Sud,2019,Nouméa,0034,Ecole Les Roses,166.464696,-22.23767,866,587,572,droite_nationale,Droite nationale,Droite nationale,#7a4a28,5,24,572,4.195804195804196,TRUE,NA,NA
Province Sud,2019,Nouméa,0035,Ecole Les Oeillets,166.468679,-22.230344,845,547,531,droite_nationale,Droite nationale,Droite nationale,#7a4a28,5,14,531,2.6365348399246704,TRUE,NA,NA
Province Sud,2019,Nouméa,0036,Ecole Jacques Trouillot,166.471000599479,-22.2283599819501,828,546,523,droite_nationale,Droite nationale,Droite nationale,#7a4a28,5,18,523,3.4416826003824093,TRUE,1838,Riviére Salée Nord Est
Province Sud,2019,Nouméa,0037,Ecole Mauricette Devambez 1,166.470726,-22.23276,1076,590,566,droite_nationale,Droite nationale,Droite nationale,#7a4a28,5,11,566,1.9434628975265018,TRUE,NA,NA
Province Sud,2019,Nouméa,0038,Ecole Mauricette Devambez 2,166.470726,-22.23276,1021,665,650,droite_nationale,Droite nationale,Droite nationale,#7a4a28,5,17,650,2.6153846153846154,TRUE,NA,NA
Province Sud,2019,Nouméa,0039,Ecole Adrienne Lomont 1,166.484157216578,-22.2206462260252,698,369,354,droite_nationale,Droite nationale,Droite nationale,#7a4a28,5,7,354,1.9774011299435028,TRUE,1840,Normandie Nord
Province Sud,2019,Nouméa,0040,Ecole Adrienne Lomont 2,166.484157216578,-22.2206462260252,1167,755,730,droite_nationale,Droite nationale,Droite nationale,#7a4a28,5,37,730,5.068493150684931,TRUE,1840,Normandie Nord
Province Sud,2019,Nouméa,0041,Ecole Gustave Lods 1,166.435430928496,-22.2381371662114,943,593,568,droite_nationale,Droite nationale,Droite nationale,#7a4a28,5,17,568,2.992957746478873,TRUE,1843,Logicoop
Province Sud,2019,Nouméa,0042,Ecole Gustave Lods 2,166.435430928496,-22.2381371662114,1110,635,614,droite_nationale,Droite nationale,Droite nationale,#7a4a28,5,25,614,4.071661237785016,TRUE,1843,Logicoop
Province Sud,2019,Nouméa,0043,Ecole Daniel Talon,166.429735177846,-22.2343498153878,1486,820,796,droite_nationale,Droite nationale,Droite nationale,#7a4a28,5,27,796,3.391959798994975,TRUE,1843,Logicoop
Province Sud,2019,Nouméa,0044,Ecole Louise Vergès,166.421805,-22.23044,946,502,494,droite_nationale,Droite nationale,Droite nationale,#7a4a28,5,4,494,0.8097165991902834,TRUE,NA,NA
Province Sud,2019,Nouméa,0045,Ecole Mathilde Broquet 2,166.467549840387,-22.256293239868,1168,739,728,droite_nationale,Droite nationale,Droite nationale,#7a4a28,5,22,728,3.021978021978022,TRUE,1827,Aérodrome Sud
Province Sud,2019,Nouméa,0046,Ecole Yvonne Dupont 2,166.442173657352,-22.2926748814035,546,413,410,droite_nationale,Droite nationale,Droite nationale,#7a4a28,5,22,410,5.365853658536586,TRUE,1806,Motor Pool - Receiving
Province Sud,2019,Nouméa,0047,Ecole Paul Boyer 2,166.452482969153,-22.2781620536236,737,529,522,droite_nationale,Droite nationale,Droite nationale,#7a4a28,5,26,522,4.980842911877395,TRUE,1811,Faubourg Blanchot
Province Sud,2019,Nouméa,0048,Ecole Marguerite Arsapin,166.462764,-22.228627,844,504,485,droite_nationale,Droite nationale,Droite nationale,#7a4a28,5,19,485,3.917525773195876,TRUE,NA,NA
Province Sud,2019,Nouméa,0049,Ecole Les Pervenches,166.463935144665,-22.2575766179093,835,609,598,droite_nationale,Droite nationale,Droite nationale,#7a4a28,5,40,598,6.688963210702341,TRUE,1826,Portes de Fer - Sud
Province Sud,2019,Nouméa,0050,Ecole Albert Perraud,166.467888234029,-22.2619636836771,1220,664,639,droite_nationale,Droite nationale,Droite nationale,#7a4a28,5,15,639,2.347417840375587,TRUE,1827,Aérodrome Sud
Province Sud,2019,Nouméa,0051,Ecole Michel Amiot,166.468616034294,-22.2680303864914,929,656,643,droite_nationale,Droite nationale,Droite nationale,#7a4a28,5,25,643,3.8880248833592534,TRUE,1817,Magenta Est
Province Sud,2019,Nouméa,0052,Ecole Charles Bichon,166.443767790723,-22.2808132680625,575,402,397,droite_nationale,Droite nationale,Droite nationale,#7a4a28,5,19,397,4.785894206549118,TRUE,1809,Orphelinat
Province Sud,2019,Nouméa,0053,Ecole Les Lys,166.443135087106,-22.2929071476207,682,496,493,droite_nationale,Droite nationale,Droite nationale,#7a4a28,5,21,493,4.259634888438134,TRUE,1806,Motor Pool - Receiving
Province Sud,2019,Nouméa,0054,Ecole Le petit poucet,166.446452105063,-22.2638462676659,938,577,562,droite_nationale,Droite nationale,Droite nationale,#7a4a28,5,17,562,3.0249110320284696,TRUE,1824,Vallée du Tir
Province Sud,2019,Nouméa,0055,Ecole Serge Laigle,166.486016745804,-22.2343408388225,934,714,702,droite_nationale,Droite nationale,Droite nationale,#7a4a28,5,34,702,4.843304843304844,TRUE,1835,Tina
Province Sud,2019,Nouméa,0056,Ecole Guy Champmoreau,166.452313565802,-22.2892161943525,1168,807,788,droite_nationale,Droite nationale,Droite nationale,#7a4a28,5,32,788,4.060913705583756,TRUE,1807,N'Géa
Province Sud,2019,Nouméa,0057,Mairie 3,166.439401925184,-22.2714056104229,108,19,18,droite_nationale,Droite nationale,Droite nationale,#7a4a28,5,1,18,5.555555555555555,TRUE,1822,Centre ville
Province Sud,2019,Païta,0001,Dock Socioculturel 1,166.366370328351,-22.1294955354086,457,312,304,droite_nationale,Droite nationale,Droite nationale,#7a4a28,5,4,304,1.3157894736842106,TRUE,2101,Paita centre
Province Sud,2019,Païta,0002,Dock Socioculturel 2,166.366370328351,-22.1294955354086,618,437,431,droite_nationale,Droite nationale,Droite nationale,#7a4a28,5,5,431,1.160092807424594,TRUE,2101,Paita centre
Province Sud,2019,Païta,0003,Dock Socioculturel 3,166.366370328351,-22.1294955354086,640,433,425,droite_nationale,Droite nationale,Droite nationale,#7a4a28,5,20,425,4.705882352941177,TRUE,2101,Paita centre
Province Sud,2019,Païta,0004,Dock Socioculturel 4,166.366370328351,-22.1294955354086,345,242,233,droite_nationale,Droite nationale,Droite nationale,#7a4a28,5,12,233,5.150214592274678,TRUE,2101,Paita centre
Province Sud,2019,Païta,0005,Dock Socioculturel 5,166.366370328351,-22.1294955354086,712,506,486,droite_nationale,Droite nationale,Droite nationale,#7a4a28,5,17,486,3.4979423868312756,TRUE,2101,Paita centre
Province Sud,2019,Païta,0006,Mairie,166.361658608639,-22.1291986951984,702,430,425,droite_nationale,Droite nationale,Droite nationale,#7a4a28,5,8,425,1.8823529411764706,TRUE,2101,Paita centre
Province Sud,2019,Païta,0007,Ecole Vi Vete,166.356291724406,-22.134484419519,731,494,478,droite_nationale,Droite nationale,Droite nationale,#7a4a28,5,10,478,2.092050209205021,TRUE,2101,Paita centre
Province Sud,2019,Païta,0008,Ecole James Paddon,166.359353160601,-22.1337644237458,700,476,469,droite_nationale,Droite nationale,Droite nationale,#7a4a28,5,16,469,3.411513859275053,TRUE,2101,Paita centre
Province Sud,2019,Païta,0009,Ecole Élémentaire Les Scheffleras - 1,166.36989887391,-22.1257398247667,698,404,383,droite_nationale,Droite nationale,Droite nationale,#7a4a28,5,14,383,3.6553524804177546,TRUE,2102,Scheffleras
Province Sud,2019,Païta,0010,Ecole Élémentaire Les Scheffleras - 2,166.36989887391,-22.1257398247667,734,480,461,droite_nationale,Droite nationale,Droite nationale,#7a4a28,5,25,461,5.422993492407809,TRUE,2102,Scheffleras
Province Sud,2019,Païta,0011,Ecole Maternelle Les Scheffleras - 1,166.36989887391,-22.1257398247667,721,504,494,droite_nationale,Droite nationale,Droite nationale,#7a4a28,5,18,494,3.6437246963562755,TRUE,2102,Scheffleras
Province Sud,2019,Païta,0012,Ecole Maternelle Les Scheffleras - 2,166.36989887391,-22.1257398247667,557,392,382,droite_nationale,Droite nationale,Droite nationale,#7a4a28,5,29,382,7.591623036649215,TRUE,2102,Scheffleras
Province Sud,2019,Païta,0013,Ecole primaire Jean Ounou COTTIN 1,166.265966445473,-22.0605318544913,738,479,458,droite_nationale,Droite nationale,Droite nationale,#7a4a28,5,45,458,9.825327510917031,TRUE,2106,Tamoa Bangou Saint Laurent
Province Sud,2019,Païta,0014,Ecole primaire Jean Ounou COTTIN 2,166.265966445473,-22.0605318544913,761,492,482,droite_nationale,Droite nationale,Droite nationale,#7a4a28,5,11,482,2.2821576763485476,TRUE,2106,Tamoa Bangou Saint Laurent
Province Sud,2019,Païta,0015,Tontouta,166.22014428712,-22.0130384994051,556,388,377,droite_nationale,Droite nationale,Droite nationale,#7a4a28,5,18,377,4.774535809018568,TRUE,2107,Tontouta Tiaré
Province Sud,2019,Païta,0016,Ecole Robert ABEL 1,166.379189029935,-22.1384982889128,471,389,380,droite_nationale,Droite nationale,Droite nationale,#7a4a28,5,20,380,5.2631578947368425,TRUE,2103,Nogouta-Les 3 Vallées
Province Sud,2019,Païta,0017,Ecole Robert ABEL 2,166.379189029935,-22.1384982889128,553,357,347,droite_nationale,Droite nationale,Droite nationale,#7a4a28,5,13,347,3.7463976945244957,TRUE,2103,Nogouta-Les 3 Vallées
Province Sud,2019,Poya Sud,0005,Mairie 2,165.2454695470807,-21.4084575263513,164,133,131,droite_nationale,Droite nationale,Droite nationale,#7a4a28,5,11,131,8.396946564885496,TRUE,2706,Poya Sud
Province Sud,2019,Sarraméa,0001,Mairie,165.85386596919105,-21.642344787633757,502,365,358,droite_nationale,Droite nationale,Droite nationale,#7a4a28,5,1,358,0.27932960893854747,TRUE,2801,Sarraméa
Province Sud,2019,Thio,0001,Mairie 1,166.21553174553168,-21.610374938390603,784,489,478,droite_nationale,Droite nationale,Droite nationale,#7a4a28,5,2,478,0.41841004184100417,TRUE,2901,Thio village
Province Sud,2019,Thio,0002,Mairie 2,166.21553174553168,-21.610374938390603,560,319,316,droite_nationale,Droite nationale,Droite nationale,#7a4a28,5,0,316,0,TRUE,2901,Thio village
Province Sud,2019,Thio,0003,Grand Borendy,166.45075740277505,-21.738718340168145,305,167,164,droite_nationale,Droite nationale,Droite nationale,#7a4a28,5,0,164,0,TRUE,2902,Ouindo Borendy
Province Sud,2019,Thio,0004,Saint-Pierre,166.14983539215794,-21.67410856554519,442,251,248,droite_nationale,Droite nationale,Droite nationale,#7a4a28,5,0,248,0,TRUE,2902,Ouindo Borendy
Province Sud,2019,Yaté,0001,Mairie,166.94326054599946,-22.16058963447543,274,197,195,droite_nationale,Droite nationale,Droite nationale,#7a4a28,5,1,195,0.5128205128205128,TRUE,3201,Waho Touaourou Goro
Province Sud,2019,Yaté,0002,Touaourou,166.97497872151834,-22.190244269832505,461,305,302,droite_nationale,Droite nationale,Droite nationale,#7a4a28,5,1,302,0.33112582781456956,TRUE,3201,Waho Touaourou Goro
Province Sud,2019,Yaté,0003,Goro,167.0163659290303,-22.286011229502463,219,159,158,droite_nationale,Droite nationale,Droite nationale,#7a4a28,5,1,158,0.6329113924050633,TRUE,3201,Waho Touaourou Goro
Province Sud,2019,Yaté,0004,Unia,166.89998901288348,-22.06107261844911,750,542,538,droite_nationale,Droite nationale,Droite nationale,#7a4a28,5,2,538,0.37174721189591076,TRUE,3202,Unia Ouinné
Province Sud,2026,Boulouparis,0001,Mairie,166.047711423762,-21.8654175541592,880,599,580,droite_nationale,Droite nationale,Droite nationale,#7a4a28,5,23,580,3.9655172413793105,TRUE,201,Boulouparis village
Province Sud,2026,Boulouparis,0002,Maison des associations du village de Boulouparis,166.047083,-21.865589,714,578,570,droite_nationale,Droite nationale,Droite nationale,#7a4a28,5,16,570,2.807017543859649,TRUE,NA,NA
Province Sud,2026,Boulouparis,0003,Centre culturel de Boulouparis,166.049037,-21.865435,762,587,577,droite_nationale,Droite nationale,Droite nationale,#7a4a28,5,35,577,6.065857885615252,TRUE,NA,NA
Province Sud,2026,Boulouparis,0004,Maison des associations du village de Tomo,166.15105,-21.95844,716,492,470,droite_nationale,Droite nationale,Droite nationale,#7a4a28,5,29,470,6.170212765957447,TRUE,NA,NA
Province Sud,2026,Bourail,0001,Mairie,165.497503614793,-21.5680444203004,886,605,593,droite_nationale,Droite nationale,Droite nationale,#7a4a28,5,15,593,2.5295109612141653,TRUE,301,Bourail village
Province Sud,2026,Bourail,0002,Pothé,165.491900847299,-21.4547330481005,900,535,526,droite_nationale,Droite nationale,Droite nationale,#7a4a28,5,4,526,0.7604562737642585,TRUE,305,Ny
Province Sud,2026,Bourail,0003,Colisée 1,165.49385205691,-21.5656940047007,934,718,700,droite_nationale,Droite nationale,Droite nationale,#7a4a28,5,17,700,2.4285714285714284,TRUE,301,Bourail village
Province Sud,2026,Bourail,0004,Ecole Les Lys D'Eau,165.49748641875,-21.5730483252455,805,585,574,droite_nationale,Droite nationale,Droite nationale,#7a4a28,5,14,574,2.4390243902439024,TRUE,301,Bourail village
Province Sud,2026,Bourail,0005,Colisée 2,165.493852,-21.565694,936,663,650,droite_nationale,Droite nationale,Droite nationale,#7a4a28,5,18,650,2.769230769230769,TRUE,NA,NA
Province Sud,2026,Dumbéa,0001,Hôtel de Ville 1,166.457501065839,-22.1675460417822,903,632,621,droite_nationale,Droite nationale,Droite nationale,#7a4a28,5,15,621,2.4154589371980677,TRUE,512,Plaine de Koé
Province Sud,2026,Dumbéa,0002,Hôtel de Ville 2,166.457501065839,-22.1675460417822,887,534,527,droite_nationale,Droite nationale,Droite nationale,#7a4a28,5,9,527,1.7077798861480076,TRUE,512,Plaine de Koé
Province Sud,2026,Dumbéa,0003,Hôtel de Ville 3,166.457501065839,-22.1675460417822,1009,613,596,droite_nationale,Droite nationale,Droite nationale,#7a4a28,5,10,596,1.6778523489932886,TRUE,512,Plaine de Koé
Province Sud,2026,Dumbéa,0004,Salle omnisports d'Auteuil Ernest Chambonnier 1,166.475894,-22.206094,974,591,585,droite_nationale,Droite nationale,Droite nationale,#7a4a28,5,9,585,1.5384615384615385,TRUE,NA,NA
Province Sud,2026,Dumbéa,0005,Salle omnisports d'Auteuil Ernest Chambonnier 2,166.475894,-22.206094,643,330,317,droite_nationale,Droite nationale,Droite nationale,#7a4a28,5,3,317,0.9463722397476341,TRUE,NA,NA
Province Sud,2026,Dumbéa,0006,Salle omnisports d'Auteuil Ernest Chambonnier 3,166.475894,-22.206094,785,469,453,droite_nationale,Droite nationale,Droite nationale,#7a4a28,5,5,453,1.1037527593818985,TRUE,NA,NA
Province Sud,2026,Dumbéa,0007,Salle omnisports d'Auteuil Ernest Chambonnier 4,166.475894,-22.206094,998,617,600,droite_nationale,Droite nationale,Droite nationale,#7a4a28,5,14,600,2.3333333333333335,TRUE,NA,NA
Province Sud,2026,Dumbéa,0008,Salle omnisports d'Auteuil Ernest Chambonnier 5,166.475894,-22.206094,765,515,498,droite_nationale,Droite nationale,Droite nationale,#7a4a28,5,7,498,1.4056224899598393,TRUE,NA,NA
Province Sud,2026,Dumbéa,0009,Salle omnisports d'Auteuil Ernest Chambonnier 6,166.475894,-22.206094,398,211,209,droite_nationale,Droite nationale,Droite nationale,#7a4a28,5,1,209,0.4784688995215311,TRUE,NA,NA
Province Sud,2026,Dumbéa,0010,Maison de la Jeunesse 1,166.474913,-22.205681,878,605,588,droite_nationale,Droite nationale,Droite nationale,#7a4a28,5,12,588,2.0408163265306123,TRUE,NA,NA
Province Sud,2026,Dumbéa,0011,Maison de la Jeunesse 2,166.474913,-22.205681,782,540,530,droite_nationale,Droite nationale,Droite nationale,#7a4a28,5,22,530,4.150943396226415,TRUE,NA,NA
Province Sud,2026,Dumbéa,0012,Ecole primaire Gustave Clain 1,166.460870510376,-22.2089353285944,868,523,511,droite_nationale,Droite nationale,Droite nationale,#7a4a28,5,8,511,1.5655577299412915,TRUE,504,Koutio érudits
Province Sud,2026,Dumbéa,0013,Ecole primaire Gustave Clain 2,166.460871,-22.208935,821,492,484,droite_nationale,Droite nationale,Droite nationale,#7a4a28,5,9,484,1.859504132231405,TRUE,NA,NA
Province Sud,2026,Dumbéa,0014,Ecole maternelle l'Oasis 1,166.461460951246,-22.2085634346196,727,501,494,droite_nationale,Droite nationale,Droite nationale,#7a4a28,5,14,494,2.834008097165992,TRUE,504,Koutio érudits
Province Sud,2026,Dumbéa,0015,Ecole maternelle l'Oasis 2,166.461461,-22.208563,739,487,474,droite_nationale,Droite nationale,Droite nationale,#7a4a28,5,8,474,1.6877637130801688,TRUE,NA,NA
Province Sud,2026,Dumbéa,0016,Groupe scolaire Michelle Delacharlerie-Rolly 1,166.445998676866,-22.2013803961715,648,383,371,droite_nationale,Droite nationale,Droite nationale,#7a4a28,5,7,371,1.8867924528301887,TRUE,510,Dumbéa/mer Ouest
Province Sud,2026,Dumbéa,0017,Groupe scolaire Michelle Delacharlerie-Rolly 2,166.445999,-22.20138,778,402,394,droite_nationale,Droite nationale,Droite nationale,#7a4a28,5,12,394,3.045685279187817,TRUE,NA,NA
Province Sud,2026,Dumbéa,0018,Groupe scolaire Renée Fong 1,166.44418672502,-22.192372203396,840,601,590,droite_nationale,Droite nationale,Droite nationale,#7a4a28,5,12,590,2.0338983050847457,TRUE,511,Dumbea/mer Est - Plaine Adam
Province Sud,2026,Dumbéa,0019,Groupe scolaire Renée Fong 2,166.444187,-22.192372,1223,724,712,droite_nationale,Droite nationale,Droite nationale,#7a4a28,5,11,712,1.5449438202247192,TRUE,NA,NA
Province Sud,2026,Dumbéa,0020,Mairie du Nord 1,166.457501065839,-22.1675460417822,714,491,484,droite_nationale,Droite nationale,Droite nationale,#7a4a28,5,20,484,4.132231404958677,TRUE,512,Plaine de Koé
Province Sud,2026,Dumbéa,0021,Mairie du Nord 2,166.457501065839,-22.1675460417822,652,493,486,droite_nationale,Droite nationale,Droite nationale,#7a4a28,5,24,486,4.938271604938271,TRUE,512,Plaine de Koé
Province Sud,2026,Dumbéa,0022,Mairie du Nord 3,166.457501,-22.167546,715,433,421,droite_nationale,Droite nationale,Droite nationale,#7a4a28,5,16,421,3.8004750593824226,TRUE,NA,NA
Province Sud,2026,Dumbéa,0023,Ecole primaire Paul Duboisé 1,166.434846490836,-22.1399347171588,905,645,635,droite_nationale,Droite nationale,Droite nationale,#7a4a28,5,12,635,1.889763779527559,TRUE,515,Katiramona Sud
Province Sud,2026,Dumbéa,0024,Ecole primaire Paul Duboisé 2,166.434846,-22.139935,827,512,489,droite_nationale,Droite nationale,Droite nationale,#7a4a28,5,10,489,2.044989775051125,TRUE,NA,NA
Province Sud,2026,Dumbéa,0025,Ecole maternelle les Colibris,166.436047169124,-22.1394710088392,802,516,508,droite_nationale,Droite nationale,Droite nationale,#7a4a28,5,23,508,4.52755905511811,TRUE,515,Katiramona Sud
Province Sud,2026,Dumbéa,0026,Groupe scolaire Frédéric-Louis Dorbritz 1,166.437530865088,-22.1944939226253,629,494,490,droite_nationale,Droite nationale,Droite nationale,#7a4a28,5,24,490,4.8979591836734695,TRUE,510,Dumbéa/mer Ouest
Province Sud,2026,Farino,0001,Mairie,165.77595416144513,-21.666848976720875,635,500,481,droite_nationale,Droite nationale,Droite nationale,#7a4a28,5,18,481,3.7422037422037424,TRUE,601,Farino
Province Sud,2026,Ile des Pins,0001,Mairie 1,167.495819,-22.66517,1030,586,583,droite_nationale,Droite nationale,Droite nationale,#7a4a28,5,7,583,1.2006861063464838,TRUE,901,Vao
Province Sud,2026,Ile des Pins,0002,Batiment Communal Point 1,167.495819,-22.66517,825,502,499,droite_nationale,Droite nationale,Droite nationale,#7a4a28,5,9,499,1.8036072144288577,TRUE,901,Vao
Province Sud,2026,La Foa,0001,Centre Socio-Culturel 1,165.82495689060195,-21.708500844468237,866,618,609,droite_nationale,Droite nationale,Droite nationale,#7a4a28,5,20,609,3.284072249589491,TRUE,1301,La Foa village
Province Sud,2026,La Foa,0002,Centre Socio Culturel 2,165.82495689060195,-21.708500844468237,775,587,577,droite_nationale,Droite nationale,Droite nationale,#7a4a28,5,12,577,2.079722703639515,TRUE,1301,La Foa village
Province Sud,2026,La Foa,0003,Centre Socio-Culturel 3,165.82495689060195,-21.708500844468237,767,583,575,droite_nationale,Droite nationale,Droite nationale,#7a4a28,5,9,575,1.565217391304348,TRUE,1301,La Foa village
Province Sud,2026,La Foa,0004,Centre Socio-Culturel 4,165.82495689060195,-21.708500844468237,753,544,530,droite_nationale,Droite nationale,Droite nationale,#7a4a28,5,13,530,2.452830188679245,TRUE,1301,La Foa village
Province Sud,2026,Moindou,0001,Mairie,165.67695619871748,-21.69271000327087,819,614,604,droite_nationale,Droite nationale,Droite nationale,#7a4a28,5,3,604,0.4966887417218543,TRUE,1601,Moindou
Province Sud,2026,Mont-Dore,0001,Mairie de BOULARI,166.523722376157,-22.2317078297453,830,509,498,droite_nationale,Droite nationale,Droite nationale,#7a4a28,5,11,498,2.208835341365462,TRUE,NA,NA
Province Sud,2026,Mont-Dore,0002,Groupe scolaire Hélène CHANEL,166.485528594387,-22.2217711398288,575,399,389,droite_nationale,Droite nationale,Droite nationale,#7a4a28,5,12,389,3.0848329048843186,TRUE,1703,Pont des Fran‡ais
Province Sud,2026,Mont-Dore,0003,Ecole primaire Adolphe BOUTAN,166.841440737558,-22.4256696418669,801,617,600,droite_nationale,Droite nationale,Droite nationale,#7a4a28,5,23,600,3.8333333333333335,TRUE,1715,Mouirange - Grand Sud - Ile Ouen
Province Sud,2026,Mont-Dore,0004,Ecole primaire Louis Henri GALINE 1,166.512755378687,-22.2163077194956,828,568,546,droite_nationale,Droite nationale,Droite nationale,#7a4a28,5,13,546,2.380952380952381,TRUE,1705,Robinson Nord
Province Sud,2026,Mont-Dore,0005,Ecole La Rizière 1,166.573975497183,-22.2332233282141,1112,686,662,droite_nationale,Droite nationale,Droite nationale,#7a4a28,5,1,662,0.1510574018126888,TRUE,1710,La Coulée Nord
Province Sud,2026,Mont-Dore,0006,Ecole primaire du Vallon-Dore,166.571853310489,-22.2757480668132,807,545,524,droite_nationale,Droite nationale,Droite nationale,#7a4a28,5,14,524,2.6717557251908395,TRUE,1712,Vallon Dore
Province Sud,2026,Mont-Dore,0007,Groupe scolaire de Plum,166.640486,-22.277131,720,440,432,droite_nationale,Droite nationale,Droite nationale,#7a4a28,5,20,432,4.62962962962963,TRUE,NA,NA
Province Sud,2026,Mont-Dore,0008,Groupe scolaire de Boulari 1,166.520855451452,-22.2274992832452,871,612,600,droite_nationale,Droite nationale,Droite nationale,#7a4a28,5,16,600,2.6666666666666665,TRUE,1707,Boulari
Province Sud,2026,Mont-Dore,0009,Mairie Annexe De Plum 1,166.623268718041,-22.2730906933136,988,542,510,droite_nationale,Droite nationale,Droite nationale,#7a4a28,5,13,510,2.549019607843137,TRUE,1714,Plum
Province Sud,2026,Mont-Dore,0010,Ecole La Rizière 2,166.573975497183,-22.2332233282141,952,558,538,droite_nationale,Droite nationale,Droite nationale,#7a4a28,5,8,538,1.486988847583643,TRUE,1710,La Coulée Nord
Province Sud,2026,Mont-Dore,0011,Groupe scolaire de Boulari 2,166.520855451452,-22.2274992832452,709,516,507,droite_nationale,Droite nationale,Droite nationale,#7a4a28,5,20,507,3.9447731755424065,TRUE,1707,Boulari
Province Sud,2026,Mont-Dore,0012,Groupe scolaire de Saint-Michel 1,166.529983,-22.224807,757,476,459,droite_nationale,Droite nationale,Droite nationale,#7a4a28,5,8,459,1.7429193899782136,TRUE,NA,NA
Province Sud,2026,Mont-Dore,0013,Ecole maternelle Les Fougères,166.841440737558,-22.4256696418669,486,312,305,droite_nationale,Droite nationale,Droite nationale,#7a4a28,5,1,305,0.32786885245901637,TRUE,1715,Mouirange - Grand Sud - Ile Ouen
Province Sud,2026,Mont-Dore,0014,Ecole maternelle les Dauphins,166.57252708408,-22.2768294716869,866,620,604,droite_nationale,Droite nationale,Droite nationale,#7a4a28,5,15,604,2.4834437086092715,TRUE,1712,Vallon Dore
Province Sud,2026,Mont-Dore,0015,Ecole Maternelle Les Coccinelles,166.56758162382,-22.2502864537601,1187,756,724,droite_nationale,Droite nationale,Droite nationale,#7a4a28,5,21,724,2.9005524861878453,TRUE,1711,La Coulée Sud
Province Sud,2026,Mont-Dore,0016,Ecole Saint-Joseph de CLUNY,166.499920601202,-22.2239776205159,1024,717,702,droite_nationale,Droite nationale,Droite nationale,#7a4a28,5,4,702,0.5698005698005698,TRUE,1704,La Conception
Province Sud,2026,Mont-Dore,0017,Ecole primaire Louis Henri GALINE 2,166.512755378687,-22.2163077194956,842,557,539,droite_nationale,Droite nationale,Droite nationale,#7a4a28,5,13,539,2.411873840445269,TRUE,1705,Robinson Nord
Province Sud,2026,Mont-Dore,0018,Groupe scolaire Boulari 3,166.520855451452,-22.2274992832452,923,616,606,droite_nationale,Droite nationale,Droite nationale,#7a4a28,5,18,606,2.9702970297029703,TRUE,1707,Boulari
Province Sud,2026,Mont-Dore,0019,Groupe scolaire Saint-Michel 2,166.529983,-22.224807,613,413,392,droite_nationale,Droite nationale,Droite nationale,#7a4a28,5,11,392,2.806122448979592,TRUE,NA,NA
Province Sud,2026,Mont-Dore,0020,Ecole La Rizière 3,166.57398,-22.23322,625,346,329,droite_nationale,Droite nationale,Droite nationale,#7a4a28,5,7,329,2.127659574468085,TRUE,NA,NA
Province Sud,2026,Mont-Dore,0021,Ecole de La Briqueterie 1,166.56645,-22.26251,760,468,449,droite_nationale,Droite nationale,Droite nationale,#7a4a28,5,4,449,0.89086859688196,TRUE,NA,NA
Province Sud,2026,Mont-Dore,0022,Ecole de La Briqueterie 2,166.566445622614,-22.2625090934915,665,430,417,droite_nationale,Droite nationale,Droite nationale,#7a4a28,5,8,417,1.9184652278177459,TRUE,1712,Vallon Dore
Province Sud,2026,Mont-Dore,0023,Mairie 2,166.52326,-22.22975,517,330,320,droite_nationale,Droite nationale,Droite nationale,#7a4a28,5,12,320,3.75,TRUE,NA,NA
Province Sud,2026,Mont-Dore,0024,Groupe scolaire de Yahoué,166.490039,-22.208543,783,492,485,droite_nationale,Droite nationale,Droite nationale,#7a4a28,5,7,485,1.443298969072165,TRUE,NA,NA
Province Sud,2026,Nouméa,0001,Mairie 1,166.439401925184,-22.2714056104229,630,383,380,droite_nationale,Droite nationale,Droite nationale,#7a4a28,5,12,380,3.1578947368421053,TRUE,1822,Centre ville
Province Sud,2026,Nouméa,0002,Mairie 2,166.439401925184,-22.2714056104229,1192,545,539,droite_nationale,Droite nationale,Droite nationale,#7a4a28,5,24,539,4.452690166975882,TRUE,1822,Centre ville
Province Sud,2026,Nouméa,0003,Ecole Frédéric Surleau,166.446180272936,-22.2732842135737,756,504,499,droite_nationale,Droite nationale,Droite nationale,#7a4a28,5,15,499,3.006012024048096,TRUE,1822,Centre ville
Province Sud,2026,Nouméa,0004,Ecole Marguerite Lefrançois,166.446044574066,-22.2859909097298,737,566,562,droite_nationale,Droite nationale,Droite nationale,#7a4a28,5,8,562,1.4234875444839858,TRUE,1809,Orphelinat
Province Sud,2026,Nouméa,0005,Ecole Yvonne Dupont 1,166.442173657352,-22.2926748814035,706,558,555,droite_nationale,Droite nationale,Droite nationale,#7a4a28,5,20,555,3.6036036036036037,TRUE,1806,Motor Pool - Receiving
Province Sud,2026,Nouméa,0006,Ecole Eloi Franc 1,166.447826467842,-22.2974281428095,913,674,662,droite_nationale,Droite nationale,Droite nationale,#7a4a28,5,14,662,2.1148036253776437,TRUE,1803,Anse Vata Est
Province Sud,2026,Nouméa,0007,Ecole Eloi Franc 2,166.447826467842,-22.2974281428095,772,576,570,droite_nationale,Droite nationale,Droite nationale,#7a4a28,5,6,570,1.0526315789473684,TRUE,1803,Anse Vata Est
Province Sud,2026,Nouméa,0008,Ecole Fernande Leriche 1,166.448431376266,-22.2984740950672,705,540,538,droite_nationale,Droite nationale,Droite nationale,#7a4a28,5,10,538,1.858736059479554,TRUE,1803,Anse Vata Est
Province Sud,2026,Nouméa,0009,Ecole Fernande Leriche 2,166.448431376266,-22.2984740950672,812,615,612,droite_nationale,Droite nationale,Droite nationale,#7a4a28,5,16,612,2.6143790849673203,TRUE,1803,Anse Vata Est
Province Sud,2026,Nouméa,0010,Ecole Jean Mermoud 1,166.454827725543,-22.2956844604928,806,628,622,droite_nationale,Droite nationale,Droite nationale,#7a4a28,5,12,622,1.9292604501607717,TRUE,1807,N'Géa
Province Sud,2026,Nouméa,0011,Ecole Jean Mermoud 2,166.454827725543,-22.2956844604928,965,819,813,droite_nationale,Droite nationale,Droite nationale,#7a4a28,5,11,813,1.3530135301353015,TRUE,1807,N'Géa
Province Sud,2026,Nouméa,0012,Ecole Ernest Risbec 1,166.451704940929,-22.2838445188063,851,619,615,droite_nationale,Droite nationale,Droite nationale,#7a4a28,5,16,615,2.6016260162601625,TRUE,1808,Trianon
Province Sud,2026,Nouméa,0013,Ecole Ernest Risbec 2,166.451704940929,-22.2838445188063,798,584,577,droite_nationale,Droite nationale,Droite nationale,#7a4a28,5,8,577,1.3864818024263432,TRUE,1808,Trianon
Province Sud,2026,Nouméa,0014,Ecole Paul Boyer 1,166.452482969153,-22.2781620536236,706,472,469,droite_nationale,Droite nationale,Droite nationale,#7a4a28,5,15,469,3.1982942430703623,TRUE,1811,Faubourg Blanchot
Province Sud,2026,Nouméa,0015,Ecole Les Capucines,166.457228804171,-22.2753677119578,761,571,566,droite_nationale,Droite nationale,Droite nationale,#7a4a28,5,17,566,3.0035335689045937,TRUE,1813,Vallée des Colons Sud Ouest
Province Sud,2026,Nouméa,0016,Ecole Candide Koch 1,166.456450040223,-22.2745660873879,811,574,568,droite_nationale,Droite nationale,Droite nationale,#7a4a28,5,17,568,2.992957746478873,TRUE,1813,Vallée des Colons Sud Ouest
Province Sud,2026,Nouméa,0017,Ecole Candide Koch 2,166.456450040223,-22.2745660873879,884,677,667,droite_nationale,Droite nationale,Droite nationale,#7a4a28,5,13,667,1.949025487256372,TRUE,1813,Vallée des Colons Sud Ouest
Province Sud,2026,Nouméa,0018,Ecole Suzanne Russier 1,166.446654,-22.269689,774,544,534,droite_nationale,Droite nationale,Droite nationale,#7a4a28,5,15,534,2.808988764044944,TRUE,NA,NA
Province Sud,2026,Nouméa,0019,Ecole Suzanne Russier 2,166.446654,-22.269689,887,597,589,droite_nationale,Droite nationale,Droite nationale,#7a4a28,5,22,589,3.735144312393888,TRUE,NA,NA
Province Sud,2026,Nouméa,0020,Ecole Antoinette Charbonneaux,166.46666463723,-22.273716213111,766,606,602,droite_nationale,Droite nationale,Droite nationale,#7a4a28,5,20,602,3.3222591362126246,TRUE,1816,Magenta Tours
Province Sud,2026,Nouméa,0021,Ecole Marie Havet 1,166.471138313555,-22.2828880563017,896,674,667,droite_nationale,Droite nationale,Droite nationale,#7a4a28,5,11,667,1.6491754122938531,TRUE,1818,Ouémo
Province Sud,2026,Nouméa,0022,Ecole Marie Havet 2,166.471138313555,-22.2828880563017,944,710,702,droite_nationale,Droite nationale,Droite nationale,#7a4a28,5,13,702,1.8518518518518519,TRUE,1818,Ouémo
Province Sud,2026,Nouméa,0023,Ecole Chistine Boletti 1,166.465990390657,-22.2661773380247,902,657,649,droite_nationale,Droite nationale,Droite nationale,#7a4a28,5,19,649,2.9275808936825887,TRUE,1827,Aérodrome Sud
Province Sud,2026,Nouméa,0024,Ecole Chistine Boletti 2,166.465990390657,-22.2661773380247,1070,582,573,droite_nationale,Droite nationale,Droite nationale,#7a4a28,5,15,573,2.6178010471204187,TRUE,1827,Aérodrome Sud
Province Sud,2026,Nouméa,0025,Ecole Michel Cacot 1,166.463652223431,-22.2662199324801,969,720,712,droite_nationale,Droite nationale,Droite nationale,#7a4a28,5,21,712,2.949438202247191,TRUE,1826,Portes de Fer - Sud
Province Sud,2026,Nouméa,0026,Ecole Michel Cacot 2,166.463652223431,-22.2662199324801,872,648,635,droite_nationale,Droite nationale,Droite nationale,#7a4a28,5,12,635,1.889763779527559,TRUE,1826,Portes de Fer - Sud
Province Sud,2026,Nouméa,0027,Ecole C. T. de Laubarède,166.445705500987,-22.2640017751327,997,528,522,droite_nationale,Droite nationale,Droite nationale,#7a4a28,5,14,522,2.681992337164751,TRUE,1824,Vallée du Tir
Province Sud,2026,Nouméa,0028,Ecole Gustave Mouchet 1,166.454414703061,-22.2504501881193,1075,532,521,droite_nationale,Droite nationale,Droite nationale,#7a4a28,5,5,521,0.9596928982725528,TRUE,1828,Portes de Fer - Nord
Province Sud,2026,Nouméa,0029,Ecole Gustave Mouchet 2,166.454414703061,-22.2504501881193,959,454,446,droite_nationale,Droite nationale,Droite nationale,#7a4a28,5,9,446,2.0179372197309418,TRUE,1828,Portes de Fer - Nord
Province Sud,2026,Nouméa,0030,Ecole Mathilde Broquet 1,166.467549840387,-22.256293239868,1165,730,710,droite_nationale,Droite nationale,Droite nationale,#7a4a28,5,13,710,1.8309859154929577,TRUE,1827,Aérodrome Sud
Province Sud,2026,Nouméa,0031,Ecole Marie Courtot 1,166.470464378859,-22.2425220070829,1250,798,775,droite_nationale,Droite nationale,Droite nationale,#7a4a28,5,17,775,2.193548387096774,TRUE,1834,PK 6 Nord
Province Sud,2026,Nouméa,0032,Ecole Marie Courtot 2,166.470464378859,-22.2425220070829,880,687,680,droite_nationale,Droite nationale,Droite nationale,#7a4a28,5,18,680,2.6470588235294117,TRUE,1834,PK 6 Nord
Province Sud,2026,Nouméa,0033,Ecole Robert Burck,166.463601949873,-22.2382604330193,960,595,585,droite_nationale,Droite nationale,Droite nationale,#7a4a28,5,11,585,1.8803418803418803,TRUE,1833,Riviére Salée Sud
Province Sud,2026,Nouméa,0034,Ecole Les Roses,166.464696,-22.23767,909,576,561,droite_nationale,Droite nationale,Droite nationale,#7a4a28,5,9,561,1.6042780748663101,TRUE,NA,NA
Province Sud,2026,Nouméa,0035,Ecole Les Oeillets,166.468679,-22.230344,894,589,580,droite_nationale,Droite nationale,Droite nationale,#7a4a28,5,10,580,1.7241379310344827,TRUE,NA,NA
Province Sud,2026,Nouméa,0036,Ecole Jacques Trouillot,166.471000599479,-22.2283599819501,871,576,560,droite_nationale,Droite nationale,Droite nationale,#7a4a28,5,14,560,2.5,TRUE,1838,Riviére Salée Nord Est
Province Sud,2026,Nouméa,0037,Ecole Les Hibiscus 1,166.475456,-22.232258,1378,685,668,droite_nationale,Droite nationale,Droite nationale,#7a4a28,5,8,668,1.1976047904191616,TRUE,NA,NA
Province Sud,2026,Nouméa,0038,Ecole Les Hibiscus 2,166.475456,-22.232258,1110,726,716,droite_nationale,Droite nationale,Droite nationale,#7a4a28,5,18,716,2.5139664804469275,TRUE,NA,NA
Province Sud,2026,Nouméa,0039,Ecole Adrienne Lomont 1,166.484157216578,-22.2206462260252,705,391,384,droite_nationale,Droite nationale,Droite nationale,#7a4a28,5,14,384,3.6458333333333335,TRUE,1840,Normandie Nord
Province Sud,2026,Nouméa,0040,Ecole Adrienne Lomont 2,166.484157216578,-22.2206462260252,1463,891,874,droite_nationale,Droite nationale,Droite nationale,#7a4a28,5,19,874,2.1739130434782608,TRUE,1840,Normandie Nord
Province Sud,2026,Nouméa,0041,Ecole Gustave Lods 1,166.435430928496,-22.2381371662114,1068,607,580,droite_nationale,Droite nationale,Droite nationale,#7a4a28,5,13,580,2.2413793103448274,TRUE,1843,Logicoop
Province Sud,2026,Nouméa,0042,Ecole Gustave Lods 2,166.435430928496,-22.2381371662114,1257,714,691,droite_nationale,Droite nationale,Droite nationale,#7a4a28,5,8,691,1.1577424023154848,TRUE,1843,Logicoop
Province Sud,2026,Nouméa,0043,Ecole Daniel Talon,166.429735177846,-22.2343498153878,1848,1048,1009,droite_nationale,Droite nationale,Droite nationale,#7a4a28,5,25,1009,2.4777006937561943,TRUE,1843,Logicoop
Province Sud,2026,Nouméa,0044,Ecole Maurice Fonrobert,166.42901,-22.231823,1058,575,566,droite_nationale,Droite nationale,Droite nationale,#7a4a28,5,7,566,1.2367491166077738,TRUE,NA,NA
Province Sud,2026,Nouméa,0045,Ecole Mathilde Broquet 2,166.467549840387,-22.256293239868,1338,874,866,droite_nationale,Droite nationale,Droite nationale,#7a4a28,5,19,866,2.1939953810623556,TRUE,1827,Aérodrome Sud
Province Sud,2026,Nouméa,0046,Ecole Yvonne Dupont 2,166.442173657352,-22.2926748814035,585,454,453,droite_nationale,Droite nationale,Droite nationale,#7a4a28,5,11,453,2.4282560706401766,TRUE,1806,Motor Pool - Receiving
Province Sud,2026,Nouméa,0047,Ecole Paul Boyer 2,166.452482969153,-22.2781620536236,706,532,530,droite_nationale,Droite nationale,Droite nationale,#7a4a28,5,10,530,1.8867924528301887,TRUE,1811,Faubourg Blanchot
Province Sud,2026,Nouméa,0048,Ecole Marguerite Arsapin,166.462764,-22.228627,925,536,521,droite_nationale,Droite nationale,Droite nationale,#7a4a28,5,7,521,1.3435700575815739,TRUE,NA,NA
Province Sud,2026,Nouméa,0049,Ecole Les Pervenches,166.463935144665,-22.2575766179093,896,648,639,droite_nationale,Droite nationale,Droite nationale,#7a4a28,5,16,639,2.503912363067293,TRUE,1826,Portes de Fer - Sud
Province Sud,2026,Nouméa,0050,Ecole Albert Perraud,166.467888234029,-22.2619636836771,1545,793,776,droite_nationale,Droite nationale,Droite nationale,#7a4a28,5,20,776,2.577319587628866,TRUE,1827,Aérodrome Sud
Province Sud,2026,Nouméa,0051,Ecole Michel Amiot,166.468616034294,-22.2680303864914,1032,752,741,droite_nationale,Droite nationale,Droite nationale,#7a4a28,5,18,741,2.42914979757085,TRUE,1817,Magenta Est
Province Sud,2026,Nouméa,0052,Ecole Charles Bichon,166.443767790723,-22.2808132680625,679,471,463,droite_nationale,Droite nationale,Droite nationale,#7a4a28,5,7,463,1.511879049676026,TRUE,1809,Orphelinat
Province Sud,2026,Nouméa,0053,Ecole Les Lys,166.443135087106,-22.2929071476207,777,613,603,droite_nationale,Droite nationale,Droite nationale,#7a4a28,5,14,603,2.3217247097844114,TRUE,1806,Motor Pool - Receiving
Province Sud,2026,Nouméa,0054,Ecole Le petit poucet,166.446452105063,-22.2638462676659,1023,635,619,droite_nationale,Droite nationale,Droite nationale,#7a4a28,5,14,619,2.261712439418417,TRUE,1824,Vallée du Tir
Province Sud,2026,Nouméa,0055,Ecole Serge Laigle,166.486016745804,-22.2343408388225,1071,853,847,droite_nationale,Droite nationale,Droite nationale,#7a4a28,5,27,847,3.187721369539551,TRUE,1835,Tina
Province Sud,2026,Nouméa,0056,Ecole Guy Champmoreau,166.452313565802,-22.2892161943525,1306,817,808,droite_nationale,Droite nationale,Droite nationale,#7a4a28,5,14,808,1.7326732673267327,TRUE,1807,N'Géa
Province Sud,2026,Nouméa,0057,Mairie 3,166.439401925184,-22.2714056104229,62,3,3,droite_nationale,Droite nationale,Droite nationale,#7a4a28,5,2,3,66.66666666666667,TRUE,1822,Centre ville
Province Sud,2026,Païta,0001,Arène du sud 1,166.367971,-22.141531,654,360,352,droite_nationale,Droite nationale,Droite nationale,#7a4a28,5,8,352,2.272727272727273,TRUE,NA,NA
Province Sud,2026,Païta,0002,Arène du sud 2,166.367971,-22.141531,750,499,496,droite_nationale,Droite nationale,Droite nationale,#7a4a28,5,5,496,1.0080645161290323,TRUE,NA,NA
Province Sud,2026,Païta,0003,Ecole Robert ABEL 1,166.379189,-22.138498,754,484,475,droite_nationale,Droite nationale,Droite nationale,#7a4a28,5,13,475,2.736842105263158,TRUE,NA,NA
Province Sud,2026,Païta,0004,Dock socio-culturel 1,166.366370328351,-22.1294955354086,766,530,518,droite_nationale,Droite nationale,Droite nationale,#7a4a28,5,16,518,3.088803088803089,TRUE,2101,Paita centre
Province Sud,2026,Païta,0005,ecole Patrice JEAN 1,166.342408,-22.120368,829,556,537,droite_nationale,Droite nationale,Droite nationale,#7a4a28,5,10,537,1.86219739292365,TRUE,NA,NA
Province Sud,2026,Païta,0006,Mairie,166.361658608639,-22.1291986951984,828,551,544,droite_nationale,Droite nationale,Droite nationale,#7a4a28,5,5,544,0.9191176470588235,TRUE,2101,Paita centre
Province Sud,2026,Païta,0007,Ecole Patrice JEAN 2,166.342408,-22.120368,830,528,517,droite_nationale,Droite nationale,Droite nationale,#7a4a28,5,9,517,1.7408123791102514,TRUE,NA,NA
Province Sud,2026,Païta,0008,Ecole Patrice JEAN 3,166.342408,-22.120368,866,572,558,droite_nationale,Droite nationale,Droite nationale,#7a4a28,5,10,558,1.7921146953405018,TRUE,NA,NA
Province Sud,2026,Païta,0009,Dock socio-culturel 2,166.36637,-22.1295,840,483,470,droite_nationale,Droite nationale,Droite nationale,#7a4a28,5,7,470,1.4893617021276595,TRUE,NA,NA
Province Sud,2026,Païta,0010,Dock socio-culturel 3,166.36637,-22.1295,939,555,539,droite_nationale,Droite nationale,Droite nationale,#7a4a28,5,9,539,1.6697588126159555,TRUE,NA,NA
Province Sud,2026,Païta,0011,Dock socio-culturel 4,166.36637,-22.1295,817,568,558,droite_nationale,Droite nationale,Droite nationale,#7a4a28,5,18,558,3.225806451612903,TRUE,NA,NA
Province Sud,2026,Païta,0012,Dock socio-culturel 5,166.36637,-22.1295,703,493,482,droite_nationale,Droite nationale,Droite nationale,#7a4a28,5,21,482,4.356846473029045,TRUE,NA,NA
Province Sud,2026,Païta,0013,Ecole Henri Martinet 1,166.22357,-22.011002,715,447,430,droite_nationale,Droite nationale,Droite nationale,#7a4a28,5,12,430,2.7906976744186047,TRUE,NA,NA
Province Sud,2026,Païta,0014,Ecole Henri Martinet 2,166.22357,-22.011002,592,400,393,droite_nationale,Droite nationale,Droite nationale,#7a4a28,5,4,393,1.0178117048346056,TRUE,NA,NA
Province Sud,2026,Païta,0015,Ecole Henri Martinet 3,166.22357,-22.011002,667,423,414,droite_nationale,Droite nationale,Droite nationale,#7a4a28,5,18,414,4.3478260869565215,TRUE,NA,NA
Province Sud,2026,Païta,0016,Ecole Robert ABEL 2,166.379189029935,-22.1384982889128,598,473,466,droite_nationale,Droite nationale,Droite nationale,#7a4a28,5,8,466,1.7167381974248928,TRUE,2103,Nogouta-Les 3 Vallées
Province Sud,2026,Païta,0017,Ecole Robert ABEL 3,166.379189029935,-22.1384982889128,993,668,657,droite_nationale,Droite nationale,Droite nationale,#7a4a28,5,9,657,1.36986301369863,TRUE,2103,Nogouta-Les 3 Vallées
Province Sud,2026,Païta,0018,Ecole Patrice JEAN 4,166.342408,-22.120368,1052,689,673,droite_nationale,Droite nationale,Droite nationale,#7a4a28,5,17,673,2.526002971768202,TRUE,NA,NA
Province Sud,2026,Païta,0019,Ecole Henri Martinet 4,166.22357,-22.011002,562,381,370,droite_nationale,Droite nationale,Droite nationale,#7a4a28,5,17,370,4.594594594594595,TRUE,NA,NA
Province Sud,2026,Poya Sud,0005,Maison commune de Moindah,165.2454695470807,-21.4084575263513,202,163,162,droite_nationale,Droite nationale,Droite nationale,#7a4a28,5,7,162,4.320987654320987,TRUE,2706,Poya Sud
Province Sud,2026,Sarraméa,0001,Mairie,165.85386596919105,-21.642344787633757,533,364,356,droite_nationale,Droite nationale,Droite nationale,#7a4a28,5,5,356,1.404494382022472,TRUE,2801,Sarraméa
Province Sud,2026,Thio,0001,Mairie,166.21553174553168,-21.610374938390603,870,574,564,droite_nationale,Droite nationale,Droite nationale,#7a4a28,5,3,564,0.5319148936170213,TRUE,2901,Thio village
Province Sud,2026,Thio,0002,Mairie (annexe),166.21553174553168,-21.610374938390603,615,374,373,droite_nationale,Droite nationale,Droite nationale,#7a4a28,5,1,373,0.2680965147453083,TRUE,2901,Thio village
Province Sud,2026,Thio,0003,Grand Borendy,166.45075740277505,-21.738718340168145,312,194,191,droite_nationale,Droite nationale,Droite nationale,#7a4a28,5,0,191,0,TRUE,2902,Ouindo Borendy
Province Sud,2026,Thio,0004,Saint-Pierre,166.14983539215794,-21.67410856554519,481,289,287,droite_nationale,Droite nationale,Droite nationale,#7a4a28,5,0,287,0,TRUE,2902,Ouindo Borendy
Province Sud,2026,Yaté,0001,Mairie,166.94326054599946,-22.16058963447543,303,211,209,droite_nationale,Droite nationale,Droite nationale,#7a4a28,5,0,209,0,TRUE,3201,Waho Touaourou Goro
Province Sud,2026,Yaté,0002,Mairie (Waho central),166.94326,-22.16058,484,347,347,droite_nationale,Droite nationale,Droite nationale,#7a4a28,5,0,347,0,TRUE,NA,NA
Province Sud,2026,Yaté,0003,Goro,167.0163659290303,-22.286011229502463,242,165,165,droite_nationale,Droite nationale,Droite nationale,#7a4a28,5,0,165,0,TRUE,3201,Waho Touaourou Goro
Province Sud,2026,Yaté,0004,Unia,166.89998901288348,-22.06107261844911,793,585,581,droite_nationale,Droite nationale,Droite nationale,#7a4a28,5,1,581,0.1721170395869191,TRUE,3202,Unia Ouinné
Province Sud,2019,Boulouparis,0001,Mairie,166.047711423762,-21.8654175541592,1514,1017,990,participation,Participation,Participation,#d18b24,6,1017,1514,67.17305151915455,TRUE,201,Boulouparis village
Province Sud,2019,Boulouparis,0002,Centre Culturel,166.049037015845,-21.8654352350015,1145,818,804,participation,Participation,Participation,#d18b24,6,818,1145,71.4410480349345,TRUE,201,Boulouparis village
Province Sud,2019,Bourail,0001,Mairie,165.497503614793,-21.5680444203004,604,425,418,participation,Participation,Participation,#d18b24,6,425,604,70.36423841059603,TRUE,301,Bourail village
Province Sud,2019,Bourail,0002,Pothé,165.491900847299,-21.4547330481005,801,456,443,participation,Participation,Participation,#d18b24,6,456,801,56.92883895131086,TRUE,305,Ny
Province Sud,2019,Bourail,0003,Colisée,165.49385205691,-21.5656940047007,854,619,595,participation,Participation,Participation,#d18b24,6,619,854,72.48243559718969,TRUE,301,Bourail village
Province Sud,2019,Bourail,0004,Ecole Les Lys D'Eau,165.49748641875,-21.5730483252455,841,600,587,participation,Participation,Participation,#d18b24,6,600,841,71.3436385255648,TRUE,301,Bourail village
Province Sud,2019,Bourail,0005,Ecole Louise Michel,165.497379452405,-21.57045570157,849,586,562,participation,Participation,Participation,#d18b24,6,586,849,69.02237926972909,TRUE,301,Bourail village
Province Sud,2019,Dumbéa,0001,Hôtel de Ville 1,166.457501065839,-22.1675460417822,805,583,574,participation,Participation,Participation,#d18b24,6,583,805,72.4223602484472,TRUE,512,Plaine de Koé
Province Sud,2019,Dumbéa,0002,Hôtel de Ville 2,166.457501065839,-22.1675460417822,646,424,412,participation,Participation,Participation,#d18b24,6,424,646,65.63467492260062,TRUE,512,Plaine de Koé
Province Sud,2019,Dumbéa,0003,Hôtel de Ville 3,166.457501065839,-22.1675460417822,692,462,443,participation,Participation,Participation,#d18b24,6,462,692,66.76300578034682,TRUE,512,Plaine de Koé
Province Sud,2019,Dumbéa,0004,Ecole primaire Mainguet 1,166.474584305922,-22.2148395317313,734,484,468,participation,Participation,Participation,#d18b24,6,484,734,65.9400544959128,TRUE,501,Coeur de ville urbain
Province Sud,2019,Dumbéa,0005,Ecole primaire Mainguet 2,166.474584305922,-22.2148395317313,600,353,335,participation,Participation,Participation,#d18b24,6,353,600,58.833333333333336,TRUE,501,Coeur de ville urbain
Province Sud,2019,Dumbéa,0006,Maison de la Jeunesse 1,166.474913290828,-22.2056811434969,741,540,519,participation,Participation,Participation,#d18b24,6,540,741,72.8744939271255,TRUE,507,Jacarandas II
Province Sud,2019,Dumbéa,0007,Maison de la Jeunesse 2,166.474913290828,-22.2056811434969,709,492,479,participation,Participation,Participation,#d18b24,6,492,709,69.3935119887165,TRUE,507,Jacarandas II
Province Sud,2019,Dumbéa,0008,Centre Culturel de Dumbéa 1,166.474126141924,-22.2081759337081,761,507,494,participation,Participation,Participation,#d18b24,6,507,761,66.62286465177398,TRUE,503,Koutio Secal
Province Sud,2019,Dumbéa,0009,Centre Culturel de Dumbéa 2,166.474126141924,-22.2081759337081,784,543,515,participation,Participation,Participation,#d18b24,6,543,784,69.26020408163265,TRUE,503,Koutio Secal
Province Sud,2019,Dumbéa,0010,Centre Culturel de Dumbéa 3,166.474126141924,-22.2081759337081,630,441,423,participation,Participation,Participation,#d18b24,6,441,630,70,TRUE,503,Koutio Secal
Province Sud,2019,Dumbéa,0011,Ecole primaire Gustave Clain 1,166.460870510376,-22.2089353285944,699,479,463,participation,Participation,Participation,#d18b24,6,479,699,68.52646638054364,TRUE,504,Koutio érudits
Province Sud,2019,Dumbéa,0012,Ecole primaire Gustave Clain 2,166.460870510376,-22.2089353285944,625,428,413,participation,Participation,Participation,#d18b24,6,428,625,68.48,TRUE,504,Koutio érudits
Province Sud,2019,Dumbéa,0013,Ecole maternelle l'Oasis 1,166.461460951246,-22.2085634346196,679,502,488,participation,Participation,Participation,#d18b24,6,502,679,73.9322533136966,TRUE,504,Koutio érudits
Province Sud,2019,Dumbéa,0014,Ecole maternelle l'Oasis 2,166.461460951246,-22.2085634346196,634,451,429,participation,Participation,Participation,#d18b24,6,451,634,71.13564668769716,TRUE,504,Koutio érudits
Province Sud,2019,Dumbéa,0015,Groupe scolaire Michelle Delacharlerie-Rolly 1,166.445998676866,-22.2013803961715,425,336,327,participation,Participation,Participation,#d18b24,6,336,425,79.05882352941177,TRUE,510,Dumbéa/mer Ouest
Province Sud,2019,Dumbéa,0016,Groupe scolaire Michelle Delacharlerie-Rolly 2,166.445998676866,-22.2013803961715,496,336,321,participation,Participation,Participation,#d18b24,6,336,496,67.74193548387096,TRUE,510,Dumbéa/mer Ouest
Province Sud,2019,Dumbéa,0017,Groupe scolaire Renée Fong 1,166.44418672502,-22.192372203396,499,368,359,participation,Participation,Participation,#d18b24,6,368,499,73.74749498997996,TRUE,511,Dumbea/mer Est - Plaine Adam
Province Sud,2019,Dumbéa,0018,Groupe scolaire Renée Fong 2,166.44418672502,-22.192372203396,602,426,405,participation,Participation,Participation,#d18b24,6,426,602,70.7641196013289,TRUE,511,Dumbea/mer Est - Plaine Adam
Province Sud,2019,Dumbéa,0019,Mairie du Nord 1,166.457501065839,-22.1675460417822,638,447,437,participation,Participation,Participation,#d18b24,6,447,638,70.0626959247649,TRUE,512,Plaine de Koé
Province Sud,2019,Dumbéa,0020,Mairie du Nord 2,166.457501065839,-22.1675460417822,557,411,402,participation,Participation,Participation,#d18b24,6,411,557,73.78815080789946,TRUE,512,Plaine de Koé
Province Sud,2019,Dumbéa,0021,Mairie du Nord 3,166.457501065839,-22.1675460417822,594,403,394,participation,Participation,Participation,#d18b24,6,403,594,67.84511784511784,TRUE,512,Plaine de Koé
Province Sud,2019,Dumbéa,0022,Ecole primaire Paul Duboisé 1,166.434846490836,-22.1399347171588,767,550,536,participation,Participation,Participation,#d18b24,6,550,767,71.70795306388527,TRUE,515,Katiramona Sud
Province Sud,2019,Dumbéa,0023,Ecole primaire Paul Duboisé 2,166.434846490836,-22.1399347171588,734,504,484,participation,Participation,Participation,#d18b24,6,504,734,68.66485013623978,TRUE,515,Katiramona Sud
Province Sud,2019,Dumbéa,0024,Ecole maternelle les Colibris,166.436047169124,-22.1394710088392,736,513,492,participation,Participation,Participation,#d18b24,6,513,736,69.70108695652173,TRUE,515,Katiramona Sud
Province Sud,2019,Farino,0001,Mairie,165.77595416144513,-21.666848976720875,568,471,454,participation,Participation,Participation,#d18b24,6,471,568,82.9225352112676,TRUE,601,Farino
Province Sud,2019,Ile des Pins,0001,Mairie 1,167.495819,-22.66517,971,604,596,participation,Participation,Participation,#d18b24,6,604,971,62.20391349124614,TRUE,901,Vao
Province Sud,2019,Ile des Pins,0002,Batiment Communal Point 1,167.495819,-22.66517,741,498,493,participation,Participation,Participation,#d18b24,6,498,741,67.20647773279352,TRUE,901,Vao
Province Sud,2019,La Foa,0001,Centre Socio-Culturel 1,165.82495689060195,-21.708500844468237,865,646,624,participation,Participation,Participation,#d18b24,6,646,865,74.6820809248555,TRUE,1301,La Foa village
Province Sud,2019,La Foa,0002,Centre Socio Culturel 2,165.82495689060195,-21.708500844468237,677,505,492,participation,Participation,Participation,#d18b24,6,505,677,74.59379615952733,TRUE,1301,La Foa village
Province Sud,2019,La Foa,0003,Centre Socio-Culturel 3,165.82495689060195,-21.708500844468237,795,617,597,participation,Participation,Participation,#d18b24,6,617,795,77.61006289308176,TRUE,1301,La Foa village
Province Sud,2019,La Foa,0004,Centre Socio-Culturel 4,165.82495689060195,-21.708500844468237,568,437,426,participation,Participation,Participation,#d18b24,6,437,568,76.93661971830986,TRUE,1301,La Foa village
Province Sud,2019,Moindou,0001,Mairie,165.67695619871748,-21.69271000327087,755,591,579,participation,Participation,Participation,#d18b24,6,591,755,78.27814569536424,TRUE,1601,Moindou
Province Sud,2019,Mont-Dore,0001,Mairie,166.523722376157,-22.2317078297453,640,430,417,participation,Participation,Participation,#d18b24,6,430,640,67.1875,TRUE,NA,NA
Province Sud,2019,Mont-Dore,0002,Groupe scolaire Hélène CHANEL,166.485528594387,-22.2217711398288,448,292,279,participation,Participation,Participation,#d18b24,6,292,448,65.17857142857143,TRUE,1703,Pont des Fran‡ais
Province Sud,2019,Mont-Dore,0003,Ecole primaire Adolphe BOUTAN,166.841440737558,-22.4256696418669,739,556,536,participation,Participation,Participation,#d18b24,6,556,739,75.23680649526386,TRUE,1715,Mouirange - Grand Sud - Ile Ouen
Province Sud,2019,Mont-Dore,0004,Ecole primaire Louis Henri GALINE 1,166.512755378687,-22.2163077194956,747,530,510,participation,Participation,Participation,#d18b24,6,530,747,70.95046854082999,TRUE,1705,Robinson Nord
Province Sud,2019,Mont-Dore,0005,Ecole La Rizière 1,166.573975497183,-22.2332233282141,993,563,547,participation,Participation,Participation,#d18b24,6,563,993,56.6968781470292,TRUE,1710,La Coulée Nord
Province Sud,2019,Mont-Dore,0006,Ecole primaire du Vallon-Dore,166.571853310489,-22.2757480668132,732,498,482,participation,Participation,Participation,#d18b24,6,498,732,68.0327868852459,TRUE,1712,Vallon Dore
Province Sud,2019,Mont-Dore,0007,Ouara (maison commune),166.84029773306233,-22.42316008394107,88,60,59,participation,Participation,Participation,#d18b24,6,60,88,68.18181818181819,TRUE,1715,Mouirange - Grand Sud - Ile Ouen
Province Sud,2019,Mont-Dore,0008,Groupe scolaire de Boulari 1,166.520855451452,-22.2274992832452,763,555,543,participation,Participation,Participation,#d18b24,6,555,763,72.7391874180865,TRUE,1707,Boulari
Province Sud,2019,Mont-Dore,0009,Mairie Annexe De Plum 1,166.623268718041,-22.2730906933136,858,525,501,participation,Participation,Participation,#d18b24,6,525,858,61.18881118881119,TRUE,1714,Plum
Province Sud,2019,Mont-Dore,0010,Ecole La Rizière 2,166.573975497183,-22.2332233282141,785,500,475,participation,Participation,Participation,#d18b24,6,500,785,63.69426751592356,TRUE,1710,La Coulée Nord
Province Sud,2019,Mont-Dore,0011,Groupe scolaire de Boulari 2,166.520855451452,-22.2274992832452,702,510,494,participation,Participation,Participation,#d18b24,6,510,702,72.64957264957265,TRUE,1707,Boulari
Province Sud,2019,Mont-Dore,0012,Groupe scolaire de Saint-Michel 1,166.529983,-22.224807,613,402,382,participation,Participation,Participation,#d18b24,6,402,613,65.57911908646004,TRUE,NA,NA
Province Sud,2019,Mont-Dore,0013,Ecole maternelle Les Fougères,166.841440737558,-22.4256696418669,398,255,249,participation,Participation,Participation,#d18b24,6,255,398,64.07035175879398,TRUE,1715,Mouirange - Grand Sud - Ile Ouen
Province Sud,2019,Mont-Dore,0014,Ecole maternelle les Dauphins,166.57252708408,-22.2768294716869,721,505,497,participation,Participation,Participation,#d18b24,6,505,721,70.04160887656033,TRUE,1712,Vallon Dore
Province Sud,2019,Mont-Dore,0015,Ecole Maternelle Les Coccinelles,166.56758162382,-22.2502864537601,978,649,617,participation,Participation,Participation,#d18b24,6,649,978,66.359918200409,TRUE,1711,La Coulée Sud
Province Sud,2019,Mont-Dore,0016,Ecole Saint-Joseph de CLUNY,166.499920601202,-22.2239776205159,984,668,644,participation,Participation,Participation,#d18b24,6,668,984,67.88617886178862,TRUE,1704,La Conception
Province Sud,2019,Mont-Dore,0017,Ecole primaire Louis Henri GALINE 2,166.512755378687,-22.2163077194956,762,536,521,participation,Participation,Participation,#d18b24,6,536,762,70.34120734908136,TRUE,1705,Robinson Nord
Province Sud,2019,Mont-Dore,0018,Groupe scolaire Boulari 3,166.520855451452,-22.2274992832452,770,537,525,participation,Participation,Participation,#d18b24,6,537,770,69.74025974025975,TRUE,1707,Boulari
Province Sud,2019,Mont-Dore,0019,Groupe scolaire Saint-Michel 2,166.529983,-22.224807,584,400,378,participation,Participation,Participation,#d18b24,6,400,584,68.4931506849315,TRUE,NA,NA
Province Sud,2019,Mont-Dore,0020,Groupe scolaire de Plum,166.640486,-22.277131,513,341,334,participation,Participation,Participation,#d18b24,6,341,513,66.47173489278752,TRUE,NA,NA
Province Sud,2019,Mont-Dore,0021,Ecole La Rizière 3,166.573975497183,-22.2332233282141,581,346,332,participation,Participation,Participation,#d18b24,6,346,581,59.55249569707401,TRUE,1710,La Coulée Nord
Province Sud,2019,Mont-Dore,0022,Groupe scolaire de la Briqueterie 1,166.566445622614,-22.2625090934915,613,400,387,participation,Participation,Participation,#d18b24,6,400,613,65.25285481239804,TRUE,1712,Vallon Dore
Province Sud,2019,Mont-Dore,0023,Groupe scolaire de la Briqueterie 2,166.566445622614,-22.2625090934915,595,393,375,participation,Participation,Participation,#d18b24,6,393,595,66.05042016806723,TRUE,1712,Vallon Dore
Province Sud,2019,Mont-Dore,0024,Mairie 2,166.523259425452,-22.2297495527098,445,295,285,participation,Participation,Participation,#d18b24,6,295,445,66.29213483146067,TRUE,1707,Boulari
Province Sud,2019,Mont-Dore,0025,Groupe scolaire de Yahoué,166.489906860567,-22.2084828348965,706,488,471,participation,Participation,Participation,#d18b24,6,488,706,69.12181303116148,TRUE,1702,Yahoué Sud
Province Sud,2019,Nouméa,0001,Mairie 1,166.439401925184,-22.2714056104229,561,329,321,participation,Participation,Participation,#d18b24,6,329,561,58.64527629233512,TRUE,1822,Centre ville
Province Sud,2019,Nouméa,0002,Mairie 2,166.439401925184,-22.2714056104229,871,440,432,participation,Participation,Participation,#d18b24,6,440,871,50.51664753157291,TRUE,1822,Centre ville
Province Sud,2019,Nouméa,0003,Ecole Frédéric Surleau,166.446180272936,-22.2732842135737,666,444,435,participation,Participation,Participation,#d18b24,6,444,666,66.66666666666667,TRUE,1822,Centre ville
Province Sud,2019,Nouméa,0004,Ecole Marguerite Lefrançois,166.446044574066,-22.2859909097298,685,488,483,participation,Participation,Participation,#d18b24,6,488,685,71.24087591240875,TRUE,1809,Orphelinat
Province Sud,2019,Nouméa,0005,Ecole Yvonne Dupont 1,166.442173657352,-22.2926748814035,725,554,547,participation,Participation,Participation,#d18b24,6,554,725,76.41379310344827,TRUE,1806,Motor Pool - Receiving
Province Sud,2019,Nouméa,0006,Ecole Eloi Franc 1,166.447826467842,-22.2974281428095,805,540,532,participation,Participation,Participation,#d18b24,6,540,805,67.0807453416149,TRUE,1803,Anse Vata Est
Province Sud,2019,Nouméa,0007,Ecole Eloi Franc 2,166.447826467842,-22.2974281428095,708,499,490,participation,Participation,Participation,#d18b24,6,499,708,70.48022598870057,TRUE,1803,Anse Vata Est
Province Sud,2019,Nouméa,0008,Ecole Fernande Leriche 1,166.448431376266,-22.2984740950672,635,468,459,participation,Participation,Participation,#d18b24,6,468,635,73.7007874015748,TRUE,1803,Anse Vata Est
Province Sud,2019,Nouméa,0009,Ecole Fernande Leriche 2,166.448431376266,-22.2984740950672,814,587,581,participation,Participation,Participation,#d18b24,6,587,814,72.11302211302211,TRUE,1803,Anse Vata Est
Province Sud,2019,Nouméa,0010,Ecole Jean Mermoud 1,166.454827725543,-22.2956844604928,726,550,545,participation,Participation,Participation,#d18b24,6,550,726,75.75757575757575,TRUE,1807,N'Géa
Province Sud,2019,Nouméa,0011,Ecole Jean Mermoud 2,166.454827725543,-22.2956844604928,820,648,642,participation,Participation,Participation,#d18b24,6,648,820,79.02439024390245,TRUE,1807,N'Géa
Province Sud,2019,Nouméa,0012,Ecole Ernest Risbec 1,166.451704940929,-22.2838445188063,767,539,526,participation,Participation,Participation,#d18b24,6,539,767,70.27379400260756,TRUE,1808,Trianon
Province Sud,2019,Nouméa,0013,Ecole Ernest Risbec 2,166.451704940929,-22.2838445188063,785,537,525,participation,Participation,Participation,#d18b24,6,537,785,68.40764331210191,TRUE,1808,Trianon
Province Sud,2019,Nouméa,0014,Ecole Paul Boyer 1,166.452482969153,-22.2781620536236,665,463,459,participation,Participation,Participation,#d18b24,6,463,665,69.62406015037594,TRUE,1811,Faubourg Blanchot
Province Sud,2019,Nouméa,0015,Ecole Les Capucines,166.457228804171,-22.2753677119578,744,566,557,participation,Participation,Participation,#d18b24,6,566,744,76.0752688172043,TRUE,1813,Vallée des Colons Sud Ouest
Province Sud,2019,Nouméa,0016,Ecole Candide Koch 1,166.456450040223,-22.2745660873879,767,522,519,participation,Participation,Participation,#d18b24,6,522,767,68.0573663624511,TRUE,1813,Vallée des Colons Sud Ouest
Province Sud,2019,Nouméa,0017,Ecole Candide Koch 2,166.456450040223,-22.2745660873879,862,617,608,participation,Participation,Participation,#d18b24,6,617,862,71.57772621809745,TRUE,1813,Vallée des Colons Sud Ouest
Province Sud,2019,Nouméa,0018,Ecole Emily Panné 1,166.454860512437,-22.2689261325801,766,536,522,participation,Participation,Participation,#d18b24,6,536,766,69.9738903394256,TRUE,1820,Vallée des Colons Nord Est
Province Sud,2019,Nouméa,0019,Ecole Emily Panné 2,166.454860512437,-22.2689261325801,808,528,517,participation,Participation,Participation,#d18b24,6,528,808,65.34653465346534,TRUE,1820,Vallée des Colons Nord Est
Province Sud,2019,Nouméa,0020,Ecole Antoinette Charbonneaux,166.46666463723,-22.273716213111,775,579,573,participation,Participation,Participation,#d18b24,6,579,775,74.70967741935483,TRUE,1816,Magenta Tours
Province Sud,2019,Nouméa,0021,Ecole Marie Havet 1,166.471138313555,-22.2828880563017,815,611,598,participation,Participation,Participation,#d18b24,6,611,815,74.96932515337423,TRUE,1818,Ouémo
Province Sud,2019,Nouméa,0022,Ecole Marie Havet 2,166.471138313555,-22.2828880563017,857,642,635,participation,Participation,Participation,#d18b24,6,642,857,74.9124854142357,TRUE,1818,Ouémo
Province Sud,2019,Nouméa,0023,Ecole Chistine Boletti 1,166.465990390657,-22.2661773380247,818,584,569,participation,Participation,Participation,#d18b24,6,584,818,71.39364303178485,TRUE,1827,Aérodrome Sud
Province Sud,2019,Nouméa,0024,Ecole Chistine Boletti 2,166.465990390657,-22.2661773380247,915,511,498,participation,Participation,Participation,#d18b24,6,511,915,55.84699453551912,TRUE,1827,Aérodrome Sud
Province Sud,2019,Nouméa,0025,Ecole Michel Cacot 1,166.463652223431,-22.2662199324801,888,648,633,participation,Participation,Participation,#d18b24,6,648,888,72.97297297297297,TRUE,1826,Portes de Fer - Sud
Province Sud,2019,Nouméa,0026,Ecole Michel Cacot 2,166.463652223431,-22.2662199324801,807,582,571,participation,Participation,Participation,#d18b24,6,582,807,72.11895910780669,TRUE,1826,Portes de Fer - Sud
Province Sud,2019,Nouméa,0027,Ecole C. T. de Laubarède,166.445705500987,-22.2640017751327,847,455,436,participation,Participation,Participation,#d18b24,6,455,847,53.71900826446281,TRUE,1824,Vallée du Tir
Province Sud,2019,Nouméa,0028,Ecole Gustave Mouchet 1,166.454414703061,-22.2504501881193,946,494,474,participation,Participation,Participation,#d18b24,6,494,946,52.219873150105705,TRUE,1828,Portes de Fer - Nord
Province Sud,2019,Nouméa,0029,Ecole Gustave Mouchet 2,166.454414703061,-22.2504501881193,821,394,381,participation,Participation,Participation,#d18b24,6,394,821,47.990255785627284,TRUE,1828,Portes de Fer - Nord
Province Sud,2019,Nouméa,0030,Ecole Mathilde Broquet 1,166.467549840387,-22.256293239868,1024,657,639,participation,Participation,Participation,#d18b24,6,657,1024,64.16015625,TRUE,1827,Aérodrome Sud
Province Sud,2019,Nouméa,0031,Ecole Marie Courtot 1,166.470464378859,-22.2425220070829,1056,704,688,participation,Participation,Participation,#d18b24,6,704,1056,66.66666666666667,TRUE,1834,PK 6 Nord
Province Sud,2019,Nouméa,0032,Ecole Marie Courtot 2,166.470464378859,-22.2425220070829,851,635,620,participation,Participation,Participation,#d18b24,6,635,851,74.61809635722679,TRUE,1834,PK 6 Nord
Province Sud,2019,Nouméa,0033,Ecole Suzanne Berton,166.463601949873,-22.2382604330193,926,569,546,participation,Participation,Participation,#d18b24,6,569,926,61.447084233261336,TRUE,1833,Riviére Salée Sud
Province Sud,2019,Nouméa,0034,Ecole Les Roses,166.464696,-22.23767,866,587,572,participation,Participation,Participation,#d18b24,6,587,866,67.78290993071593,TRUE,NA,NA
Province Sud,2019,Nouméa,0035,Ecole Les Oeillets,166.468679,-22.230344,845,547,531,participation,Participation,Participation,#d18b24,6,547,845,64.73372781065089,TRUE,NA,NA
Province Sud,2019,Nouméa,0036,Ecole Jacques Trouillot,166.471000599479,-22.2283599819501,828,546,523,participation,Participation,Participation,#d18b24,6,546,828,65.94202898550725,TRUE,1838,Riviére Salée Nord Est
Province Sud,2019,Nouméa,0037,Ecole Mauricette Devambez 1,166.470726,-22.23276,1076,590,566,participation,Participation,Participation,#d18b24,6,590,1076,54.83271375464684,TRUE,NA,NA
Province Sud,2019,Nouméa,0038,Ecole Mauricette Devambez 2,166.470726,-22.23276,1021,665,650,participation,Participation,Participation,#d18b24,6,665,1021,65.13222331047992,TRUE,NA,NA
Province Sud,2019,Nouméa,0039,Ecole Adrienne Lomont 1,166.484157216578,-22.2206462260252,698,369,354,participation,Participation,Participation,#d18b24,6,369,698,52.865329512893986,TRUE,1840,Normandie Nord
Province Sud,2019,Nouméa,0040,Ecole Adrienne Lomont 2,166.484157216578,-22.2206462260252,1167,755,730,participation,Participation,Participation,#d18b24,6,755,1167,64.69580119965724,TRUE,1840,Normandie Nord
Province Sud,2019,Nouméa,0041,Ecole Gustave Lods 1,166.435430928496,-22.2381371662114,943,593,568,participation,Participation,Participation,#d18b24,6,593,943,62.88441145281018,TRUE,1843,Logicoop
Province Sud,2019,Nouméa,0042,Ecole Gustave Lods 2,166.435430928496,-22.2381371662114,1110,635,614,participation,Participation,Participation,#d18b24,6,635,1110,57.207207207207205,TRUE,1843,Logicoop
Province Sud,2019,Nouméa,0043,Ecole Daniel Talon,166.429735177846,-22.2343498153878,1486,820,796,participation,Participation,Participation,#d18b24,6,820,1486,55.181695827725434,TRUE,1843,Logicoop
Province Sud,2019,Nouméa,0044,Ecole Louise Vergès,166.421805,-22.23044,946,502,494,participation,Participation,Participation,#d18b24,6,502,946,53.06553911205074,TRUE,NA,NA
Province Sud,2019,Nouméa,0045,Ecole Mathilde Broquet 2,166.467549840387,-22.256293239868,1168,739,728,participation,Participation,Participation,#d18b24,6,739,1168,63.27054794520548,TRUE,1827,Aérodrome Sud
Province Sud,2019,Nouméa,0046,Ecole Yvonne Dupont 2,166.442173657352,-22.2926748814035,546,413,410,participation,Participation,Participation,#d18b24,6,413,546,75.64102564102564,TRUE,1806,Motor Pool - Receiving
Province Sud,2019,Nouméa,0047,Ecole Paul Boyer 2,166.452482969153,-22.2781620536236,737,529,522,participation,Participation,Participation,#d18b24,6,529,737,71.77747625508819,TRUE,1811,Faubourg Blanchot
Province Sud,2019,Nouméa,0048,Ecole Marguerite Arsapin,166.462764,-22.228627,844,504,485,participation,Participation,Participation,#d18b24,6,504,844,59.71563981042654,TRUE,NA,NA
Province Sud,2019,Nouméa,0049,Ecole Les Pervenches,166.463935144665,-22.2575766179093,835,609,598,participation,Participation,Participation,#d18b24,6,609,835,72.93413173652695,TRUE,1826,Portes de Fer - Sud
Province Sud,2019,Nouméa,0050,Ecole Albert Perraud,166.467888234029,-22.2619636836771,1220,664,639,participation,Participation,Participation,#d18b24,6,664,1220,54.42622950819672,TRUE,1827,Aérodrome Sud
Province Sud,2019,Nouméa,0051,Ecole Michel Amiot,166.468616034294,-22.2680303864914,929,656,643,participation,Participation,Participation,#d18b24,6,656,929,70.61356297093648,TRUE,1817,Magenta Est
Province Sud,2019,Nouméa,0052,Ecole Charles Bichon,166.443767790723,-22.2808132680625,575,402,397,participation,Participation,Participation,#d18b24,6,402,575,69.91304347826087,TRUE,1809,Orphelinat
Province Sud,2019,Nouméa,0053,Ecole Les Lys,166.443135087106,-22.2929071476207,682,496,493,participation,Participation,Participation,#d18b24,6,496,682,72.72727272727273,TRUE,1806,Motor Pool - Receiving
Province Sud,2019,Nouméa,0054,Ecole Le petit poucet,166.446452105063,-22.2638462676659,938,577,562,participation,Participation,Participation,#d18b24,6,577,938,61.513859275053306,TRUE,1824,Vallée du Tir
Province Sud,2019,Nouméa,0055,Ecole Serge Laigle,166.486016745804,-22.2343408388225,934,714,702,participation,Participation,Participation,#d18b24,6,714,934,76.44539614561027,TRUE,1835,Tina
Province Sud,2019,Nouméa,0056,Ecole Guy Champmoreau,166.452313565802,-22.2892161943525,1168,807,788,participation,Participation,Participation,#d18b24,6,807,1168,69.09246575342466,TRUE,1807,N'Géa
Province Sud,2019,Nouméa,0057,Mairie 3,166.439401925184,-22.2714056104229,108,19,18,participation,Participation,Participation,#d18b24,6,19,108,17.59259259259259,TRUE,1822,Centre ville
Province Sud,2019,Païta,0001,Dock Socioculturel 1,166.366370328351,-22.1294955354086,457,312,304,participation,Participation,Participation,#d18b24,6,312,457,68.27133479212254,TRUE,2101,Paita centre
Province Sud,2019,Païta,0002,Dock Socioculturel 2,166.366370328351,-22.1294955354086,618,437,431,participation,Participation,Participation,#d18b24,6,437,618,70.71197411003236,TRUE,2101,Paita centre
Province Sud,2019,Païta,0003,Dock Socioculturel 3,166.366370328351,-22.1294955354086,640,433,425,participation,Participation,Participation,#d18b24,6,433,640,67.65625,TRUE,2101,Paita centre
Province Sud,2019,Païta,0004,Dock Socioculturel 4,166.366370328351,-22.1294955354086,345,242,233,participation,Participation,Participation,#d18b24,6,242,345,70.14492753623189,TRUE,2101,Paita centre
Province Sud,2019,Païta,0005,Dock Socioculturel 5,166.366370328351,-22.1294955354086,712,506,486,participation,Participation,Participation,#d18b24,6,506,712,71.06741573033707,TRUE,2101,Paita centre
Province Sud,2019,Païta,0006,Mairie,166.361658608639,-22.1291986951984,702,430,425,participation,Participation,Participation,#d18b24,6,430,702,61.25356125356125,TRUE,2101,Paita centre
Province Sud,2019,Païta,0007,Ecole Vi Vete,166.356291724406,-22.134484419519,731,494,478,participation,Participation,Participation,#d18b24,6,494,731,67.57865937072503,TRUE,2101,Paita centre
Province Sud,2019,Païta,0008,Ecole James Paddon,166.359353160601,-22.1337644237458,700,476,469,participation,Participation,Participation,#d18b24,6,476,700,68,TRUE,2101,Paita centre
Province Sud,2019,Païta,0009,Ecole Élémentaire Les Scheffleras - 1,166.36989887391,-22.1257398247667,698,404,383,participation,Participation,Participation,#d18b24,6,404,698,57.87965616045845,TRUE,2102,Scheffleras
Province Sud,2019,Païta,0010,Ecole Élémentaire Les Scheffleras - 2,166.36989887391,-22.1257398247667,734,480,461,participation,Participation,Participation,#d18b24,6,480,734,65.39509536784742,TRUE,2102,Scheffleras
Province Sud,2019,Païta,0011,Ecole Maternelle Les Scheffleras - 1,166.36989887391,-22.1257398247667,721,504,494,participation,Participation,Participation,#d18b24,6,504,721,69.90291262135922,TRUE,2102,Scheffleras
Province Sud,2019,Païta,0012,Ecole Maternelle Les Scheffleras - 2,166.36989887391,-22.1257398247667,557,392,382,participation,Participation,Participation,#d18b24,6,392,557,70.3770197486535,TRUE,2102,Scheffleras
Province Sud,2019,Païta,0013,Ecole primaire Jean Ounou COTTIN 1,166.265966445473,-22.0605318544913,738,479,458,participation,Participation,Participation,#d18b24,6,479,738,64.90514905149051,TRUE,2106,Tamoa Bangou Saint Laurent
Province Sud,2019,Païta,0014,Ecole primaire Jean Ounou COTTIN 2,166.265966445473,-22.0605318544913,761,492,482,participation,Participation,Participation,#d18b24,6,492,761,64.65177398160316,TRUE,2106,Tamoa Bangou Saint Laurent
Province Sud,2019,Païta,0015,Tontouta,166.22014428712,-22.0130384994051,556,388,377,participation,Participation,Participation,#d18b24,6,388,556,69.7841726618705,TRUE,2107,Tontouta Tiaré
Province Sud,2019,Païta,0016,Ecole Robert ABEL 1,166.379189029935,-22.1384982889128,471,389,380,participation,Participation,Participation,#d18b24,6,389,471,82.59023354564756,TRUE,2103,Nogouta-Les 3 Vallées
Province Sud,2019,Païta,0017,Ecole Robert ABEL 2,166.379189029935,-22.1384982889128,553,357,347,participation,Participation,Participation,#d18b24,6,357,553,64.55696202531645,TRUE,2103,Nogouta-Les 3 Vallées
Province Sud,2019,Poya Sud,0005,Mairie 2,165.2454695470807,-21.4084575263513,164,133,131,participation,Participation,Participation,#d18b24,6,133,164,81.09756097560975,TRUE,2706,Poya Sud
Province Sud,2019,Sarraméa,0001,Mairie,165.85386596919105,-21.642344787633757,502,365,358,participation,Participation,Participation,#d18b24,6,365,502,72.70916334661355,TRUE,2801,Sarraméa
Province Sud,2019,Thio,0001,Mairie 1,166.21553174553168,-21.610374938390603,784,489,478,participation,Participation,Participation,#d18b24,6,489,784,62.37244897959184,TRUE,2901,Thio village
Province Sud,2019,Thio,0002,Mairie 2,166.21553174553168,-21.610374938390603,560,319,316,participation,Participation,Participation,#d18b24,6,319,560,56.964285714285715,TRUE,2901,Thio village
Province Sud,2019,Thio,0003,Grand Borendy,166.45075740277505,-21.738718340168145,305,167,164,participation,Participation,Participation,#d18b24,6,167,305,54.75409836065574,TRUE,2902,Ouindo Borendy
Province Sud,2019,Thio,0004,Saint-Pierre,166.14983539215794,-21.67410856554519,442,251,248,participation,Participation,Participation,#d18b24,6,251,442,56.78733031674208,TRUE,2902,Ouindo Borendy
Province Sud,2019,Yaté,0001,Mairie,166.94326054599946,-22.16058963447543,274,197,195,participation,Participation,Participation,#d18b24,6,197,274,71.89781021897811,TRUE,3201,Waho Touaourou Goro
Province Sud,2019,Yaté,0002,Touaourou,166.97497872151834,-22.190244269832505,461,305,302,participation,Participation,Participation,#d18b24,6,305,461,66.16052060737528,TRUE,3201,Waho Touaourou Goro
Province Sud,2019,Yaté,0003,Goro,167.0163659290303,-22.286011229502463,219,159,158,participation,Participation,Participation,#d18b24,6,159,219,72.6027397260274,TRUE,3201,Waho Touaourou Goro
Province Sud,2019,Yaté,0004,Unia,166.89998901288348,-22.06107261844911,750,542,538,participation,Participation,Participation,#d18b24,6,542,750,72.26666666666667,TRUE,3202,Unia Ouinné
Province Sud,2026,Boulouparis,0001,Mairie,166.047711423762,-21.8654175541592,880,599,580,participation,Participation,Participation,#d18b24,6,599,880,68.06818181818181,TRUE,201,Boulouparis village
Province Sud,2026,Boulouparis,0002,Maison des associations du village de Boulouparis,166.047083,-21.865589,714,578,570,participation,Participation,Participation,#d18b24,6,578,714,80.95238095238095,TRUE,NA,NA
Province Sud,2026,Boulouparis,0003,Centre culturel de Boulouparis,166.049037,-21.865435,762,587,577,participation,Participation,Participation,#d18b24,6,587,762,77.03412073490814,TRUE,NA,NA
Province Sud,2026,Boulouparis,0004,Maison des associations du village de Tomo,166.15105,-21.95844,716,492,470,participation,Participation,Participation,#d18b24,6,492,716,68.71508379888269,TRUE,NA,NA
Province Sud,2026,Bourail,0001,Mairie,165.497503614793,-21.5680444203004,886,605,593,participation,Participation,Participation,#d18b24,6,605,886,68.2844243792325,TRUE,301,Bourail village
Province Sud,2026,Bourail,0002,Pothé,165.491900847299,-21.4547330481005,900,535,526,participation,Participation,Participation,#d18b24,6,535,900,59.44444444444444,TRUE,305,Ny
Province Sud,2026,Bourail,0003,Colisée 1,165.49385205691,-21.5656940047007,934,718,700,participation,Participation,Participation,#d18b24,6,718,934,76.87366167023555,TRUE,301,Bourail village
Province Sud,2026,Bourail,0004,Ecole Les Lys D'Eau,165.49748641875,-21.5730483252455,805,585,574,participation,Participation,Participation,#d18b24,6,585,805,72.67080745341615,TRUE,301,Bourail village
Province Sud,2026,Bourail,0005,Colisée 2,165.493852,-21.565694,936,663,650,participation,Participation,Participation,#d18b24,6,663,936,70.83333333333333,TRUE,NA,NA
Province Sud,2026,Dumbéa,0001,Hôtel de Ville 1,166.457501065839,-22.1675460417822,903,632,621,participation,Participation,Participation,#d18b24,6,632,903,69.9889258028793,TRUE,512,Plaine de Koé
Province Sud,2026,Dumbéa,0002,Hôtel de Ville 2,166.457501065839,-22.1675460417822,887,534,527,participation,Participation,Participation,#d18b24,6,534,887,60.20293122886133,TRUE,512,Plaine de Koé
Province Sud,2026,Dumbéa,0003,Hôtel de Ville 3,166.457501065839,-22.1675460417822,1009,613,596,participation,Participation,Participation,#d18b24,6,613,1009,60.75322101090188,TRUE,512,Plaine de Koé
Province Sud,2026,Dumbéa,0004,Salle omnisports d'Auteuil Ernest Chambonnier 1,166.475894,-22.206094,974,591,585,participation,Participation,Participation,#d18b24,6,591,974,60.677618069815196,TRUE,NA,NA
Province Sud,2026,Dumbéa,0005,Salle omnisports d'Auteuil Ernest Chambonnier 2,166.475894,-22.206094,643,330,317,participation,Participation,Participation,#d18b24,6,330,643,51.32192846034214,TRUE,NA,NA
Province Sud,2026,Dumbéa,0006,Salle omnisports d'Auteuil Ernest Chambonnier 3,166.475894,-22.206094,785,469,453,participation,Participation,Participation,#d18b24,6,469,785,59.745222929936304,TRUE,NA,NA
Province Sud,2026,Dumbéa,0007,Salle omnisports d'Auteuil Ernest Chambonnier 4,166.475894,-22.206094,998,617,600,participation,Participation,Participation,#d18b24,6,617,998,61.82364729458918,TRUE,NA,NA
Province Sud,2026,Dumbéa,0008,Salle omnisports d'Auteuil Ernest Chambonnier 5,166.475894,-22.206094,765,515,498,participation,Participation,Participation,#d18b24,6,515,765,67.3202614379085,TRUE,NA,NA
Province Sud,2026,Dumbéa,0009,Salle omnisports d'Auteuil Ernest Chambonnier 6,166.475894,-22.206094,398,211,209,participation,Participation,Participation,#d18b24,6,211,398,53.015075376884425,TRUE,NA,NA
Province Sud,2026,Dumbéa,0010,Maison de la Jeunesse 1,166.474913,-22.205681,878,605,588,participation,Participation,Participation,#d18b24,6,605,878,68.90660592255125,TRUE,NA,NA
Province Sud,2026,Dumbéa,0011,Maison de la Jeunesse 2,166.474913,-22.205681,782,540,530,participation,Participation,Participation,#d18b24,6,540,782,69.0537084398977,TRUE,NA,NA
Province Sud,2026,Dumbéa,0012,Ecole primaire Gustave Clain 1,166.460870510376,-22.2089353285944,868,523,511,participation,Participation,Participation,#d18b24,6,523,868,60.25345622119816,TRUE,504,Koutio érudits
Province Sud,2026,Dumbéa,0013,Ecole primaire Gustave Clain 2,166.460871,-22.208935,821,492,484,participation,Participation,Participation,#d18b24,6,492,821,59.92691839220463,TRUE,NA,NA
Province Sud,2026,Dumbéa,0014,Ecole maternelle l'Oasis 1,166.461460951246,-22.2085634346196,727,501,494,participation,Participation,Participation,#d18b24,6,501,727,68.91334250343878,TRUE,504,Koutio érudits
Province Sud,2026,Dumbéa,0015,Ecole maternelle l'Oasis 2,166.461461,-22.208563,739,487,474,participation,Participation,Participation,#d18b24,6,487,739,65.8998646820027,TRUE,NA,NA
Province Sud,2026,Dumbéa,0016,Groupe scolaire Michelle Delacharlerie-Rolly 1,166.445998676866,-22.2013803961715,648,383,371,participation,Participation,Participation,#d18b24,6,383,648,59.10493827160494,TRUE,510,Dumbéa/mer Ouest
Province Sud,2026,Dumbéa,0017,Groupe scolaire Michelle Delacharlerie-Rolly 2,166.445999,-22.20138,778,402,394,participation,Participation,Participation,#d18b24,6,402,778,51.670951156812336,TRUE,NA,NA
Province Sud,2026,Dumbéa,0018,Groupe scolaire Renée Fong 1,166.44418672502,-22.192372203396,840,601,590,participation,Participation,Participation,#d18b24,6,601,840,71.54761904761905,TRUE,511,Dumbea/mer Est - Plaine Adam
Province Sud,2026,Dumbéa,0019,Groupe scolaire Renée Fong 2,166.444187,-22.192372,1223,724,712,participation,Participation,Participation,#d18b24,6,724,1223,59.19869174161897,TRUE,NA,NA
Province Sud,2026,Dumbéa,0020,Mairie du Nord 1,166.457501065839,-22.1675460417822,714,491,484,participation,Participation,Participation,#d18b24,6,491,714,68.76750700280112,TRUE,512,Plaine de Koé
Province Sud,2026,Dumbéa,0021,Mairie du Nord 2,166.457501065839,-22.1675460417822,652,493,486,participation,Participation,Participation,#d18b24,6,493,652,75.61349693251533,TRUE,512,Plaine de Koé
Province Sud,2026,Dumbéa,0022,Mairie du Nord 3,166.457501,-22.167546,715,433,421,participation,Participation,Participation,#d18b24,6,433,715,60.55944055944056,TRUE,NA,NA
Province Sud,2026,Dumbéa,0023,Ecole primaire Paul Duboisé 1,166.434846490836,-22.1399347171588,905,645,635,participation,Participation,Participation,#d18b24,6,645,905,71.2707182320442,TRUE,515,Katiramona Sud
Province Sud,2026,Dumbéa,0024,Ecole primaire Paul Duboisé 2,166.434846,-22.139935,827,512,489,participation,Participation,Participation,#d18b24,6,512,827,61.91051995163241,TRUE,NA,NA
Province Sud,2026,Dumbéa,0025,Ecole maternelle les Colibris,166.436047169124,-22.1394710088392,802,516,508,participation,Participation,Participation,#d18b24,6,516,802,64.33915211970074,TRUE,515,Katiramona Sud
Province Sud,2026,Dumbéa,0026,Groupe scolaire Frédéric-Louis Dorbritz 1,166.437530865088,-22.1944939226253,629,494,490,participation,Participation,Participation,#d18b24,6,494,629,78.53736089030207,TRUE,510,Dumbéa/mer Ouest
Province Sud,2026,Farino,0001,Mairie,165.77595416144513,-21.666848976720875,635,500,481,participation,Participation,Participation,#d18b24,6,500,635,78.74015748031496,TRUE,601,Farino
Province Sud,2026,Ile des Pins,0001,Mairie 1,167.495819,-22.66517,1030,586,583,participation,Participation,Participation,#d18b24,6,586,1030,56.89320388349515,TRUE,901,Vao
Province Sud,2026,Ile des Pins,0002,Batiment Communal Point 1,167.495819,-22.66517,825,502,499,participation,Participation,Participation,#d18b24,6,502,825,60.84848484848485,TRUE,901,Vao
Province Sud,2026,La Foa,0001,Centre Socio-Culturel 1,165.82495689060195,-21.708500844468237,866,618,609,participation,Participation,Participation,#d18b24,6,618,866,71.36258660508084,TRUE,1301,La Foa village
Province Sud,2026,La Foa,0002,Centre Socio Culturel 2,165.82495689060195,-21.708500844468237,775,587,577,participation,Participation,Participation,#d18b24,6,587,775,75.74193548387096,TRUE,1301,La Foa village
Province Sud,2026,La Foa,0003,Centre Socio-Culturel 3,165.82495689060195,-21.708500844468237,767,583,575,participation,Participation,Participation,#d18b24,6,583,767,76.01043024771839,TRUE,1301,La Foa village
Province Sud,2026,La Foa,0004,Centre Socio-Culturel 4,165.82495689060195,-21.708500844468237,753,544,530,participation,Participation,Participation,#d18b24,6,544,753,72.24435590969456,TRUE,1301,La Foa village
Province Sud,2026,Moindou,0001,Mairie,165.67695619871748,-21.69271000327087,819,614,604,participation,Participation,Participation,#d18b24,6,614,819,74.96947496947497,TRUE,1601,Moindou
Province Sud,2026,Mont-Dore,0001,Mairie de BOULARI,166.523722376157,-22.2317078297453,830,509,498,participation,Participation,Participation,#d18b24,6,509,830,61.325301204819276,TRUE,NA,NA
Province Sud,2026,Mont-Dore,0002,Groupe scolaire Hélène CHANEL,166.485528594387,-22.2217711398288,575,399,389,participation,Participation,Participation,#d18b24,6,399,575,69.3913043478261,TRUE,1703,Pont des Fran‡ais
Province Sud,2026,Mont-Dore,0003,Ecole primaire Adolphe BOUTAN,166.841440737558,-22.4256696418669,801,617,600,participation,Participation,Participation,#d18b24,6,617,801,77.02871410736579,TRUE,1715,Mouirange - Grand Sud - Ile Ouen
Province Sud,2026,Mont-Dore,0004,Ecole primaire Louis Henri GALINE 1,166.512755378687,-22.2163077194956,828,568,546,participation,Participation,Participation,#d18b24,6,568,828,68.59903381642512,TRUE,1705,Robinson Nord
Province Sud,2026,Mont-Dore,0005,Ecole La Rizière 1,166.573975497183,-22.2332233282141,1112,686,662,participation,Participation,Participation,#d18b24,6,686,1112,61.69064748201439,TRUE,1710,La Coulée Nord
Province Sud,2026,Mont-Dore,0006,Ecole primaire du Vallon-Dore,166.571853310489,-22.2757480668132,807,545,524,participation,Participation,Participation,#d18b24,6,545,807,67.53407682775712,TRUE,1712,Vallon Dore
Province Sud,2026,Mont-Dore,0007,Groupe scolaire de Plum,166.640486,-22.277131,720,440,432,participation,Participation,Participation,#d18b24,6,440,720,61.111111111111114,TRUE,NA,NA
Province Sud,2026,Mont-Dore,0008,Groupe scolaire de Boulari 1,166.520855451452,-22.2274992832452,871,612,600,participation,Participation,Participation,#d18b24,6,612,871,70.26406429391504,TRUE,1707,Boulari
Province Sud,2026,Mont-Dore,0009,Mairie Annexe De Plum 1,166.623268718041,-22.2730906933136,988,542,510,participation,Participation,Participation,#d18b24,6,542,988,54.8582995951417,TRUE,1714,Plum
Province Sud,2026,Mont-Dore,0010,Ecole La Rizière 2,166.573975497183,-22.2332233282141,952,558,538,participation,Participation,Participation,#d18b24,6,558,952,58.61344537815126,TRUE,1710,La Coulée Nord
Province Sud,2026,Mont-Dore,0011,Groupe scolaire de Boulari 2,166.520855451452,-22.2274992832452,709,516,507,participation,Participation,Participation,#d18b24,6,516,709,72.77856135401974,TRUE,1707,Boulari
Province Sud,2026,Mont-Dore,0012,Groupe scolaire de Saint-Michel 1,166.529983,-22.224807,757,476,459,participation,Participation,Participation,#d18b24,6,476,757,62.87978863936592,TRUE,NA,NA
Province Sud,2026,Mont-Dore,0013,Ecole maternelle Les Fougères,166.841440737558,-22.4256696418669,486,312,305,participation,Participation,Participation,#d18b24,6,312,486,64.19753086419753,TRUE,1715,Mouirange - Grand Sud - Ile Ouen
Province Sud,2026,Mont-Dore,0014,Ecole maternelle les Dauphins,166.57252708408,-22.2768294716869,866,620,604,participation,Participation,Participation,#d18b24,6,620,866,71.59353348729792,TRUE,1712,Vallon Dore
Province Sud,2026,Mont-Dore,0015,Ecole Maternelle Les Coccinelles,166.56758162382,-22.2502864537601,1187,756,724,participation,Participation,Participation,#d18b24,6,756,1187,63.689974726200504,TRUE,1711,La Coulée Sud
Province Sud,2026,Mont-Dore,0016,Ecole Saint-Joseph de CLUNY,166.499920601202,-22.2239776205159,1024,717,702,participation,Participation,Participation,#d18b24,6,717,1024,70.01953125,TRUE,1704,La Conception
Province Sud,2026,Mont-Dore,0017,Ecole primaire Louis Henri GALINE 2,166.512755378687,-22.2163077194956,842,557,539,participation,Participation,Participation,#d18b24,6,557,842,66.1520190023753,TRUE,1705,Robinson Nord
Province Sud,2026,Mont-Dore,0018,Groupe scolaire Boulari 3,166.520855451452,-22.2274992832452,923,616,606,participation,Participation,Participation,#d18b24,6,616,923,66.73889490790899,TRUE,1707,Boulari
Province Sud,2026,Mont-Dore,0019,Groupe scolaire Saint-Michel 2,166.529983,-22.224807,613,413,392,participation,Participation,Participation,#d18b24,6,413,613,67.37357259380097,TRUE,NA,NA
Province Sud,2026,Mont-Dore,0020,Ecole La Rizière 3,166.57398,-22.23322,625,346,329,participation,Participation,Participation,#d18b24,6,346,625,55.36,TRUE,NA,NA
Province Sud,2026,Mont-Dore,0021,Ecole de La Briqueterie 1,166.56645,-22.26251,760,468,449,participation,Participation,Participation,#d18b24,6,468,760,61.578947368421055,TRUE,NA,NA
Province Sud,2026,Mont-Dore,0022,Ecole de La Briqueterie 2,166.566445622614,-22.2625090934915,665,430,417,participation,Participation,Participation,#d18b24,6,430,665,64.66165413533835,TRUE,1712,Vallon Dore
Province Sud,2026,Mont-Dore,0023,Mairie 2,166.52326,-22.22975,517,330,320,participation,Participation,Participation,#d18b24,6,330,517,63.829787234042556,TRUE,NA,NA
Province Sud,2026,Mont-Dore,0024,Groupe scolaire de Yahoué,166.490039,-22.208543,783,492,485,participation,Participation,Participation,#d18b24,6,492,783,62.83524904214559,TRUE,NA,NA
Province Sud,2026,Nouméa,0001,Mairie 1,166.439401925184,-22.2714056104229,630,383,380,participation,Participation,Participation,#d18b24,6,383,630,60.79365079365079,TRUE,1822,Centre ville
Province Sud,2026,Nouméa,0002,Mairie 2,166.439401925184,-22.2714056104229,1192,545,539,participation,Participation,Participation,#d18b24,6,545,1192,45.72147651006711,TRUE,1822,Centre ville
Province Sud,2026,Nouméa,0003,Ecole Frédéric Surleau,166.446180272936,-22.2732842135737,756,504,499,participation,Participation,Participation,#d18b24,6,504,756,66.66666666666667,TRUE,1822,Centre ville
Province Sud,2026,Nouméa,0004,Ecole Marguerite Lefrançois,166.446044574066,-22.2859909097298,737,566,562,participation,Participation,Participation,#d18b24,6,566,737,76.79782903663501,TRUE,1809,Orphelinat
Province Sud,2026,Nouméa,0005,Ecole Yvonne Dupont 1,166.442173657352,-22.2926748814035,706,558,555,participation,Participation,Participation,#d18b24,6,558,706,79.03682719546742,TRUE,1806,Motor Pool - Receiving
Province Sud,2026,Nouméa,0006,Ecole Eloi Franc 1,166.447826467842,-22.2974281428095,913,674,662,participation,Participation,Participation,#d18b24,6,674,913,73.82256297918948,TRUE,1803,Anse Vata Est
Province Sud,2026,Nouméa,0007,Ecole Eloi Franc 2,166.447826467842,-22.2974281428095,772,576,570,participation,Participation,Participation,#d18b24,6,576,772,74.61139896373057,TRUE,1803,Anse Vata Est
Province Sud,2026,Nouméa,0008,Ecole Fernande Leriche 1,166.448431376266,-22.2984740950672,705,540,538,participation,Participation,Participation,#d18b24,6,540,705,76.59574468085107,TRUE,1803,Anse Vata Est
Province Sud,2026,Nouméa,0009,Ecole Fernande Leriche 2,166.448431376266,-22.2984740950672,812,615,612,participation,Participation,Participation,#d18b24,6,615,812,75.73891625615764,TRUE,1803,Anse Vata Est
Province Sud,2026,Nouméa,0010,Ecole Jean Mermoud 1,166.454827725543,-22.2956844604928,806,628,622,participation,Participation,Participation,#d18b24,6,628,806,77.91563275434243,TRUE,1807,N'Géa
Province Sud,2026,Nouméa,0011,Ecole Jean Mermoud 2,166.454827725543,-22.2956844604928,965,819,813,participation,Participation,Participation,#d18b24,6,819,965,84.87046632124353,TRUE,1807,N'Géa
Province Sud,2026,Nouméa,0012,Ecole Ernest Risbec 1,166.451704940929,-22.2838445188063,851,619,615,participation,Participation,Participation,#d18b24,6,619,851,72.73795534665099,TRUE,1808,Trianon
Province Sud,2026,Nouméa,0013,Ecole Ernest Risbec 2,166.451704940929,-22.2838445188063,798,584,577,participation,Participation,Participation,#d18b24,6,584,798,73.1829573934837,TRUE,1808,Trianon
Province Sud,2026,Nouméa,0014,Ecole Paul Boyer 1,166.452482969153,-22.2781620536236,706,472,469,participation,Participation,Participation,#d18b24,6,472,706,66.85552407932012,TRUE,1811,Faubourg Blanchot
Province Sud,2026,Nouméa,0015,Ecole Les Capucines,166.457228804171,-22.2753677119578,761,571,566,participation,Participation,Participation,#d18b24,6,571,761,75.03285151116951,TRUE,1813,Vallée des Colons Sud Ouest
Province Sud,2026,Nouméa,0016,Ecole Candide Koch 1,166.456450040223,-22.2745660873879,811,574,568,participation,Participation,Participation,#d18b24,6,574,811,70.77681874229347,TRUE,1813,Vallée des Colons Sud Ouest
Province Sud,2026,Nouméa,0017,Ecole Candide Koch 2,166.456450040223,-22.2745660873879,884,677,667,participation,Participation,Participation,#d18b24,6,677,884,76.58371040723982,TRUE,1813,Vallée des Colons Sud Ouest
Province Sud,2026,Nouméa,0018,Ecole Suzanne Russier 1,166.446654,-22.269689,774,544,534,participation,Participation,Participation,#d18b24,6,544,774,70.2842377260982,TRUE,NA,NA
Province Sud,2026,Nouméa,0019,Ecole Suzanne Russier 2,166.446654,-22.269689,887,597,589,participation,Participation,Participation,#d18b24,6,597,887,67.3055242390079,TRUE,NA,NA
Province Sud,2026,Nouméa,0020,Ecole Antoinette Charbonneaux,166.46666463723,-22.273716213111,766,606,602,participation,Participation,Participation,#d18b24,6,606,766,79.11227154046998,TRUE,1816,Magenta Tours
Province Sud,2026,Nouméa,0021,Ecole Marie Havet 1,166.471138313555,-22.2828880563017,896,674,667,participation,Participation,Participation,#d18b24,6,674,896,75.22321428571429,TRUE,1818,Ouémo
Province Sud,2026,Nouméa,0022,Ecole Marie Havet 2,166.471138313555,-22.2828880563017,944,710,702,participation,Participation,Participation,#d18b24,6,710,944,75.21186440677967,TRUE,1818,Ouémo
Province Sud,2026,Nouméa,0023,Ecole Chistine Boletti 1,166.465990390657,-22.2661773380247,902,657,649,participation,Participation,Participation,#d18b24,6,657,902,72.83813747228382,TRUE,1827,Aérodrome Sud
Province Sud,2026,Nouméa,0024,Ecole Chistine Boletti 2,166.465990390657,-22.2661773380247,1070,582,573,participation,Participation,Participation,#d18b24,6,582,1070,54.39252336448598,TRUE,1827,Aérodrome Sud
Province Sud,2026,Nouméa,0025,Ecole Michel Cacot 1,166.463652223431,-22.2662199324801,969,720,712,participation,Participation,Participation,#d18b24,6,720,969,74.30340557275542,TRUE,1826,Portes de Fer - Sud
Province Sud,2026,Nouméa,0026,Ecole Michel Cacot 2,166.463652223431,-22.2662199324801,872,648,635,participation,Participation,Participation,#d18b24,6,648,872,74.31192660550458,TRUE,1826,Portes de Fer - Sud
Province Sud,2026,Nouméa,0027,Ecole C. T. de Laubarède,166.445705500987,-22.2640017751327,997,528,522,participation,Participation,Participation,#d18b24,6,528,997,52.958876629889666,TRUE,1824,Vallée du Tir
Province Sud,2026,Nouméa,0028,Ecole Gustave Mouchet 1,166.454414703061,-22.2504501881193,1075,532,521,participation,Participation,Participation,#d18b24,6,532,1075,49.48837209302326,TRUE,1828,Portes de Fer - Nord
Province Sud,2026,Nouméa,0029,Ecole Gustave Mouchet 2,166.454414703061,-22.2504501881193,959,454,446,participation,Participation,Participation,#d18b24,6,454,959,47.340980187695514,TRUE,1828,Portes de Fer - Nord
Province Sud,2026,Nouméa,0030,Ecole Mathilde Broquet 1,166.467549840387,-22.256293239868,1165,730,710,participation,Participation,Participation,#d18b24,6,730,1165,62.66094420600859,TRUE,1827,Aérodrome Sud
Province Sud,2026,Nouméa,0031,Ecole Marie Courtot 1,166.470464378859,-22.2425220070829,1250,798,775,participation,Participation,Participation,#d18b24,6,798,1250,63.84,TRUE,1834,PK 6 Nord
Province Sud,2026,Nouméa,0032,Ecole Marie Courtot 2,166.470464378859,-22.2425220070829,880,687,680,participation,Participation,Participation,#d18b24,6,687,880,78.06818181818181,TRUE,1834,PK 6 Nord
Province Sud,2026,Nouméa,0033,Ecole Robert Burck,166.463601949873,-22.2382604330193,960,595,585,participation,Participation,Participation,#d18b24,6,595,960,61.979166666666664,TRUE,1833,Riviére Salée Sud
Province Sud,2026,Nouméa,0034,Ecole Les Roses,166.464696,-22.23767,909,576,561,participation,Participation,Participation,#d18b24,6,576,909,63.366336633663366,TRUE,NA,NA
Province Sud,2026,Nouméa,0035,Ecole Les Oeillets,166.468679,-22.230344,894,589,580,participation,Participation,Participation,#d18b24,6,589,894,65.88366890380313,TRUE,NA,NA
Province Sud,2026,Nouméa,0036,Ecole Jacques Trouillot,166.471000599479,-22.2283599819501,871,576,560,participation,Participation,Participation,#d18b24,6,576,871,66.1308840413318,TRUE,1838,Riviére Salée Nord Est
Province Sud,2026,Nouméa,0037,Ecole Les Hibiscus 1,166.475456,-22.232258,1378,685,668,participation,Participation,Participation,#d18b24,6,685,1378,49.709724238026126,TRUE,NA,NA
Province Sud,2026,Nouméa,0038,Ecole Les Hibiscus 2,166.475456,-22.232258,1110,726,716,participation,Participation,Participation,#d18b24,6,726,1110,65.4054054054054,TRUE,NA,NA
Province Sud,2026,Nouméa,0039,Ecole Adrienne Lomont 1,166.484157216578,-22.2206462260252,705,391,384,participation,Participation,Participation,#d18b24,6,391,705,55.46099290780142,TRUE,1840,Normandie Nord
Province Sud,2026,Nouméa,0040,Ecole Adrienne Lomont 2,166.484157216578,-22.2206462260252,1463,891,874,participation,Participation,Participation,#d18b24,6,891,1463,60.902255639097746,TRUE,1840,Normandie Nord
Province Sud,2026,Nouméa,0041,Ecole Gustave Lods 1,166.435430928496,-22.2381371662114,1068,607,580,participation,Participation,Participation,#d18b24,6,607,1068,56.835205992509366,TRUE,1843,Logicoop
Province Sud,2026,Nouméa,0042,Ecole Gustave Lods 2,166.435430928496,-22.2381371662114,1257,714,691,participation,Participation,Participation,#d18b24,6,714,1257,56.801909307875896,TRUE,1843,Logicoop
Province Sud,2026,Nouméa,0043,Ecole Daniel Talon,166.429735177846,-22.2343498153878,1848,1048,1009,participation,Participation,Participation,#d18b24,6,1048,1848,56.70995670995671,TRUE,1843,Logicoop
Province Sud,2026,Nouméa,0044,Ecole Maurice Fonrobert,166.42901,-22.231823,1058,575,566,participation,Participation,Participation,#d18b24,6,575,1058,54.34782608695652,TRUE,NA,NA
Province Sud,2026,Nouméa,0045,Ecole Mathilde Broquet 2,166.467549840387,-22.256293239868,1338,874,866,participation,Participation,Participation,#d18b24,6,874,1338,65.32137518684604,TRUE,1827,Aérodrome Sud
Province Sud,2026,Nouméa,0046,Ecole Yvonne Dupont 2,166.442173657352,-22.2926748814035,585,454,453,participation,Participation,Participation,#d18b24,6,454,585,77.6068376068376,TRUE,1806,Motor Pool - Receiving
Province Sud,2026,Nouméa,0047,Ecole Paul Boyer 2,166.452482969153,-22.2781620536236,706,532,530,participation,Participation,Participation,#d18b24,6,532,706,75.35410764872522,TRUE,1811,Faubourg Blanchot
Province Sud,2026,Nouméa,0048,Ecole Marguerite Arsapin,166.462764,-22.228627,925,536,521,participation,Participation,Participation,#d18b24,6,536,925,57.945945945945944,TRUE,NA,NA
Province Sud,2026,Nouméa,0049,Ecole Les Pervenches,166.463935144665,-22.2575766179093,896,648,639,participation,Participation,Participation,#d18b24,6,648,896,72.32142857142857,TRUE,1826,Portes de Fer - Sud
Province Sud,2026,Nouméa,0050,Ecole Albert Perraud,166.467888234029,-22.2619636836771,1545,793,776,participation,Participation,Participation,#d18b24,6,793,1545,51.32686084142395,TRUE,1827,Aérodrome Sud
Province Sud,2026,Nouméa,0051,Ecole Michel Amiot,166.468616034294,-22.2680303864914,1032,752,741,participation,Participation,Participation,#d18b24,6,752,1032,72.86821705426357,TRUE,1817,Magenta Est
Province Sud,2026,Nouméa,0052,Ecole Charles Bichon,166.443767790723,-22.2808132680625,679,471,463,participation,Participation,Participation,#d18b24,6,471,679,69.36671575846833,TRUE,1809,Orphelinat
Province Sud,2026,Nouméa,0053,Ecole Les Lys,166.443135087106,-22.2929071476207,777,613,603,participation,Participation,Participation,#d18b24,6,613,777,78.8931788931789,TRUE,1806,Motor Pool - Receiving
Province Sud,2026,Nouméa,0054,Ecole Le petit poucet,166.446452105063,-22.2638462676659,1023,635,619,participation,Participation,Participation,#d18b24,6,635,1023,62.07233626588465,TRUE,1824,Vallée du Tir
Province Sud,2026,Nouméa,0055,Ecole Serge Laigle,166.486016745804,-22.2343408388225,1071,853,847,participation,Participation,Participation,#d18b24,6,853,1071,79.6451914098973,TRUE,1835,Tina
Province Sud,2026,Nouméa,0056,Ecole Guy Champmoreau,166.452313565802,-22.2892161943525,1306,817,808,participation,Participation,Participation,#d18b24,6,817,1306,62.55742725880551,TRUE,1807,N'Géa
Province Sud,2026,Nouméa,0057,Mairie 3,166.439401925184,-22.2714056104229,62,3,3,participation,Participation,Participation,#d18b24,6,3,62,4.838709677419355,TRUE,1822,Centre ville
Province Sud,2026,Païta,0001,Arène du sud 1,166.367971,-22.141531,654,360,352,participation,Participation,Participation,#d18b24,6,360,654,55.04587155963303,TRUE,NA,NA
Province Sud,2026,Païta,0002,Arène du sud 2,166.367971,-22.141531,750,499,496,participation,Participation,Participation,#d18b24,6,499,750,66.53333333333333,TRUE,NA,NA
Province Sud,2026,Païta,0003,Ecole Robert ABEL 1,166.379189,-22.138498,754,484,475,participation,Participation,Participation,#d18b24,6,484,754,64.19098143236074,TRUE,NA,NA
Province Sud,2026,Païta,0004,Dock socio-culturel 1,166.366370328351,-22.1294955354086,766,530,518,participation,Participation,Participation,#d18b24,6,530,766,69.19060052219321,TRUE,2101,Paita centre
Province Sud,2026,Païta,0005,ecole Patrice JEAN 1,166.342408,-22.120368,829,556,537,participation,Participation,Participation,#d18b24,6,556,829,67.06875753920386,TRUE,NA,NA
Province Sud,2026,Païta,0006,Mairie,166.361658608639,-22.1291986951984,828,551,544,participation,Participation,Participation,#d18b24,6,551,828,66.54589371980677,TRUE,2101,Paita centre
Province Sud,2026,Païta,0007,Ecole Patrice JEAN 2,166.342408,-22.120368,830,528,517,participation,Participation,Participation,#d18b24,6,528,830,63.6144578313253,TRUE,NA,NA
Province Sud,2026,Païta,0008,Ecole Patrice JEAN 3,166.342408,-22.120368,866,572,558,participation,Participation,Participation,#d18b24,6,572,866,66.05080831408776,TRUE,NA,NA
Province Sud,2026,Païta,0009,Dock socio-culturel 2,166.36637,-22.1295,840,483,470,participation,Participation,Participation,#d18b24,6,483,840,57.5,TRUE,NA,NA
Province Sud,2026,Païta,0010,Dock socio-culturel 3,166.36637,-22.1295,939,555,539,participation,Participation,Participation,#d18b24,6,555,939,59.105431309904155,TRUE,NA,NA
Province Sud,2026,Païta,0011,Dock socio-culturel 4,166.36637,-22.1295,817,568,558,participation,Participation,Participation,#d18b24,6,568,817,69.52264381884945,TRUE,NA,NA
Province Sud,2026,Païta,0012,Dock socio-culturel 5,166.36637,-22.1295,703,493,482,participation,Participation,Participation,#d18b24,6,493,703,70.1280227596017,TRUE,NA,NA
Province Sud,2026,Païta,0013,Ecole Henri Martinet 1,166.22357,-22.011002,715,447,430,participation,Participation,Participation,#d18b24,6,447,715,62.51748251748252,TRUE,NA,NA
Province Sud,2026,Païta,0014,Ecole Henri Martinet 2,166.22357,-22.011002,592,400,393,participation,Participation,Participation,#d18b24,6,400,592,67.56756756756756,TRUE,NA,NA
Province Sud,2026,Païta,0015,Ecole Henri Martinet 3,166.22357,-22.011002,667,423,414,participation,Participation,Participation,#d18b24,6,423,667,63.41829085457271,TRUE,NA,NA
Province Sud,2026,Païta,0016,Ecole Robert ABEL 2,166.379189029935,-22.1384982889128,598,473,466,participation,Participation,Participation,#d18b24,6,473,598,79.096989966555185,TRUE,2103,Nogouta-Les 3 Vallées
Province Sud,2026,Païta,0017,Ecole Robert ABEL 3,166.379189029935,-22.1384982889128,993,668,657,participation,Participation,Participation,#d18b24,6,668,993,67.27089627391742,TRUE,2103,Nogouta-Les 3 Vallées
Province Sud,2026,Païta,0018,Ecole Patrice JEAN 4,166.342408,-22.120368,1052,689,673,participation,Participation,Participation,#d18b24,6,689,1052,65.49429657794677,TRUE,NA,NA
Province Sud,2026,Païta,0019,Ecole Henri Martinet 4,166.22357,-22.011002,562,381,370,participation,Participation,Participation,#d18b24,6,381,562,67.79359430604983,TRUE,NA,NA
Province Sud,2026,Poya Sud,0005,Maison commune de Moindah,165.2454695470807,-21.4084575263513,202,163,162,participation,Participation,Participation,#d18b24,6,163,202,80.6930693069307,TRUE,2706,Poya Sud
Province Sud,2026,Sarraméa,0001,Mairie,165.85386596919105,-21.642344787633757,533,364,356,participation,Participation,Participation,#d18b24,6,364,533,68.29268292682927,TRUE,2801,Sarraméa
Province Sud,2026,Thio,0001,Mairie,166.21553174553168,-21.610374938390603,870,574,564,participation,Participation,Participation,#d18b24,6,574,870,65.97701149425288,TRUE,2901,Thio village
Province Sud,2026,Thio,0002,Mairie (annexe),166.21553174553168,-21.610374938390603,615,374,373,participation,Participation,Participation,#d18b24,6,374,615,60.8130081300813,TRUE,2901,Thio village
Province Sud,2026,Thio,0003,Grand Borendy,166.45075740277505,-21.738718340168145,312,194,191,participation,Participation,Participation,#d18b24,6,194,312,62.17948717948718,TRUE,2902,Ouindo Borendy
Province Sud,2026,Thio,0004,Saint-Pierre,166.14983539215794,-21.67410856554519,481,289,287,participation,Participation,Participation,#d18b24,6,289,481,60.08316008316008,TRUE,2902,Ouindo Borendy
Province Sud,2026,Yaté,0001,Mairie,166.94326054599946,-22.16058963447543,303,211,209,participation,Participation,Participation,#d18b24,6,211,303,69.63696369636963,TRUE,3201,Waho Touaourou Goro
Province Sud,2026,Yaté,0002,Mairie (Waho central),166.94326,-22.16058,484,347,347,participation,Participation,Participation,#d18b24,6,347,484,71.69421487603306,TRUE,NA,NA
Province Sud,2026,Yaté,0003,Goro,167.0163659290303,-22.286011229502463,242,165,165,participation,Participation,Participation,#d18b24,6,165,242,68.18181818181819,TRUE,3201,Waho Touaourou Goro
Province Sud,2026,Yaté,0004,Unia,166.89998901288348,-22.06107261844911,793,585,581,participation,Participation,Participation,#d18b24,6,585,793,73.77049180327869,TRUE,3202,Unia Ouinné
Province des Iles,2019,Lifou,0001,Mairie De We,164.9011843365689,-21.121493041727785,575,359,357,bloc_independantiste,Bloc indépendantiste,Indépendantistes,#2f925d,1,281,357,78.71148459383754,FALSE,2501,Pouembout village
Province des Iles,2019,Lifou,0002,Xepenehe,167.15272048120752,-20.78265899014055,722,510,507,bloc_independantiste,Bloc indépendantiste,Indépendantistes,#2f925d,1,497,507,98.0276134122288,TRUE,1403,Wet
Province des Iles,2019,Lifou,0003,Drueulu,167.07853761275717,-20.930242999544458,736,506,504,bloc_independantiste,Bloc indépendantiste,Indépendantistes,#2f925d,1,486,504,96.42857142857143,TRUE,1401,Gaitcha
Province des Iles,2019,Lifou,0004,Jozip,167.34721888788647,-20.940435542649407,377,264,262,bloc_independantiste,Bloc indépendantiste,Indépendantistes,#2f925d,1,237,262,90.45801526717557,TRUE,1402,Lössi
Province des Iles,2019,Lifou,0005,Jokin,167.16447665584124,-20.703384020726688,422,272,269,bloc_independantiste,Bloc indépendantiste,Indépendantistes,#2f925d,1,264,269,98.14126394052045,TRUE,1403,Wet
Province des Iles,2019,Lifou,0006,Hmelek,167.28575148149378,-21.047986298100245,585,296,292,bloc_independantiste,Bloc indépendantiste,Indépendantistes,#2f925d,1,255,292,87.32876712328768,TRUE,1402,Lössi
Province des Iles,2019,Lifou,0007,Mou,167.41341301025318,-21.092299627592674,547,314,310,bloc_independantiste,Bloc indépendantiste,Indépendantistes,#2f925d,1,238,310,76.7741935483871,TRUE,1402,Lössi
Province des Iles,2019,Lifou,0008,Hnathalo,167.254491,-20.788984,558,344,335,bloc_independantiste,Bloc indépendantiste,Indépendantistes,#2f925d,1,325,335,97.01492537313433,TRUE,NA,NA
Province des Iles,2019,Lifou,0009,Hnacaom,167.20569292168463,-20.72173372554335,228,128,127,bloc_independantiste,Bloc indépendantiste,Indépendantistes,#2f925d,1,111,127,87.4015748031496,TRUE,1403,Wet
Province des Iles,2019,Lifou,0010,Siloam,167.10495154784974,-20.76013449602238,329,237,233,bloc_independantiste,Bloc indépendantiste,Indépendantistes,#2f925d,1,228,233,97.85407725321889,TRUE,1403,Wet
Province des Iles,2019,Lifou,0011,Wasany,167.37793880476198,-21.00787866730366,348,185,184,bloc_independantiste,Bloc indépendantiste,Indépendantistes,#2f925d,1,138,184,75,TRUE,1402,Lössi
Province des Iles,2019,Lifou,0012,Tiga,167.79672481501146,-21.094104177809253,199,130,127,bloc_independantiste,Bloc indépendantiste,Indépendantistes,#2f925d,1,125,127,98.4251968503937,TRUE,1402,Lössi
Province des Iles,2019,Lifou,0013,Luecila,167.25787949950455,-20.900908884449866,696,501,496,bloc_independantiste,Bloc indépendantiste,Indépendantistes,#2f925d,1,407,496,82.05645161290323,TRUE,1403,Wet
Province des Iles,2019,Lifou,0014,Hapetra,167.14706004416075,-20.93025342048714,435,334,334,bloc_independantiste,Bloc indépendantiste,Indépendantistes,#2f925d,1,308,334,92.21556886227545,TRUE,1401,Gaitcha
Province des Iles,2019,Lifou,0015,Nang,167.226623,-20.808567,407,250,247,bloc_independantiste,Bloc indépendantiste,Indépendantistes,#2f925d,1,240,247,97.16599190283401,TRUE,NA,NA
Province des Iles,2019,Lifou,0016,Xodre,167.41059644422373,-21.127373900931634,174,89,89,bloc_independantiste,Bloc indépendantiste,Indépendantistes,#2f925d,1,72,89,80.89887640449439,TRUE,1402,Lössi
Province des Iles,2019,Lifou,0017,Huiwatrul,167.34969330586503,-21.090299188696775,415,267,265,bloc_independantiste,Bloc indépendantiste,Indépendantistes,#2f925d,1,222,265,83.77358490566037,TRUE,1402,Lössi
Province des Iles,2019,Lifou,0018,Wedrumel,167.1109551627598,-20.984726331890663,354,209,209,bloc_independantiste,Bloc indépendantiste,Indépendantistes,#2f925d,1,174,209,83.2535885167464,TRUE,1401,Gaitcha
Province des Iles,2019,Lifou,0019,Traput,167.30947771877948,-20.931287472634196,379,200,198,bloc_independantiste,Bloc indépendantiste,Indépendantistes,#2f925d,1,173,198,87.37373737373737,TRUE,1402,Lössi
Province des Iles,2019,Lifou,0020,Kedeigne,167.21465752873138,-21.037060872425982,467,301,301,bloc_independantiste,Bloc indépendantiste,Indépendantistes,#2f925d,1,267,301,88.70431893687707,TRUE,1402,Lössi
Province des Iles,2019,Lifou,0021,Tingeting,167.26667509635985,-20.741613827760364,273,152,152,bloc_independantiste,Bloc indépendantiste,Indépendantistes,#2f925d,1,113,152,74.34210526315789,TRUE,1403,Wet
Province des Iles,2019,Lifou,0022,Hunëtë,167.09364365001284,-20.763254184835077,230,124,124,bloc_independantiste,Bloc indépendantiste,Indépendantistes,#2f925d,1,119,124,95.96774193548387,TRUE,1403,Wet
Province des Iles,2019,Lifou,0023,Luengoni,167.4090226,-21.033997,350,273,268,bloc_independantiste,Bloc indépendantiste,Indépendantistes,#2f925d,1,252,268,94.02985074626865,TRUE,NA,NA
Province des Iles,2019,Lifou,0024,Hnanemuhaetra,167.2208209830944,-20.707970338645733,146,80,79,bloc_independantiste,Bloc indépendantiste,Indépendantistes,#2f925d,1,70,79,88.60759493670886,TRUE,1403,Wet
Province des Iles,2019,Lifou,0025,Hnasse,167.26043772263108,-20.9143896938111,225,140,140,bloc_independantiste,Bloc indépendantiste,Indépendantistes,#2f925d,1,126,140,90,TRUE,1402,Lössi
Province des Iles,2019,Lifou,0026,Kirinata,167.24979496278135,-20.81569061412791,166,117,117,bloc_independantiste,Bloc indépendantiste,Indépendantistes,#2f925d,1,105,117,89.74358974358974,TRUE,1403,Wet
Province des Iles,2019,Maré,0001,Faré Municipal,167.88122247564291,-21.54648900532693,922,714,707,bloc_independantiste,Bloc indépendantiste,Indépendantistes,#2f925d,1,686,707,97.02970297029702,TRUE,1503,Tadine Pénélo
Province des Iles,2019,Maré,0002,Hnawayetche,167.85931527784155,-21.444202132872793,645,458,455,bloc_independantiste,Bloc indépendantiste,Indépendantistes,#2f925d,1,422,455,92.74725274725274,TRUE,1501,Guahma
Province des Iles,2019,Maré,0003,Tenane,167.89430877263374,-21.40460074703544,365,257,257,bloc_independantiste,Bloc indépendantiste,Indépendantistes,#2f925d,1,250,257,97.27626459143968,TRUE,1501,Guahma
Province des Iles,2019,Maré,0004,Atha,168.01753084168095,-21.470451728197048,327,242,242,bloc_independantiste,Bloc indépendantiste,Indépendantistes,#2f925d,1,230,242,95.04132231404958,TRUE,1502,La Roche
Province des Iles,2019,Maré,0005,Tawainedre,168.08527860190287,-21.502551487309265,406,265,263,bloc_independantiste,Bloc indépendantiste,Indépendantistes,#2f925d,1,249,263,94.67680608365019,TRUE,1503,Tadine Pénélo
Province des Iles,2019,Maré,0006,Penelo,168.08945780342214,-21.571088655754444,733,583,582,bloc_independantiste,Bloc indépendantiste,Indépendantistes,#2f925d,1,532,582,91.40893470790378,TRUE,1503,Tadine Pénélo
Province des Iles,2019,Maré,0007,Wabao,167.93937201549338,-21.60210597985789,604,479,479,bloc_independantiste,Bloc indépendantiste,Indépendantistes,#2f925d,1,453,479,94.57202505219206,TRUE,1503,Tadine Pénélo
Province des Iles,2019,Maré,0008,Netché,167.8385405434138,-21.49048664280733,778,541,540,bloc_independantiste,Bloc indépendantiste,Indépendantistes,#2f925d,1,511,540,94.62962962962963,TRUE,1501,Guahma
Province des Iles,2019,Maré,0009,Ménaku,167.96911686605617,-21.444234250592025,240,168,165,bloc_independantiste,Bloc indépendantiste,Indépendantistes,#2f925d,1,141,165,85.45454545454545,TRUE,1501,Guahma
Province des Iles,2019,Maré,0010,Mebuet,167.84863195183632,-21.51331947619321,332,243,239,bloc_independantiste,Bloc indépendantiste,Indépendantistes,#2f925d,1,223,239,93.30543933054393,TRUE,1501,Guahma
Province des Iles,2019,Maré,0011,Roh,167.86202487687797,-21.39242632802858,285,191,191,bloc_independantiste,Bloc indépendantiste,Indépendantistes,#2f925d,1,175,191,91.62303664921465,TRUE,1501,Guahma
Province des Iles,2019,Maré,0012,Eni,167.94942757221617,-21.62666270346723,328,235,233,bloc_independantiste,Bloc indépendantiste,Indépendantistes,#2f925d,1,216,233,92.70386266094421,TRUE,1503,Tadine Pénélo
Province des Iles,2019,Maré,0013,La Roche,168.03155085257677,-21.471745123256497,597,402,400,bloc_independantiste,Bloc indépendantiste,Indépendantistes,#2f925d,1,368,400,92,TRUE,1502,La Roche
Province des Iles,2019,Ouvéa,0001,Mairie,166.5351802059145,-20.652759156712985,914,620,619,bloc_independantiste,Bloc indépendantiste,Indépendantistes,#2f925d,1,503,619,81.26009693053312,TRUE,2002,Fayaoué
Province des Iles,2019,Ouvéa,0002,Fayaoué,166.5351802059145,-20.652759156712985,849,478,469,bloc_independantiste,Bloc indépendantiste,Indépendantistes,#2f925d,1,369,469,78.67803837953092,TRUE,2002,Fayaoué
Province des Iles,2019,Ouvéa,0003,Eot,166.60278918905198,-20.44905017069691,564,396,396,bloc_independantiste,Bloc indépendantiste,Indépendantistes,#2f925d,1,381,396,96.21212121212122,TRUE,2001,Saint Joseph Gossanah Takedji
Province des Iles,2019,Ouvéa,0004,Mouli,166.42132025613634,-20.72325484847604,404,255,253,bloc_independantiste,Bloc indépendantiste,Indépendantistes,#2f925d,1,240,253,94.86166007905139,TRUE,2003,Mouli
Province des Iles,2019,Ouvéa,0005,Wénéki,166.61213110267843,-20.44626073917101,830,533,530,bloc_independantiste,Bloc indépendantiste,Indépendantistes,#2f925d,1,500,530,94.33962264150944,TRUE,2001,Saint Joseph Gossanah Takedji
Province des Iles,2019,Ouvéa,0006,Ognahut,166.55961927804398,-20.65637156152609,433,275,273,bloc_independantiste,Bloc indépendantiste,Indépendantistes,#2f925d,1,230,273,84.24908424908425,TRUE,2002,Fayaoué
Province des Iles,2019,Ouvéa,0007,Lekiny,166.49017173263093,-20.69359693939266,306,182,164,bloc_independantiste,Bloc indépendantiste,Indépendantistes,#2f925d,1,158,164,96.34146341463415,TRUE,2003,Mouli
Province des Iles,2026,Lifou,0001,Salle de mariage - mairie de Lifou,164.9011843365689,-21.121493041727785,645,349,346,bloc_independantiste,Bloc indépendantiste,Indépendantistes,#2f925d,1,337,346,97.39884393063583,FALSE,2501,Pouembout village
Province des Iles,2026,Lifou,0002,Xépénéhé,167.15272048120752,-20.78265899014055,625,352,326,bloc_independantiste,Bloc indépendantiste,Indépendantistes,#2f925d,1,322,326,98.77300613496932,TRUE,1403,Wet
Province des Iles,2026,Lifou,0003,Drueulu,167.07853761275717,-20.930242999544458,747,391,391,bloc_independantiste,Bloc indépendantiste,Indépendantistes,#2f925d,1,388,391,99.23273657289002,TRUE,1401,Gaitcha
Province des Iles,2026,Lifou,0004,Jozip,167.34721888788647,-20.940435542649407,387,243,241,bloc_independantiste,Bloc indépendantiste,Indépendantistes,#2f925d,1,239,241,99.1701244813278,TRUE,1402,Lössi
Province des Iles,2026,Lifou,0005,Jokin,167.16447665584124,-20.703384020726688,456,217,212,bloc_independantiste,Bloc indépendantiste,Indépendantistes,#2f925d,1,212,212,100,TRUE,1403,Wet
Province des Iles,2026,Lifou,0006,Hmelek,167.28575148149378,-21.047986298100245,394,157,153,bloc_independantiste,Bloc indépendantiste,Indépendantistes,#2f925d,1,139,153,90.84967320261438,TRUE,1402,Lössi
Province des Iles,2026,Lifou,0007,Mou,167.41341301025318,-21.092299627592674,546,269,268,bloc_independantiste,Bloc indépendantiste,Indépendantistes,#2f925d,1,248,268,92.53731343283582,TRUE,1402,Lössi
Province des Iles,2026,Lifou,0008,Hnathalo,167.254491,-20.788984,641,376,373,bloc_independantiste,Bloc indépendantiste,Indépendantistes,#2f925d,1,371,373,99.46380697050938,TRUE,NA,NA
Province des Iles,2026,Lifou,0009,Hnacaöm,167.20569292168463,-20.72173372554335,222,104,102,bloc_independantiste,Bloc indépendantiste,Indépendantistes,#2f925d,1,99,102,97.05882352941177,TRUE,1403,Wet
Province des Iles,2026,Lifou,0010,Siloam,167.10495154784974,-20.76013449602238,345,188,182,bloc_independantiste,Bloc indépendantiste,Indépendantistes,#2f925d,1,177,182,97.25274725274726,TRUE,1403,Wet
Province des Iles,2026,Lifou,0011,Wasany,167.37793880476198,-21.00787866730366,353,158,156,bloc_independantiste,Bloc indépendantiste,Indépendantistes,#2f925d,1,154,156,98.71794871794872,TRUE,1402,Lössi
Province des Iles,2026,Lifou,0012,Tiga,167.79672481501146,-21.094104177809253,175,47,47,bloc_independantiste,Bloc indépendantiste,Indépendantistes,#2f925d,1,47,47,100,TRUE,1402,Lössi
Province des Iles,2026,Lifou,0013,Luecila,167.25787949950455,-20.900908884449866,744,454,449,bloc_independantiste,Bloc indépendantiste,Indépendantistes,#2f925d,1,440,449,97.99554565701558,TRUE,1403,Wet
Province des Iles,2026,Lifou,0014,Hapetra,167.14706004416075,-20.93025342048714,415,252,249,bloc_independantiste,Bloc indépendantiste,Indépendantistes,#2f925d,1,247,249,99.19678714859438,TRUE,1401,Gaitcha
Province des Iles,2026,Lifou,0015,Nang,167.226623,-20.808567,406,204,199,bloc_independantiste,Bloc indépendantiste,Indépendantistes,#2f925d,1,196,199,98.49246231155779,TRUE,NA,NA
Province des Iles,2026,Lifou,0016,Xodre,167.41059644422373,-21.127373900931634,173,74,74,bloc_independantiste,Bloc indépendantiste,Indépendantistes,#2f925d,1,70,74,94.5945945945946,TRUE,1402,Lössi
Province des Iles,2026,Lifou,0017,Huiwatrul,167.34969330586503,-21.090299188696775,450,255,252,bloc_independantiste,Bloc indépendantiste,Indépendantistes,#2f925d,1,250,252,99.2063492063492,TRUE,1402,Lössi
Province des Iles,2026,Lifou,0018,Wedrumel,167.1109551627598,-20.984726331890663,371,208,207,bloc_independantiste,Bloc indépendantiste,Indépendantistes,#2f925d,1,204,207,98.55072463768116,TRUE,1401,Gaitcha
Province des Iles,2026,Lifou,0019,Traput,167.30947771877948,-20.931287472634196,402,268,266,bloc_independantiste,Bloc indépendantiste,Indépendantistes,#2f925d,1,260,266,97.74436090225564,TRUE,1402,Lössi
Province des Iles,2026,Lifou,0020,Kedeigne,167.21465752873138,-21.037060872425982,470,341,339,bloc_independantiste,Bloc indépendantiste,Indépendantistes,#2f925d,1,331,339,97.6401179941003,TRUE,1402,Lössi
Province des Iles,2026,Lifou,0021,Tingeting,167.26667509635985,-20.741613827760364,297,129,125,bloc_independantiste,Bloc indépendantiste,Indépendantistes,#2f925d,1,121,125,96.8,TRUE,1403,Wet
Province des Iles,2026,Lifou,0022,Hunëtë,167.09364365001284,-20.763254184835077,234,104,103,bloc_independantiste,Bloc indépendantiste,Indépendantistes,#2f925d,1,102,103,99.02912621359224,TRUE,1403,Wet
Province des Iles,2026,Lifou,0023,Luengoni,167.4090226,-21.033997,342,207,203,bloc_independantiste,Bloc indépendantiste,Indépendantistes,#2f925d,1,196,203,96.55172413793103,TRUE,NA,NA
Province des Iles,2026,Lifou,0024,Hnanemuhaetra,167.2208209830944,-20.707970338645733,155,65,65,bloc_independantiste,Bloc indépendantiste,Indépendantistes,#2f925d,1,62,65,95.38461538461539,TRUE,1403,Wet
Province des Iles,2026,Lifou,0025,Hnassé,167.26043772263108,-20.9143896938111,250,129,129,bloc_independantiste,Bloc indépendantiste,Indépendantistes,#2f925d,1,126,129,97.67441860465117,TRUE,1402,Lössi
Province des Iles,2026,Lifou,0026,Kirinata,167.24979496278135,-20.81569061412791,174,97,97,bloc_independantiste,Bloc indépendantiste,Indépendantistes,#2f925d,1,97,97,100,TRUE,1403,Wet
Province des Iles,2026,Lifou,0027,Thuahaick,166.456104572757,-22.2355536217178,241,127,126,bloc_independantiste,Bloc indépendantiste,Indépendantistes,#2f925d,1,126,126,100,FALSE,1832,Zone industrielle Ducos
Province des Iles,2026,Lifou,0028,Easo-Ewë,166.456104572757,-22.2355536217178,132,76,69,bloc_independantiste,Bloc indépendantiste,Indépendantistes,#2f925d,1,69,69,100,FALSE,1832,Zone industrielle Ducos
Province des Iles,2026,Maré,0001,Tadine,167.88122247564291,-21.54648900532693,586,433,428,bloc_independantiste,Bloc indépendantiste,Indépendantistes,#2f925d,1,428,428,100,TRUE,1503,Tadine Pénélo
Province des Iles,2026,Maré,0002,Hnawayetche,167.85931527784155,-21.444202132872793,644,414,411,bloc_independantiste,Bloc indépendantiste,Indépendantistes,#2f925d,1,408,411,99.27007299270073,TRUE,1501,Guahma
Province des Iles,2026,Maré,0003,Tenane,167.89430877263374,-21.40460074703544,363,230,229,bloc_independantiste,Bloc indépendantiste,Indépendantistes,#2f925d,1,229,229,100,TRUE,1501,Guahma
Province des Iles,2026,Maré,0004,Atha,168.01753084168095,-21.470451728197048,347,204,201,bloc_independantiste,Bloc indépendantiste,Indépendantistes,#2f925d,1,201,201,100,TRUE,1502,La Roche
Province des Iles,2026,Maré,0005,Tawainedre,168.08527860190287,-21.502551487309265,444,231,231,bloc_independantiste,Bloc indépendantiste,Indépendantistes,#2f925d,1,231,231,100,TRUE,1503,Tadine Pénélo
Province des Iles,2026,Maré,0006,Penelo,168.08945780342214,-21.571088655754444,779,453,451,bloc_independantiste,Bloc indépendantiste,Indépendantistes,#2f925d,1,450,451,99.77827050997783,TRUE,1503,Tadine Pénélo
Province des Iles,2026,Maré,0007,Wabao,167.93937201549338,-21.60210597985789,645,432,431,bloc_independantiste,Bloc indépendantiste,Indépendantistes,#2f925d,1,431,431,100,TRUE,1503,Tadine Pénélo
Province des Iles,2026,Maré,0008,Nece,167.8385405434138,-21.49048664280733,762,486,486,bloc_independantiste,Bloc indépendantiste,Indépendantistes,#2f925d,1,485,486,99.79423868312757,TRUE,1501,Guahma
Province des Iles,2026,Maré,0009,Ménaku,167.96911686605617,-21.444234250592025,275,161,159,bloc_independantiste,Bloc indépendantiste,Indépendantistes,#2f925d,1,157,159,98.74213836477988,TRUE,1501,Guahma
Province des Iles,2026,Maré,0010,Mebuet,167.84863195183632,-21.51331947619321,360,239,239,bloc_independantiste,Bloc indépendantiste,Indépendantistes,#2f925d,1,239,239,100,TRUE,1501,Guahma
Province des Iles,2026,Maré,0011,Roh,167.86202487687797,-21.39242632802858,287,171,171,bloc_independantiste,Bloc indépendantiste,Indépendantistes,#2f925d,1,171,171,100,TRUE,1501,Guahma
Province des Iles,2026,Maré,0012,Eni,167.94942757221617,-21.62666270346723,375,242,241,bloc_independantiste,Bloc indépendantiste,Indépendantistes,#2f925d,1,241,241,100,TRUE,1503,Tadine Pénélo
Province des Iles,2026,Maré,0013,La Roche,168.03155085257677,-21.471745123256497,671,362,359,bloc_independantiste,Bloc indépendantiste,Indépendantistes,#2f925d,1,359,359,100,TRUE,1502,La Roche
Province des Iles,2026,Maré,0014,Tuo,167.89428156445027,-21.49517949257516,435,294,291,bloc_independantiste,Bloc indépendantiste,Indépendantistes,#2f925d,1,291,291,100,TRUE,1501,Guahma
Province des Iles,2026,Ouvéa,0001,Mairie,166.5351802059145,-20.652759156712985,955,409,404,bloc_independantiste,Bloc indépendantiste,Indépendantistes,#2f925d,1,331,404,81.93069306930693,TRUE,2002,Fayaoué
Province des Iles,2026,Ouvéa,0002,Fayaoué,166.5351802059145,-20.652759156712985,844,348,342,bloc_independantiste,Bloc indépendantiste,Indépendantistes,#2f925d,1,318,342,92.98245614035088,TRUE,2002,Fayaoué
Province des Iles,2026,Ouvéa,0003,Heo,166.60278918905198,-20.44905017069691,550,289,289,bloc_independantiste,Bloc indépendantiste,Indépendantistes,#2f925d,1,272,289,94.11764705882354,TRUE,2001,Saint Joseph Gossanah Takedji
Province des Iles,2026,Ouvéa,0004,Mouli,166.42132025613634,-20.72325484847604,392,181,175,bloc_independantiste,Bloc indépendantiste,Indépendantistes,#2f925d,1,168,175,96,TRUE,2003,Mouli
Province des Iles,2026,Ouvéa,0005,Wénéki,166.61213110267843,-20.44626073917101,840,345,329,bloc_independantiste,Bloc indépendantiste,Indépendantistes,#2f925d,1,318,329,96.65653495440729,TRUE,2001,Saint Joseph Gossanah Takedji
Province des Iles,2026,Ouvéa,0006,Ognahut,166.55961927804398,-20.65637156152609,447,199,195,bloc_independantiste,Bloc indépendantiste,Indépendantistes,#2f925d,1,186,195,95.38461538461539,TRUE,2002,Fayaoué
Province des Iles,2026,Ouvéa,0007,Lekine,166.49017173263093,-20.69359693939266,300,170,168,bloc_independantiste,Bloc indépendantiste,Indépendantistes,#2f925d,1,165,168,98.21428571428571,TRUE,2003,Mouli
Province des Iles,2019,Lifou,0001,Mairie De We,164.9011843365689,-21.121493041727785,575,359,357,uc_flnks,Union calédonienne – FLNKS,UC-FLNKS,#3b7e4f,2,189,357,52.94117647058823,FALSE,2501,Pouembout village
Province des Iles,2019,Lifou,0002,Xepenehe,167.15272048120752,-20.78265899014055,722,510,507,uc_flnks,Union calédonienne – FLNKS,UC-FLNKS,#3b7e4f,2,292,507,57.59368836291913,TRUE,1403,Wet
Province des Iles,2019,Lifou,0003,Drueulu,167.07853761275717,-20.930242999544458,736,506,504,uc_flnks,Union calédonienne – FLNKS,UC-FLNKS,#3b7e4f,2,189,504,37.5,TRUE,1401,Gaitcha
Province des Iles,2019,Lifou,0004,Jozip,167.34721888788647,-20.940435542649407,377,264,262,uc_flnks,Union calédonienne – FLNKS,UC-FLNKS,#3b7e4f,2,54,262,20.610687022900763,TRUE,1402,Lössi
Province des Iles,2019,Lifou,0005,Jokin,167.16447665584124,-20.703384020726688,422,272,269,uc_flnks,Union calédonienne – FLNKS,UC-FLNKS,#3b7e4f,2,164,269,60.96654275092937,TRUE,1403,Wet
Province des Iles,2019,Lifou,0006,Hmelek,167.28575148149378,-21.047986298100245,585,296,292,uc_flnks,Union calédonienne – FLNKS,UC-FLNKS,#3b7e4f,2,176,292,60.273972602739725,TRUE,1402,Lössi
Province des Iles,2019,Lifou,0007,Mou,167.41341301025318,-21.092299627592674,547,314,310,uc_flnks,Union calédonienne – FLNKS,UC-FLNKS,#3b7e4f,2,170,310,54.83870967741935,TRUE,1402,Lössi
Province des Iles,2019,Lifou,0008,Hnathalo,167.254491,-20.788984,558,344,335,uc_flnks,Union calédonienne – FLNKS,UC-FLNKS,#3b7e4f,2,265,335,79.1044776119403,TRUE,NA,NA
Province des Iles,2019,Lifou,0009,Hnacaom,167.20569292168463,-20.72173372554335,228,128,127,uc_flnks,Union calédonienne – FLNKS,UC-FLNKS,#3b7e4f,2,63,127,49.60629921259842,TRUE,1403,Wet
Province des Iles,2019,Lifou,0010,Siloam,167.10495154784974,-20.76013449602238,329,237,233,uc_flnks,Union calédonienne – FLNKS,UC-FLNKS,#3b7e4f,2,209,233,89.69957081545064,TRUE,1403,Wet
Province des Iles,2019,Lifou,0011,Wasany,167.37793880476198,-21.00787866730366,348,185,184,uc_flnks,Union calédonienne – FLNKS,UC-FLNKS,#3b7e4f,2,87,184,47.28260869565217,TRUE,1402,Lössi
Province des Iles,2019,Lifou,0012,Tiga,167.79672481501146,-21.094104177809253,199,130,127,uc_flnks,Union calédonienne – FLNKS,UC-FLNKS,#3b7e4f,2,30,127,23.62204724409449,TRUE,1402,Lössi
Province des Iles,2019,Lifou,0013,Luecila,167.25787949950455,-20.900908884449866,696,501,496,uc_flnks,Union calédonienne – FLNKS,UC-FLNKS,#3b7e4f,2,301,496,60.685483870967744,TRUE,1403,Wet
Province des Iles,2019,Lifou,0014,Hapetra,167.14706004416075,-20.93025342048714,435,334,334,uc_flnks,Union calédonienne – FLNKS,UC-FLNKS,#3b7e4f,2,84,334,25.149700598802394,TRUE,1401,Gaitcha
Province des Iles,2019,Lifou,0015,Nang,167.226623,-20.808567,407,250,247,uc_flnks,Union calédonienne – FLNKS,UC-FLNKS,#3b7e4f,2,108,247,43.7246963562753,TRUE,NA,NA
Province des Iles,2019,Lifou,0016,Xodre,167.41059644422373,-21.127373900931634,174,89,89,uc_flnks,Union calédonienne – FLNKS,UC-FLNKS,#3b7e4f,2,29,89,32.58426966292135,TRUE,1402,Lössi
Province des Iles,2019,Lifou,0017,Huiwatrul,167.34969330586503,-21.090299188696775,415,267,265,uc_flnks,Union calédonienne – FLNKS,UC-FLNKS,#3b7e4f,2,150,265,56.60377358490566,TRUE,1402,Lössi
Province des Iles,2019,Lifou,0018,Wedrumel,167.1109551627598,-20.984726331890663,354,209,209,uc_flnks,Union calédonienne – FLNKS,UC-FLNKS,#3b7e4f,2,132,209,63.1578947368421,TRUE,1401,Gaitcha
Province des Iles,2019,Lifou,0019,Traput,167.30947771877948,-20.931287472634196,379,200,198,uc_flnks,Union calédonienne – FLNKS,UC-FLNKS,#3b7e4f,2,119,198,60.101010101010104,TRUE,1402,Lössi
Province des Iles,2019,Lifou,0020,Kedeigne,167.21465752873138,-21.037060872425982,467,301,301,uc_flnks,Union calédonienne – FLNKS,UC-FLNKS,#3b7e4f,2,56,301,18.6046511627907,TRUE,1402,Lössi
Province des Iles,2019,Lifou,0021,Tingeting,167.26667509635985,-20.741613827760364,273,152,152,uc_flnks,Union calédonienne – FLNKS,UC-FLNKS,#3b7e4f,2,39,152,25.657894736842106,TRUE,1403,Wet
Province des Iles,2019,Lifou,0022,Hunëtë,167.09364365001284,-20.763254184835077,230,124,124,uc_flnks,Union calédonienne – FLNKS,UC-FLNKS,#3b7e4f,2,96,124,77.41935483870968,TRUE,1403,Wet
Province des Iles,2019,Lifou,0023,Luengoni,167.4090226,-21.033997,350,273,268,uc_flnks,Union calédonienne – FLNKS,UC-FLNKS,#3b7e4f,2,209,268,77.98507462686567,TRUE,NA,NA
Province des Iles,2019,Lifou,0024,Hnanemuhaetra,167.2208209830944,-20.707970338645733,146,80,79,uc_flnks,Union calédonienne – FLNKS,UC-FLNKS,#3b7e4f,2,48,79,60.75949367088607,TRUE,1403,Wet
Province des Iles,2019,Lifou,0025,Hnasse,167.26043772263108,-20.9143896938111,225,140,140,uc_flnks,Union calédonienne – FLNKS,UC-FLNKS,#3b7e4f,2,93,140,66.42857142857143,TRUE,1402,Lössi
Province des Iles,2019,Lifou,0026,Kirinata,167.24979496278135,-20.81569061412791,166,117,117,uc_flnks,Union calédonienne – FLNKS,UC-FLNKS,#3b7e4f,2,62,117,52.99145299145299,TRUE,1403,Wet
Province des Iles,2019,Maré,0001,Faré Municipal,167.88122247564291,-21.54648900532693,922,714,707,uc_flnks,Union calédonienne – FLNKS,UC-FLNKS,#3b7e4f,2,153,707,21.64073550212164,TRUE,1503,Tadine Pénélo
Province des Iles,2019,Maré,0002,Hnawayetche,167.85931527784155,-21.444202132872793,645,458,455,uc_flnks,Union calédonienne – FLNKS,UC-FLNKS,#3b7e4f,2,53,455,11.648351648351648,TRUE,1501,Guahma
Province des Iles,2019,Maré,0003,Tenane,167.89430877263374,-21.40460074703544,365,257,257,uc_flnks,Union calédonienne – FLNKS,UC-FLNKS,#3b7e4f,2,30,257,11.673151750972762,TRUE,1501,Guahma
Province des Iles,2019,Maré,0004,Atha,168.01753084168095,-21.470451728197048,327,242,242,uc_flnks,Union calédonienne – FLNKS,UC-FLNKS,#3b7e4f,2,92,242,38.01652892561984,TRUE,1502,La Roche
Province des Iles,2019,Maré,0005,Tawainedre,168.08527860190287,-21.502551487309265,406,265,263,uc_flnks,Union calédonienne – FLNKS,UC-FLNKS,#3b7e4f,2,62,263,23.574144486692017,TRUE,1503,Tadine Pénélo
Province des Iles,2019,Maré,0006,Penelo,168.08945780342214,-21.571088655754444,733,583,582,uc_flnks,Union calédonienne – FLNKS,UC-FLNKS,#3b7e4f,2,91,582,15.63573883161512,TRUE,1503,Tadine Pénélo
Province des Iles,2019,Maré,0007,Wabao,167.93937201549338,-21.60210597985789,604,479,479,uc_flnks,Union calédonienne – FLNKS,UC-FLNKS,#3b7e4f,2,60,479,12.526096033402922,TRUE,1503,Tadine Pénélo
Province des Iles,2019,Maré,0008,Netché,167.8385405434138,-21.49048664280733,778,541,540,uc_flnks,Union calédonienne – FLNKS,UC-FLNKS,#3b7e4f,2,57,540,10.555555555555555,TRUE,1501,Guahma
Province des Iles,2019,Maré,0009,Ménaku,167.96911686605617,-21.444234250592025,240,168,165,uc_flnks,Union calédonienne – FLNKS,UC-FLNKS,#3b7e4f,2,23,165,13.93939393939394,TRUE,1501,Guahma
Province des Iles,2019,Maré,0010,Mebuet,167.84863195183632,-21.51331947619321,332,243,239,uc_flnks,Union calédonienne – FLNKS,UC-FLNKS,#3b7e4f,2,21,239,8.786610878661088,TRUE,1501,Guahma
Province des Iles,2019,Maré,0011,Roh,167.86202487687797,-21.39242632802858,285,191,191,uc_flnks,Union calédonienne – FLNKS,UC-FLNKS,#3b7e4f,2,33,191,17.277486910994764,TRUE,1501,Guahma
Province des Iles,2019,Maré,0012,Eni,167.94942757221617,-21.62666270346723,328,235,233,uc_flnks,Union calédonienne – FLNKS,UC-FLNKS,#3b7e4f,2,60,233,25.751072961373392,TRUE,1503,Tadine Pénélo
Province des Iles,2019,Maré,0013,La Roche,168.03155085257677,-21.471745123256497,597,402,400,uc_flnks,Union calédonienne – FLNKS,UC-FLNKS,#3b7e4f,2,154,400,38.5,TRUE,1502,La Roche
Province des Iles,2019,Ouvéa,0001,Mairie,166.5351802059145,-20.652759156712985,914,620,619,uc_flnks,Union calédonienne – FLNKS,UC-FLNKS,#3b7e4f,2,166,619,26.81744749596123,TRUE,2002,Fayaoué
Province des Iles,2019,Ouvéa,0002,Fayaoué,166.5351802059145,-20.652759156712985,849,478,469,uc_flnks,Union calédonienne – FLNKS,UC-FLNKS,#3b7e4f,2,42,469,8.955223880597014,TRUE,2002,Fayaoué
Province des Iles,2019,Ouvéa,0003,Eot,166.60278918905198,-20.44905017069691,564,396,396,uc_flnks,Union calédonienne – FLNKS,UC-FLNKS,#3b7e4f,2,225,396,56.81818181818182,TRUE,2001,Saint Joseph Gossanah Takedji
Province des Iles,2019,Ouvéa,0004,Mouli,166.42132025613634,-20.72325484847604,404,255,253,uc_flnks,Union calédonienne – FLNKS,UC-FLNKS,#3b7e4f,2,45,253,17.786561264822133,TRUE,2003,Mouli
Province des Iles,2019,Ouvéa,0005,Wénéki,166.61213110267843,-20.44626073917101,830,533,530,uc_flnks,Union calédonienne – FLNKS,UC-FLNKS,#3b7e4f,2,259,530,48.867924528301884,TRUE,2001,Saint Joseph Gossanah Takedji
Province des Iles,2019,Ouvéa,0006,Ognahut,166.55961927804398,-20.65637156152609,433,275,273,uc_flnks,Union calédonienne – FLNKS,UC-FLNKS,#3b7e4f,2,82,273,30.036630036630036,TRUE,2002,Fayaoué
Province des Iles,2019,Ouvéa,0007,Lekiny,166.49017173263093,-20.69359693939266,306,182,164,uc_flnks,Union calédonienne – FLNKS,UC-FLNKS,#3b7e4f,2,64,164,39.02439024390244,TRUE,2003,Mouli
Province des Iles,2026,Lifou,0001,Salle de mariage - mairie de Lifou,164.9011843365689,-21.121493041727785,645,349,346,uc_flnks,Union calédonienne – FLNKS,UC-FLNKS,#3b7e4f,2,69,346,19.942196531791907,FALSE,2501,Pouembout village
Province des Iles,2026,Lifou,0002,Xépénéhé,167.15272048120752,-20.78265899014055,625,352,326,uc_flnks,Union calédonienne – FLNKS,UC-FLNKS,#3b7e4f,2,129,326,39.57055214723926,TRUE,1403,Wet
Province des Iles,2026,Lifou,0003,Drueulu,167.07853761275717,-20.930242999544458,747,391,391,uc_flnks,Union calédonienne – FLNKS,UC-FLNKS,#3b7e4f,2,153,391,39.130434782608695,TRUE,1401,Gaitcha
Province des Iles,2026,Lifou,0004,Jozip,167.34721888788647,-20.940435542649407,387,243,241,uc_flnks,Union calédonienne – FLNKS,UC-FLNKS,#3b7e4f,2,45,241,18.672199170124482,TRUE,1402,Lössi
Province des Iles,2026,Lifou,0005,Jokin,167.16447665584124,-20.703384020726688,456,217,212,uc_flnks,Union calédonienne – FLNKS,UC-FLNKS,#3b7e4f,2,85,212,40.094339622641506,TRUE,1403,Wet
Province des Iles,2026,Lifou,0006,Hmelek,167.28575148149378,-21.047986298100245,394,157,153,uc_flnks,Union calédonienne – FLNKS,UC-FLNKS,#3b7e4f,2,65,153,42.48366013071895,TRUE,1402,Lössi
Province des Iles,2026,Lifou,0007,Mou,167.41341301025318,-21.092299627592674,546,269,268,uc_flnks,Union calédonienne – FLNKS,UC-FLNKS,#3b7e4f,2,97,268,36.19402985074627,TRUE,1402,Lössi
Province des Iles,2026,Lifou,0008,Hnathalo,167.254491,-20.788984,641,376,373,uc_flnks,Union calédonienne – FLNKS,UC-FLNKS,#3b7e4f,2,224,373,60.05361930294906,TRUE,NA,NA
Province des Iles,2026,Lifou,0009,Hnacaöm,167.20569292168463,-20.72173372554335,222,104,102,uc_flnks,Union calédonienne – FLNKS,UC-FLNKS,#3b7e4f,2,60,102,58.8235294117647,TRUE,1403,Wet
Province des Iles,2026,Lifou,0010,Siloam,167.10495154784974,-20.76013449602238,345,188,182,uc_flnks,Union calédonienne – FLNKS,UC-FLNKS,#3b7e4f,2,139,182,76.37362637362638,TRUE,1403,Wet
Province des Iles,2026,Lifou,0011,Wasany,167.37793880476198,-21.00787866730366,353,158,156,uc_flnks,Union calédonienne – FLNKS,UC-FLNKS,#3b7e4f,2,58,156,37.17948717948718,TRUE,1402,Lössi
Province des Iles,2026,Lifou,0012,Tiga,167.79672481501146,-21.094104177809253,175,47,47,uc_flnks,Union calédonienne – FLNKS,UC-FLNKS,#3b7e4f,2,7,47,14.893617021276595,TRUE,1402,Lössi
Province des Iles,2026,Lifou,0013,Luecila,167.25787949950455,-20.900908884449866,744,454,449,uc_flnks,Union calédonienne – FLNKS,UC-FLNKS,#3b7e4f,2,47,449,10.46770601336303,TRUE,1403,Wet
Province des Iles,2026,Lifou,0014,Hapetra,167.14706004416075,-20.93025342048714,415,252,249,uc_flnks,Union calédonienne – FLNKS,UC-FLNKS,#3b7e4f,2,84,249,33.734939759036145,TRUE,1401,Gaitcha
Province des Iles,2026,Lifou,0015,Nang,167.226623,-20.808567,406,204,199,uc_flnks,Union calédonienne – FLNKS,UC-FLNKS,#3b7e4f,2,82,199,41.20603015075377,TRUE,NA,NA
Province des Iles,2026,Lifou,0016,Xodre,167.41059644422373,-21.127373900931634,173,74,74,uc_flnks,Union calédonienne – FLNKS,UC-FLNKS,#3b7e4f,2,35,74,47.2972972972973,TRUE,1402,Lössi
Province des Iles,2026,Lifou,0017,Huiwatrul,167.34969330586503,-21.090299188696775,450,255,252,uc_flnks,Union calédonienne – FLNKS,UC-FLNKS,#3b7e4f,2,121,252,48.01587301587302,TRUE,1402,Lössi
Province des Iles,2026,Lifou,0018,Wedrumel,167.1109551627598,-20.984726331890663,371,208,207,uc_flnks,Union calédonienne – FLNKS,UC-FLNKS,#3b7e4f,2,122,207,58.93719806763285,TRUE,1401,Gaitcha
Province des Iles,2026,Lifou,0019,Traput,167.30947771877948,-20.931287472634196,402,268,266,uc_flnks,Union calédonienne – FLNKS,UC-FLNKS,#3b7e4f,2,186,266,69.92481203007519,TRUE,1402,Lössi
Province des Iles,2026,Lifou,0020,Kedeigne,167.21465752873138,-21.037060872425982,470,341,339,uc_flnks,Union calédonienne – FLNKS,UC-FLNKS,#3b7e4f,2,86,339,25.36873156342183,TRUE,1402,Lössi
Province des Iles,2026,Lifou,0021,Tingeting,167.26667509635985,-20.741613827760364,297,129,125,uc_flnks,Union calédonienne – FLNKS,UC-FLNKS,#3b7e4f,2,19,125,15.2,TRUE,1403,Wet
Province des Iles,2026,Lifou,0022,Hunëtë,167.09364365001284,-20.763254184835077,234,104,103,uc_flnks,Union calédonienne – FLNKS,UC-FLNKS,#3b7e4f,2,75,103,72.81553398058253,TRUE,1403,Wet
Province des Iles,2026,Lifou,0023,Luengoni,167.4090226,-21.033997,342,207,203,uc_flnks,Union calédonienne – FLNKS,UC-FLNKS,#3b7e4f,2,156,203,76.84729064039409,TRUE,NA,NA
Province des Iles,2026,Lifou,0024,Hnanemuhaetra,167.2208209830944,-20.707970338645733,155,65,65,uc_flnks,Union calédonienne – FLNKS,UC-FLNKS,#3b7e4f,2,35,65,53.84615384615385,TRUE,1403,Wet
Province des Iles,2026,Lifou,0025,Hnassé,167.26043772263108,-20.9143896938111,250,129,129,uc_flnks,Union calédonienne – FLNKS,UC-FLNKS,#3b7e4f,2,25,129,19.37984496124031,TRUE,1402,Lössi
Province des Iles,2026,Lifou,0026,Kirinata,167.24979496278135,-20.81569061412791,174,97,97,uc_flnks,Union calédonienne – FLNKS,UC-FLNKS,#3b7e4f,2,57,97,58.76288659793814,TRUE,1403,Wet
Province des Iles,2026,Lifou,0027,Thuahaick,166.456104572757,-22.2355536217178,241,127,126,uc_flnks,Union calédonienne – FLNKS,UC-FLNKS,#3b7e4f,2,75,126,59.523809523809526,FALSE,1832,Zone industrielle Ducos
Province des Iles,2026,Lifou,0028,Easo-Ewë,166.456104572757,-22.2355536217178,132,76,69,uc_flnks,Union calédonienne – FLNKS,UC-FLNKS,#3b7e4f,2,37,69,53.6231884057971,FALSE,1832,Zone industrielle Ducos
Province des Iles,2026,Maré,0001,Tadine,167.88122247564291,-21.54648900532693,586,433,428,uc_flnks,Union calédonienne – FLNKS,UC-FLNKS,#3b7e4f,2,67,428,15.654205607476635,TRUE,1503,Tadine Pénélo
Province des Iles,2026,Maré,0002,Hnawayetche,167.85931527784155,-21.444202132872793,644,414,411,uc_flnks,Union calédonienne – FLNKS,UC-FLNKS,#3b7e4f,2,65,411,15.815085158150852,TRUE,1501,Guahma
Province des Iles,2026,Maré,0003,Tenane,167.89430877263374,-21.40460074703544,363,230,229,uc_flnks,Union calédonienne – FLNKS,UC-FLNKS,#3b7e4f,2,37,229,16.157205240174672,TRUE,1501,Guahma
Province des Iles,2026,Maré,0004,Atha,168.01753084168095,-21.470451728197048,347,204,201,uc_flnks,Union calédonienne – FLNKS,UC-FLNKS,#3b7e4f,2,53,201,26.3681592039801,TRUE,1502,La Roche
Province des Iles,2026,Maré,0005,Tawainedre,168.08527860190287,-21.502551487309265,444,231,231,uc_flnks,Union calédonienne – FLNKS,UC-FLNKS,#3b7e4f,2,48,231,20.77922077922078,TRUE,1503,Tadine Pénélo
Province des Iles,2026,Maré,0006,Penelo,168.08945780342214,-21.571088655754444,779,453,451,uc_flnks,Union calédonienne – FLNKS,UC-FLNKS,#3b7e4f,2,91,451,20.177383592017737,TRUE,1503,Tadine Pénélo
Province des Iles,2026,Maré,0007,Wabao,167.93937201549338,-21.60210597985789,645,432,431,uc_flnks,Union calédonienne – FLNKS,UC-FLNKS,#3b7e4f,2,82,431,19.02552204176334,TRUE,1503,Tadine Pénélo
Province des Iles,2026,Maré,0008,Nece,167.8385405434138,-21.49048664280733,762,486,486,uc_flnks,Union calédonienne – FLNKS,UC-FLNKS,#3b7e4f,2,38,486,7.818930041152264,TRUE,1501,Guahma
Province des Iles,2026,Maré,0009,Ménaku,167.96911686605617,-21.444234250592025,275,161,159,uc_flnks,Union calédonienne – FLNKS,UC-FLNKS,#3b7e4f,2,22,159,13.836477987421384,TRUE,1501,Guahma
Province des Iles,2026,Maré,0010,Mebuet,167.84863195183632,-21.51331947619321,360,239,239,uc_flnks,Union calédonienne – FLNKS,UC-FLNKS,#3b7e4f,2,22,239,9.205020920502092,TRUE,1501,Guahma
Province des Iles,2026,Maré,0011,Roh,167.86202487687797,-21.39242632802858,287,171,171,uc_flnks,Union calédonienne – FLNKS,UC-FLNKS,#3b7e4f,2,12,171,7.017543859649122,TRUE,1501,Guahma
Province des Iles,2026,Maré,0012,Eni,167.94942757221617,-21.62666270346723,375,242,241,uc_flnks,Union calédonienne – FLNKS,UC-FLNKS,#3b7e4f,2,46,241,19.08713692946058,TRUE,1503,Tadine Pénélo
Province des Iles,2026,Maré,0013,La Roche,168.03155085257677,-21.471745123256497,671,362,359,uc_flnks,Union calédonienne – FLNKS,UC-FLNKS,#3b7e4f,2,119,359,33.147632311977716,TRUE,1502,La Roche
Province des Iles,2026,Maré,0014,Tuo,167.89428156445027,-21.49517949257516,435,294,291,uc_flnks,Union calédonienne – FLNKS,UC-FLNKS,#3b7e4f,2,55,291,18.900343642611684,TRUE,1501,Guahma
Province des Iles,2026,Ouvéa,0001,Mairie,166.5351802059145,-20.652759156712985,955,409,404,uc_flnks,Union calédonienne – FLNKS,UC-FLNKS,#3b7e4f,2,151,404,37.37623762376238,TRUE,2002,Fayaoué
Province des Iles,2026,Ouvéa,0002,Fayaoué,166.5351802059145,-20.652759156712985,844,348,342,uc_flnks,Union calédonienne – FLNKS,UC-FLNKS,#3b7e4f,2,42,342,12.280701754385966,TRUE,2002,Fayaoué
Province des Iles,2026,Ouvéa,0003,Heo,166.60278918905198,-20.44905017069691,550,289,289,uc_flnks,Union calédonienne – FLNKS,UC-FLNKS,#3b7e4f,2,198,289,68.5121107266436,TRUE,2001,Saint Joseph Gossanah Takedji
Province des Iles,2026,Ouvéa,0004,Mouli,166.42132025613634,-20.72325484847604,392,181,175,uc_flnks,Union calédonienne – FLNKS,UC-FLNKS,#3b7e4f,2,88,175,50.285714285714285,TRUE,2003,Mouli
Province des Iles,2026,Ouvéa,0005,Wénéki,166.61213110267843,-20.44626073917101,840,345,329,uc_flnks,Union calédonienne – FLNKS,UC-FLNKS,#3b7e4f,2,201,329,61.09422492401216,TRUE,2001,Saint Joseph Gossanah Takedji
Province des Iles,2026,Ouvéa,0006,Ognahut,166.55961927804398,-20.65637156152609,447,199,195,uc_flnks,Union calédonienne – FLNKS,UC-FLNKS,#3b7e4f,2,68,195,34.87179487179487,TRUE,2002,Fayaoué
Province des Iles,2026,Ouvéa,0007,Lekine,166.49017173263093,-20.69359693939266,300,170,168,uc_flnks,Union calédonienne – FLNKS,UC-FLNKS,#3b7e4f,2,68,168,40.476190476190474,TRUE,2003,Mouli
Province des Iles,2019,Lifou,0001,Mairie De We,164.9011843365689,-21.121493041727785,575,359,357,uni_palika,UNI – Palika,UNI-Palika,#f0c52f,3,28,357,7.8431372549019605,FALSE,2501,Pouembout village
Province des Iles,2019,Lifou,0002,Xepenehe,167.15272048120752,-20.78265899014055,722,510,507,uni_palika,UNI – Palika,UNI-Palika,#f0c52f,3,24,507,4.733727810650888,TRUE,1403,Wet
Province des Iles,2019,Lifou,0003,Drueulu,167.07853761275717,-20.930242999544458,736,506,504,uni_palika,UNI – Palika,UNI-Palika,#f0c52f,3,160,504,31.746031746031747,TRUE,1401,Gaitcha
Province des Iles,2019,Lifou,0004,Jozip,167.34721888788647,-20.940435542649407,377,264,262,uni_palika,UNI – Palika,UNI-Palika,#f0c52f,3,123,262,46.94656488549618,TRUE,1402,Lössi
Province des Iles,2019,Lifou,0005,Jokin,167.16447665584124,-20.703384020726688,422,272,269,uni_palika,UNI – Palika,UNI-Palika,#f0c52f,3,8,269,2.973977695167286,TRUE,1403,Wet
Province des Iles,2019,Lifou,0006,Hmelek,167.28575148149378,-21.047986298100245,585,296,292,uni_palika,UNI – Palika,UNI-Palika,#f0c52f,3,21,292,7.191780821917808,TRUE,1402,Lössi
Province des Iles,2019,Lifou,0007,Mou,167.41341301025318,-21.092299627592674,547,314,310,uni_palika,UNI – Palika,UNI-Palika,#f0c52f,3,32,310,10.32258064516129,TRUE,1402,Lössi
Province des Iles,2019,Lifou,0008,Hnathalo,167.254491,-20.788984,558,344,335,uni_palika,UNI – Palika,UNI-Palika,#f0c52f,3,30,335,8.955223880597014,TRUE,NA,NA
Province des Iles,2019,Lifou,0009,Hnacaom,167.20569292168463,-20.72173372554335,228,128,127,uni_palika,UNI – Palika,UNI-Palika,#f0c52f,3,15,127,11.811023622047244,TRUE,1403,Wet
Province des Iles,2019,Lifou,0010,Siloam,167.10495154784974,-20.76013449602238,329,237,233,uni_palika,UNI – Palika,UNI-Palika,#f0c52f,3,10,233,4.291845493562231,TRUE,1403,Wet
Province des Iles,2019,Lifou,0011,Wasany,167.37793880476198,-21.00787866730366,348,185,184,uni_palika,UNI – Palika,UNI-Palika,#f0c52f,3,27,184,14.673913043478262,TRUE,1402,Lössi
Province des Iles,2019,Lifou,0012,Tiga,167.79672481501146,-21.094104177809253,199,130,127,uni_palika,UNI – Palika,UNI-Palika,#f0c52f,3,5,127,3.937007874015748,TRUE,1402,Lössi
Province des Iles,2019,Lifou,0013,Luecila,167.25787949950455,-20.900908884449866,696,501,496,uni_palika,UNI – Palika,UNI-Palika,#f0c52f,3,69,496,13.911290322580646,TRUE,1403,Wet
Province des Iles,2019,Lifou,0014,Hapetra,167.14706004416075,-20.93025342048714,435,334,334,uni_palika,UNI – Palika,UNI-Palika,#f0c52f,3,159,334,47.604790419161674,TRUE,1401,Gaitcha
Province des Iles,2019,Lifou,0015,Nang,167.226623,-20.808567,407,250,247,uni_palika,UNI – Palika,UNI-Palika,#f0c52f,3,60,247,24.291497975708502,TRUE,NA,NA
Province des Iles,2019,Lifou,0016,Xodre,167.41059644422373,-21.127373900931634,174,89,89,uni_palika,UNI – Palika,UNI-Palika,#f0c52f,3,37,89,41.57303370786517,TRUE,1402,Lössi
Province des Iles,2019,Lifou,0017,Huiwatrul,167.34969330586503,-21.090299188696775,415,267,265,uni_palika,UNI – Palika,UNI-Palika,#f0c52f,3,57,265,21.50943396226415,TRUE,1402,Lössi
Province des Iles,2019,Lifou,0018,Wedrumel,167.1109551627598,-20.984726331890663,354,209,209,uni_palika,UNI – Palika,UNI-Palika,#f0c52f,3,20,209,9.569377990430622,TRUE,1401,Gaitcha
Province des Iles,2019,Lifou,0019,Traput,167.30947771877948,-20.931287472634196,379,200,198,uni_palika,UNI – Palika,UNI-Palika,#f0c52f,3,38,198,19.19191919191919,TRUE,1402,Lössi
Province des Iles,2019,Lifou,0020,Kedeigne,167.21465752873138,-21.037060872425982,467,301,301,uni_palika,UNI – Palika,UNI-Palika,#f0c52f,3,188,301,62.458471760797345,TRUE,1402,Lössi
Province des Iles,2019,Lifou,0021,Tingeting,167.26667509635985,-20.741613827760364,273,152,152,uni_palika,UNI – Palika,UNI-Palika,#f0c52f,3,13,152,8.552631578947368,TRUE,1403,Wet
Province des Iles,2019,Lifou,0022,Hunëtë,167.09364365001284,-20.763254184835077,230,124,124,uni_palika,UNI – Palika,UNI-Palika,#f0c52f,3,14,124,11.290322580645162,TRUE,1403,Wet
Province des Iles,2019,Lifou,0023,Luengoni,167.4090226,-21.033997,350,273,268,uni_palika,UNI – Palika,UNI-Palika,#f0c52f,3,9,268,3.3582089552238807,TRUE,NA,NA
Province des Iles,2019,Lifou,0024,Hnanemuhaetra,167.2208209830944,-20.707970338645733,146,80,79,uni_palika,UNI – Palika,UNI-Palika,#f0c52f,3,5,79,6.329113924050633,TRUE,1403,Wet
Province des Iles,2019,Lifou,0025,Hnasse,167.26043772263108,-20.9143896938111,225,140,140,uni_palika,UNI – Palika,UNI-Palika,#f0c52f,3,18,140,12.857142857142858,TRUE,1402,Lössi
Province des Iles,2019,Lifou,0026,Kirinata,167.24979496278135,-20.81569061412791,166,117,117,uni_palika,UNI – Palika,UNI-Palika,#f0c52f,3,17,117,14.52991452991453,TRUE,1403,Wet
Province des Iles,2019,Maré,0001,Faré Municipal,167.88122247564291,-21.54648900532693,922,714,707,uni_palika,UNI – Palika,UNI-Palika,#f0c52f,3,72,707,10.183875530410184,TRUE,1503,Tadine Pénélo
Province des Iles,2019,Maré,0002,Hnawayetche,167.85931527784155,-21.444202132872793,645,458,455,uni_palika,UNI – Palika,UNI-Palika,#f0c52f,3,21,455,4.615384615384615,TRUE,1501,Guahma
Province des Iles,2019,Maré,0003,Tenane,167.89430877263374,-21.40460074703544,365,257,257,uni_palika,UNI – Palika,UNI-Palika,#f0c52f,3,50,257,19.455252918287936,TRUE,1501,Guahma
Province des Iles,2019,Maré,0004,Atha,168.01753084168095,-21.470451728197048,327,242,242,uni_palika,UNI – Palika,UNI-Palika,#f0c52f,3,22,242,9.090909090909092,TRUE,1502,La Roche
Province des Iles,2019,Maré,0005,Tawainedre,168.08527860190287,-21.502551487309265,406,265,263,uni_palika,UNI – Palika,UNI-Palika,#f0c52f,3,106,263,40.3041825095057,TRUE,1503,Tadine Pénélo
Province des Iles,2019,Maré,0006,Penelo,168.08945780342214,-21.571088655754444,733,583,582,uni_palika,UNI – Palika,UNI-Palika,#f0c52f,3,313,582,53.78006872852234,TRUE,1503,Tadine Pénélo
Province des Iles,2019,Maré,0007,Wabao,167.93937201549338,-21.60210597985789,604,479,479,uni_palika,UNI – Palika,UNI-Palika,#f0c52f,3,179,479,37.36951983298539,TRUE,1503,Tadine Pénélo
Province des Iles,2019,Maré,0008,Netché,167.8385405434138,-21.49048664280733,778,541,540,uni_palika,UNI – Palika,UNI-Palika,#f0c52f,3,31,540,5.7407407407407405,TRUE,1501,Guahma
Province des Iles,2019,Maré,0009,Ménaku,167.96911686605617,-21.444234250592025,240,168,165,uni_palika,UNI – Palika,UNI-Palika,#f0c52f,3,10,165,6.0606060606060606,TRUE,1501,Guahma
Province des Iles,2019,Maré,0010,Mebuet,167.84863195183632,-21.51331947619321,332,243,239,uni_palika,UNI – Palika,UNI-Palika,#f0c52f,3,14,239,5.857740585774058,TRUE,1501,Guahma
Province des Iles,2019,Maré,0011,Roh,167.86202487687797,-21.39242632802858,285,191,191,uni_palika,UNI – Palika,UNI-Palika,#f0c52f,3,5,191,2.6178010471204187,TRUE,1501,Guahma
Province des Iles,2019,Maré,0012,Eni,167.94942757221617,-21.62666270346723,328,235,233,uni_palika,UNI – Palika,UNI-Palika,#f0c52f,3,69,233,29.613733905579398,TRUE,1503,Tadine Pénélo
Province des Iles,2019,Maré,0013,La Roche,168.03155085257677,-21.471745123256497,597,402,400,uni_palika,UNI – Palika,UNI-Palika,#f0c52f,3,42,400,10.5,TRUE,1502,La Roche
Province des Iles,2019,Ouvéa,0001,Mairie,166.5351802059145,-20.652759156712985,914,620,619,uni_palika,UNI – Palika,UNI-Palika,#f0c52f,3,233,619,37.64135702746365,TRUE,2002,Fayaoué
Province des Iles,2019,Ouvéa,0002,Fayaoué,166.5351802059145,-20.652759156712985,849,478,469,uni_palika,UNI – Palika,UNI-Palika,#f0c52f,3,231,469,49.25373134328358,TRUE,2002,Fayaoué
Province des Iles,2019,Ouvéa,0003,Eot,166.60278918905198,-20.44905017069691,564,396,396,uni_palika,UNI – Palika,UNI-Palika,#f0c52f,3,45,396,11.363636363636363,TRUE,2001,Saint Joseph Gossanah Takedji
Province des Iles,2019,Ouvéa,0004,Mouli,166.42132025613634,-20.72325484847604,404,255,253,uni_palika,UNI – Palika,UNI-Palika,#f0c52f,3,111,253,43.873517786561266,TRUE,2003,Mouli
Province des Iles,2019,Ouvéa,0005,Wénéki,166.61213110267843,-20.44626073917101,830,533,530,uni_palika,UNI – Palika,UNI-Palika,#f0c52f,3,82,530,15.471698113207546,TRUE,2001,Saint Joseph Gossanah Takedji
Province des Iles,2019,Ouvéa,0006,Ognahut,166.55961927804398,-20.65637156152609,433,275,273,uni_palika,UNI – Palika,UNI-Palika,#f0c52f,3,109,273,39.92673992673993,TRUE,2002,Fayaoué
Province des Iles,2019,Ouvéa,0007,Lekiny,166.49017173263093,-20.69359693939266,306,182,164,uni_palika,UNI – Palika,UNI-Palika,#f0c52f,3,38,164,23.170731707317074,TRUE,2003,Mouli
Province des Iles,2026,Lifou,0001,Salle de mariage - mairie de Lifou,164.9011843365689,-21.121493041727785,645,349,346,uni_palika,UNI – Palika,UNI-Palika,#f0c52f,3,46,346,13.294797687861271,FALSE,2501,Pouembout village
Province des Iles,2026,Lifou,0002,Xépénéhé,167.15272048120752,-20.78265899014055,625,352,326,uni_palika,UNI – Palika,UNI-Palika,#f0c52f,3,22,326,6.748466257668712,TRUE,1403,Wet
Province des Iles,2026,Lifou,0003,Drueulu,167.07853761275717,-20.930242999544458,747,391,391,uni_palika,UNI – Palika,UNI-Palika,#f0c52f,3,126,391,32.22506393861892,TRUE,1401,Gaitcha
Province des Iles,2026,Lifou,0004,Jozip,167.34721888788647,-20.940435542649407,387,243,241,uni_palika,UNI – Palika,UNI-Palika,#f0c52f,3,131,241,54.356846473029044,TRUE,1402,Lössi
Province des Iles,2026,Lifou,0005,Jokin,167.16447665584124,-20.703384020726688,456,217,212,uni_palika,UNI – Palika,UNI-Palika,#f0c52f,3,14,212,6.60377358490566,TRUE,1403,Wet
Province des Iles,2026,Lifou,0006,Hmelek,167.28575148149378,-21.047986298100245,394,157,153,uni_palika,UNI – Palika,UNI-Palika,#f0c52f,3,26,153,16.99346405228758,TRUE,1402,Lössi
Province des Iles,2026,Lifou,0007,Mou,167.41341301025318,-21.092299627592674,546,269,268,uni_palika,UNI – Palika,UNI-Palika,#f0c52f,3,75,268,27.98507462686567,TRUE,1402,Lössi
Province des Iles,2026,Lifou,0008,Hnathalo,167.254491,-20.788984,641,376,373,uni_palika,UNI – Palika,UNI-Palika,#f0c52f,3,82,373,21.98391420911528,TRUE,NA,NA
Province des Iles,2026,Lifou,0009,Hnacaöm,167.20569292168463,-20.72173372554335,222,104,102,uni_palika,UNI – Palika,UNI-Palika,#f0c52f,3,10,102,9.803921568627452,TRUE,1403,Wet
Province des Iles,2026,Lifou,0010,Siloam,167.10495154784974,-20.76013449602238,345,188,182,uni_palika,UNI – Palika,UNI-Palika,#f0c52f,3,18,182,9.89010989010989,TRUE,1403,Wet
Province des Iles,2026,Lifou,0011,Wasany,167.37793880476198,-21.00787866730366,353,158,156,uni_palika,UNI – Palika,UNI-Palika,#f0c52f,3,46,156,29.487179487179485,TRUE,1402,Lössi
Province des Iles,2026,Lifou,0012,Tiga,167.79672481501146,-21.094104177809253,175,47,47,uni_palika,UNI – Palika,UNI-Palika,#f0c52f,3,2,47,4.25531914893617,TRUE,1402,Lössi
Province des Iles,2026,Lifou,0013,Luecila,167.25787949950455,-20.900908884449866,744,454,449,uni_palika,UNI – Palika,UNI-Palika,#f0c52f,3,112,449,24.94432071269488,TRUE,1403,Wet
Province des Iles,2026,Lifou,0014,Hapetra,167.14706004416075,-20.93025342048714,415,252,249,uni_palika,UNI – Palika,UNI-Palika,#f0c52f,3,109,249,43.77510040160642,TRUE,1401,Gaitcha
Province des Iles,2026,Lifou,0015,Nang,167.226623,-20.808567,406,204,199,uni_palika,UNI – Palika,UNI-Palika,#f0c52f,3,54,199,27.1356783919598,TRUE,NA,NA
Province des Iles,2026,Lifou,0016,Xodre,167.41059644422373,-21.127373900931634,173,74,74,uni_palika,UNI – Palika,UNI-Palika,#f0c52f,3,27,74,36.486486486486484,TRUE,1402,Lössi
Province des Iles,2026,Lifou,0017,Huiwatrul,167.34969330586503,-21.090299188696775,450,255,252,uni_palika,UNI – Palika,UNI-Palika,#f0c52f,3,107,252,42.46031746031746,TRUE,1402,Lössi
Province des Iles,2026,Lifou,0018,Wedrumel,167.1109551627598,-20.984726331890663,371,208,207,uni_palika,UNI – Palika,UNI-Palika,#f0c52f,3,48,207,23.18840579710145,TRUE,1401,Gaitcha
Province des Iles,2026,Lifou,0019,Traput,167.30947771877948,-20.931287472634196,402,268,266,uni_palika,UNI – Palika,UNI-Palika,#f0c52f,3,59,266,22.18045112781955,TRUE,1402,Lössi
Province des Iles,2026,Lifou,0020,Kedeigne,167.21465752873138,-21.037060872425982,470,341,339,uni_palika,UNI – Palika,UNI-Palika,#f0c52f,3,216,339,63.716814159292035,TRUE,1402,Lössi
Province des Iles,2026,Lifou,0021,Tingeting,167.26667509635985,-20.741613827760364,297,129,125,uni_palika,UNI – Palika,UNI-Palika,#f0c52f,3,49,125,39.2,TRUE,1403,Wet
Province des Iles,2026,Lifou,0022,Hunëtë,167.09364365001284,-20.763254184835077,234,104,103,uni_palika,UNI – Palika,UNI-Palika,#f0c52f,3,15,103,14.563106796116505,TRUE,1403,Wet
Province des Iles,2026,Lifou,0023,Luengoni,167.4090226,-21.033997,342,207,203,uni_palika,UNI – Palika,UNI-Palika,#f0c52f,3,13,203,6.403940886699507,TRUE,NA,NA
Province des Iles,2026,Lifou,0024,Hnanemuhaetra,167.2208209830944,-20.707970338645733,155,65,65,uni_palika,UNI – Palika,UNI-Palika,#f0c52f,3,6,65,9.23076923076923,TRUE,1403,Wet
Province des Iles,2026,Lifou,0025,Hnassé,167.26043772263108,-20.9143896938111,250,129,129,uni_palika,UNI – Palika,UNI-Palika,#f0c52f,3,30,129,23.25581395348837,TRUE,1402,Lössi
Province des Iles,2026,Lifou,0026,Kirinata,167.24979496278135,-20.81569061412791,174,97,97,uni_palika,UNI – Palika,UNI-Palika,#f0c52f,3,16,97,16.49484536082474,TRUE,1403,Wet
Province des Iles,2026,Lifou,0027,Thuahaick,166.456104572757,-22.2355536217178,241,127,126,uni_palika,UNI – Palika,UNI-Palika,#f0c52f,3,32,126,25.396825396825395,FALSE,1832,Zone industrielle Ducos
Province des Iles,2026,Lifou,0028,Easo-Ewë,166.456104572757,-22.2355536217178,132,76,69,uni_palika,UNI – Palika,UNI-Palika,#f0c52f,3,2,69,2.898550724637681,FALSE,1832,Zone industrielle Ducos
Province des Iles,2026,Maré,0001,Tadine,167.88122247564291,-21.54648900532693,586,433,428,uni_palika,UNI – Palika,UNI-Palika,#f0c52f,3,42,428,9.813084112149532,TRUE,1503,Tadine Pénélo
Province des Iles,2026,Maré,0002,Hnawayetche,167.85931527784155,-21.444202132872793,644,414,411,uni_palika,UNI – Palika,UNI-Palika,#f0c52f,3,3,411,0.7299270072992701,TRUE,1501,Guahma
Province des Iles,2026,Maré,0003,Tenane,167.89430877263374,-21.40460074703544,363,230,229,uni_palika,UNI – Palika,UNI-Palika,#f0c52f,3,29,229,12.663755458515285,TRUE,1501,Guahma
Province des Iles,2026,Maré,0004,Atha,168.01753084168095,-21.470451728197048,347,204,201,uni_palika,UNI – Palika,UNI-Palika,#f0c52f,3,11,201,5.472636815920398,TRUE,1502,La Roche
Province des Iles,2026,Maré,0005,Tawainedre,168.08527860190287,-21.502551487309265,444,231,231,uni_palika,UNI – Palika,UNI-Palika,#f0c52f,3,56,231,24.242424242424242,TRUE,1503,Tadine Pénélo
Province des Iles,2026,Maré,0006,Penelo,168.08945780342214,-21.571088655754444,779,453,451,uni_palika,UNI – Palika,UNI-Palika,#f0c52f,3,146,451,32.37250554323725,TRUE,1503,Tadine Pénélo
Province des Iles,2026,Maré,0007,Wabao,167.93937201549338,-21.60210597985789,645,432,431,uni_palika,UNI – Palika,UNI-Palika,#f0c52f,3,168,431,38.97911832946636,TRUE,1503,Tadine Pénélo
Province des Iles,2026,Maré,0008,Nece,167.8385405434138,-21.49048664280733,762,486,486,uni_palika,UNI – Palika,UNI-Palika,#f0c52f,3,14,486,2.880658436213992,TRUE,1501,Guahma
Province des Iles,2026,Maré,0009,Ménaku,167.96911686605617,-21.444234250592025,275,161,159,uni_palika,UNI – Palika,UNI-Palika,#f0c52f,3,4,159,2.5157232704402515,TRUE,1501,Guahma
Province des Iles,2026,Maré,0010,Mebuet,167.84863195183632,-21.51331947619321,360,239,239,uni_palika,UNI – Palika,UNI-Palika,#f0c52f,3,6,239,2.510460251046025,TRUE,1501,Guahma
Province des Iles,2026,Maré,0011,Roh,167.86202487687797,-21.39242632802858,287,171,171,uni_palika,UNI – Palika,UNI-Palika,#f0c52f,3,4,171,2.3391812865497075,TRUE,1501,Guahma
Province des Iles,2026,Maré,0012,Eni,167.94942757221617,-21.62666270346723,375,242,241,uni_palika,UNI – Palika,UNI-Palika,#f0c52f,3,75,241,31.12033195020747,TRUE,1503,Tadine Pénélo
Province des Iles,2026,Maré,0013,La Roche,168.03155085257677,-21.471745123256497,671,362,359,uni_palika,UNI – Palika,UNI-Palika,#f0c52f,3,12,359,3.3426183844011144,TRUE,1502,La Roche
Province des Iles,2026,Maré,0014,Tuo,167.89428156445027,-21.49517949257516,435,294,291,uni_palika,UNI – Palika,UNI-Palika,#f0c52f,3,10,291,3.4364261168384878,TRUE,1501,Guahma
Province des Iles,2026,Ouvéa,0001,Mairie,166.5351802059145,-20.652759156712985,955,409,404,uni_palika,UNI – Palika,UNI-Palika,#f0c52f,3,118,404,29.207920792079207,TRUE,2002,Fayaoué
Province des Iles,2026,Ouvéa,0002,Fayaoué,166.5351802059145,-20.652759156712985,844,348,342,uni_palika,UNI – Palika,UNI-Palika,#f0c52f,3,186,342,54.3859649122807,TRUE,2002,Fayaoué
Province des Iles,2026,Ouvéa,0003,Heo,166.60278918905198,-20.44905017069691,550,289,289,uni_palika,UNI – Palika,UNI-Palika,#f0c52f,3,18,289,6.228373702422146,TRUE,2001,Saint Joseph Gossanah Takedji
Province des Iles,2026,Ouvéa,0004,Mouli,166.42132025613634,-20.72325484847604,392,181,175,uni_palika,UNI – Palika,UNI-Palika,#f0c52f,3,2,175,1.1428571428571428,TRUE,2003,Mouli
Province des Iles,2026,Ouvéa,0005,Wénéki,166.61213110267843,-20.44626073917101,840,345,329,uni_palika,UNI – Palika,UNI-Palika,#f0c52f,3,29,329,8.814589665653495,TRUE,2001,Saint Joseph Gossanah Takedji
Province des Iles,2026,Ouvéa,0006,Ognahut,166.55961927804398,-20.65637156152609,447,199,195,uni_palika,UNI – Palika,UNI-Palika,#f0c52f,3,49,195,25.128205128205128,TRUE,2002,Fayaoué
Province des Iles,2026,Ouvéa,0007,Lekine,166.49017173263093,-20.69359693939266,300,170,168,uni_palika,UNI – Palika,UNI-Palika,#f0c52f,3,6,168,3.5714285714285716,TRUE,2003,Mouli
Province des Iles,2019,Lifou,0001,Mairie De We,164.9011843365689,-21.121493041727785,575,359,357,dynamique_autochtone,Dynamique autochtone,Dyn. autochtone,#d18b24,4,28,357,7.8431372549019605,FALSE,2501,Pouembout village
Province des Iles,2019,Lifou,0002,Xepenehe,167.15272048120752,-20.78265899014055,722,510,507,dynamique_autochtone,Dynamique autochtone,Dyn. autochtone,#d18b24,4,9,507,1.7751479289940828,TRUE,1403,Wet
Province des Iles,2019,Lifou,0003,Drueulu,167.07853761275717,-20.930242999544458,736,506,504,dynamique_autochtone,Dynamique autochtone,Dyn. autochtone,#d18b24,4,20,504,3.9682539682539684,TRUE,1401,Gaitcha
Province des Iles,2019,Lifou,0004,Jozip,167.34721888788647,-20.940435542649407,377,264,262,dynamique_autochtone,Dynamique autochtone,Dyn. autochtone,#d18b24,4,8,262,3.053435114503817,TRUE,1402,Lössi
Province des Iles,2019,Lifou,0005,Jokin,167.16447665584124,-20.703384020726688,422,272,269,dynamique_autochtone,Dynamique autochtone,Dyn. autochtone,#d18b24,4,6,269,2.2304832713754648,TRUE,1403,Wet
Province des Iles,2019,Lifou,0006,Hmelek,167.28575148149378,-21.047986298100245,585,296,292,dynamique_autochtone,Dynamique autochtone,Dyn. autochtone,#d18b24,4,10,292,3.4246575342465753,TRUE,1402,Lössi
Province des Iles,2019,Lifou,0007,Mou,167.41341301025318,-21.092299627592674,547,314,310,dynamique_autochtone,Dynamique autochtone,Dyn. autochtone,#d18b24,4,15,310,4.838709677419355,TRUE,1402,Lössi
Province des Iles,2019,Lifou,0008,Hnathalo,167.254491,-20.788984,558,344,335,dynamique_autochtone,Dynamique autochtone,Dyn. autochtone,#d18b24,4,6,335,1.791044776119403,TRUE,NA,NA
Province des Iles,2019,Lifou,0009,Hnacaom,167.20569292168463,-20.72173372554335,228,128,127,dynamique_autochtone,Dynamique autochtone,Dyn. autochtone,#d18b24,4,12,127,9.448818897637794,TRUE,1403,Wet
Province des Iles,2019,Lifou,0010,Siloam,167.10495154784974,-20.76013449602238,329,237,233,dynamique_autochtone,Dynamique autochtone,Dyn. autochtone,#d18b24,4,1,233,0.4291845493562232,TRUE,1403,Wet
Province des Iles,2019,Lifou,0011,Wasany,167.37793880476198,-21.00787866730366,348,185,184,dynamique_autochtone,Dynamique autochtone,Dyn. autochtone,#d18b24,4,2,184,1.0869565217391304,TRUE,1402,Lössi
Province des Iles,2019,Lifou,0012,Tiga,167.79672481501146,-21.094104177809253,199,130,127,dynamique_autochtone,Dynamique autochtone,Dyn. autochtone,#d18b24,4,0,127,0,TRUE,1402,Lössi
Province des Iles,2019,Lifou,0013,Luecila,167.25787949950455,-20.900908884449866,696,501,496,dynamique_autochtone,Dynamique autochtone,Dyn. autochtone,#d18b24,4,7,496,1.4112903225806452,TRUE,1403,Wet
Province des Iles,2019,Lifou,0014,Hapetra,167.14706004416075,-20.93025342048714,435,334,334,dynamique_autochtone,Dynamique autochtone,Dyn. autochtone,#d18b24,4,7,334,2.095808383233533,TRUE,1401,Gaitcha
Province des Iles,2019,Lifou,0015,Nang,167.226623,-20.808567,407,250,247,dynamique_autochtone,Dynamique autochtone,Dyn. autochtone,#d18b24,4,1,247,0.4048582995951417,TRUE,NA,NA
Province des Iles,2019,Lifou,0016,Xodre,167.41059644422373,-21.127373900931634,174,89,89,dynamique_autochtone,Dynamique autochtone,Dyn. autochtone,#d18b24,4,0,89,0,TRUE,1402,Lössi
Province des Iles,2019,Lifou,0017,Huiwatrul,167.34969330586503,-21.090299188696775,415,267,265,dynamique_autochtone,Dynamique autochtone,Dyn. autochtone,#d18b24,4,4,265,1.509433962264151,TRUE,1402,Lössi
Province des Iles,2019,Lifou,0018,Wedrumel,167.1109551627598,-20.984726331890663,354,209,209,dynamique_autochtone,Dynamique autochtone,Dyn. autochtone,#d18b24,4,0,209,0,TRUE,1401,Gaitcha
Province des Iles,2019,Lifou,0019,Traput,167.30947771877948,-20.931287472634196,379,200,198,dynamique_autochtone,Dynamique autochtone,Dyn. autochtone,#d18b24,4,0,198,0,TRUE,1402,Lössi
Province des Iles,2019,Lifou,0020,Kedeigne,167.21465752873138,-21.037060872425982,467,301,301,dynamique_autochtone,Dynamique autochtone,Dyn. autochtone,#d18b24,4,1,301,0.33222591362126247,TRUE,1402,Lössi
Province des Iles,2019,Lifou,0021,Tingeting,167.26667509635985,-20.741613827760364,273,152,152,dynamique_autochtone,Dynamique autochtone,Dyn. autochtone,#d18b24,4,2,152,1.3157894736842106,TRUE,1403,Wet
Province des Iles,2019,Lifou,0022,Hunëtë,167.09364365001284,-20.763254184835077,230,124,124,dynamique_autochtone,Dynamique autochtone,Dyn. autochtone,#d18b24,4,0,124,0,TRUE,1403,Wet
Province des Iles,2019,Lifou,0023,Luengoni,167.4090226,-21.033997,350,273,268,dynamique_autochtone,Dynamique autochtone,Dyn. autochtone,#d18b24,4,19,268,7.08955223880597,TRUE,NA,NA
Province des Iles,2019,Lifou,0024,Hnanemuhaetra,167.2208209830944,-20.707970338645733,146,80,79,dynamique_autochtone,Dynamique autochtone,Dyn. autochtone,#d18b24,4,1,79,1.2658227848101267,TRUE,1403,Wet
Province des Iles,2019,Lifou,0025,Hnasse,167.26043772263108,-20.9143896938111,225,140,140,dynamique_autochtone,Dynamique autochtone,Dyn. autochtone,#d18b24,4,3,140,2.142857142857143,TRUE,1402,Lössi
Province des Iles,2019,Lifou,0026,Kirinata,167.24979496278135,-20.81569061412791,166,117,117,dynamique_autochtone,Dynamique autochtone,Dyn. autochtone,#d18b24,4,0,117,0,TRUE,1403,Wet
Province des Iles,2019,Maré,0001,Faré Municipal,167.88122247564291,-21.54648900532693,922,714,707,dynamique_autochtone,Dynamique autochtone,Dyn. autochtone,#d18b24,4,224,707,31.683168316831683,TRUE,1503,Tadine Pénélo
Province des Iles,2019,Maré,0002,Hnawayetche,167.85931527784155,-21.444202132872793,645,458,455,dynamique_autochtone,Dynamique autochtone,Dyn. autochtone,#d18b24,4,190,455,41.75824175824176,TRUE,1501,Guahma
Province des Iles,2019,Maré,0003,Tenane,167.89430877263374,-21.40460074703544,365,257,257,dynamique_autochtone,Dynamique autochtone,Dyn. autochtone,#d18b24,4,92,257,35.797665369649806,TRUE,1501,Guahma
Province des Iles,2019,Maré,0004,Atha,168.01753084168095,-21.470451728197048,327,242,242,dynamique_autochtone,Dynamique autochtone,Dyn. autochtone,#d18b24,4,11,242,4.545454545454546,TRUE,1502,La Roche
Province des Iles,2019,Maré,0005,Tawainedre,168.08527860190287,-21.502551487309265,406,265,263,dynamique_autochtone,Dynamique autochtone,Dyn. autochtone,#d18b24,4,12,263,4.562737642585551,TRUE,1503,Tadine Pénélo
Province des Iles,2019,Maré,0006,Penelo,168.08945780342214,-21.571088655754444,733,583,582,dynamique_autochtone,Dynamique autochtone,Dyn. autochtone,#d18b24,4,54,582,9.278350515463918,TRUE,1503,Tadine Pénélo
Province des Iles,2019,Maré,0007,Wabao,167.93937201549338,-21.60210597985789,604,479,479,dynamique_autochtone,Dynamique autochtone,Dyn. autochtone,#d18b24,4,126,479,26.304801670146137,TRUE,1503,Tadine Pénélo
Province des Iles,2019,Maré,0008,Netché,167.8385405434138,-21.49048664280733,778,541,540,dynamique_autochtone,Dynamique autochtone,Dyn. autochtone,#d18b24,4,344,540,63.7037037037037,TRUE,1501,Guahma
Province des Iles,2019,Maré,0009,Ménaku,167.96911686605617,-21.444234250592025,240,168,165,dynamique_autochtone,Dynamique autochtone,Dyn. autochtone,#d18b24,4,56,165,33.93939393939394,TRUE,1501,Guahma
Province des Iles,2019,Maré,0010,Mebuet,167.84863195183632,-21.51331947619321,332,243,239,dynamique_autochtone,Dynamique autochtone,Dyn. autochtone,#d18b24,4,120,239,50.2092050209205,TRUE,1501,Guahma
Province des Iles,2019,Maré,0011,Roh,167.86202487687797,-21.39242632802858,285,191,191,dynamique_autochtone,Dynamique autochtone,Dyn. autochtone,#d18b24,4,70,191,36.64921465968586,TRUE,1501,Guahma
Province des Iles,2019,Maré,0012,Eni,167.94942757221617,-21.62666270346723,328,235,233,dynamique_autochtone,Dynamique autochtone,Dyn. autochtone,#d18b24,4,26,233,11.158798283261802,TRUE,1503,Tadine Pénélo
Province des Iles,2019,Maré,0013,La Roche,168.03155085257677,-21.471745123256497,597,402,400,dynamique_autochtone,Dynamique autochtone,Dyn. autochtone,#d18b24,4,24,400,6,TRUE,1502,La Roche
Province des Iles,2019,Ouvéa,0001,Mairie,166.5351802059145,-20.652759156712985,914,620,619,dynamique_autochtone,Dynamique autochtone,Dyn. autochtone,#d18b24,4,1,619,0.16155088852988692,TRUE,2002,Fayaoué
Province des Iles,2019,Ouvéa,0002,Fayaoué,166.5351802059145,-20.652759156712985,849,478,469,dynamique_autochtone,Dynamique autochtone,Dyn. autochtone,#d18b24,4,9,469,1.9189765458422174,TRUE,2002,Fayaoué
Province des Iles,2019,Ouvéa,0003,Eot,166.60278918905198,-20.44905017069691,564,396,396,dynamique_autochtone,Dynamique autochtone,Dyn. autochtone,#d18b24,4,2,396,0.5050505050505051,TRUE,2001,Saint Joseph Gossanah Takedji
Province des Iles,2019,Ouvéa,0004,Mouli,166.42132025613634,-20.72325484847604,404,255,253,dynamique_autochtone,Dynamique autochtone,Dyn. autochtone,#d18b24,4,0,253,0,TRUE,2003,Mouli
Province des Iles,2019,Ouvéa,0005,Wénéki,166.61213110267843,-20.44626073917101,830,533,530,dynamique_autochtone,Dynamique autochtone,Dyn. autochtone,#d18b24,4,2,530,0.37735849056603776,TRUE,2001,Saint Joseph Gossanah Takedji
Province des Iles,2019,Ouvéa,0006,Ognahut,166.55961927804398,-20.65637156152609,433,275,273,dynamique_autochtone,Dynamique autochtone,Dyn. autochtone,#d18b24,4,11,273,4.029304029304029,TRUE,2002,Fayaoué
Province des Iles,2019,Ouvéa,0007,Lekiny,166.49017173263093,-20.69359693939266,306,182,164,dynamique_autochtone,Dynamique autochtone,Dyn. autochtone,#d18b24,4,0,164,0,TRUE,2003,Mouli
Province des Iles,2026,Lifou,0001,Salle de mariage - mairie de Lifou,164.9011843365689,-21.121493041727785,645,349,346,dynamique_autochtone,Dynamique autochtone,Dyn. autochtone,#d18b24,4,84,346,24.277456647398843,FALSE,2501,Pouembout village
Province des Iles,2026,Lifou,0002,Xépénéhé,167.15272048120752,-20.78265899014055,625,352,326,dynamique_autochtone,Dynamique autochtone,Dyn. autochtone,#d18b24,4,111,326,34.04907975460123,TRUE,1403,Wet
Province des Iles,2026,Lifou,0003,Drueulu,167.07853761275717,-20.930242999544458,747,391,391,dynamique_autochtone,Dynamique autochtone,Dyn. autochtone,#d18b24,4,68,391,17.391304347826086,TRUE,1401,Gaitcha
Province des Iles,2026,Lifou,0004,Jozip,167.34721888788647,-20.940435542649407,387,243,241,dynamique_autochtone,Dynamique autochtone,Dyn. autochtone,#d18b24,4,29,241,12.033195020746888,TRUE,1402,Lössi
Province des Iles,2026,Lifou,0005,Jokin,167.16447665584124,-20.703384020726688,456,217,212,dynamique_autochtone,Dynamique autochtone,Dyn. autochtone,#d18b24,4,43,212,20.28301886792453,TRUE,1403,Wet
Province des Iles,2026,Lifou,0006,Hmelek,167.28575148149378,-21.047986298100245,394,157,153,dynamique_autochtone,Dynamique autochtone,Dyn. autochtone,#d18b24,4,30,153,19.607843137254903,TRUE,1402,Lössi
Province des Iles,2026,Lifou,0007,Mou,167.41341301025318,-21.092299627592674,546,269,268,dynamique_autochtone,Dynamique autochtone,Dyn. autochtone,#d18b24,4,49,268,18.28358208955224,TRUE,1402,Lössi
Province des Iles,2026,Lifou,0008,Hnathalo,167.254491,-20.788984,641,376,373,dynamique_autochtone,Dynamique autochtone,Dyn. autochtone,#d18b24,4,15,373,4.021447721179625,TRUE,NA,NA
Province des Iles,2026,Lifou,0009,Hnacaöm,167.20569292168463,-20.72173372554335,222,104,102,dynamique_autochtone,Dynamique autochtone,Dyn. autochtone,#d18b24,4,11,102,10.784313725490197,TRUE,1403,Wet
Province des Iles,2026,Lifou,0010,Siloam,167.10495154784974,-20.76013449602238,345,188,182,dynamique_autochtone,Dynamique autochtone,Dyn. autochtone,#d18b24,4,9,182,4.945054945054945,TRUE,1403,Wet
Province des Iles,2026,Lifou,0011,Wasany,167.37793880476198,-21.00787866730366,353,158,156,dynamique_autochtone,Dynamique autochtone,Dyn. autochtone,#d18b24,4,33,156,21.153846153846153,TRUE,1402,Lössi
Province des Iles,2026,Lifou,0012,Tiga,167.79672481501146,-21.094104177809253,175,47,47,dynamique_autochtone,Dynamique autochtone,Dyn. autochtone,#d18b24,4,25,47,53.191489361702125,TRUE,1402,Lössi
Province des Iles,2026,Lifou,0013,Luecila,167.25787949950455,-20.900908884449866,744,454,449,dynamique_autochtone,Dynamique autochtone,Dyn. autochtone,#d18b24,4,30,449,6.6815144766147,TRUE,1403,Wet
Province des Iles,2026,Lifou,0014,Hapetra,167.14706004416075,-20.93025342048714,415,252,249,dynamique_autochtone,Dynamique autochtone,Dyn. autochtone,#d18b24,4,28,249,11.244979919678714,TRUE,1401,Gaitcha
Province des Iles,2026,Lifou,0015,Nang,167.226623,-20.808567,406,204,199,dynamique_autochtone,Dynamique autochtone,Dyn. autochtone,#d18b24,4,23,199,11.557788944723619,TRUE,NA,NA
Province des Iles,2026,Lifou,0016,Xodre,167.41059644422373,-21.127373900931634,173,74,74,dynamique_autochtone,Dynamique autochtone,Dyn. autochtone,#d18b24,4,2,74,2.7027027027027026,TRUE,1402,Lössi
Province des Iles,2026,Lifou,0017,Huiwatrul,167.34969330586503,-21.090299188696775,450,255,252,dynamique_autochtone,Dynamique autochtone,Dyn. autochtone,#d18b24,4,5,252,1.9841269841269842,TRUE,1402,Lössi
Province des Iles,2026,Lifou,0018,Wedrumel,167.1109551627598,-20.984726331890663,371,208,207,dynamique_autochtone,Dynamique autochtone,Dyn. autochtone,#d18b24,4,9,207,4.3478260869565215,TRUE,1401,Gaitcha
Province des Iles,2026,Lifou,0019,Traput,167.30947771877948,-20.931287472634196,402,268,266,dynamique_autochtone,Dynamique autochtone,Dyn. autochtone,#d18b24,4,4,266,1.5037593984962405,TRUE,1402,Lössi
Province des Iles,2026,Lifou,0020,Kedeigne,167.21465752873138,-21.037060872425982,470,341,339,dynamique_autochtone,Dynamique autochtone,Dyn. autochtone,#d18b24,4,2,339,0.5899705014749262,TRUE,1402,Lössi
Province des Iles,2026,Lifou,0021,Tingeting,167.26667509635985,-20.741613827760364,297,129,125,dynamique_autochtone,Dynamique autochtone,Dyn. autochtone,#d18b24,4,10,125,8,TRUE,1403,Wet
Province des Iles,2026,Lifou,0022,Hunëtë,167.09364365001284,-20.763254184835077,234,104,103,dynamique_autochtone,Dynamique autochtone,Dyn. autochtone,#d18b24,4,7,103,6.796116504854369,TRUE,1403,Wet
Province des Iles,2026,Lifou,0023,Luengoni,167.4090226,-21.033997,342,207,203,dynamique_autochtone,Dynamique autochtone,Dyn. autochtone,#d18b24,4,14,203,6.896551724137931,TRUE,NA,NA
Province des Iles,2026,Lifou,0024,Hnanemuhaetra,167.2208209830944,-20.707970338645733,155,65,65,dynamique_autochtone,Dynamique autochtone,Dyn. autochtone,#d18b24,4,4,65,6.153846153846154,TRUE,1403,Wet
Province des Iles,2026,Lifou,0025,Hnassé,167.26043772263108,-20.9143896938111,250,129,129,dynamique_autochtone,Dynamique autochtone,Dyn. autochtone,#d18b24,4,4,129,3.10077519379845,TRUE,1402,Lössi
Province des Iles,2026,Lifou,0026,Kirinata,167.24979496278135,-20.81569061412791,174,97,97,dynamique_autochtone,Dynamique autochtone,Dyn. autochtone,#d18b24,4,3,97,3.0927835051546393,TRUE,1403,Wet
Province des Iles,2026,Lifou,0027,Thuahaick,166.456104572757,-22.2355536217178,241,127,126,dynamique_autochtone,Dynamique autochtone,Dyn. autochtone,#d18b24,4,8,126,6.349206349206349,FALSE,1832,Zone industrielle Ducos
Province des Iles,2026,Lifou,0028,Easo-Ewë,166.456104572757,-22.2355536217178,132,76,69,dynamique_autochtone,Dynamique autochtone,Dyn. autochtone,#d18b24,4,16,69,23.18840579710145,FALSE,1832,Zone industrielle Ducos
Province des Iles,2026,Maré,0001,Tadine,167.88122247564291,-21.54648900532693,586,433,428,dynamique_autochtone,Dynamique autochtone,Dyn. autochtone,#d18b24,4,288,428,67.28971962616822,TRUE,1503,Tadine Pénélo
Province des Iles,2026,Maré,0002,Hnawayetche,167.85931527784155,-21.444202132872793,644,414,411,dynamique_autochtone,Dynamique autochtone,Dyn. autochtone,#d18b24,4,325,411,79.07542579075425,TRUE,1501,Guahma
Province des Iles,2026,Maré,0003,Tenane,167.89430877263374,-21.40460074703544,363,230,229,dynamique_autochtone,Dynamique autochtone,Dyn. autochtone,#d18b24,4,158,229,68.99563318777292,TRUE,1501,Guahma
Province des Iles,2026,Maré,0004,Atha,168.01753084168095,-21.470451728197048,347,204,201,dynamique_autochtone,Dynamique autochtone,Dyn. autochtone,#d18b24,4,97,201,48.25870646766169,TRUE,1502,La Roche
Province des Iles,2026,Maré,0005,Tawainedre,168.08527860190287,-21.502551487309265,444,231,231,dynamique_autochtone,Dynamique autochtone,Dyn. autochtone,#d18b24,4,103,231,44.58874458874459,TRUE,1503,Tadine Pénélo
Province des Iles,2026,Maré,0006,Penelo,168.08945780342214,-21.571088655754444,779,453,451,dynamique_autochtone,Dynamique autochtone,Dyn. autochtone,#d18b24,4,176,451,39.02439024390244,TRUE,1503,Tadine Pénélo
Province des Iles,2026,Maré,0007,Wabao,167.93937201549338,-21.60210597985789,645,432,431,dynamique_autochtone,Dynamique autochtone,Dyn. autochtone,#d18b24,4,176,431,40.835266821345705,TRUE,1503,Tadine Pénélo
Province des Iles,2026,Maré,0008,Nece,167.8385405434138,-21.49048664280733,762,486,486,dynamique_autochtone,Dynamique autochtone,Dyn. autochtone,#d18b24,4,422,486,86.83127572016461,TRUE,1501,Guahma
Province des Iles,2026,Maré,0009,Ménaku,167.96911686605617,-21.444234250592025,275,161,159,dynamique_autochtone,Dynamique autochtone,Dyn. autochtone,#d18b24,4,123,159,77.35849056603773,TRUE,1501,Guahma
Province des Iles,2026,Maré,0010,Mebuet,167.84863195183632,-21.51331947619321,360,239,239,dynamique_autochtone,Dynamique autochtone,Dyn. autochtone,#d18b24,4,198,239,82.84518828451883,TRUE,1501,Guahma
Province des Iles,2026,Maré,0011,Roh,167.86202487687797,-21.39242632802858,287,171,171,dynamique_autochtone,Dynamique autochtone,Dyn. autochtone,#d18b24,4,143,171,83.62573099415205,TRUE,1501,Guahma
Province des Iles,2026,Maré,0012,Eni,167.94942757221617,-21.62666270346723,375,242,241,dynamique_autochtone,Dynamique autochtone,Dyn. autochtone,#d18b24,4,112,241,46.47302904564315,TRUE,1503,Tadine Pénélo
Province des Iles,2026,Maré,0013,La Roche,168.03155085257677,-21.471745123256497,671,362,359,dynamique_autochtone,Dynamique autochtone,Dyn. autochtone,#d18b24,4,177,359,49.30362116991643,TRUE,1502,La Roche
Province des Iles,2026,Maré,0014,Tuo,167.89428156445027,-21.49517949257516,435,294,291,dynamique_autochtone,Dynamique autochtone,Dyn. autochtone,#d18b24,4,221,291,75.94501718213058,TRUE,1501,Guahma
Province des Iles,2026,Ouvéa,0001,Mairie,166.5351802059145,-20.652759156712985,955,409,404,dynamique_autochtone,Dynamique autochtone,Dyn. autochtone,#d18b24,4,45,404,11.138613861386139,TRUE,2002,Fayaoué
Province des Iles,2026,Ouvéa,0002,Fayaoué,166.5351802059145,-20.652759156712985,844,348,342,dynamique_autochtone,Dynamique autochtone,Dyn. autochtone,#d18b24,4,78,342,22.80701754385965,TRUE,2002,Fayaoué
Province des Iles,2026,Ouvéa,0003,Heo,166.60278918905198,-20.44905017069691,550,289,289,dynamique_autochtone,Dynamique autochtone,Dyn. autochtone,#d18b24,4,50,289,17.301038062283737,TRUE,2001,Saint Joseph Gossanah Takedji
Province des Iles,2026,Ouvéa,0004,Mouli,166.42132025613634,-20.72325484847604,392,181,175,dynamique_autochtone,Dynamique autochtone,Dyn. autochtone,#d18b24,4,71,175,40.57142857142857,TRUE,2003,Mouli
Province des Iles,2026,Ouvéa,0005,Wénéki,166.61213110267843,-20.44626073917101,840,345,329,dynamique_autochtone,Dynamique autochtone,Dyn. autochtone,#d18b24,4,74,329,22.492401215805472,TRUE,2001,Saint Joseph Gossanah Takedji
Province des Iles,2026,Ouvéa,0006,Ognahut,166.55961927804398,-20.65637156152609,447,199,195,dynamique_autochtone,Dynamique autochtone,Dyn. autochtone,#d18b24,4,53,195,27.17948717948718,TRUE,2002,Fayaoué
Province des Iles,2026,Ouvéa,0007,Lekine,166.49017173263093,-20.69359693939266,300,170,168,dynamique_autochtone,Dynamique autochtone,Dyn. autochtone,#d18b24,4,89,168,52.976190476190474,TRUE,2003,Mouli
Province des Iles,2019,Lifou,0001,Mairie De We,164.9011843365689,-21.121493041727785,575,359,357,autres_ind_iles,Autres listes indépendantistes,Autres indép.,#b6483b,5,36,357,10.084033613445378,FALSE,2501,Pouembout village
Province des Iles,2019,Lifou,0002,Xepenehe,167.15272048120752,-20.78265899014055,722,510,507,autres_ind_iles,Autres listes indépendantistes,Autres indép.,#b6483b,5,172,507,33.92504930966469,TRUE,1403,Wet
Province des Iles,2019,Lifou,0003,Drueulu,167.07853761275717,-20.930242999544458,736,506,504,autres_ind_iles,Autres listes indépendantistes,Autres indép.,#b6483b,5,117,504,23.214285714285715,TRUE,1401,Gaitcha
Province des Iles,2019,Lifou,0004,Jozip,167.34721888788647,-20.940435542649407,377,264,262,autres_ind_iles,Autres listes indépendantistes,Autres indép.,#b6483b,5,52,262,19.84732824427481,TRUE,1402,Lössi
Province des Iles,2019,Lifou,0005,Jokin,167.16447665584124,-20.703384020726688,422,272,269,autres_ind_iles,Autres listes indépendantistes,Autres indép.,#b6483b,5,86,269,31.970260223048328,TRUE,1403,Wet
Province des Iles,2019,Lifou,0006,Hmelek,167.28575148149378,-21.047986298100245,585,296,292,autres_ind_iles,Autres listes indépendantistes,Autres indép.,#b6483b,5,48,292,16.438356164383563,TRUE,1402,Lössi
Province des Iles,2019,Lifou,0007,Mou,167.41341301025318,-21.092299627592674,547,314,310,autres_ind_iles,Autres listes indépendantistes,Autres indép.,#b6483b,5,21,310,6.774193548387097,TRUE,1402,Lössi
Province des Iles,2019,Lifou,0008,Hnathalo,167.254491,-20.788984,558,344,335,autres_ind_iles,Autres listes indépendantistes,Autres indép.,#b6483b,5,24,335,7.164179104477612,TRUE,NA,NA
Province des Iles,2019,Lifou,0009,Hnacaom,167.20569292168463,-20.72173372554335,228,128,127,autres_ind_iles,Autres listes indépendantistes,Autres indép.,#b6483b,5,21,127,16.53543307086614,TRUE,1403,Wet
Province des Iles,2019,Lifou,0010,Siloam,167.10495154784974,-20.76013449602238,329,237,233,autres_ind_iles,Autres listes indépendantistes,Autres indép.,#b6483b,5,8,233,3.4334763948497855,TRUE,1403,Wet
Province des Iles,2019,Lifou,0011,Wasany,167.37793880476198,-21.00787866730366,348,185,184,autres_ind_iles,Autres listes indépendantistes,Autres indép.,#b6483b,5,22,184,11.956521739130435,TRUE,1402,Lössi
Province des Iles,2019,Lifou,0012,Tiga,167.79672481501146,-21.094104177809253,199,130,127,autres_ind_iles,Autres listes indépendantistes,Autres indép.,#b6483b,5,90,127,70.86614173228347,TRUE,1402,Lössi
Province des Iles,2019,Lifou,0013,Luecila,167.25787949950455,-20.900908884449866,696,501,496,autres_ind_iles,Autres listes indépendantistes,Autres indép.,#b6483b,5,30,496,6.048387096774194,TRUE,1403,Wet
Province des Iles,2019,Lifou,0014,Hapetra,167.14706004416075,-20.93025342048714,435,334,334,autres_ind_iles,Autres listes indépendantistes,Autres indép.,#b6483b,5,58,334,17.365269461077844,TRUE,1401,Gaitcha
Province des Iles,2019,Lifou,0015,Nang,167.226623,-20.808567,407,250,247,autres_ind_iles,Autres listes indépendantistes,Autres indép.,#b6483b,5,71,247,28.74493927125506,TRUE,NA,NA
Province des Iles,2019,Lifou,0016,Xodre,167.41059644422373,-21.127373900931634,174,89,89,autres_ind_iles,Autres listes indépendantistes,Autres indép.,#b6483b,5,6,89,6.741573033707865,TRUE,1402,Lössi
Province des Iles,2019,Lifou,0017,Huiwatrul,167.34969330586503,-21.090299188696775,415,267,265,autres_ind_iles,Autres listes indépendantistes,Autres indép.,#b6483b,5,11,265,4.150943396226415,TRUE,1402,Lössi
Province des Iles,2019,Lifou,0018,Wedrumel,167.1109551627598,-20.984726331890663,354,209,209,autres_ind_iles,Autres listes indépendantistes,Autres indép.,#b6483b,5,22,209,10.526315789473685,TRUE,1401,Gaitcha
Province des Iles,2019,Lifou,0019,Traput,167.30947771877948,-20.931287472634196,379,200,198,autres_ind_iles,Autres listes indépendantistes,Autres indép.,#b6483b,5,16,198,8.080808080808081,TRUE,1402,Lössi
Province des Iles,2019,Lifou,0020,Kedeigne,167.21465752873138,-21.037060872425982,467,301,301,autres_ind_iles,Autres listes indépendantistes,Autres indép.,#b6483b,5,22,301,7.308970099667774,TRUE,1402,Lössi
Province des Iles,2019,Lifou,0021,Tingeting,167.26667509635985,-20.741613827760364,273,152,152,autres_ind_iles,Autres listes indépendantistes,Autres indép.,#b6483b,5,59,152,38.81578947368421,TRUE,1403,Wet
Province des Iles,2019,Lifou,0022,Hunëtë,167.09364365001284,-20.763254184835077,230,124,124,autres_ind_iles,Autres listes indépendantistes,Autres indép.,#b6483b,5,9,124,7.258064516129032,TRUE,1403,Wet
Province des Iles,2019,Lifou,0023,Luengoni,167.4090226,-21.033997,350,273,268,autres_ind_iles,Autres listes indépendantistes,Autres indép.,#b6483b,5,15,268,5.597014925373134,TRUE,NA,NA
Province des Iles,2019,Lifou,0024,Hnanemuhaetra,167.2208209830944,-20.707970338645733,146,80,79,autres_ind_iles,Autres listes indépendantistes,Autres indép.,#b6483b,5,16,79,20.253164556962027,TRUE,1403,Wet
Province des Iles,2019,Lifou,0025,Hnasse,167.26043772263108,-20.9143896938111,225,140,140,autres_ind_iles,Autres listes indépendantistes,Autres indép.,#b6483b,5,12,140,8.571428571428571,TRUE,1402,Lössi
Province des Iles,2019,Lifou,0026,Kirinata,167.24979496278135,-20.81569061412791,166,117,117,autres_ind_iles,Autres listes indépendantistes,Autres indép.,#b6483b,5,26,117,22.22222222222222,TRUE,1403,Wet
Province des Iles,2019,Maré,0001,Faré Municipal,167.88122247564291,-21.54648900532693,922,714,707,autres_ind_iles,Autres listes indépendantistes,Autres indép.,#b6483b,5,237,707,33.52192362093352,TRUE,1503,Tadine Pénélo
Province des Iles,2019,Maré,0002,Hnawayetche,167.85931527784155,-21.444202132872793,645,458,455,autres_ind_iles,Autres listes indépendantistes,Autres indép.,#b6483b,5,158,455,34.72527472527472,TRUE,1501,Guahma
Province des Iles,2019,Maré,0003,Tenane,167.89430877263374,-21.40460074703544,365,257,257,autres_ind_iles,Autres listes indépendantistes,Autres indép.,#b6483b,5,78,257,30.35019455252918,TRUE,1501,Guahma
Province des Iles,2019,Maré,0004,Atha,168.01753084168095,-21.470451728197048,327,242,242,autres_ind_iles,Autres listes indépendantistes,Autres indép.,#b6483b,5,105,242,43.388429752066116,TRUE,1502,La Roche
Province des Iles,2019,Maré,0005,Tawainedre,168.08527860190287,-21.502551487309265,406,265,263,autres_ind_iles,Autres listes indépendantistes,Autres indép.,#b6483b,5,69,263,26.23574144486692,TRUE,1503,Tadine Pénélo
Province des Iles,2019,Maré,0006,Penelo,168.08945780342214,-21.571088655754444,733,583,582,autres_ind_iles,Autres listes indépendantistes,Autres indép.,#b6483b,5,74,582,12.714776632302405,TRUE,1503,Tadine Pénélo
Province des Iles,2019,Maré,0007,Wabao,167.93937201549338,-21.60210597985789,604,479,479,autres_ind_iles,Autres listes indépendantistes,Autres indép.,#b6483b,5,88,479,18.37160751565762,TRUE,1503,Tadine Pénélo
Province des Iles,2019,Maré,0008,Netché,167.8385405434138,-21.49048664280733,778,541,540,autres_ind_iles,Autres listes indépendantistes,Autres indép.,#b6483b,5,79,540,14.62962962962963,TRUE,1501,Guahma
Province des Iles,2019,Maré,0009,Ménaku,167.96911686605617,-21.444234250592025,240,168,165,autres_ind_iles,Autres listes indépendantistes,Autres indép.,#b6483b,5,52,165,31.515151515151516,TRUE,1501,Guahma
Province des Iles,2019,Maré,0010,Mebuet,167.84863195183632,-21.51331947619321,332,243,239,autres_ind_iles,Autres listes indépendantistes,Autres indép.,#b6483b,5,68,239,28.451882845188283,TRUE,1501,Guahma
Province des Iles,2019,Maré,0011,Roh,167.86202487687797,-21.39242632802858,285,191,191,autres_ind_iles,Autres listes indépendantistes,Autres indép.,#b6483b,5,67,191,35.07853403141361,TRUE,1501,Guahma
Province des Iles,2019,Maré,0012,Eni,167.94942757221617,-21.62666270346723,328,235,233,autres_ind_iles,Autres listes indépendantistes,Autres indép.,#b6483b,5,61,233,26.180257510729614,TRUE,1503,Tadine Pénélo
Province des Iles,2019,Maré,0013,La Roche,168.03155085257677,-21.471745123256497,597,402,400,autres_ind_iles,Autres listes indépendantistes,Autres indép.,#b6483b,5,148,400,37,TRUE,1502,La Roche
Province des Iles,2019,Ouvéa,0001,Mairie,166.5351802059145,-20.652759156712985,914,620,619,autres_ind_iles,Autres listes indépendantistes,Autres indép.,#b6483b,5,103,619,16.63974151857835,TRUE,2002,Fayaoué
Province des Iles,2019,Ouvéa,0002,Fayaoué,166.5351802059145,-20.652759156712985,849,478,469,autres_ind_iles,Autres listes indépendantistes,Autres indép.,#b6483b,5,87,469,18.550106609808104,TRUE,2002,Fayaoué
Province des Iles,2019,Ouvéa,0003,Eot,166.60278918905198,-20.44905017069691,564,396,396,autres_ind_iles,Autres listes indépendantistes,Autres indép.,#b6483b,5,109,396,27.525252525252526,TRUE,2001,Saint Joseph Gossanah Takedji
Province des Iles,2019,Ouvéa,0004,Mouli,166.42132025613634,-20.72325484847604,404,255,253,autres_ind_iles,Autres listes indépendantistes,Autres indép.,#b6483b,5,84,253,33.201581027667984,TRUE,2003,Mouli
Province des Iles,2019,Ouvéa,0005,Wénéki,166.61213110267843,-20.44626073917101,830,533,530,autres_ind_iles,Autres listes indépendantistes,Autres indép.,#b6483b,5,157,530,29.62264150943396,TRUE,2001,Saint Joseph Gossanah Takedji
Province des Iles,2019,Ouvéa,0006,Ognahut,166.55961927804398,-20.65637156152609,433,275,273,autres_ind_iles,Autres listes indépendantistes,Autres indép.,#b6483b,5,28,273,10.256410256410257,TRUE,2002,Fayaoué
Province des Iles,2019,Ouvéa,0007,Lekiny,166.49017173263093,-20.69359693939266,306,182,164,autres_ind_iles,Autres listes indépendantistes,Autres indép.,#b6483b,5,56,164,34.146341463414636,TRUE,2003,Mouli
Province des Iles,2026,Lifou,0001,Salle de mariage - mairie de Lifou,164.9011843365689,-21.121493041727785,645,349,346,autres_ind_iles,Autres listes indépendantistes,Autres indép.,#b6483b,5,138,346,39.884393063583815,FALSE,2501,Pouembout village
Province des Iles,2026,Lifou,0002,Xépénéhé,167.15272048120752,-20.78265899014055,625,352,326,autres_ind_iles,Autres listes indépendantistes,Autres indép.,#b6483b,5,60,326,18.404907975460123,TRUE,1403,Wet
Province des Iles,2026,Lifou,0003,Drueulu,167.07853761275717,-20.930242999544458,747,391,391,autres_ind_iles,Autres listes indépendantistes,Autres indép.,#b6483b,5,41,391,10.485933503836318,TRUE,1401,Gaitcha
Province des Iles,2026,Lifou,0004,Jozip,167.34721888788647,-20.940435542649407,387,243,241,autres_ind_iles,Autres listes indépendantistes,Autres indép.,#b6483b,5,34,241,14.107883817427386,TRUE,1402,Lössi
Province des Iles,2026,Lifou,0005,Jokin,167.16447665584124,-20.703384020726688,456,217,212,autres_ind_iles,Autres listes indépendantistes,Autres indép.,#b6483b,5,70,212,33.0188679245283,TRUE,1403,Wet
Province des Iles,2026,Lifou,0006,Hmelek,167.28575148149378,-21.047986298100245,394,157,153,autres_ind_iles,Autres listes indépendantistes,Autres indép.,#b6483b,5,18,153,11.764705882352942,TRUE,1402,Lössi
Province des Iles,2026,Lifou,0007,Mou,167.41341301025318,-21.092299627592674,546,269,268,autres_ind_iles,Autres listes indépendantistes,Autres indép.,#b6483b,5,27,268,10.074626865671641,TRUE,1402,Lössi
Province des Iles,2026,Lifou,0008,Hnathalo,167.254491,-20.788984,641,376,373,autres_ind_iles,Autres listes indépendantistes,Autres indép.,#b6483b,5,50,373,13.404825737265416,TRUE,NA,NA
Province des Iles,2026,Lifou,0009,Hnacaöm,167.20569292168463,-20.72173372554335,222,104,102,autres_ind_iles,Autres listes indépendantistes,Autres indép.,#b6483b,5,18,102,17.647058823529413,TRUE,1403,Wet
Province des Iles,2026,Lifou,0010,Siloam,167.10495154784974,-20.76013449602238,345,188,182,autres_ind_iles,Autres listes indépendantistes,Autres indép.,#b6483b,5,11,182,6.043956043956044,TRUE,1403,Wet
Province des Iles,2026,Lifou,0011,Wasany,167.37793880476198,-21.00787866730366,353,158,156,autres_ind_iles,Autres listes indépendantistes,Autres indép.,#b6483b,5,17,156,10.897435897435898,TRUE,1402,Lössi
Province des Iles,2026,Lifou,0012,Tiga,167.79672481501146,-21.094104177809253,175,47,47,autres_ind_iles,Autres listes indépendantistes,Autres indép.,#b6483b,5,13,47,27.659574468085108,TRUE,1402,Lössi
Province des Iles,2026,Lifou,0013,Luecila,167.25787949950455,-20.900908884449866,744,454,449,autres_ind_iles,Autres listes indépendantistes,Autres indép.,#b6483b,5,251,449,55.902004454342986,TRUE,1403,Wet
Province des Iles,2026,Lifou,0014,Hapetra,167.14706004416075,-20.93025342048714,415,252,249,autres_ind_iles,Autres listes indépendantistes,Autres indép.,#b6483b,5,26,249,10.441767068273093,TRUE,1401,Gaitcha
Province des Iles,2026,Lifou,0015,Nang,167.226623,-20.808567,406,204,199,autres_ind_iles,Autres listes indépendantistes,Autres indép.,#b6483b,5,37,199,18.592964824120603,TRUE,NA,NA
Province des Iles,2026,Lifou,0016,Xodre,167.41059644422373,-21.127373900931634,173,74,74,autres_ind_iles,Autres listes indépendantistes,Autres indép.,#b6483b,5,6,74,8.108108108108109,TRUE,1402,Lössi
Province des Iles,2026,Lifou,0017,Huiwatrul,167.34969330586503,-21.090299188696775,450,255,252,autres_ind_iles,Autres listes indépendantistes,Autres indép.,#b6483b,5,17,252,6.746031746031746,TRUE,1402,Lössi
Province des Iles,2026,Lifou,0018,Wedrumel,167.1109551627598,-20.984726331890663,371,208,207,autres_ind_iles,Autres listes indépendantistes,Autres indép.,#b6483b,5,25,207,12.077294685990339,TRUE,1401,Gaitcha
Province des Iles,2026,Lifou,0019,Traput,167.30947771877948,-20.931287472634196,402,268,266,autres_ind_iles,Autres listes indépendantistes,Autres indép.,#b6483b,5,11,266,4.135338345864661,TRUE,1402,Lössi
Province des Iles,2026,Lifou,0020,Kedeigne,167.21465752873138,-21.037060872425982,470,341,339,autres_ind_iles,Autres listes indépendantistes,Autres indép.,#b6483b,5,27,339,7.964601769911504,TRUE,1402,Lössi
Province des Iles,2026,Lifou,0021,Tingeting,167.26667509635985,-20.741613827760364,297,129,125,autres_ind_iles,Autres listes indépendantistes,Autres indép.,#b6483b,5,43,125,34.4,TRUE,1403,Wet
Province des Iles,2026,Lifou,0022,Hunëtë,167.09364365001284,-20.763254184835077,234,104,103,autres_ind_iles,Autres listes indépendantistes,Autres indép.,#b6483b,5,5,103,4.854368932038835,TRUE,1403,Wet
Province des Iles,2026,Lifou,0023,Luengoni,167.4090226,-21.033997,342,207,203,autres_ind_iles,Autres listes indépendantistes,Autres indép.,#b6483b,5,13,203,6.403940886699507,TRUE,NA,NA
Province des Iles,2026,Lifou,0024,Hnanemuhaetra,167.2208209830944,-20.707970338645733,155,65,65,autres_ind_iles,Autres listes indépendantistes,Autres indép.,#b6483b,5,17,65,26.153846153846153,TRUE,1403,Wet
Province des Iles,2026,Lifou,0025,Hnassé,167.26043772263108,-20.9143896938111,250,129,129,autres_ind_iles,Autres listes indépendantistes,Autres indép.,#b6483b,5,67,129,51.93798449612403,TRUE,1402,Lössi
Province des Iles,2026,Lifou,0026,Kirinata,167.24979496278135,-20.81569061412791,174,97,97,autres_ind_iles,Autres listes indépendantistes,Autres indép.,#b6483b,5,21,97,21.649484536082475,TRUE,1403,Wet
Province des Iles,2026,Lifou,0027,Thuahaick,166.456104572757,-22.2355536217178,241,127,126,autres_ind_iles,Autres listes indépendantistes,Autres indép.,#b6483b,5,11,126,8.73015873015873,FALSE,1832,Zone industrielle Ducos
Province des Iles,2026,Lifou,0028,Easo-Ewë,166.456104572757,-22.2355536217178,132,76,69,autres_ind_iles,Autres listes indépendantistes,Autres indép.,#b6483b,5,14,69,20.28985507246377,FALSE,1832,Zone industrielle Ducos
Province des Iles,2026,Maré,0001,Tadine,167.88122247564291,-21.54648900532693,586,433,428,autres_ind_iles,Autres listes indépendantistes,Autres indép.,#b6483b,5,31,428,7.242990654205608,TRUE,1503,Tadine Pénélo
Province des Iles,2026,Maré,0002,Hnawayetche,167.85931527784155,-21.444202132872793,644,414,411,autres_ind_iles,Autres listes indépendantistes,Autres indép.,#b6483b,5,15,411,3.6496350364963503,TRUE,1501,Guahma
Province des Iles,2026,Maré,0003,Tenane,167.89430877263374,-21.40460074703544,363,230,229,autres_ind_iles,Autres listes indépendantistes,Autres indép.,#b6483b,5,5,229,2.183406113537118,TRUE,1501,Guahma
Province des Iles,2026,Maré,0004,Atha,168.01753084168095,-21.470451728197048,347,204,201,autres_ind_iles,Autres listes indépendantistes,Autres indép.,#b6483b,5,40,201,19.90049751243781,TRUE,1502,La Roche
Province des Iles,2026,Maré,0005,Tawainedre,168.08527860190287,-21.502551487309265,444,231,231,autres_ind_iles,Autres listes indépendantistes,Autres indép.,#b6483b,5,24,231,10.38961038961039,TRUE,1503,Tadine Pénélo
Province des Iles,2026,Maré,0006,Penelo,168.08945780342214,-21.571088655754444,779,453,451,autres_ind_iles,Autres listes indépendantistes,Autres indép.,#b6483b,5,37,451,8.203991130820398,TRUE,1503,Tadine Pénélo
Province des Iles,2026,Maré,0007,Wabao,167.93937201549338,-21.60210597985789,645,432,431,autres_ind_iles,Autres listes indépendantistes,Autres indép.,#b6483b,5,5,431,1.160092807424594,TRUE,1503,Tadine Pénélo
Province des Iles,2026,Maré,0008,Nece,167.8385405434138,-21.49048664280733,762,486,486,autres_ind_iles,Autres listes indépendantistes,Autres indép.,#b6483b,5,11,486,2.263374485596708,TRUE,1501,Guahma
Province des Iles,2026,Maré,0009,Ménaku,167.96911686605617,-21.444234250592025,275,161,159,autres_ind_iles,Autres listes indépendantistes,Autres indép.,#b6483b,5,8,159,5.031446540880503,TRUE,1501,Guahma
Province des Iles,2026,Maré,0010,Mebuet,167.84863195183632,-21.51331947619321,360,239,239,autres_ind_iles,Autres listes indépendantistes,Autres indép.,#b6483b,5,13,239,5.439330543933054,TRUE,1501,Guahma
Province des Iles,2026,Maré,0011,Roh,167.86202487687797,-21.39242632802858,287,171,171,autres_ind_iles,Autres listes indépendantistes,Autres indép.,#b6483b,5,12,171,7.017543859649122,TRUE,1501,Guahma
Province des Iles,2026,Maré,0012,Eni,167.94942757221617,-21.62666270346723,375,242,241,autres_ind_iles,Autres listes indépendantistes,Autres indép.,#b6483b,5,8,241,3.319502074688797,TRUE,1503,Tadine Pénélo
Province des Iles,2026,Maré,0013,La Roche,168.03155085257677,-21.471745123256497,671,362,359,autres_ind_iles,Autres listes indépendantistes,Autres indép.,#b6483b,5,51,359,14.206128133704736,TRUE,1502,La Roche
Province des Iles,2026,Maré,0014,Tuo,167.89428156445027,-21.49517949257516,435,294,291,autres_ind_iles,Autres listes indépendantistes,Autres indép.,#b6483b,5,5,291,1.7182130584192439,TRUE,1501,Guahma
Province des Iles,2026,Ouvéa,0001,Mairie,166.5351802059145,-20.652759156712985,955,409,404,autres_ind_iles,Autres listes indépendantistes,Autres indép.,#b6483b,5,17,404,4.207920792079208,TRUE,2002,Fayaoué
Province des Iles,2026,Ouvéa,0002,Fayaoué,166.5351802059145,-20.652759156712985,844,348,342,autres_ind_iles,Autres listes indépendantistes,Autres indép.,#b6483b,5,12,342,3.508771929824561,TRUE,2002,Fayaoué
Province des Iles,2026,Ouvéa,0003,Heo,166.60278918905198,-20.44905017069691,550,289,289,autres_ind_iles,Autres listes indépendantistes,Autres indép.,#b6483b,5,6,289,2.0761245674740483,TRUE,2001,Saint Joseph Gossanah Takedji
Province des Iles,2026,Ouvéa,0004,Mouli,166.42132025613634,-20.72325484847604,392,181,175,autres_ind_iles,Autres listes indépendantistes,Autres indép.,#b6483b,5,7,175,4,TRUE,2003,Mouli
Province des Iles,2026,Ouvéa,0005,Wénéki,166.61213110267843,-20.44626073917101,840,345,329,autres_ind_iles,Autres listes indépendantistes,Autres indép.,#b6483b,5,14,329,4.25531914893617,TRUE,2001,Saint Joseph Gossanah Takedji
Province des Iles,2026,Ouvéa,0006,Ognahut,166.55961927804398,-20.65637156152609,447,199,195,autres_ind_iles,Autres listes indépendantistes,Autres indép.,#b6483b,5,16,195,8.205128205128204,TRUE,2002,Fayaoué
Province des Iles,2026,Ouvéa,0007,Lekine,166.49017173263093,-20.69359693939266,300,170,168,autres_ind_iles,Autres listes indépendantistes,Autres indép.,#b6483b,5,2,168,1.1904761904761905,TRUE,2003,Mouli
Province des Iles,2019,Lifou,0001,Mairie De We,164.9011843365689,-21.121493041727785,575,359,357,non_ind_iles,Listes non-indépendantistes,Non-indép.,#305f9f,6,76,357,21.288515406162464,FALSE,2501,Pouembout village
Province des Iles,2019,Lifou,0002,Xepenehe,167.15272048120752,-20.78265899014055,722,510,507,non_ind_iles,Listes non-indépendantistes,Non-indép.,#305f9f,6,10,507,1.9723865877712032,TRUE,1403,Wet
Province des Iles,2019,Lifou,0003,Drueulu,167.07853761275717,-20.930242999544458,736,506,504,non_ind_iles,Listes non-indépendantistes,Non-indép.,#305f9f,6,18,504,3.5714285714285716,TRUE,1401,Gaitcha
Province des Iles,2019,Lifou,0004,Jozip,167.34721888788647,-20.940435542649407,377,264,262,non_ind_iles,Listes non-indépendantistes,Non-indép.,#305f9f,6,25,262,9.541984732824428,TRUE,1402,Lössi
Province des Iles,2019,Lifou,0005,Jokin,167.16447665584124,-20.703384020726688,422,272,269,non_ind_iles,Listes non-indépendantistes,Non-indép.,#305f9f,6,5,269,1.858736059479554,TRUE,1403,Wet
Province des Iles,2019,Lifou,0006,Hmelek,167.28575148149378,-21.047986298100245,585,296,292,non_ind_iles,Listes non-indépendantistes,Non-indép.,#305f9f,6,37,292,12.67123287671233,TRUE,1402,Lössi
Province des Iles,2019,Lifou,0007,Mou,167.41341301025318,-21.092299627592674,547,314,310,non_ind_iles,Listes non-indépendantistes,Non-indép.,#305f9f,6,72,310,23.225806451612904,TRUE,1402,Lössi
Province des Iles,2019,Lifou,0008,Hnathalo,167.254491,-20.788984,558,344,335,non_ind_iles,Listes non-indépendantistes,Non-indép.,#305f9f,6,10,335,2.985074626865672,TRUE,NA,NA
Province des Iles,2019,Lifou,0009,Hnacaom,167.20569292168463,-20.72173372554335,228,128,127,non_ind_iles,Listes non-indépendantistes,Non-indép.,#305f9f,6,16,127,12.598425196850394,TRUE,1403,Wet
Province des Iles,2019,Lifou,0010,Siloam,167.10495154784974,-20.76013449602238,329,237,233,non_ind_iles,Listes non-indépendantistes,Non-indép.,#305f9f,6,5,233,2.1459227467811157,TRUE,1403,Wet
Province des Iles,2019,Lifou,0011,Wasany,167.37793880476198,-21.00787866730366,348,185,184,non_ind_iles,Listes non-indépendantistes,Non-indép.,#305f9f,6,46,184,25,TRUE,1402,Lössi
Province des Iles,2019,Lifou,0012,Tiga,167.79672481501146,-21.094104177809253,199,130,127,non_ind_iles,Listes non-indépendantistes,Non-indép.,#305f9f,6,2,127,1.5748031496062993,TRUE,1402,Lössi
Province des Iles,2019,Lifou,0013,Luecila,167.25787949950455,-20.900908884449866,696,501,496,non_ind_iles,Listes non-indépendantistes,Non-indép.,#305f9f,6,89,496,17.943548387096776,TRUE,1403,Wet
Province des Iles,2019,Lifou,0014,Hapetra,167.14706004416075,-20.93025342048714,435,334,334,non_ind_iles,Listes non-indépendantistes,Non-indép.,#305f9f,6,26,334,7.7844311377245505,TRUE,1401,Gaitcha
Province des Iles,2019,Lifou,0015,Nang,167.226623,-20.808567,407,250,247,non_ind_iles,Listes non-indépendantistes,Non-indép.,#305f9f,6,7,247,2.834008097165992,TRUE,NA,NA
Province des Iles,2019,Lifou,0016,Xodre,167.41059644422373,-21.127373900931634,174,89,89,non_ind_iles,Listes non-indépendantistes,Non-indép.,#305f9f,6,17,89,19.10112359550562,TRUE,1402,Lössi
Province des Iles,2019,Lifou,0017,Huiwatrul,167.34969330586503,-21.090299188696775,415,267,265,non_ind_iles,Listes non-indépendantistes,Non-indép.,#305f9f,6,43,265,16.22641509433962,TRUE,1402,Lössi
Province des Iles,2019,Lifou,0018,Wedrumel,167.1109551627598,-20.984726331890663,354,209,209,non_ind_iles,Listes non-indépendantistes,Non-indép.,#305f9f,6,35,209,16.74641148325359,TRUE,1401,Gaitcha
Province des Iles,2019,Lifou,0019,Traput,167.30947771877948,-20.931287472634196,379,200,198,non_ind_iles,Listes non-indépendantistes,Non-indép.,#305f9f,6,25,198,12.626262626262626,TRUE,1402,Lössi
Province des Iles,2019,Lifou,0020,Kedeigne,167.21465752873138,-21.037060872425982,467,301,301,non_ind_iles,Listes non-indépendantistes,Non-indép.,#305f9f,6,34,301,11.295681063122924,TRUE,1402,Lössi
Province des Iles,2019,Lifou,0021,Tingeting,167.26667509635985,-20.741613827760364,273,152,152,non_ind_iles,Listes non-indépendantistes,Non-indép.,#305f9f,6,39,152,25.657894736842106,TRUE,1403,Wet
Province des Iles,2019,Lifou,0022,Hunëtë,167.09364365001284,-20.763254184835077,230,124,124,non_ind_iles,Listes non-indépendantistes,Non-indép.,#305f9f,6,5,124,4.032258064516129,TRUE,1403,Wet
Province des Iles,2019,Lifou,0023,Luengoni,167.4090226,-21.033997,350,273,268,non_ind_iles,Listes non-indépendantistes,Non-indép.,#305f9f,6,16,268,5.970149253731344,TRUE,NA,NA
Province des Iles,2019,Lifou,0024,Hnanemuhaetra,167.2208209830944,-20.707970338645733,146,80,79,non_ind_iles,Listes non-indépendantistes,Non-indép.,#305f9f,6,9,79,11.39240506329114,TRUE,1403,Wet
Province des Iles,2019,Lifou,0025,Hnasse,167.26043772263108,-20.9143896938111,225,140,140,non_ind_iles,Listes non-indépendantistes,Non-indép.,#305f9f,6,14,140,10,TRUE,1402,Lössi
Province des Iles,2019,Lifou,0026,Kirinata,167.24979496278135,-20.81569061412791,166,117,117,non_ind_iles,Listes non-indépendantistes,Non-indép.,#305f9f,6,12,117,10.256410256410257,TRUE,1403,Wet
Province des Iles,2019,Maré,0001,Faré Municipal,167.88122247564291,-21.54648900532693,922,714,707,non_ind_iles,Listes non-indépendantistes,Non-indép.,#305f9f,6,21,707,2.9702970297029703,TRUE,1503,Tadine Pénélo
Province des Iles,2019,Maré,0002,Hnawayetche,167.85931527784155,-21.444202132872793,645,458,455,non_ind_iles,Listes non-indépendantistes,Non-indép.,#305f9f,6,33,455,7.252747252747253,TRUE,1501,Guahma
Province des Iles,2019,Maré,0003,Tenane,167.89430877263374,-21.40460074703544,365,257,257,non_ind_iles,Listes non-indépendantistes,Non-indép.,#305f9f,6,7,257,2.7237354085603114,TRUE,1501,Guahma
Province des Iles,2019,Maré,0004,Atha,168.01753084168095,-21.470451728197048,327,242,242,non_ind_iles,Listes non-indépendantistes,Non-indép.,#305f9f,6,12,242,4.958677685950414,TRUE,1502,La Roche
Province des Iles,2019,Maré,0005,Tawainedre,168.08527860190287,-21.502551487309265,406,265,263,non_ind_iles,Listes non-indépendantistes,Non-indép.,#305f9f,6,14,263,5.32319391634981,TRUE,1503,Tadine Pénélo
Province des Iles,2019,Maré,0006,Penelo,168.08945780342214,-21.571088655754444,733,583,582,non_ind_iles,Listes non-indépendantistes,Non-indép.,#305f9f,6,50,582,8.59106529209622,TRUE,1503,Tadine Pénélo
Province des Iles,2019,Maré,0007,Wabao,167.93937201549338,-21.60210597985789,604,479,479,non_ind_iles,Listes non-indépendantistes,Non-indép.,#305f9f,6,26,479,5.427974947807933,TRUE,1503,Tadine Pénélo
Province des Iles,2019,Maré,0008,Netché,167.8385405434138,-21.49048664280733,778,541,540,non_ind_iles,Listes non-indépendantistes,Non-indép.,#305f9f,6,29,540,5.37037037037037,TRUE,1501,Guahma
Province des Iles,2019,Maré,0009,Ménaku,167.96911686605617,-21.444234250592025,240,168,165,non_ind_iles,Listes non-indépendantistes,Non-indép.,#305f9f,6,24,165,14.545454545454545,TRUE,1501,Guahma
Province des Iles,2019,Maré,0010,Mebuet,167.84863195183632,-21.51331947619321,332,243,239,non_ind_iles,Listes non-indépendantistes,Non-indép.,#305f9f,6,16,239,6.694560669456067,TRUE,1501,Guahma
Province des Iles,2019,Maré,0011,Roh,167.86202487687797,-21.39242632802858,285,191,191,non_ind_iles,Listes non-indépendantistes,Non-indép.,#305f9f,6,16,191,8.37696335078534,TRUE,1501,Guahma
Province des Iles,2019,Maré,0012,Eni,167.94942757221617,-21.62666270346723,328,235,233,non_ind_iles,Listes non-indépendantistes,Non-indép.,#305f9f,6,17,233,7.296137339055794,TRUE,1503,Tadine Pénélo
Province des Iles,2019,Maré,0013,La Roche,168.03155085257677,-21.471745123256497,597,402,400,non_ind_iles,Listes non-indépendantistes,Non-indép.,#305f9f,6,32,400,8,TRUE,1502,La Roche
Province des Iles,2019,Ouvéa,0001,Mairie,166.5351802059145,-20.652759156712985,914,620,619,non_ind_iles,Listes non-indépendantistes,Non-indép.,#305f9f,6,116,619,18.739903069466884,TRUE,2002,Fayaoué
Province des Iles,2019,Ouvéa,0002,Fayaoué,166.5351802059145,-20.652759156712985,849,478,469,non_ind_iles,Listes non-indépendantistes,Non-indép.,#305f9f,6,100,469,21.321961620469082,TRUE,2002,Fayaoué
Province des Iles,2019,Ouvéa,0003,Eot,166.60278918905198,-20.44905017069691,564,396,396,non_ind_iles,Listes non-indépendantistes,Non-indép.,#305f9f,6,15,396,3.787878787878788,TRUE,2001,Saint Joseph Gossanah Takedji
Province des Iles,2019,Ouvéa,0004,Mouli,166.42132025613634,-20.72325484847604,404,255,253,non_ind_iles,Listes non-indépendantistes,Non-indép.,#305f9f,6,13,253,5.138339920948616,TRUE,2003,Mouli
Province des Iles,2019,Ouvéa,0005,Wénéki,166.61213110267843,-20.44626073917101,830,533,530,non_ind_iles,Listes non-indépendantistes,Non-indép.,#305f9f,6,30,530,5.660377358490566,TRUE,2001,Saint Joseph Gossanah Takedji
Province des Iles,2019,Ouvéa,0006,Ognahut,166.55961927804398,-20.65637156152609,433,275,273,non_ind_iles,Listes non-indépendantistes,Non-indép.,#305f9f,6,43,273,15.750915750915752,TRUE,2002,Fayaoué
Province des Iles,2019,Ouvéa,0007,Lekiny,166.49017173263093,-20.69359693939266,306,182,164,non_ind_iles,Listes non-indépendantistes,Non-indép.,#305f9f,6,6,164,3.658536585365854,TRUE,2003,Mouli
Province des Iles,2026,Lifou,0001,Salle de mariage - mairie de Lifou,164.9011843365689,-21.121493041727785,645,349,346,non_ind_iles,Listes non-indépendantistes,Non-indép.,#305f9f,6,9,346,2.601156069364162,FALSE,2501,Pouembout village
Province des Iles,2026,Lifou,0002,Xépénéhé,167.15272048120752,-20.78265899014055,625,352,326,non_ind_iles,Listes non-indépendantistes,Non-indép.,#305f9f,6,4,326,1.2269938650306749,TRUE,1403,Wet
Province des Iles,2026,Lifou,0003,Drueulu,167.07853761275717,-20.930242999544458,747,391,391,non_ind_iles,Listes non-indépendantistes,Non-indép.,#305f9f,6,3,391,0.7672634271099744,TRUE,1401,Gaitcha
Province des Iles,2026,Lifou,0004,Jozip,167.34721888788647,-20.940435542649407,387,243,241,non_ind_iles,Listes non-indépendantistes,Non-indép.,#305f9f,6,2,241,0.8298755186721992,TRUE,1402,Lössi
Province des Iles,2026,Lifou,0005,Jokin,167.16447665584124,-20.703384020726688,456,217,212,non_ind_iles,Listes non-indépendantistes,Non-indép.,#305f9f,6,0,212,0,TRUE,1403,Wet
Province des Iles,2026,Lifou,0006,Hmelek,167.28575148149378,-21.047986298100245,394,157,153,non_ind_iles,Listes non-indépendantistes,Non-indép.,#305f9f,6,14,153,9.15032679738562,TRUE,1402,Lössi
Province des Iles,2026,Lifou,0007,Mou,167.41341301025318,-21.092299627592674,546,269,268,non_ind_iles,Listes non-indépendantistes,Non-indép.,#305f9f,6,20,268,7.462686567164179,TRUE,1402,Lössi
Province des Iles,2026,Lifou,0008,Hnathalo,167.254491,-20.788984,641,376,373,non_ind_iles,Listes non-indépendantistes,Non-indép.,#305f9f,6,2,373,0.5361930294906166,TRUE,NA,NA
Province des Iles,2026,Lifou,0009,Hnacaöm,167.20569292168463,-20.72173372554335,222,104,102,non_ind_iles,Listes non-indépendantistes,Non-indép.,#305f9f,6,3,102,2.9411764705882355,TRUE,1403,Wet
Province des Iles,2026,Lifou,0010,Siloam,167.10495154784974,-20.76013449602238,345,188,182,non_ind_iles,Listes non-indépendantistes,Non-indép.,#305f9f,6,5,182,2.7472527472527473,TRUE,1403,Wet
Province des Iles,2026,Lifou,0011,Wasany,167.37793880476198,-21.00787866730366,353,158,156,non_ind_iles,Listes non-indépendantistes,Non-indép.,#305f9f,6,2,156,1.2820512820512822,TRUE,1402,Lössi
Province des Iles,2026,Lifou,0012,Tiga,167.79672481501146,-21.094104177809253,175,47,47,non_ind_iles,Listes non-indépendantistes,Non-indép.,#305f9f,6,0,47,0,TRUE,1402,Lössi
Province des Iles,2026,Lifou,0013,Luecila,167.25787949950455,-20.900908884449866,744,454,449,non_ind_iles,Listes non-indépendantistes,Non-indép.,#305f9f,6,9,449,2.0044543429844097,TRUE,1403,Wet
Province des Iles,2026,Lifou,0014,Hapetra,167.14706004416075,-20.93025342048714,415,252,249,non_ind_iles,Listes non-indépendantistes,Non-indép.,#305f9f,6,2,249,0.8032128514056225,TRUE,1401,Gaitcha
Province des Iles,2026,Lifou,0015,Nang,167.226623,-20.808567,406,204,199,non_ind_iles,Listes non-indépendantistes,Non-indép.,#305f9f,6,3,199,1.5075376884422111,TRUE,NA,NA
Province des Iles,2026,Lifou,0016,Xodre,167.41059644422373,-21.127373900931634,173,74,74,non_ind_iles,Listes non-indépendantistes,Non-indép.,#305f9f,6,4,74,5.405405405405405,TRUE,1402,Lössi
Province des Iles,2026,Lifou,0017,Huiwatrul,167.34969330586503,-21.090299188696775,450,255,252,non_ind_iles,Listes non-indépendantistes,Non-indép.,#305f9f,6,2,252,0.7936507936507936,TRUE,1402,Lössi
Province des Iles,2026,Lifou,0018,Wedrumel,167.1109551627598,-20.984726331890663,371,208,207,non_ind_iles,Listes non-indépendantistes,Non-indép.,#305f9f,6,3,207,1.4492753623188406,TRUE,1401,Gaitcha
Province des Iles,2026,Lifou,0019,Traput,167.30947771877948,-20.931287472634196,402,268,266,non_ind_iles,Listes non-indépendantistes,Non-indép.,#305f9f,6,6,266,2.255639097744361,TRUE,1402,Lössi
Province des Iles,2026,Lifou,0020,Kedeigne,167.21465752873138,-21.037060872425982,470,341,339,non_ind_iles,Listes non-indépendantistes,Non-indép.,#305f9f,6,8,339,2.359882005899705,TRUE,1402,Lössi
Province des Iles,2026,Lifou,0021,Tingeting,167.26667509635985,-20.741613827760364,297,129,125,non_ind_iles,Listes non-indépendantistes,Non-indép.,#305f9f,6,4,125,3.2,TRUE,1403,Wet
Province des Iles,2026,Lifou,0022,Hunëtë,167.09364365001284,-20.763254184835077,234,104,103,non_ind_iles,Listes non-indépendantistes,Non-indép.,#305f9f,6,1,103,0.970873786407767,TRUE,1403,Wet
Province des Iles,2026,Lifou,0023,Luengoni,167.4090226,-21.033997,342,207,203,non_ind_iles,Listes non-indépendantistes,Non-indép.,#305f9f,6,7,203,3.4482758620689653,TRUE,NA,NA
Province des Iles,2026,Lifou,0024,Hnanemuhaetra,167.2208209830944,-20.707970338645733,155,65,65,non_ind_iles,Listes non-indépendantistes,Non-indép.,#305f9f,6,3,65,4.615384615384615,TRUE,1403,Wet
Province des Iles,2026,Lifou,0025,Hnassé,167.26043772263108,-20.9143896938111,250,129,129,non_ind_iles,Listes non-indépendantistes,Non-indép.,#305f9f,6,3,129,2.3255813953488373,TRUE,1402,Lössi
Province des Iles,2026,Lifou,0026,Kirinata,167.24979496278135,-20.81569061412791,174,97,97,non_ind_iles,Listes non-indépendantistes,Non-indép.,#305f9f,6,0,97,0,TRUE,1403,Wet
Province des Iles,2026,Lifou,0027,Thuahaick,166.456104572757,-22.2355536217178,241,127,126,non_ind_iles,Listes non-indépendantistes,Non-indép.,#305f9f,6,0,126,0,FALSE,1832,Zone industrielle Ducos
Province des Iles,2026,Lifou,0028,Easo-Ewë,166.456104572757,-22.2355536217178,132,76,69,non_ind_iles,Listes non-indépendantistes,Non-indép.,#305f9f,6,0,69,0,FALSE,1832,Zone industrielle Ducos
Province des Iles,2026,Maré,0001,Tadine,167.88122247564291,-21.54648900532693,586,433,428,non_ind_iles,Listes non-indépendantistes,Non-indép.,#305f9f,6,0,428,0,TRUE,1503,Tadine Pénélo
Province des Iles,2026,Maré,0002,Hnawayetche,167.85931527784155,-21.444202132872793,644,414,411,non_ind_iles,Listes non-indépendantistes,Non-indép.,#305f9f,6,3,411,0.7299270072992701,TRUE,1501,Guahma
Province des Iles,2026,Maré,0003,Tenane,167.89430877263374,-21.40460074703544,363,230,229,non_ind_iles,Listes non-indépendantistes,Non-indép.,#305f9f,6,0,229,0,TRUE,1501,Guahma
Province des Iles,2026,Maré,0004,Atha,168.01753084168095,-21.470451728197048,347,204,201,non_ind_iles,Listes non-indépendantistes,Non-indép.,#305f9f,6,0,201,0,TRUE,1502,La Roche
Province des Iles,2026,Maré,0005,Tawainedre,168.08527860190287,-21.502551487309265,444,231,231,non_ind_iles,Listes non-indépendantistes,Non-indép.,#305f9f,6,0,231,0,TRUE,1503,Tadine Pénélo
Province des Iles,2026,Maré,0006,Penelo,168.08945780342214,-21.571088655754444,779,453,451,non_ind_iles,Listes non-indépendantistes,Non-indép.,#305f9f,6,1,451,0.22172949002217296,TRUE,1503,Tadine Pénélo
Province des Iles,2026,Maré,0007,Wabao,167.93937201549338,-21.60210597985789,645,432,431,non_ind_iles,Listes non-indépendantistes,Non-indép.,#305f9f,6,0,431,0,TRUE,1503,Tadine Pénélo
Province des Iles,2026,Maré,0008,Nece,167.8385405434138,-21.49048664280733,762,486,486,non_ind_iles,Listes non-indépendantistes,Non-indép.,#305f9f,6,1,486,0.205761316872428,TRUE,1501,Guahma
Province des Iles,2026,Maré,0009,Ménaku,167.96911686605617,-21.444234250592025,275,161,159,non_ind_iles,Listes non-indépendantistes,Non-indép.,#305f9f,6,2,159,1.2578616352201257,TRUE,1501,Guahma
Province des Iles,2026,Maré,0010,Mebuet,167.84863195183632,-21.51331947619321,360,239,239,non_ind_iles,Listes non-indépendantistes,Non-indép.,#305f9f,6,0,239,0,TRUE,1501,Guahma
Province des Iles,2026,Maré,0011,Roh,167.86202487687797,-21.39242632802858,287,171,171,non_ind_iles,Listes non-indépendantistes,Non-indép.,#305f9f,6,0,171,0,TRUE,1501,Guahma
Province des Iles,2026,Maré,0012,Eni,167.94942757221617,-21.62666270346723,375,242,241,non_ind_iles,Listes non-indépendantistes,Non-indép.,#305f9f,6,0,241,0,TRUE,1503,Tadine Pénélo
Province des Iles,2026,Maré,0013,La Roche,168.03155085257677,-21.471745123256497,671,362,359,non_ind_iles,Listes non-indépendantistes,Non-indép.,#305f9f,6,0,359,0,TRUE,1502,La Roche
Province des Iles,2026,Maré,0014,Tuo,167.89428156445027,-21.49517949257516,435,294,291,non_ind_iles,Listes non-indépendantistes,Non-indép.,#305f9f,6,0,291,0,TRUE,1501,Guahma
Province des Iles,2026,Ouvéa,0001,Mairie,166.5351802059145,-20.652759156712985,955,409,404,non_ind_iles,Listes non-indépendantistes,Non-indép.,#305f9f,6,73,404,18.06930693069307,TRUE,2002,Fayaoué
Province des Iles,2026,Ouvéa,0002,Fayaoué,166.5351802059145,-20.652759156712985,844,348,342,non_ind_iles,Listes non-indépendantistes,Non-indép.,#305f9f,6,24,342,7.017543859649122,TRUE,2002,Fayaoué
Province des Iles,2026,Ouvéa,0003,Heo,166.60278918905198,-20.44905017069691,550,289,289,non_ind_iles,Listes non-indépendantistes,Non-indép.,#305f9f,6,17,289,5.882352941176471,TRUE,2001,Saint Joseph Gossanah Takedji
Province des Iles,2026,Ouvéa,0004,Mouli,166.42132025613634,-20.72325484847604,392,181,175,non_ind_iles,Listes non-indépendantistes,Non-indép.,#305f9f,6,7,175,4,TRUE,2003,Mouli
Province des Iles,2026,Ouvéa,0005,Wénéki,166.61213110267843,-20.44626073917101,840,345,329,non_ind_iles,Listes non-indépendantistes,Non-indép.,#305f9f,6,11,329,3.3434650455927053,TRUE,2001,Saint Joseph Gossanah Takedji
Province des Iles,2026,Ouvéa,0006,Ognahut,166.55961927804398,-20.65637156152609,447,199,195,non_ind_iles,Listes non-indépendantistes,Non-indép.,#305f9f,6,9,195,4.615384615384615,TRUE,2002,Fayaoué
Province des Iles,2026,Ouvéa,0007,Lekine,166.49017173263093,-20.69359693939266,300,170,168,non_ind_iles,Listes non-indépendantistes,Non-indép.,#305f9f,6,3,168,1.7857142857142858,TRUE,2003,Mouli
Province des Iles,2019,Lifou,0001,Mairie De We,164.9011843365689,-21.121493041727785,575,359,357,participation,Participation,Participation,#8a6b34,7,359,575,62.43478260869565,FALSE,2501,Pouembout village
Province des Iles,2019,Lifou,0002,Xepenehe,167.15272048120752,-20.78265899014055,722,510,507,participation,Participation,Participation,#8a6b34,7,510,722,70.6371191135734,TRUE,1403,Wet
Province des Iles,2019,Lifou,0003,Drueulu,167.07853761275717,-20.930242999544458,736,506,504,participation,Participation,Participation,#8a6b34,7,506,736,68.75,TRUE,1401,Gaitcha
Province des Iles,2019,Lifou,0004,Jozip,167.34721888788647,-20.940435542649407,377,264,262,participation,Participation,Participation,#8a6b34,7,264,377,70.026525198939,TRUE,1402,Lössi
Province des Iles,2019,Lifou,0005,Jokin,167.16447665584124,-20.703384020726688,422,272,269,participation,Participation,Participation,#8a6b34,7,272,422,64.45497630331754,TRUE,1403,Wet
Province des Iles,2019,Lifou,0006,Hmelek,167.28575148149378,-21.047986298100245,585,296,292,participation,Participation,Participation,#8a6b34,7,296,585,50.598290598290596,TRUE,1402,Lössi
Province des Iles,2019,Lifou,0007,Mou,167.41341301025318,-21.092299627592674,547,314,310,participation,Participation,Participation,#8a6b34,7,314,547,57.40402193784278,TRUE,1402,Lössi
Province des Iles,2019,Lifou,0008,Hnathalo,167.254491,-20.788984,558,344,335,participation,Participation,Participation,#8a6b34,7,344,558,61.64874551971326,TRUE,NA,NA
Province des Iles,2019,Lifou,0009,Hnacaom,167.20569292168463,-20.72173372554335,228,128,127,participation,Participation,Participation,#8a6b34,7,128,228,56.14035087719298,TRUE,1403,Wet
Province des Iles,2019,Lifou,0010,Siloam,167.10495154784974,-20.76013449602238,329,237,233,participation,Participation,Participation,#8a6b34,7,237,329,72.03647416413374,TRUE,1403,Wet
Province des Iles,2019,Lifou,0011,Wasany,167.37793880476198,-21.00787866730366,348,185,184,participation,Participation,Participation,#8a6b34,7,185,348,53.160919540229884,TRUE,1402,Lössi
Province des Iles,2019,Lifou,0012,Tiga,167.79672481501146,-21.094104177809253,199,130,127,participation,Participation,Participation,#8a6b34,7,130,199,65.32663316582915,TRUE,1402,Lössi
Province des Iles,2019,Lifou,0013,Luecila,167.25787949950455,-20.900908884449866,696,501,496,participation,Participation,Participation,#8a6b34,7,501,696,71.98275862068965,TRUE,1403,Wet
Province des Iles,2019,Lifou,0014,Hapetra,167.14706004416075,-20.93025342048714,435,334,334,participation,Participation,Participation,#8a6b34,7,334,435,76.7816091954023,TRUE,1401,Gaitcha
Province des Iles,2019,Lifou,0015,Nang,167.226623,-20.808567,407,250,247,participation,Participation,Participation,#8a6b34,7,250,407,61.42506142506142,TRUE,NA,NA
Province des Iles,2019,Lifou,0016,Xodre,167.41059644422373,-21.127373900931634,174,89,89,participation,Participation,Participation,#8a6b34,7,89,174,51.14942528735632,TRUE,1402,Lössi
Province des Iles,2019,Lifou,0017,Huiwatrul,167.34969330586503,-21.090299188696775,415,267,265,participation,Participation,Participation,#8a6b34,7,267,415,64.33734939759036,TRUE,1402,Lössi
Province des Iles,2019,Lifou,0018,Wedrumel,167.1109551627598,-20.984726331890663,354,209,209,participation,Participation,Participation,#8a6b34,7,209,354,59.03954802259887,TRUE,1401,Gaitcha
Province des Iles,2019,Lifou,0019,Traput,167.30947771877948,-20.931287472634196,379,200,198,participation,Participation,Participation,#8a6b34,7,200,379,52.770448548812666,TRUE,1402,Lössi
Province des Iles,2019,Lifou,0020,Kedeigne,167.21465752873138,-21.037060872425982,467,301,301,participation,Participation,Participation,#8a6b34,7,301,467,64.45396145610279,TRUE,1402,Lössi
Province des Iles,2019,Lifou,0021,Tingeting,167.26667509635985,-20.741613827760364,273,152,152,participation,Participation,Participation,#8a6b34,7,152,273,55.67765567765568,TRUE,1403,Wet
Province des Iles,2019,Lifou,0022,Hunëtë,167.09364365001284,-20.763254184835077,230,124,124,participation,Participation,Participation,#8a6b34,7,124,230,53.91304347826087,TRUE,1403,Wet
Province des Iles,2019,Lifou,0023,Luengoni,167.4090226,-21.033997,350,273,268,participation,Participation,Participation,#8a6b34,7,273,350,78,TRUE,NA,NA
Province des Iles,2019,Lifou,0024,Hnanemuhaetra,167.2208209830944,-20.707970338645733,146,80,79,participation,Participation,Participation,#8a6b34,7,80,146,54.794520547945204,TRUE,1403,Wet
Province des Iles,2019,Lifou,0025,Hnasse,167.26043772263108,-20.9143896938111,225,140,140,participation,Participation,Participation,#8a6b34,7,140,225,62.22222222222222,TRUE,1402,Lössi
Province des Iles,2019,Lifou,0026,Kirinata,167.24979496278135,-20.81569061412791,166,117,117,participation,Participation,Participation,#8a6b34,7,117,166,70.48192771084338,TRUE,1403,Wet
Province des Iles,2019,Maré,0001,Faré Municipal,167.88122247564291,-21.54648900532693,922,714,707,participation,Participation,Participation,#8a6b34,7,714,922,77.44034707158352,TRUE,1503,Tadine Pénélo
Province des Iles,2019,Maré,0002,Hnawayetche,167.85931527784155,-21.444202132872793,645,458,455,participation,Participation,Participation,#8a6b34,7,458,645,71.0077519379845,TRUE,1501,Guahma
Province des Iles,2019,Maré,0003,Tenane,167.89430877263374,-21.40460074703544,365,257,257,participation,Participation,Participation,#8a6b34,7,257,365,70.41095890410959,TRUE,1501,Guahma
Province des Iles,2019,Maré,0004,Atha,168.01753084168095,-21.470451728197048,327,242,242,participation,Participation,Participation,#8a6b34,7,242,327,74.00611620795107,TRUE,1502,La Roche
Province des Iles,2019,Maré,0005,Tawainedre,168.08527860190287,-21.502551487309265,406,265,263,participation,Participation,Participation,#8a6b34,7,265,406,65.27093596059113,TRUE,1503,Tadine Pénélo
Province des Iles,2019,Maré,0006,Penelo,168.08945780342214,-21.571088655754444,733,583,582,participation,Participation,Participation,#8a6b34,7,583,733,79.53615279672579,TRUE,1503,Tadine Pénélo
Province des Iles,2019,Maré,0007,Wabao,167.93937201549338,-21.60210597985789,604,479,479,participation,Participation,Participation,#8a6b34,7,479,604,79.30463576158941,TRUE,1503,Tadine Pénélo
Province des Iles,2019,Maré,0008,Netché,167.8385405434138,-21.49048664280733,778,541,540,participation,Participation,Participation,#8a6b34,7,541,778,69.53727506426735,TRUE,1501,Guahma
Province des Iles,2019,Maré,0009,Ménaku,167.96911686605617,-21.444234250592025,240,168,165,participation,Participation,Participation,#8a6b34,7,168,240,70,TRUE,1501,Guahma
Province des Iles,2019,Maré,0010,Mebuet,167.84863195183632,-21.51331947619321,332,243,239,participation,Participation,Participation,#8a6b34,7,243,332,73.19277108433735,TRUE,1501,Guahma
Province des Iles,2019,Maré,0011,Roh,167.86202487687797,-21.39242632802858,285,191,191,participation,Participation,Participation,#8a6b34,7,191,285,67.01754385964912,TRUE,1501,Guahma
Province des Iles,2019,Maré,0012,Eni,167.94942757221617,-21.62666270346723,328,235,233,participation,Participation,Participation,#8a6b34,7,235,328,71.64634146341463,TRUE,1503,Tadine Pénélo
Province des Iles,2019,Maré,0013,La Roche,168.03155085257677,-21.471745123256497,597,402,400,participation,Participation,Participation,#8a6b34,7,402,597,67.33668341708542,TRUE,1502,La Roche
Province des Iles,2019,Ouvéa,0001,Mairie,166.5351802059145,-20.652759156712985,914,620,619,participation,Participation,Participation,#8a6b34,7,620,914,67.83369803063458,TRUE,2002,Fayaoué
Province des Iles,2019,Ouvéa,0002,Fayaoué,166.5351802059145,-20.652759156712985,849,478,469,participation,Participation,Participation,#8a6b34,7,478,849,56.30153121319199,TRUE,2002,Fayaoué
Province des Iles,2019,Ouvéa,0003,Eot,166.60278918905198,-20.44905017069691,564,396,396,participation,Participation,Participation,#8a6b34,7,396,564,70.2127659574468,TRUE,2001,Saint Joseph Gossanah Takedji
Province des Iles,2019,Ouvéa,0004,Mouli,166.42132025613634,-20.72325484847604,404,255,253,participation,Participation,Participation,#8a6b34,7,255,404,63.118811881188115,TRUE,2003,Mouli
Province des Iles,2019,Ouvéa,0005,Wénéki,166.61213110267843,-20.44626073917101,830,533,530,participation,Participation,Participation,#8a6b34,7,533,830,64.21686746987952,TRUE,2001,Saint Joseph Gossanah Takedji
Province des Iles,2019,Ouvéa,0006,Ognahut,166.55961927804398,-20.65637156152609,433,275,273,participation,Participation,Participation,#8a6b34,7,275,433,63.51039260969977,TRUE,2002,Fayaoué
Province des Iles,2019,Ouvéa,0007,Lekiny,166.49017173263093,-20.69359693939266,306,182,164,participation,Participation,Participation,#8a6b34,7,182,306,59.47712418300654,TRUE,2003,Mouli
Province des Iles,2026,Lifou,0001,Salle de mariage - mairie de Lifou,164.9011843365689,-21.121493041727785,645,349,346,participation,Participation,Participation,#8a6b34,7,349,645,54.10852713178294,FALSE,2501,Pouembout village
Province des Iles,2026,Lifou,0002,Xépénéhé,167.15272048120752,-20.78265899014055,625,352,326,participation,Participation,Participation,#8a6b34,7,352,625,56.32,TRUE,1403,Wet
Province des Iles,2026,Lifou,0003,Drueulu,167.07853761275717,-20.930242999544458,747,391,391,participation,Participation,Participation,#8a6b34,7,391,747,52.34270414993306,TRUE,1401,Gaitcha
Province des Iles,2026,Lifou,0004,Jozip,167.34721888788647,-20.940435542649407,387,243,241,participation,Participation,Participation,#8a6b34,7,243,387,62.7906976744186,TRUE,1402,Lössi
Province des Iles,2026,Lifou,0005,Jokin,167.16447665584124,-20.703384020726688,456,217,212,participation,Participation,Participation,#8a6b34,7,217,456,47.58771929824562,TRUE,1403,Wet
Province des Iles,2026,Lifou,0006,Hmelek,167.28575148149378,-21.047986298100245,394,157,153,participation,Participation,Participation,#8a6b34,7,157,394,39.84771573604061,TRUE,1402,Lössi
Province des Iles,2026,Lifou,0007,Mou,167.41341301025318,-21.092299627592674,546,269,268,participation,Participation,Participation,#8a6b34,7,269,546,49.26739926739927,TRUE,1402,Lössi
Province des Iles,2026,Lifou,0008,Hnathalo,167.254491,-20.788984,641,376,373,participation,Participation,Participation,#8a6b34,7,376,641,58.65834633385335,TRUE,NA,NA
Province des Iles,2026,Lifou,0009,Hnacaöm,167.20569292168463,-20.72173372554335,222,104,102,participation,Participation,Participation,#8a6b34,7,104,222,46.846846846846844,TRUE,1403,Wet
Province des Iles,2026,Lifou,0010,Siloam,167.10495154784974,-20.76013449602238,345,188,182,participation,Participation,Participation,#8a6b34,7,188,345,54.492753623188406,TRUE,1403,Wet
Province des Iles,2026,Lifou,0011,Wasany,167.37793880476198,-21.00787866730366,353,158,156,participation,Participation,Participation,#8a6b34,7,158,353,44.759206798866856,TRUE,1402,Lössi
Province des Iles,2026,Lifou,0012,Tiga,167.79672481501146,-21.094104177809253,175,47,47,participation,Participation,Participation,#8a6b34,7,47,175,26.857142857142858,TRUE,1402,Lössi
Province des Iles,2026,Lifou,0013,Luecila,167.25787949950455,-20.900908884449866,744,454,449,participation,Participation,Participation,#8a6b34,7,454,744,61.02150537634409,TRUE,1403,Wet
Province des Iles,2026,Lifou,0014,Hapetra,167.14706004416075,-20.93025342048714,415,252,249,participation,Participation,Participation,#8a6b34,7,252,415,60.72289156626506,TRUE,1401,Gaitcha
Province des Iles,2026,Lifou,0015,Nang,167.226623,-20.808567,406,204,199,participation,Participation,Participation,#8a6b34,7,204,406,50.24630541871921,TRUE,NA,NA
Province des Iles,2026,Lifou,0016,Xodre,167.41059644422373,-21.127373900931634,173,74,74,participation,Participation,Participation,#8a6b34,7,74,173,42.774566473988436,TRUE,1402,Lössi
Province des Iles,2026,Lifou,0017,Huiwatrul,167.34969330586503,-21.090299188696775,450,255,252,participation,Participation,Participation,#8a6b34,7,255,450,56.666666666666664,TRUE,1402,Lössi
Province des Iles,2026,Lifou,0018,Wedrumel,167.1109551627598,-20.984726331890663,371,208,207,participation,Participation,Participation,#8a6b34,7,208,371,56.064690026954175,TRUE,1401,Gaitcha
Province des Iles,2026,Lifou,0019,Traput,167.30947771877948,-20.931287472634196,402,268,266,participation,Participation,Participation,#8a6b34,7,268,402,66.66666666666667,TRUE,1402,Lössi
Province des Iles,2026,Lifou,0020,Kedeigne,167.21465752873138,-21.037060872425982,470,341,339,participation,Participation,Participation,#8a6b34,7,341,470,72.55319148936171,TRUE,1402,Lössi
Province des Iles,2026,Lifou,0021,Tingeting,167.26667509635985,-20.741613827760364,297,129,125,participation,Participation,Participation,#8a6b34,7,129,297,43.43434343434343,TRUE,1403,Wet
Province des Iles,2026,Lifou,0022,Hunëtë,167.09364365001284,-20.763254184835077,234,104,103,participation,Participation,Participation,#8a6b34,7,104,234,44.44444444444444,TRUE,1403,Wet
Province des Iles,2026,Lifou,0023,Luengoni,167.4090226,-21.033997,342,207,203,participation,Participation,Participation,#8a6b34,7,207,342,60.526315789473685,TRUE,NA,NA
Province des Iles,2026,Lifou,0024,Hnanemuhaetra,167.2208209830944,-20.707970338645733,155,65,65,participation,Participation,Participation,#8a6b34,7,65,155,41.935483870967744,TRUE,1403,Wet
Province des Iles,2026,Lifou,0025,Hnassé,167.26043772263108,-20.9143896938111,250,129,129,participation,Participation,Participation,#8a6b34,7,129,250,51.6,TRUE,1402,Lössi
Province des Iles,2026,Lifou,0026,Kirinata,167.24979496278135,-20.81569061412791,174,97,97,participation,Participation,Participation,#8a6b34,7,97,174,55.747126436781606,TRUE,1403,Wet
Province des Iles,2026,Lifou,0027,Thuahaick,166.456104572757,-22.2355536217178,241,127,126,participation,Participation,Participation,#8a6b34,7,127,241,52.697095435684645,FALSE,1832,Zone industrielle Ducos
Province des Iles,2026,Lifou,0028,Easo-Ewë,166.456104572757,-22.2355536217178,132,76,69,participation,Participation,Participation,#8a6b34,7,76,132,57.57575757575758,FALSE,1832,Zone industrielle Ducos
Province des Iles,2026,Maré,0001,Tadine,167.88122247564291,-21.54648900532693,586,433,428,participation,Participation,Participation,#8a6b34,7,433,586,73.89078498293516,TRUE,1503,Tadine Pénélo
Province des Iles,2026,Maré,0002,Hnawayetche,167.85931527784155,-21.444202132872793,644,414,411,participation,Participation,Participation,#8a6b34,7,414,644,64.28571428571429,TRUE,1501,Guahma
Province des Iles,2026,Maré,0003,Tenane,167.89430877263374,-21.40460074703544,363,230,229,participation,Participation,Participation,#8a6b34,7,230,363,63.36088154269972,TRUE,1501,Guahma
Province des Iles,2026,Maré,0004,Atha,168.01753084168095,-21.470451728197048,347,204,201,participation,Participation,Participation,#8a6b34,7,204,347,58.789625360230545,TRUE,1502,La Roche
Province des Iles,2026,Maré,0005,Tawainedre,168.08527860190287,-21.502551487309265,444,231,231,participation,Participation,Participation,#8a6b34,7,231,444,52.027027027027025,TRUE,1503,Tadine Pénélo
Province des Iles,2026,Maré,0006,Penelo,168.08945780342214,-21.571088655754444,779,453,451,participation,Participation,Participation,#8a6b34,7,453,779,58.15147625160462,TRUE,1503,Tadine Pénélo
Province des Iles,2026,Maré,0007,Wabao,167.93937201549338,-21.60210597985789,645,432,431,participation,Participation,Participation,#8a6b34,7,432,645,66.97674418604652,TRUE,1503,Tadine Pénélo
Province des Iles,2026,Maré,0008,Nece,167.8385405434138,-21.49048664280733,762,486,486,participation,Participation,Participation,#8a6b34,7,486,762,63.77952755905512,TRUE,1501,Guahma
Province des Iles,2026,Maré,0009,Ménaku,167.96911686605617,-21.444234250592025,275,161,159,participation,Participation,Participation,#8a6b34,7,161,275,58.54545454545455,TRUE,1501,Guahma
Province des Iles,2026,Maré,0010,Mebuet,167.84863195183632,-21.51331947619321,360,239,239,participation,Participation,Participation,#8a6b34,7,239,360,66.38888888888889,TRUE,1501,Guahma
Province des Iles,2026,Maré,0011,Roh,167.86202487687797,-21.39242632802858,287,171,171,participation,Participation,Participation,#8a6b34,7,171,287,59.58188153310105,TRUE,1501,Guahma
Province des Iles,2026,Maré,0012,Eni,167.94942757221617,-21.62666270346723,375,242,241,participation,Participation,Participation,#8a6b34,7,242,375,64.53333333333333,TRUE,1503,Tadine Pénélo
Province des Iles,2026,Maré,0013,La Roche,168.03155085257677,-21.471745123256497,671,362,359,participation,Participation,Participation,#8a6b34,7,362,671,53.949329359165425,TRUE,1502,La Roche
Province des Iles,2026,Maré,0014,Tuo,167.89428156445027,-21.49517949257516,435,294,291,participation,Participation,Participation,#8a6b34,7,294,435,67.58620689655173,TRUE,1501,Guahma
Province des Iles,2026,Ouvéa,0001,Mairie,166.5351802059145,-20.652759156712985,955,409,404,participation,Participation,Participation,#8a6b34,7,409,955,42.82722513089005,TRUE,2002,Fayaoué
Province des Iles,2026,Ouvéa,0002,Fayaoué,166.5351802059145,-20.652759156712985,844,348,342,participation,Participation,Participation,#8a6b34,7,348,844,41.23222748815166,TRUE,2002,Fayaoué
Province des Iles,2026,Ouvéa,0003,Heo,166.60278918905198,-20.44905017069691,550,289,289,participation,Participation,Participation,#8a6b34,7,289,550,52.54545454545455,TRUE,2001,Saint Joseph Gossanah Takedji
Province des Iles,2026,Ouvéa,0004,Mouli,166.42132025613634,-20.72325484847604,392,181,175,participation,Participation,Participation,#8a6b34,7,181,392,46.173469387755105,TRUE,2003,Mouli
Province des Iles,2026,Ouvéa,0005,Wénéki,166.61213110267843,-20.44626073917101,840,345,329,participation,Participation,Participation,#8a6b34,7,345,840,41.07142857142857,TRUE,2001,Saint Joseph Gossanah Takedji
Province des Iles,2026,Ouvéa,0006,Ognahut,166.55961927804398,-20.65637156152609,447,199,195,participation,Participation,Participation,#8a6b34,7,199,447,44.51901565995526,TRUE,2002,Fayaoué
Province des Iles,2026,Ouvéa,0007,Lekine,166.49017173263093,-20.69359693939266,300,170,168,participation,Participation,Participation,#8a6b34,7,170,300,56.666666666666664,TRUE,2003,Mouli
