{
"type": "FeatureCollection",
"name": "communes",
"crs": { "type": "name", "properties": { "name": "urn:ogc:def:crs:OGC:1.3:CRS84" } },
"features": [
{ "type": "Feature", "properties": { "province": "Province Nord", "commune": "La Foa" }, "geometry": { "type": "MultiPolygon", "coordinates": [ ] } },
{ "type": "Feature", "properties": { "province": "Province Nord", "commune": "Poum" }, "geometry": { "type": "MultiPolygon", "coordinates": [ [ [ [ 164.0193849, -20.082674799999975 ], [ 164.02590975575518, -20.081395623117452 ], [ 164.031923899999981, -20.077969099999979 ], [ 164.035785760395243, -20.084636406567373 ], [ 164.035882499999985, -20.088057700000014 ], [ 164.042674829286739, -20.088731224581053 ], [ 164.049029663816327, -20.101966199332029 ], [ 164.051745794419531, -20.103095519871349 ], [ 164.0536975, -20.101274800000024 ], [ 164.053540699999985, -20.106160499999977 ], [ 164.05643139999998, -20.10823809999998 ], [ 164.051014357982666, -20.107858790000225 ], [ 164.051739, -20.111182599999985 ], [ 164.055114488614407, -20.111240946847257 ], [ 164.053861474171327, -20.115300100765229 ], [ 164.056392397957751, -20.113130448453024 ], [ 164.056931099999986, -20.1085595 ], [ 164.0591455, -20.1100097 ], [ 164.0592566, -20.112414099999988 ], [ 164.061694221571145, -20.111957672266019 ], [ 164.061560499999985, -20.108673 ], [ 164.0589305, -20.109349899999984 ], [ 164.056706423481216, -20.107693194506584 ], [ 164.0598283, -20.106016099999987 ], [ 164.060099951690944, -20.101657639661177 ], [ 164.0632525, -20.1031411 ], [ 164.069942377686175, -20.11510380361911 ], [ 164.0725798, -20.123823 ], [ 164.07762409999998, -20.1281422 ], [ 164.0762564, -20.12932290000003 ], [ 164.071718453176857, -20.125514257494547 ], [ 164.0693717, -20.126853899999979 ], [ 164.0749875, -20.132427 ], [ 164.07560751860035, -20.129008712445099 ], [ 164.076878, -20.132675 ], [ 164.077136751397177, -20.129077102040419 ], [ 164.078389866684432, -20.133137836013148 ], [ 164.0811378, -20.133993499999985 ], [ 164.0836381, -20.139078400000031 ], [ 164.0847236, -20.142443 ], [ 164.083520188416884, -20.142384202989028 ], [ 164.08543419999998, -20.1440976 ], [ 164.084041786842903, -20.144623007866088 ], [ 164.091416554613915, -20.146719455502659 ], [ 164.095409910978333, -20.159103527735013 ], [ 164.0964759, -20.1601225 ], [ 164.096306504384302, -20.158056998634791 ], [ 164.0995419, -20.1580526 ], [ 164.098967099999982, -20.1616082 ], [ 164.100355799999988, -20.159276299999988 ], [ 164.1031064, -20.160601900000014 ], [ 164.100260264287584, -20.167721371908851 ], [ 164.103001229650232, -20.164934348744353 ], [ 164.103939, -20.16892170000002 ], [ 164.103389, -20.161547700000011 ], [ 164.110998400000028, -20.165368600000011 ], [ 164.112269196053063, -20.166681185698845 ], [ 164.111076757283115, -20.167793706726883 ], [ 164.11231452207673, -20.16682112409277 ], [ 164.1146014, -20.1681287 ], [ 164.115861651381863, -20.170065232809389 ], [ 164.112821894129155, -20.168851098943751 ], [ 164.114786197823463, -20.170310720110951 ], [ 164.113602989093522, -20.172106027402283 ], [ 164.115848199999988, -20.170253399999989 ], [ 164.127406637235737, -20.174960048032222 ], [ 164.132736599999987, -20.174885400000029 ], [ 164.132059386107642, -20.180042677550503 ], [ 164.136111, -20.1826834 ], [ 164.137276691388706, -20.187708999396971 ], [ 164.145260656145211, -20.192761836385724 ], [ 164.1490636, -20.2024846 ], [ 164.156569009883896, -20.20908294597848 ], [ 164.156949199999985, -20.2127372 ], [ 164.161082321084535, -20.213845037694114 ], [ 164.163663499999984, -20.2172999 ], [ 164.163429899999983, -20.2255987 ], [ 164.1700741, -20.2340803 ], [ 164.1697375, -20.2373355 ], [ 164.175097277839029, -20.23824779417032 ], [ 164.175005134370792, -20.240452220052582 ], [ 164.176141884539305, -20.237671310466759 ], [ 164.177432880792907, -20.240896423636681 ], [ 164.182109699999984, -20.244444100000035 ], [ 164.186214899999982, -20.2454022 ], [ 164.19174169845644, -20.243389099871592 ], [ 164.195725199065606, -20.246466143571169 ], [ 164.197652500677634, -20.245066700400194 ], [ 164.197838050761845, -20.249657109349815 ], [ 164.201986840697032, -20.251462950115936 ], [ 164.200027405028635, -20.24639276296476 ], [ 164.202278278980742, -20.244255118391536 ], [ 164.2015265, -20.2469876 ], [ 164.204383186063495, -20.249482480219122 ], [ 164.202507, -20.2484424 ], [ 164.2042085, -20.250726 ], [ 164.2035435, -20.253990799999954 ], [ 164.2042749, -20.25046690000001 ], [ 164.206741207187662, -20.254806930884641 ], [ 164.207186401935019, -20.252038835543356 ], [ 164.2090433, -20.255194299999985 ], [ 164.2094453, -20.2531213 ], [ 164.2122206, -20.2550566 ], [ 164.2121885, -20.259555500000015 ], [ 164.220312799999988, -20.2667612 ], [ 164.219519627324871, -20.267552820261773 ], [ 164.225179400776227, -20.270494630239245 ], [ 164.230110291562653, -20.269346896264903 ], [ 164.230579799999987, -20.2720437 ], [ 164.232643990905842, -20.271260814922087 ], [ 164.23183395554949, -20.274069868014934 ], [ 164.233300899999989, -20.2764714 ], [ 164.234674399999989, -20.2756033 ], [ 164.235094215495252, -20.277202521761556 ], [ 164.246170843868072, -20.281102229677007 ], [ 164.247748779121054, -20.283661729446834 ], [ 164.249305486145005, -20.282430919677008 ], [ 164.249363631960136, -20.284248647805473 ], [ 164.252731350108775, -20.286445326404234 ], [ 164.250128499999988, -20.2854002 ], [ 164.252463, -20.2867468 ], [ 164.251256899999987, -20.286472200000023 ], [ 164.251945364880186, -20.288273804698871 ], [ 164.258734555744013, -20.290145721778568 ], [ 164.2551077, -20.29341269999998 ], [ 164.2569331, -20.295758900000038 ], [ 164.259758595834001, -20.292957909125519 ], [ 164.263676015869294, -20.292324632487297 ], [ 164.260342764004236, -20.29570305874099 ], [ 164.262033373271066, -20.295664587633588 ], [ 164.261390674501342, -20.297364395001232 ], [ 164.2630469, -20.296260099999987 ], [ 164.2627707, -20.298274100000015 ], [ 164.2643999, -20.2958707 ], [ 164.264436831374695, -20.297478245325184 ], [ 164.267762337165152, -20.297236865906118 ], [ 164.2664512, -20.294853699999983 ], [ 164.2675222, -20.292182199999974 ], [ 164.268369299999989, -20.29479730000001 ], [ 164.270963803769718, -20.293325931489147 ], [ 164.2711319, -20.2973453 ], [ 164.272657, -20.2970731 ], [ 164.273133749058047, -20.294562104423431 ], [ 164.271171928444687, -20.292518069861657 ], [ 164.274544426860786, -20.289515968868852 ], [ 164.269721345261956, -20.292430858583611 ], [ 164.2702823, -20.290450599999986 ], [ 164.2683281, -20.289856699999987 ], [ 164.272113129499019, -20.287846440022445 ], [ 164.272606599999989, -20.2858033 ], [ 164.270305551588621, -20.285267795541024 ], [ 164.267439583948715, -20.28926998763616 ], [ 164.267373988994621, -20.284567609004387 ], [ 164.274313799999987, -20.2842119 ], [ 164.277697500000016, -20.2822802 ], [ 164.2786284, -20.286868799999962 ], [ 164.284237364515576, -20.28441692536973 ], [ 164.2862929, -20.2857376 ], [ 164.286932, -20.289232799999986 ], [ 164.295301476084632, -20.283162887099078 ], [ 164.3014071, -20.288133200000011 ], [ 164.299367182816582, -20.28920566405391 ], [ 164.2996212, -20.2877095 ], [ 164.297730297532922, -20.288283880182572 ], [ 164.297107, -20.286379700000023 ], [ 164.295195, -20.2870941 ], [ 164.294796159332947, -20.289142920519382 ], [ 164.292601099999985, -20.2890192 ], [ 164.292648480103679, -20.291661808061043 ], [ 164.2944398, -20.290871100000011 ], [ 164.295695964702333, -20.294060201136059 ], [ 164.292558451610915, -20.293415359251263 ], [ 164.2915328, -20.294771 ], [ 164.2945095, -20.296409199999978 ], [ 164.2939668, -20.298389699999966 ], [ 164.299847383232446, -20.296087725317559 ], [ 164.299223887358494, -20.300794958182731 ], [ 164.297675300816934, -20.301264991218051 ], [ 164.298277890843792, -20.304222903962746 ], [ 164.3011624453286, -20.302993843362056 ], [ 164.301033421957783, -20.30095793994516 ], [ 164.302316015943035, -20.302393729293573 ], [ 164.303553203804171, -20.299312111400184 ], [ 164.304741586132081, -20.299813827826917 ], [ 164.309299364080744, -20.308541456530257 ], [ 164.307753099999985, -20.3101465 ], [ 164.305441425354957, -20.309150375926862 ], [ 164.306601, -20.311919399999965 ], [ 164.3034719, -20.3128526 ], [ 164.303214164904034, -20.311693877993481 ], [ 164.301900582285782, -20.313280152254087 ], [ 164.304014361851614, -20.314641508936973 ], [ 164.302217212020764, -20.314972565763703 ], [ 164.300006130714706, -20.31361430645288 ], [ 164.3002792, -20.311918500000015 ], [ 164.299050876285349, -20.313542063181618 ], [ 164.298466393573676, -20.312227957727654 ], [ 164.293367099999983, -20.3131262 ], [ 164.293315299999989, -20.311179700000025 ], [ 164.291121789423585, -20.312956686116713 ], [ 164.290205599999979, -20.3101664 ], [ 164.2866391, -20.3090351 ], [ 164.288473776555264, -20.311469598357505 ], [ 164.285996950787819, -20.314951238332863 ], [ 164.289514699999984, -20.3147334 ], [ 164.2913207, -20.319061 ], [ 164.293475, -20.3179221 ], [ 164.29255888021379, -20.319921774801941 ], [ 164.293973668527656, -20.319292919214856 ], [ 164.294036553051058, -20.322097302122028 ], [ 164.296937, -20.3196022 ], [ 164.294233291267687, -20.322972384002931 ], [ 164.2962967, -20.3221124 ], [ 164.295942599999989, -20.323670299999986 ], [ 164.297564085787002, -20.323927990951411 ], [ 164.2963777, -20.32496350000001 ], [ 164.298448970561196, -20.325287826634312 ], [ 164.2968003, -20.328010899999956 ], [ 164.2997312, -20.326042600000012 ], [ 164.3046558, -20.326910500000015 ], [ 164.3027679, -20.320444800000015 ], [ 164.306818431263252, -20.317397130781721 ], [ 164.308110299999981, -20.319503500000025 ], [ 164.3052356, -20.320449699999969 ], [ 164.304450753046012, -20.323157114215309 ], [ 164.306779299202333, -20.32244759914234 ], [ 164.3055616, -20.324801099999988 ], [ 164.3075706, -20.3240072 ], [ 164.3069841, -20.32642890000001 ], [ 164.3089224, -20.32375 ], [ 164.3078927, -20.3214017 ], [ 164.30915931913799, -20.322935139343148 ], [ 164.309390289486828, -20.320733716443659 ], [ 164.3109145, -20.3206888 ], [ 164.3073594, -20.3282427 ], [ 164.30944541769972, -20.329303446475986 ], [ 164.311262608289638, -20.325366202646649 ], [ 164.311074980659555, -20.327235920189498 ], [ 164.313053276245711, -20.32559644657945 ], [ 164.313980248298208, -20.328397680789095 ], [ 164.315380446827902, -20.326209640367907 ], [ 164.312830599999984, -20.323326199999986 ], [ 164.314436832890891, -20.324741119800976 ], [ 164.315754728328614, -20.32372007130008 ], [ 164.3140248, -20.323880099999979 ], [ 164.3148573, -20.322087799999988 ], [ 164.31288621235322, -20.321949609937715 ], [ 164.311972, -20.3191685 ], [ 164.3184731, -20.315143100000032 ], [ 164.318102932032843, -20.31281223814619 ], [ 164.319125378747145, -20.316154187079299 ], [ 164.317506566261613, -20.320347620237804 ], [ 164.318246599999981, -20.3215863 ], [ 164.3188673, -20.3202373 ], [ 164.3200357, -20.3245688 ], [ 164.3192655, -20.3231057 ], [ 164.318626, -20.3268831 ], [ 164.3129672, -20.3322883 ], [ 164.3150077, -20.331038499999948 ], [ 164.314691800843804, -20.333107528701305 ], [ 164.316490851196534, -20.33231244494678 ], [ 164.320386693901497, -20.327466550259697 ], [ 164.3191085, -20.332305399999971 ], [ 164.3216209, -20.32907 ], [ 164.3204915, -20.325331599999984 ], [ 164.3242277, -20.3262756 ], [ 164.321592181723958, -20.330478220289201 ], [ 164.323174699999981, -20.33035 ], [ 164.320203861075356, -20.331500221840752 ], [ 164.320060883911736, -20.333862127456953 ], [ 164.321938099999983, -20.3330599 ], [ 164.318138, -20.3361984 ], [ 164.321933994894948, -20.335367398384765 ], [ 164.318529835654005, -20.340737432604751 ], [ 164.321279096278261, -20.339642033196533 ], [ 164.3229998, -20.3409863 ], [ 164.3220661, -20.3394938 ], [ 164.324170899999984, -20.336274300000017 ], [ 164.325267199999985, -20.3381712 ], [ 164.3267013, -20.3370672 ], [ 164.3254229, -20.34134370000001 ], [ 164.327216942444437, -20.341136768182839 ], [ 164.328657911285461, -20.339183424281618 ], [ 164.328486085544824, -20.335360607966908 ], [ 164.329714699999982, -20.335634099999972 ], [ 164.329832680512794, -20.338626223697283 ], [ 164.331439230617633, -20.332109827358579 ], [ 164.3331035, -20.3319767 ], [ 164.3313992, -20.335487800000013 ], [ 164.332549873649327, -20.337133945048947 ], [ 164.335417399999983, -20.3319506 ], [ 164.335690299999982, -20.337618 ], [ 164.330698361408906, -20.340153390948959 ], [ 164.334333099999981, -20.3385903 ], [ 164.3344741, -20.341105399999972 ], [ 164.337528699999979, -20.3385 ], [ 164.3388809, -20.3387178 ], [ 164.337439398223012, -20.340347180137915 ], [ 164.3386146, -20.341159900000015 ], [ 164.3386997, -20.339746100000042 ], [ 164.340375467357205, -20.340130044140601 ], [ 164.338353910383063, -20.336741512962526 ], [ 164.337804435363751, -20.331967028018685 ], [ 164.3389068, -20.3329422 ], [ 164.339088502877985, -20.331418480495508 ], [ 164.3339255, -20.326582199999976 ], [ 164.330702723001423, -20.326219443477839 ], [ 164.3339748, -20.3260569 ], [ 164.33894429999998, -20.328849499999965 ], [ 164.3405953, -20.3333416 ], [ 164.339851, -20.3371079 ], [ 164.341530782787061, -20.339158179306938 ], [ 164.3396114, -20.343987100000017 ], [ 164.333813087508048, -20.342663491434156 ], [ 164.336772199485665, -20.345181427325546 ], [ 164.335783300000031, -20.346824800000014 ], [ 164.339621051004372, -20.345685285182512 ], [ 164.337802499999981, -20.347395100000011 ], [ 164.339072267123328, -20.347051991738493 ], [ 164.33740286804678, -20.349698690717965 ], [ 164.338815300702436, -20.34899220315285 ], [ 164.338441453382075, -20.351059110590075 ], [ 164.34153093847786, -20.350465609407959 ], [ 164.339877297764673, -20.350091472162543 ], [ 164.340955, -20.346838299999984 ], [ 164.343043456010236, -20.349332804674503 ], [ 164.3436213, -20.348050100000048 ], [ 164.341000141204177, -20.343713611827642 ], [ 164.343653110860259, -20.340903717819327 ], [ 164.344352343195794, -20.341912689733118 ], [ 164.344728140847991, -20.337932484674685 ], [ 164.3452883, -20.340013100000018 ], [ 164.346593116746647, -20.339040220376624 ], [ 164.343654499999985, -20.33624 ], [ 164.347215976763891, -20.337978711321949 ], [ 164.3457483, -20.343428399999972 ], [ 164.349099366034608, -20.339966632134082 ], [ 164.348141277941863, -20.345726316728513 ], [ 164.35210377736783, -20.342473109154547 ], [ 164.351977, -20.344505799999972 ], [ 164.353815287702048, -20.344060129668165 ], [ 164.3528177, -20.346436099999959 ], [ 164.354913621939204, -20.345010027086623 ], [ 164.35416170000002, -20.3427973 ], [ 164.355937174562854, -20.343549266017607 ], [ 164.3559673, -20.3456829 ], [ 164.352712768167862, -20.347694088277596 ], [ 164.353878268971158, -20.349083802621891 ], [ 164.354510696679171, -20.34715782207579 ], [ 164.356058, -20.349083 ], [ 164.358761860397578, -20.347325143627948 ], [ 164.354819754589698, -20.352950162081129 ], [ 164.352773099999979, -20.35297610000001 ], [ 164.352860890980395, -20.354502104230551 ], [ 164.344804008391577, -20.360706340784848 ], [ 164.30782593780998, -20.385644120167555 ], [ 164.303967383485741, -20.380972497219556 ], [ 164.284957764559749, -20.375568567730404 ], [ 164.280650067241623, -20.380485733977626 ], [ 164.275306844244909, -20.381670916678718 ], [ 164.273345654639627, -20.384079746434985 ], [ 164.27376902143601, -20.390228019055609 ], [ 164.277861009209516, -20.393469554424847 ], [ 164.277070056017777, -20.396153398545138 ], [ 164.285530559472846, -20.400724126149807 ], [ 164.286992237781448, -20.405156526284088 ], [ 164.283953846910549, -20.408033125978847 ], [ 164.284676605536788, -20.413411386104759 ], [ 164.274263328030059, -20.421225041264066 ], [ 164.276347352684439, -20.424670711309801 ], [ 164.268463926657972, -20.432330313574138 ], [ 164.259563202678606, -20.430176817061913 ], [ 164.252940624684697, -20.432204420481909 ], [ 164.248267486486839, -20.42870113820311 ], [ 164.238353541256004, -20.425256468676068 ], [ 164.234672314767209, -20.427015010848503 ], [ 164.232755574061258, -20.423545213118878 ], [ 164.22715068154082, -20.422493491475535 ], [ 164.222256680852155, -20.416318628404522 ], [ 164.218057919964963, -20.417349948414035 ], [ 164.217043843830538, -20.414523162151141 ], [ 164.212307514656402, -20.412307852144295 ], [ 164.21329166044444, -20.409587020272955 ], [ 164.211685881521106, -20.407741002488784 ], [ 164.202030180366762, -20.403265199242249 ], [ 164.198832134890012, -20.397520474337522 ], [ 164.191058015132739, -20.389841881792957 ], [ 164.186279775140065, -20.387306146409102 ], [ 164.181623710204917, -20.388147369153131 ], [ 164.1845011, -20.386058200000011 ], [ 164.181050902280191, -20.384642781111022 ], [ 164.182962, -20.3840748 ], [ 164.181039819620338, -20.383763251447196 ], [ 164.181452299999989, -20.382490399999984 ], [ 164.1834527, -20.3830609 ], [ 164.18249359973467, -20.381880015148102 ], [ 164.186895437878803, -20.383343216721258 ], [ 164.185564507800592, -20.382103906825588 ], [ 164.187640099999982, -20.380988800000019 ], [ 164.187922256076547, -20.383058221775418 ], [ 164.192716203099394, -20.383471376005545 ], [ 164.18892409999998, -20.3828452 ], [ 164.188195826105755, -20.380315918933739 ], [ 164.190120400000012, -20.3811776 ], [ 164.189064247609366, -20.378850035195494 ], [ 164.190442099999984, -20.3785359 ], [ 164.187737299999981, -20.377712899999977 ], [ 164.188550041480369, -20.373425159062034 ], [ 164.1917135, -20.372237099999982 ], [ 164.186643415817173, -20.371135174717988 ], [ 164.18329550735902, -20.365684395230446 ], [ 164.184392222862101, -20.364765775003832 ], [ 164.183131340603211, -20.365643150978311 ], [ 164.18115283958096, -20.363650119108367 ], [ 164.181070787356475, -20.361926113356709 ], [ 164.1862547, -20.3592014 ], [ 164.183470699999987, -20.3583676 ], [ 164.185383, -20.357857600000017 ], [ 164.1839924, -20.354326 ], [ 164.179384687724109, -20.352365669858376 ], [ 164.178413399999982, -20.3481638 ], [ 164.179594, -20.346622299999982 ], [ 164.1818533, -20.347902099999974 ], [ 164.1792984, -20.345103199999976 ], [ 164.182356633187339, -20.343056715540339 ], [ 164.189788599999986, -20.344287 ], [ 164.1888391, -20.3424872 ], [ 164.192948448924568, -20.34203789199573 ], [ 164.185352031585438, -20.340071707949235 ], [ 164.189145, -20.3353332 ], [ 164.191371249696061, -20.335172555963119 ], [ 164.1890812, -20.3336237 ], [ 164.187112512466001, -20.335862853357341 ], [ 164.187136, -20.333647700000014 ], [ 164.185218, -20.335315799999979 ], [ 164.183556530642392, -20.333739673018485 ], [ 164.184721, -20.3299929 ], [ 164.182617462696811, -20.327413453108644 ], [ 164.18243529999998, -20.333044499999986 ], [ 164.184300399999984, -20.335961099999988 ], [ 164.182582050850442, -20.337886882570487 ], [ 164.180413029656336, -20.337163384365482 ], [ 164.179588000301209, -20.335879214281128 ], [ 164.181979499999983, -20.3341712 ], [ 164.178025717550327, -20.326443397243448 ], [ 164.1792606, -20.330979 ], [ 164.1780321, -20.3314415 ], [ 164.180158080688898, -20.333521686371192 ], [ 164.177802800000023, -20.335236700000035 ], [ 164.1772618, -20.333117099999981 ], [ 164.17561139999998, -20.3335436 ], [ 164.1756184, -20.3390441 ], [ 164.172836099999984, -20.337668099999988 ], [ 164.175149036775593, -20.335620111386145 ], [ 164.171884700887802, -20.327449586294417 ], [ 164.169792985169636, -20.330558792377705 ], [ 164.1690017, -20.32674 ], [ 164.166294340347235, -20.328006814780469 ], [ 164.168459499999983, -20.325295099999988 ], [ 164.168576299999984, -20.321494500000021 ], [ 164.1655764, -20.3240173 ], [ 164.165427200000011, -20.3177649 ], [ 164.163471099999981, -20.320568199999979 ], [ 164.163528028185937, -20.317528315274235 ], [ 164.160334399999982, -20.318639 ], [ 164.1586355, -20.317155100000011 ], [ 164.164623530503377, -20.313070459519103 ], [ 164.1618059, -20.313499799999988 ], [ 164.1622341, -20.3102304 ], [ 164.161219657202878, -20.312296721299926 ], [ 164.158175413785756, -20.312597187486983 ], [ 164.151510807611487, -20.309959875912352 ], [ 164.152934201999244, -20.308861276912193 ], [ 164.149541007728914, -20.307327394376461 ], [ 164.153911417552479, -20.304822339606066 ], [ 164.15045300237125, -20.303837655491321 ], [ 164.146796, -20.299187600000014 ], [ 164.146573599999982, -20.301624199999967 ], [ 164.142131608758092, -20.298934395597499 ], [ 164.1379503, -20.2998924 ], [ 164.1397859, -20.298917399999986 ], [ 164.137116973350402, -20.297852642968273 ], [ 164.1399528, -20.2985469 ], [ 164.13821, -20.29568619999997 ], [ 164.137673891657897, -20.297472300305142 ], [ 164.1344149, -20.298368300000018 ], [ 164.1346595, -20.3029514 ], [ 164.132658099999986, -20.2970986 ], [ 164.127579700000013, -20.2949909 ], [ 164.128321080407716, -20.294081470514314 ], [ 164.123844902388271, -20.296193170305397 ], [ 164.118422935573079, -20.292741982155576 ], [ 164.115247365088351, -20.292834653599126 ], [ 164.118785417577044, -20.293991792067665 ], [ 164.111293912279336, -20.293618381843039 ], [ 164.110248500000012, -20.289630300000027 ], [ 164.110667718823834, -20.292357971188007 ], [ 164.102124857575689, -20.294005996600248 ], [ 164.102832122940953, -20.292475924331782 ], [ 164.099282931387364, -20.289958552932735 ], [ 164.1009722, -20.291694700000019 ], [ 164.0998961, -20.2930443 ], [ 164.10277895401083, -20.294629560974048 ], [ 164.098485769687386, -20.29744418778715 ], [ 164.0999352, -20.301591400000031 ], [ 164.097983, -20.3024962 ], [ 164.09511749782888, -20.300316167071774 ], [ 164.096962140189589, -20.299270941227405 ], [ 164.095163338712069, -20.296699075164792 ], [ 164.0941915, -20.2988963 ], [ 164.086835712461237, -20.30153046487229 ], [ 164.085853014142799, -20.300674881035437 ], [ 164.0877135, -20.2976925 ], [ 164.08627445254217, -20.297285752727621 ], [ 164.080366800618378, -20.3015836879928 ], [ 164.0777243, -20.300127899999982 ], [ 164.080840810158378, -20.299720532460608 ], [ 164.085235630136879, -20.296111297265359 ], [ 164.0834116, -20.291159200000013 ], [ 164.089361733769891, -20.285787435623604 ], [ 164.086637413013847, -20.28146420999785 ], [ 164.088694855252129, -20.281556822273036 ], [ 164.0884074, -20.283878 ], [ 164.090723552062201, -20.283434689584759 ], [ 164.0946817, -20.28850859999995 ], [ 164.0964468, -20.287587399999975 ], [ 164.094475943423788, -20.284838430784671 ], [ 164.1002215, -20.2877556 ], [ 164.0986488, -20.285687400000022 ], [ 164.099772799999982, -20.283840599999966 ], [ 164.097887922635806, -20.283503254203726 ], [ 164.098748239164621, -20.282005851388561 ], [ 164.093232502593708, -20.278820156751898 ], [ 164.090322704725395, -20.271617433729322 ], [ 164.095222274937271, -20.271047837450975 ], [ 164.097139721178905, -20.26851813566897 ], [ 164.097938100000022, -20.2712148 ], [ 164.098954707464486, -20.269468511208736 ], [ 164.101462377293217, -20.271849817477843 ], [ 164.102256027939177, -20.269686414754236 ], [ 164.100110682594106, -20.267550955855526 ], [ 164.098147004254969, -20.26872789560321 ], [ 164.100486099999983, -20.2655721 ], [ 164.097622774947325, -20.267463169046291 ], [ 164.089167613871524, -20.262285105763812 ], [ 164.0883623, -20.2606959 ], [ 164.0902647, -20.259818 ], [ 164.088729299999983, -20.2563425 ], [ 164.0891475, -20.2585733 ], [ 164.084662899999984, -20.2617108 ], [ 164.0842163, -20.258339 ], [ 164.0778659, -20.253387 ], [ 164.0790988, -20.252532299999988 ], [ 164.077010724493135, -20.253598261852378 ], [ 164.070354832276109, -20.25140456338027 ], [ 164.065838719157995, -20.253396574171621 ], [ 164.067077555323692, -20.254915352713514 ], [ 164.0645399, -20.2589972 ], [ 164.068791572381087, -20.261024589213122 ], [ 164.069538987490375, -20.263939885186673 ], [ 164.068425273889318, -20.265829559586948 ], [ 164.064045223962125, -20.263161988030504 ], [ 164.061991364536709, -20.267050628844949 ], [ 164.065748878335341, -20.273582779938259 ], [ 164.066832423168535, -20.272680917651773 ], [ 164.0726829, -20.2778062 ], [ 164.070594862871161, -20.281976727074994 ], [ 164.058690958669871, -20.292294103359851 ], [ 164.0489575, -20.295000399999971 ], [ 164.039582093409052, -20.301525172485324 ], [ 164.033692675822721, -20.296430275164983 ], [ 164.029491335729602, -20.296050097377552 ], [ 164.027763702250638, -20.288970801764997 ], [ 164.0370486, -20.2831782 ], [ 164.0364071, -20.277754399999981 ], [ 164.031947181505672, -20.273674171534665 ], [ 164.027143186149573, -20.273961272033524 ], [ 164.0265353, -20.2709189 ], [ 164.020234599999981, -20.2652725 ], [ 164.012129836479488, -20.262374624516568 ], [ 164.011434947503858, -20.258549116219186 ], [ 164.006045799999981, -20.25483459999997 ], [ 164.005379380537278, -20.251682069094411 ], [ 164.000075399999986, -20.248508200000014 ], [ 164.001159095993756, -20.244198826517604 ], [ 164.003100748902995, -20.243538590943196 ], [ 164.00685121904317, -20.235738606462689 ], [ 164.013961699999982, -20.23637020000001 ], [ 164.013109, -20.235580399999989 ], [ 164.0159711, -20.234011499999962 ], [ 164.022207216485896, -20.232732302094043 ], [ 164.0241623, -20.23012490000005 ], [ 164.029938024296058, -20.229331805689093 ], [ 164.03221544966982, -20.225704731016922 ], [ 164.0385114, -20.229417899999984 ], [ 164.044995432023484, -20.230081521500203 ], [ 164.042413399999987, -20.231422399999982 ], [ 164.044945903720276, -20.230682506588014 ], [ 164.044689953060981, -20.232679442460604 ], [ 164.0480895, -20.236253100000038 ], [ 164.056848985178789, -20.234872817116052 ], [ 164.05731609999998, -20.243150700000019 ], [ 164.063669677240654, -20.248591729799315 ], [ 164.0641925, -20.245278400000014 ], [ 164.068629847464393, -20.245799729855293 ], [ 164.071573799999982, -20.2411952 ], [ 164.070599, -20.2358939 ], [ 164.073055135146518, -20.231528874469301 ], [ 164.0708448, -20.2296695 ], [ 164.073022702130601, -20.225128864310779 ], [ 164.068061306123752, -20.220888392571798 ], [ 164.069959407827383, -20.220851725388371 ], [ 164.070205300000026, -20.217852300000015 ], [ 164.071291322156867, -20.218383465201594 ], [ 164.069399737155379, -20.216104410401023 ], [ 164.071315799999979, -20.212184600000015 ], [ 164.0681624, -20.20933849999998 ], [ 164.066552958446209, -20.20916963099604 ], [ 164.067260902077578, -20.211113474717887 ], [ 164.0656064, -20.212889400000016 ], [ 164.0631113, -20.2100587 ], [ 164.056558897621585, -20.209770494590252 ], [ 164.056711, -20.20733 ], [ 164.054370600000027, -20.205519 ], [ 164.0569588, -20.201526499999975 ], [ 164.054435533709864, -20.198268269457166 ], [ 164.054996016693963, -20.195341015108177 ], [ 164.052257699999984, -20.193541899999989 ], [ 164.047710323967067, -20.194635461205298 ], [ 164.0461392, -20.18940409999998 ], [ 164.053502144740321, -20.190878843528353 ], [ 164.056420299999985, -20.1890463 ], [ 164.056259853421039, -20.190849297463735 ], [ 164.0540785, -20.191027199999983 ], [ 164.055745497976204, -20.192398799940612 ], [ 164.067723197991398, -20.196104002974749 ], [ 164.074412599999988, -20.192090899999972 ], [ 164.066785750255377, -20.192418368892294 ], [ 164.064471699999984, -20.1884851 ], [ 164.067729499999984, -20.1890726 ], [ 164.068073394208682, -20.185647614485433 ], [ 164.068967099999981, -20.186419399999956 ], [ 164.070214197982011, -20.184167300527061 ], [ 164.0764771, -20.1861426 ], [ 164.073664604354036, -20.18429096718619 ], [ 164.073803577274617, -20.182393772220717 ], [ 164.07108453745289, -20.183974454903709 ], [ 164.07039698025747, -20.177362586173029 ], [ 164.066828131956044, -20.17709706288684 ], [ 164.067239976020232, -20.178858497517162 ], [ 164.06148206036724, -20.17829277461399 ], [ 164.060857491868262, -20.179829360850508 ], [ 164.061615592332515, -20.178927982313901 ], [ 164.061750501497443, -20.183890058562028 ], [ 164.059852901496214, -20.181023792988185 ], [ 164.060297861923715, -20.180494749560786 ], [ 164.058641699999981, -20.1803486 ], [ 164.059099033069856, -20.175353404493876 ], [ 164.06312894754484, -20.174128045548606 ], [ 164.0651131, -20.1699869 ], [ 164.066611823522948, -20.172447095500008 ], [ 164.069416314681007, -20.170242304289346 ], [ 164.06776674769344, -20.168589337778037 ], [ 164.073224734849418, -20.167718562161053 ], [ 164.067976434055112, -20.166421475468322 ], [ 164.065035133533627, -20.169445561888324 ], [ 164.06713030848212, -20.163118897836714 ], [ 164.061737106957878, -20.155201703281371 ], [ 164.062996699999985, -20.1522373 ], [ 164.056021153067434, -20.144327800522131 ], [ 164.054210692492518, -20.14471165219442 ], [ 164.054282699999987, -20.1423722 ], [ 164.0502013, -20.1399477 ], [ 164.0468745, -20.140916499999957 ], [ 164.048030499999982, -20.1384299 ], [ 164.0534389, -20.140238 ], [ 164.054638, -20.137270099999984 ], [ 164.051912099999981, -20.136282199999975 ], [ 164.0492997, -20.138264400000033 ], [ 164.0466209, -20.1341986 ], [ 164.048839226097016, -20.133925696547088 ], [ 164.047483266480867, -20.131430889382035 ], [ 164.045591287912231, -20.134620985081487 ], [ 164.0415679, -20.1339728 ], [ 164.040967913102094, -20.130894732143705 ], [ 164.042218655071451, -20.133388425250239 ], [ 164.043111899999985, -20.1261306 ], [ 164.043029599999983, -20.127933700000028 ], [ 164.044390117856466, -20.127799990504347 ], [ 164.043483548283064, -20.12510952774868 ], [ 164.0404881, -20.1246424 ], [ 164.038776399999989, -20.125720300000019 ], [ 164.040091099999984, -20.127097599999988 ], [ 164.033297, -20.12458980000001 ], [ 164.0376689, -20.1250108 ], [ 164.038111436669396, -20.119377283477419 ], [ 164.03162047199055, -20.122921713148127 ], [ 164.032768452574629, -20.12447439321976 ], [ 164.0305233, -20.1246302 ], [ 164.0302441, -20.12138340000001 ], [ 164.0288099, -20.12314970000001 ], [ 164.0311261, -20.12557030000001 ], [ 164.026913127613341, -20.127493773232999 ], [ 164.023709299999979, -20.1322017 ], [ 164.025239263669391, -20.133245676858561 ], [ 164.024058290178999, -20.136749761232306 ], [ 164.025478599999985, -20.138233499999959 ], [ 164.025635999657851, -20.145842696777116 ], [ 164.0207068, -20.146290699999984 ], [ 164.0173591, -20.144282 ], [ 164.018814942870989, -20.142197941184719 ], [ 164.016294599999981, -20.139381600000025 ], [ 164.01621099851323, -20.135000010380324 ], [ 164.017182792733934, -20.133467604064101 ], [ 164.018493847026036, -20.134365643519789 ], [ 164.018457204312227, -20.132687435738621 ], [ 164.021211840666723, -20.133913699694613 ], [ 164.0206339227218, -20.131845835588027 ], [ 164.022055967494168, -20.132024239205386 ], [ 164.022396723703025, -20.129981828348679 ], [ 164.021545350049649, -20.12907779624167 ], [ 164.019360018098183, -20.130781102227449 ], [ 164.0192314, -20.127967 ], [ 164.017370652191119, -20.129473606539413 ], [ 164.017720670441321, -20.13284897868056 ], [ 164.0125301, -20.1326353 ], [ 164.0121335, -20.1282987 ], [ 164.020247749425778, -20.125578629331528 ], [ 164.02245990434804, -20.116536928067038 ], [ 164.023385409363755, -20.119208633043538 ], [ 164.023354313458157, -20.116857227321823 ], [ 164.025200699670734, -20.116227112841372 ], [ 164.0238038, -20.1216095 ], [ 164.0279821, -20.119408300000014 ], [ 164.027154, -20.1166256 ], [ 164.030469402531764, -20.112494491729642 ], [ 164.0279358, -20.111508200000024 ], [ 164.031565, -20.108310899999974 ], [ 164.023780399933742, -20.107426556849884 ], [ 164.0230541, -20.11079550000002 ], [ 164.018279606661196, -20.112441778636434 ], [ 164.018784592279076, -20.110150535211794 ], [ 164.018819830476076, -20.111270518809693 ], [ 164.022161446801107, -20.109636446169972 ], [ 164.020560824713101, -20.108572296979478 ], [ 164.022981397974888, -20.107026912363153 ], [ 164.02263881366747, -20.104295123643613 ], [ 164.025008876563874, -20.104687217717373 ], [ 164.0259857, -20.102459100000015 ], [ 164.023913199999981, -20.102993500000014 ], [ 164.0231277, -20.1001074 ], [ 164.0198196, -20.1015381 ], [ 164.0202536, -20.096438400000025 ], [ 164.0233958, -20.096347599999969 ], [ 164.019717758634187, -20.093334973171014 ], [ 164.017705071920659, -20.097694751610661 ], [ 164.015956499999987, -20.0977055 ], [ 164.016955658169906, -20.099882771581353 ], [ 164.0127187, -20.099347100000017 ], [ 164.013796254179539, -20.10033336399577 ], [ 164.012430989714886, -20.101356921847021 ], [ 164.015910660116646, -20.102361200840235 ], [ 164.0105405, -20.102964 ], [ 164.010644668825535, -20.104876220405622 ], [ 164.013404883996458, -20.104923903868904 ], [ 164.006138764881911, -20.109493028675345 ], [ 164.004765599999985, -20.113092699999989 ], [ 164.001540899999981, -20.110777199999962 ], [ 164.000578026622662, -20.104495769482131 ], [ 163.995897917412549, -20.104237397735396 ], [ 163.9962309, -20.097873 ], [ 163.9988588, -20.095992 ], [ 164.00030529999998, -20.097984 ], [ 163.999752480782035, -20.099151896267792 ], [ 163.998419708773412, -20.097901577770664 ], [ 163.9997668, -20.099538699999989 ], [ 163.9976025, -20.101667500000048 ], [ 164.000911699999989, -20.0994494 ], [ 164.000164899999987, -20.1028947 ], [ 164.0028835, -20.1022096 ], [ 164.0025095, -20.104135799999984 ], [ 164.00701669999998, -20.105611199999984 ], [ 164.00964489644366, -20.104651137146238 ], [ 164.009847009759085, -20.099440555002207 ], [ 164.016770413166, -20.095452516081416 ], [ 164.0177414, -20.089709700000022 ], [ 164.012384700000013, -20.091738400000011 ], [ 164.0146385, -20.083564800000012 ], [ 164.012448312647024, -20.082602850674927 ], [ 164.009235026277594, -20.085174093844913 ], [ 164.006804532556572, -20.080963582155082 ], [ 164.003524484727677, -20.085351579990427 ], [ 164.0017178, -20.081375 ], [ 164.002073699999983, -20.08285659999996 ], [ 164.00094251947101, -20.081726659614187 ], [ 163.9985074, -20.0839978 ], [ 164.0030703, -20.07575060000001 ], [ 164.0193849, -20.082674799999975 ] ] ], [ [ [ 164.328456195553315, -20.334695589053002 ], [ 164.3281897, -20.328766100000013 ], [ 164.3302607, -20.330510099999987 ], [ 164.328456195553315, -20.334695589053002 ] ] ], [ [ [ 164.183280758849804, -20.372760385163538 ], [ 164.186247870465422, -20.376803951669871 ], [ 164.17822228507768, -20.376975186760099 ], [ 164.178589521046973, -20.373118091196748 ], [ 164.183280758849804, -20.372760385163538 ] ] ], [ [ [ 164.172700497643802, -20.356177081348733 ], [ 164.1732448, -20.3556507 ], [ 164.178089901725343, -20.357135820357055 ], [ 164.180247594741729, -20.360570570371493 ], [ 164.1770436, -20.360646499999984 ], [ 164.173795, -20.363144 ], [ 164.170012343327414, -20.35717796078432 ], [ 164.172738135147284, -20.355185839324154 ], [ 164.172700497643802, -20.356177081348733 ] ] ], [ [ [ 164.171565097546107, -20.234643638537545 ], [ 164.173014021435876, -20.236752546503375 ], [ 164.17629789999998, -20.2371018 ], [ 164.175169080490974, -20.238229769106972 ], [ 164.171350499999988, -20.237247 ], [ 164.171565097546107, -20.234643638537545 ] ] ], [ [ [ 164.163445793813054, -20.332813652308825 ], [ 164.164685569762611, -20.334732163502185 ], [ 164.16234920039679, -20.337036099993764 ], [ 164.161040502678048, -20.334138827974485 ], [ 164.163445793813054, -20.332813652308825 ] ] ], [ [ [ 164.104480887177232, -20.341900543439703 ], [ 164.108008, -20.345531599999983 ], [ 164.101815832196536, -20.341503962960463 ], [ 164.104480887177232, -20.341900543439703 ] ] ], [ [ [ 164.108964090317585, -20.107962469621569 ], [ 164.1075098, -20.10968 ], [ 164.108255499999984, -20.1052172 ], [ 164.108964090317585, -20.107962469621569 ] ] ], [ [ [ 164.099599259418738, -20.311686395728319 ], [ 164.100026200306559, -20.31377729684775 ], [ 164.0956578, -20.3205003 ], [ 164.099075656278586, -20.327201841572865 ], [ 164.093014515557201, -20.330319758109805 ], [ 164.085938199999987, -20.32927260000001 ], [ 164.085256988774859, -20.318166104923829 ], [ 164.0888445, -20.31834450000003 ], [ 164.0880757, -20.320119100000017 ], [ 164.091173253680836, -20.317201949883042 ], [ 164.0897588, -20.3187804 ], [ 164.091467, -20.322251300000019 ], [ 164.090111799999988, -20.322987400000031 ], [ 164.095255932819811, -20.325573323198029 ], [ 164.0925086, -20.3224847 ], [ 164.0945418, -20.317753400000015 ], [ 164.091956100000033, -20.318230899999989 ], [ 164.092718400293137, -20.3147022000303 ], [ 164.095084959220458, -20.317552206724258 ], [ 164.096510099999989, -20.3169564 ], [ 164.092980010188739, -20.312428497450423 ], [ 164.095854375070161, -20.312352748024949 ], [ 164.095440000685102, -20.309925854476468 ], [ 164.092720400000019, -20.311105699999988 ], [ 164.0883225, -20.3081216 ], [ 164.0925474, -20.30265850000001 ], [ 164.099599259418738, -20.311686395728319 ] ] ], [ [ [ 164.082738503995955, -20.277656509253628 ], [ 164.0841719, -20.280866799999956 ], [ 164.0811362, -20.27770910000002 ], [ 164.082738503995955, -20.277656509253628 ] ] ], [ [ [ 164.081942756876913, -20.319127913334622 ], [ 164.07099119999998, -20.320901 ], [ 164.065998, -20.3153853 ], [ 164.0701925, -20.317229799999982 ], [ 164.073679840335842, -20.316436512240262 ], [ 164.074679604110543, -20.314435317129778 ], [ 164.081942756876913, -20.319127913334622 ] ] ], [ [ [ 164.068421323410462, -20.21240265912278 ], [ 164.067043264022544, -20.213954399748054 ], [ 164.069265799999982, -20.2152603 ], [ 164.067977114606379, -20.216345100757358 ], [ 164.065930399803761, -20.214032309100187 ], [ 164.068421323410462, -20.21240265912278 ] ] ], [ [ [ 164.04745796966148, -20.176341997361014 ], [ 164.0476281, -20.1781421 ], [ 164.04124760000002, -20.1787453 ], [ 164.042314299999987, -20.1728362 ], [ 164.04745796966148, -20.176341997361014 ] ] ], [ [ [ 164.023077036528917, -20.206739965241869 ], [ 164.022690506424169, -20.204153995443068 ], [ 164.026241699999986, -20.2028013 ], [ 164.023077036528917, -20.206739965241869 ] ] ], [ [ [ 164.009792542066094, -20.213949816051105 ], [ 164.0228323, -20.2172459 ], [ 164.021483495084283, -20.222526576498744 ], [ 164.016392, -20.222989799999986 ], [ 164.011874006823888, -20.220623303377273 ], [ 164.003178198557947, -20.210545908844619 ], [ 164.009792542066094, -20.213949816051105 ] ] ], [ [ [ 164.0232221, -20.161289800000013 ], [ 164.021711899999985, -20.170413 ], [ 164.019586602209046, -20.16988245791887 ], [ 164.017733032875384, -20.161261623107084 ], [ 164.0180021, -20.159625199999972 ], [ 164.0232221, -20.161289800000013 ] ] ], [ [ [ 164.013490716423121, -20.103157315776592 ], [ 164.0160678, -20.1032206 ], [ 164.0137667, -20.104729599999978 ], [ 164.013490716423121, -20.103157315776592 ] ] ], [ [ [ 164.002756457541722, -20.152027564886698 ], [ 163.9940466, -20.153175699999956 ], [ 163.993607127919603, -20.150108477121034 ], [ 163.995970068403977, -20.147879719450732 ], [ 164.0010836106201, -20.147262106313157 ], [ 164.002756457541722, -20.152027564886698 ] ] ], [ [ [ 163.960013613533533, -20.00330371464792 ], [ 163.95929902468211, -20.003495823082627 ], [ 163.964438268013652, -20.00039795540701 ], [ 163.975774964107842, -20.010610664691463 ], [ 163.978117799999978, -20.0261065 ], [ 163.983701699999983, -20.0413399 ], [ 163.98178966377651, -20.041940377491041 ], [ 163.986994424294352, -20.041453626409133 ], [ 163.9936276, -20.0483079 ], [ 163.997330751896783, -20.049155617496407 ], [ 163.9961451, -20.0535878 ], [ 163.999236900000028, -20.063371100000015 ], [ 163.998599271307086, -20.070958240675338 ], [ 163.9948148, -20.0706502 ], [ 163.996093009843548, -20.072023554220163 ], [ 163.994096399999989, -20.0724678 ], [ 163.986084821905962, -20.082925167680418 ], [ 163.983620424500344, -20.081483115014027 ], [ 163.986000643827225, -20.081904823774643 ], [ 163.983399288141356, -20.08100075133207 ], [ 163.984356078070363, -20.0797822779497 ], [ 163.98042303599712, -20.081839256894902 ], [ 163.9793033, -20.079056700000031 ], [ 163.982037830695845, -20.074554193096848 ], [ 163.979842598981435, -20.079777338937241 ], [ 163.983791599999989, -20.076704600000014 ], [ 163.9827224, -20.071687300000029 ], [ 163.984098499999988, -20.076515100000034 ], [ 163.985149400000012, -20.0731439 ], [ 163.985322097462898, -20.076687022184078 ], [ 163.9896798, -20.075348400000028 ], [ 163.99052842575469, -20.073056643968599 ], [ 163.992105898065176, -20.074137814310387 ], [ 163.990679514865633, -20.069602689183274 ], [ 163.987568899999985, -20.071081600000049 ], [ 163.988527235919719, -20.065924665904877 ], [ 163.990736437503074, -20.063660310621852 ], [ 163.993471, -20.0618761 ], [ 163.993340511995285, -20.063141848828675 ], [ 163.994883124700891, -20.062040220339242 ], [ 163.995816, -20.063548799999985 ], [ 163.995597006630078, -20.061399461196398 ], [ 163.9927098, -20.060262700000045 ], [ 163.9935481, -20.05787159999997 ], [ 163.9915483, -20.0536272 ], [ 163.992042058453393, -20.057424765829655 ], [ 163.9895527, -20.0566053 ], [ 163.989435312362644, -20.059645067028885 ], [ 163.986998137141597, -20.05883505611531 ], [ 163.987885544549272, -20.06165666386153 ], [ 163.982217548041547, -20.058842322952284 ], [ 163.982013394342516, -20.056795783098014 ], [ 163.980531265474781, -20.060904011293594 ], [ 163.977270399999981, -20.060187 ], [ 163.97796196193994, -20.062891137648428 ], [ 163.979922676789471, -20.062856473961862 ], [ 163.978597680227921, -20.065449686685433 ], [ 163.981647073784586, -20.063827487468121 ], [ 163.978067065926496, -20.067411137413028 ], [ 163.980648568346425, -20.070528465610632 ], [ 163.9767982, -20.068678200000033 ], [ 163.975455918349383, -20.064417063690932 ], [ 163.969630261213837, -20.065433064595606 ], [ 163.970187313960594, -20.0676561239571 ], [ 163.972637501549855, -20.066018405889455 ], [ 163.974590671741964, -20.068735891430471 ], [ 163.973026299999987, -20.069556 ], [ 163.971382899999981, -20.068115 ], [ 163.973678799999988, -20.070362199999959 ], [ 163.969230977254227, -20.070391202303703 ], [ 163.971552, -20.070885600000015 ], [ 163.965413852660731, -20.07839885981079 ], [ 163.962198196956763, -20.078553986231949 ], [ 163.9609549, -20.074556299999976 ], [ 163.9518587, -20.069115299999989 ], [ 163.952399139844289, -20.060665128101522 ], [ 163.953735320105125, -20.05871474709091 ], [ 163.958521717745754, -20.05769999077334 ], [ 163.957366047484811, -20.057815675903804 ], [ 163.9581806, -20.0560404 ], [ 163.952970900174932, -20.058406698003491 ], [ 163.954535630292128, -20.055879670009663 ], [ 163.953522122122507, -20.050627890144977 ], [ 163.955611718509573, -20.049968399482161 ], [ 163.9555092, -20.0473013 ], [ 163.9573795, -20.0496503 ], [ 163.954775111952443, -20.046030115495956 ], [ 163.957768, -20.04057960000004 ], [ 163.959496699999988, -20.0402965 ], [ 163.9575366, -20.045216 ], [ 163.9587506, -20.0464944 ], [ 163.961307, -20.0450024 ], [ 163.964870099999985, -20.047109600000038 ], [ 163.965578806326903, -20.046030807978738 ], [ 163.962821561152566, -20.039571770002166 ], [ 163.9503584, -20.038434099999982 ], [ 163.9485588, -20.0350396 ], [ 163.94575504415306, -20.034048979095118 ], [ 163.945458000339983, -20.028652003647597 ], [ 163.950752099999988, -20.0319425 ], [ 163.950708057784766, -20.033466178723312 ], [ 163.954194699999988, -20.0340549 ], [ 163.95679147417772, -20.037506016333715 ], [ 163.965000299999986, -20.035266 ], [ 163.9626386, -20.0347753 ], [ 163.963241, -20.032386 ], [ 163.961532, -20.0320123 ], [ 163.9626073, -20.027782299999959 ], [ 163.959035916420163, -20.028140585792126 ], [ 163.962927214385445, -20.025704180615755 ], [ 163.96188859999998, -20.0243301 ], [ 163.9585864, -20.0248939 ], [ 163.959038199999981, -20.020819900000017 ], [ 163.960921700622379, -20.022081312084786 ], [ 163.959919108115685, -20.023427308332838 ], [ 163.9639149, -20.021309399999961 ], [ 163.9674651, -20.026260200000014 ], [ 163.971253965887456, -20.027272644381672 ], [ 163.9677926, -20.020756699999982 ], [ 163.9681752, -20.018461 ], [ 163.973003041641164, -20.019668921567114 ], [ 163.970673299999987, -20.0179419 ], [ 163.973195299999986, -20.014604400000042 ], [ 163.972346754756416, -20.013611058173392 ], [ 163.966847303464192, -20.014683980583179 ], [ 163.963270599999987, -20.011094299999986 ], [ 163.960784651934489, -20.014451976200238 ], [ 163.9618027, -20.016176399999981 ], [ 163.9571492, -20.0128568 ], [ 163.958787584040266, -20.015296601980509 ], [ 163.957763285831277, -20.016265646863502 ], [ 163.96029760214526, -20.016920936820249 ], [ 163.959536499999984, -20.018962100000014 ], [ 163.952422099999978, -20.014946699999982 ], [ 163.9545851, -20.0116017 ], [ 163.952810199999988, -20.007478100000039 ], [ 163.956074613785489, -20.00681733550125 ], [ 163.960013613533533, -20.00330371464792 ] ], [ [ 163.960554800729426, -20.003158220739422 ], [ 163.960536076890662, -20.005921382630948 ], [ 163.9629699, -20.0049353 ], [ 163.958594800000014, -20.008069599999974 ], [ 163.958002851889205, -20.009352505425667 ], [ 163.959601441725255, -20.009529506440526 ], [ 163.964437800000013, -20.0035587 ], [ 163.961666399999984, -20.0047354 ], [ 163.9619605, -20.0027803 ], [ 163.960554800729426, -20.003158220739422 ] ] ], [ [ [ 163.9847086, -20.117954 ], [ 163.978892137952215, -20.114646632906076 ], [ 163.9841303, -20.1140174 ], [ 163.993671933233117, -20.10635754888877 ], [ 163.9847086, -20.117954 ] ] ], [ [ [ 163.98572, -20.201164199999965 ], [ 163.9831654, -20.2013651 ], [ 163.982157699999988, -20.199421499999971 ], [ 163.985549696952802, -20.195635403373458 ], [ 163.98572, -20.201164199999965 ] ] ], [ [ [ 163.972134642352387, -20.085169913328098 ], [ 163.977115699999985, -20.084025600000015 ], [ 163.974875181163668, -20.091016148509187 ], [ 163.977932760860597, -20.097023657597166 ], [ 163.972826199999986, -20.09436070000001 ], [ 163.965005099999985, -20.09343590000001 ], [ 163.963238293373252, -20.094564896345563 ], [ 163.961912899999987, -20.0932172 ], [ 163.963414068590367, -20.086275439946608 ], [ 163.9653272, -20.086229700000011 ], [ 163.9666388, -20.089394399999989 ], [ 163.965708636719626, -20.087010675275472 ], [ 163.970169942081412, -20.08327703643176 ], [ 163.972134642352387, -20.085169913328098 ] ] ], [ [ [ 163.962461486876776, -19.998637772714318 ], [ 163.960998073680202, -19.999527900000032 ], [ 163.958894149510797, -19.996396614693715 ], [ 163.962461486876776, -19.998637772714318 ] ] ], [ [ [ 163.921322103976991, -20.143453649335505 ], [ 163.92938309572105, -20.147328650584047 ], [ 163.934275509946787, -20.157174337679503 ], [ 163.941400667636117, -20.16194371762754 ], [ 163.946784276874183, -20.16803208602013 ], [ 163.9469024, -20.170506799999984 ], [ 163.938613899999979, -20.166400199999977 ], [ 163.9267361, -20.1668339 ], [ 163.925426342062366, -20.164312718987517 ], [ 163.929028099999982, -20.160025300000019 ], [ 163.9265888, -20.153562699999988 ], [ 163.922405199999986, -20.149189 ], [ 163.910509717451163, -20.143153897760676 ], [ 163.911698613120251, -20.134510684940022 ], [ 163.9136354, -20.132138 ], [ 163.9153761, -20.132543699999989 ], [ 163.9166109, -20.137486 ], [ 163.921322103976991, -20.143453649335505 ] ] ], [ [ [ 163.93578814927011, -20.025097117463549 ], [ 163.9322401922187, -20.029994056496591 ], [ 163.931168, -20.0282419 ], [ 163.9325457, -20.025445500000028 ], [ 163.93578814927011, -20.025097117463549 ] ] ], [ [ [ 163.933067798028759, -20.004415302335826 ], [ 163.935392899999982, -20.0125865 ], [ 163.933495385330332, -20.020062380033011 ], [ 163.930721198844196, -20.019645798891354 ], [ 163.927910919591568, -20.016194147365578 ], [ 163.929805514848681, -20.007526048823408 ], [ 163.931605624507398, -20.00397304351506 ], [ 163.933067798028759, -20.004415302335826 ] ] ], [ [ [ 163.932183437735432, -19.973344424871314 ], [ 163.9345695, -19.974714500000012 ], [ 163.9341887, -19.979043 ], [ 163.9297058, -19.9794021 ], [ 163.92531472799314, -19.975229087196624 ], [ 163.932183437735432, -19.973344424871314 ] ] ], [ [ [ 163.813446131660328, -20.028765926594684 ], [ 163.815323899999981, -20.030892399999988 ], [ 163.817783458357155, -20.030144519294609 ], [ 163.828125300000011, -20.038421 ], [ 163.828036, -20.044290600000018 ], [ 163.830302997666649, -20.046169694675218 ], [ 163.830131, -20.04787240000001 ], [ 163.8234388, -20.0501022 ], [ 163.819957282706582, -20.056513975328425 ], [ 163.820917666837857, -20.061730429020269 ], [ 163.82797549999998, -20.072302800000017 ], [ 163.824902289957521, -20.078521659700677 ], [ 163.821423895679459, -20.078430054934046 ], [ 163.8138903, -20.0742137 ], [ 163.813409299999989, -20.0670603 ], [ 163.808366, -20.064087300000011 ], [ 163.807033099999984, -20.0603312 ], [ 163.80452889999998, -20.060754800000023 ], [ 163.804237799999981, -20.058832 ], [ 163.7943506, -20.0539833 ], [ 163.791542705155962, -20.050277498275793 ], [ 163.789440834750508, -20.050587474065008 ], [ 163.7906774, -20.038224099999972 ], [ 163.794549599999982, -20.037111599999978 ], [ 163.7943635, -20.0347958 ], [ 163.799319, -20.033865599999988 ], [ 163.8006933, -20.029685 ], [ 163.803483630862189, -20.031367205069607 ], [ 163.805371317763843, -20.028989496821179 ], [ 163.808522119430762, -20.02867121526705 ], [ 163.810312257931116, -20.030628519175625 ], [ 163.813446131660328, -20.028765926594684 ] ] ] ] } },
{ "type": "Feature", "properties": { "province": "Province Nord", "commune": "Ouégoa" }, "geometry": { "type": "MultiPolygon", "coordinates": [ [ [ [ 164.372461592589531, -20.344577705268762 ], [ 164.3633748, -20.340632 ], [ 164.36185910531762, -20.337716208071388 ], [ 164.364801565318459, -20.340326337235354 ], [ 164.372642302284021, -20.341411794878066 ], [ 164.370616100000035, -20.3386112 ], [ 164.369717283065171, -20.340894492208964 ], [ 164.366064699999981, -20.3398689 ], [ 164.366440114753289, -20.337814625317041 ], [ 164.369233940522662, -20.337590045642362 ], [ 164.369158612345217, -20.335206216944044 ], [ 164.3667532, -20.3361536 ], [ 164.366451399999988, -20.333429900000013 ], [ 164.365256295866175, -20.335468089732547 ], [ 164.366881747831087, -20.331029197554813 ], [ 164.364945292516893, -20.329671890024684 ], [ 164.3647765, -20.3330775 ], [ 164.362732500000021, -20.333686900000039 ], [ 164.361899699999981, -20.330880899999975 ], [ 164.363702941370263, -20.328749342982764 ], [ 164.36238849999998, -20.3253876 ], [ 164.361628010850126, -20.329836560553534 ], [ 164.360328967740287, -20.329304355832193 ], [ 164.3613564, -20.333190500000015 ], [ 164.3603559, -20.331513 ], [ 164.3595483, -20.3333494 ], [ 164.3579153, -20.333773 ], [ 164.357691764120204, -20.332176085236917 ], [ 164.3567984, -20.3334916 ], [ 164.358245252463405, -20.335580520496283 ], [ 164.360653497118136, -20.335417657065516 ], [ 164.3575266, -20.3362047 ], [ 164.351053433671922, -20.333646788948148 ], [ 164.34430989228909, -20.334978553683424 ], [ 164.343982899999986, -20.3335295 ], [ 164.3464094, -20.3344499 ], [ 164.347978005481053, -20.331289843685841 ], [ 164.356282638028404, -20.334543028763179 ], [ 164.355459599999989, -20.332494099999973 ], [ 164.3507294, -20.3319147 ], [ 164.353196609096273, -20.329974193603832 ], [ 164.3523749, -20.3277614 ], [ 164.349163239475502, -20.329429699865987 ], [ 164.3480385, -20.327124 ], [ 164.3460125, -20.3285169 ], [ 164.3393797, -20.326038 ], [ 164.3409548478906, -20.322608194552135 ], [ 164.338755307191718, -20.325219177689092 ], [ 164.336638, -20.3245443 ], [ 164.336933907755565, -20.321580884699884 ], [ 164.334220499999986, -20.3246607 ], [ 164.332020025067408, -20.324287003270314 ], [ 164.333451599999989, -20.3229858 ], [ 164.331006929476501, -20.324224966624875 ], [ 164.321350699999982, -20.3219409 ], [ 164.320333627252865, -20.318197097595309 ], [ 164.322447399999987, -20.3209759 ], [ 164.324235499999986, -20.318723199999983 ], [ 164.3238561, -20.320927200000014 ], [ 164.3261724, -20.3227551 ], [ 164.327607299999983, -20.322332400000018 ], [ 164.324657763874541, -20.319137722106081 ], [ 164.3300031, -20.321158600000047 ], [ 164.335037, -20.319157599999986 ], [ 164.332697606550283, -20.318041507110845 ], [ 164.332241831156807, -20.311876168166965 ], [ 164.334326299999987, -20.3106573 ], [ 164.3330011, -20.309397899999986 ], [ 164.3352366, -20.305546299999989 ], [ 164.329096099999987, -20.2981417 ], [ 164.3261159, -20.2974535 ], [ 164.324762348215501, -20.293364431490577 ], [ 164.3215744, -20.292234800000017 ], [ 164.3213771, -20.2890082 ], [ 164.318338724251845, -20.288539188820142 ], [ 164.3124387, -20.2751075 ], [ 164.313981586775441, -20.273721669859025 ], [ 164.311322628948318, -20.273095281426748 ], [ 164.3130979, -20.2658517 ], [ 164.309029094877758, -20.264298585043072 ], [ 164.305083302903881, -20.257050764545451 ], [ 164.307600320617041, -20.246775376223166 ], [ 164.305814724720875, -20.245142128197248 ], [ 164.306911514391572, -20.243154374132789 ], [ 164.304400441738693, -20.242394336640928 ], [ 164.304194647701991, -20.238761100566105 ], [ 164.306645131322512, -20.235926445679173 ], [ 164.3047525, -20.2338377 ], [ 164.301484599999981, -20.234196 ], [ 164.301883, -20.229736099999982 ], [ 164.3130876883761, -20.232387897215489 ], [ 164.312705314697354, -20.233859830735678 ], [ 164.318120599999986, -20.2311469 ], [ 164.326966611981902, -20.232696543075328 ], [ 164.3324989, -20.236828499999984 ], [ 164.3401142498833, -20.239162748090916 ], [ 164.3462639, -20.237811499999975 ], [ 164.3403994, -20.2394562 ], [ 164.3471614, -20.2446762 ], [ 164.3477403, -20.242861800000036 ], [ 164.35033591766512, -20.24286918394256 ], [ 164.349717947663663, -20.241444723266181 ], [ 164.3515509, -20.242230499999973 ], [ 164.3500869278935, -20.240893177091699 ], [ 164.351670889808872, -20.240283502361745 ], [ 164.35780170000001, -20.2428263 ], [ 164.357486187122987, -20.240224109603687 ], [ 164.360325, -20.2433045 ], [ 164.358231360254223, -20.244269999636259 ], [ 164.359256, -20.247392 ], [ 164.365017699999981, -20.2520624 ], [ 164.366024310495732, -20.256412224006841 ], [ 164.371481913494307, -20.25658899697596 ], [ 164.370842103343676, -20.254864897624756 ], [ 164.3717553, -20.253942399999957 ], [ 164.372768799999989, -20.2556142 ], [ 164.3733581470903, -20.253571117733294 ], [ 164.370082198681274, -20.252003410183363 ], [ 164.373810184691081, -20.252697000984991 ], [ 164.37528975946222, -20.257169537524724 ], [ 164.388528799999989, -20.2594627 ], [ 164.389853000158922, -20.263454731440181 ], [ 164.3903694, -20.26075389999998 ], [ 164.390204028630762, -20.26271861827616 ], [ 164.391224699999981, -20.2603548 ], [ 164.397001918423797, -20.259715106132944 ], [ 164.403745784583776, -20.259255003274902 ], [ 164.414054058053125, -20.261471436934492 ], [ 164.4251243, -20.27290480000001 ], [ 164.418687146311896, -20.276500955437815 ], [ 164.415983428836682, -20.284259101002423 ], [ 164.413457855165404, -20.286247937701777 ], [ 164.415029089767756, -20.286295402215373 ], [ 164.414468466197832, -20.289666575569502 ], [ 164.418051365745384, -20.294785066785263 ], [ 164.416864460961278, -20.297106748199919 ], [ 164.420253333144103, -20.300127763859901 ], [ 164.42343129124589, -20.300954859962225 ], [ 164.429142453893064, -20.298036378464637 ], [ 164.431635535920492, -20.298571745163983 ], [ 164.441004207379336, -20.303197552241716 ], [ 164.44409369902101, -20.307398265709491 ], [ 164.451968094370613, -20.30961717532168 ], [ 164.451637209686197, -20.312449747378587 ], [ 164.453684596841583, -20.31472167250071 ], [ 164.461039653358455, -20.318152964466666 ], [ 164.46771373293916, -20.325731947865894 ], [ 164.472813310095148, -20.328805505883523 ], [ 164.474730132180639, -20.332519114564484 ], [ 164.477350170692318, -20.333050824443411 ], [ 164.478324437827837, -20.337190186599258 ], [ 164.484518580304552, -20.340991236096691 ], [ 164.485328421361316, -20.345619249411762 ], [ 164.491400485387942, -20.353248429000548 ], [ 164.512933078687098, -20.34781847131973 ], [ 164.518331246065713, -20.356574595902224 ], [ 164.52648771011755, -20.36308443392079 ], [ 164.526803123917716, -20.37223849123027 ], [ 164.522856647939392, -20.378235981715289 ], [ 164.52338319487626, -20.381008182424477 ], [ 164.526304147229695, -20.389647955699047 ], [ 164.532041901482302, -20.397420722224595 ], [ 164.540780788835605, -20.402430467735464 ], [ 164.548568606368377, -20.412629869941799 ], [ 164.547896473674115, -20.42441330902194 ], [ 164.549993449123775, -20.43951703250109 ], [ 164.552829085038155, -20.446137978227028 ], [ 164.555454493054526, -20.446830028532847 ], [ 164.561928095609517, -20.443327281490202 ], [ 164.572838771678335, -20.441777697352784 ], [ 164.578220614889119, -20.449119232780497 ], [ 164.585165402859303, -20.451074184088615 ], [ 164.596246769943917, -20.459458755819242 ], [ 164.6018894301871, -20.45974083989616 ], [ 164.602715649372783, -20.46286245608125 ], [ 164.606150055544163, -20.464917851873494 ], [ 164.61657499343454, -20.465403620925798 ], [ 164.627787127918509, -20.472504125328221 ], [ 164.635103463234486, -20.472771889981729 ], [ 164.643870438824649, -20.478588058318355 ], [ 164.669066321686302, -20.482573220965303 ], [ 164.680092989076229, -20.489842380291154 ], [ 164.681656701356644, -20.495259474850904 ], [ 164.692907340651743, -20.500891576256826 ], [ 164.695807951853538, -20.507030200496214 ], [ 164.681902548815657, -20.515849571379245 ], [ 164.675362498536231, -20.517471105976774 ], [ 164.672819765456239, -20.524423030430736 ], [ 164.667901122912269, -20.528410576166973 ], [ 164.660654366200276, -20.529897118116796 ], [ 164.6600573515326, -20.542166497582976 ], [ 164.662767175334182, -20.547818739907289 ], [ 164.651210800301584, -20.544163437741084 ], [ 164.641963258815906, -20.548806850025311 ], [ 164.639544748443541, -20.551913502456898 ], [ 164.640701290810881, -20.558425576678172 ], [ 164.638902019808313, -20.561330618392898 ], [ 164.639098060835238, -20.566657544754474 ], [ 164.622388994325888, -20.586770030044828 ], [ 164.616906842348016, -20.585863174883961 ], [ 164.608175808416291, -20.588250682325917 ], [ 164.594429906335591, -20.579127219830973 ], [ 164.593298379265178, -20.576429211288929 ], [ 164.587239596555946, -20.573969868074649 ], [ 164.585082922517955, -20.576971165101209 ], [ 164.579217157033952, -20.577760830211826 ], [ 164.570367155018232, -20.575719823157709 ], [ 164.560389365774824, -20.575741910464814 ], [ 164.556635697252858, -20.571407580819148 ], [ 164.552373663327643, -20.570311106012781 ], [ 164.552346359994885, -20.567252478562551 ], [ 164.543464024466431, -20.557427179406915 ], [ 164.540852438505368, -20.551034856948252 ], [ 164.535613640071347, -20.552697668565994 ], [ 164.528346853817169, -20.55150743718858 ], [ 164.52156651293879, -20.545447114919874 ], [ 164.513771151127344, -20.545283931135142 ], [ 164.50973442128435, -20.542054452361924 ], [ 164.510022608309725, -20.539959170766576 ], [ 164.507596712471297, -20.539954126289249 ], [ 164.503424487871456, -20.536022516562859 ], [ 164.499108241188708, -20.536032709660013 ], [ 164.497710822894959, -20.534572701970987 ], [ 164.498198315646817, -20.529822590421723 ], [ 164.492917114093757, -20.525988585420951 ], [ 164.487417506681254, -20.525292398896827 ], [ 164.473971870956518, -20.511333289283112 ], [ 164.469784711511636, -20.509934332498826 ], [ 164.469456718186393, -20.507095500448504 ], [ 164.46685695312874, -20.505618492350013 ], [ 164.465890241433584, -20.498910548282414 ], [ 164.463218405012242, -20.498666756539308 ], [ 164.460058197321842, -20.495101132825297 ], [ 164.460577426481592, -20.493005140148156 ], [ 164.455362296361329, -20.491581124065796 ], [ 164.45478701019502, -20.489307851700438 ], [ 164.450163227023722, -20.489018466922698 ], [ 164.447179423509937, -20.486193504109153 ], [ 164.435154054990051, -20.493328188878209 ], [ 164.435006844434639, -20.496143202132668 ], [ 164.431784908821982, -20.499834336536995 ], [ 164.428714987791011, -20.501013283067522 ], [ 164.423830289493111, -20.498787387361538 ], [ 164.418219625050853, -20.488645279281869 ], [ 164.416108781747511, -20.48807734652879 ], [ 164.413871781183246, -20.479982300537174 ], [ 164.4098033816488, -20.476188380328882 ], [ 164.405570626937248, -20.474945694587728 ], [ 164.402458094155833, -20.470296766265818 ], [ 164.403577632353006, -20.46857878399566 ], [ 164.402185535220696, -20.46537152770582 ], [ 164.404698306384773, -20.461925277482045 ], [ 164.398418565273403, -20.456166139443688 ], [ 164.397549678368108, -20.453128907798959 ], [ 164.39259939808133, -20.451434751464681 ], [ 164.390998107517646, -20.445534575605588 ], [ 164.384767233260959, -20.43825521136575 ], [ 164.379424149083292, -20.438225038085722 ], [ 164.377925761166438, -20.435005999435699 ], [ 164.363195172531789, -20.430598272751254 ], [ 164.357516888507519, -20.41819417907595 ], [ 164.351821651148555, -20.41223166009345 ], [ 164.348754051145249, -20.412418731385369 ], [ 164.347118382897946, -20.410706980659075 ], [ 164.341367269335592, -20.39882800090118 ], [ 164.334697178888689, -20.394565998057203 ], [ 164.32965727406912, -20.397057938544407 ], [ 164.326781981539511, -20.395716667973335 ], [ 164.324336654557271, -20.394137170069683 ], [ 164.322502900778062, -20.385235164581985 ], [ 164.317154763103218, -20.385197746419525 ], [ 164.314332615427105, -20.382336932356957 ], [ 164.31226898133383, -20.382631931074215 ], [ 164.344804008391577, -20.360706340784848 ], [ 164.350272120457305, -20.355236054500939 ], [ 164.357513625962724, -20.352421328254071 ], [ 164.353556664899543, -20.357063606408822 ], [ 164.35618497887728, -20.355579305638202 ], [ 164.356032299999981, -20.3583152 ], [ 164.358664, -20.3585351 ], [ 164.356882815703017, -20.354671881751507 ], [ 164.361031080243464, -20.354595432532953 ], [ 164.360650540128091, -20.352892681854318 ], [ 164.359200499999986, -20.353419599999949 ], [ 164.360730755624644, -20.350898046572343 ], [ 164.361424457554932, -20.352686448296296 ], [ 164.362967699999984, -20.35128019999997 ], [ 164.365342065452467, -20.355613318963016 ], [ 164.365520899999979, -20.353366200000032 ], [ 164.367080684332677, -20.353688309183458 ], [ 164.366676960328277, -20.355551238939722 ], [ 164.367821534845916, -20.354539327903144 ], [ 164.368340935902069, -20.352494367624537 ], [ 164.359010510498791, -20.348200175928007 ], [ 164.362735238711792, -20.347635773670277 ], [ 164.360163745932965, -20.345378584883296 ], [ 164.3617108, -20.3457847 ], [ 164.360212823173299, -20.342563201661552 ], [ 164.356893798732102, -20.340624055022651 ], [ 164.360062514150854, -20.341578905726351 ], [ 164.3586506, -20.339308200000016 ], [ 164.354111029175897, -20.341285158888176 ], [ 164.357182900000026, -20.339079 ], [ 164.349983238608701, -20.335527007336221 ], [ 164.358907684310509, -20.338543207972869 ], [ 164.365588399999979, -20.351140499999968 ], [ 164.377415393344052, -20.351351495213962 ], [ 164.3787549, -20.354484 ], [ 164.376988782968255, -20.35767888733011 ], [ 164.379006292001293, -20.355214244050874 ], [ 164.379283259046446, -20.357741234305919 ], [ 164.380848331944833, -20.35626364399376 ], [ 164.380633316435876, -20.362473017607389 ], [ 164.382732417003638, -20.362703784889067 ], [ 164.383895984980853, -20.357078940034217 ], [ 164.3848246, -20.3593663 ], [ 164.38516068626933, -20.357655607742906 ], [ 164.3869894, -20.358678 ], [ 164.386735799249067, -20.360411724358201 ], [ 164.38804, -20.3582364 ], [ 164.3831571, -20.352397900000021 ], [ 164.3817975, -20.355147499999983 ], [ 164.379001845871272, -20.354893913291612 ], [ 164.378455799999983, -20.3483931 ], [ 164.368358909748991, -20.349800483694153 ], [ 164.372573599999981, -20.348598 ], [ 164.3689584, -20.347958700000017 ], [ 164.365623798800215, -20.344658067820671 ], [ 164.36510812421227, -20.343023809872889 ], [ 164.372461592589531, -20.344577705268762 ] ], [ [ 164.373170382043156, -20.34472746390546 ], [ 164.375510599999984, -20.34522189999997 ], [ 164.382983199999984, -20.340957100000043 ], [ 164.383934399999987, -20.336749900000019 ], [ 164.381348299999985, -20.3361161 ], [ 164.378440200000028, -20.338466600000011 ], [ 164.377515609277935, -20.333004958555279 ], [ 164.377418866663419, -20.335686977258153 ], [ 164.3758599, -20.336155 ], [ 164.377051400000028, -20.3389425 ], [ 164.375710954633888, -20.339237733005451 ], [ 164.377869165125048, -20.342611883913587 ], [ 164.373170382043156, -20.34472746390546 ] ] ], [ [ [ 164.375884944503923, -20.254960302293043 ], [ 164.376887987243293, -20.256965101771417 ], [ 164.37523303765488, -20.256445244987137 ], [ 164.375884944503923, -20.254960302293043 ] ] ], [ [ [ 164.369158030283273, -20.25071751148301 ], [ 164.369628158841124, -20.250671114130412 ], [ 164.369502006888666, -20.251996965108013 ], [ 164.369158030283273, -20.25071751148301 ] ] ], [ [ [ 164.319713145451146, -20.307097408682974 ], [ 164.322720987484331, -20.306008595985041 ], [ 164.3210005, -20.316571400000033 ], [ 164.319713145451146, -20.307097408682974 ] ] ], [ [ [ 164.313036277997583, -20.30446131273597 ], [ 164.317089, -20.302093 ], [ 164.321399808821866, -20.302649908934374 ], [ 164.322510699999981, -20.304723100000022 ], [ 164.317317820500165, -20.30648439741055 ], [ 164.313036277997583, -20.30446131273597 ] ] ], [ [ [ 164.299973, -20.2603865 ], [ 164.2972189, -20.262497 ], [ 164.296032401860145, -20.260829881390777 ], [ 164.295717437987804, -20.266155694817087 ], [ 164.29002509999998, -20.260564599999974 ], [ 164.28755212412787, -20.249356264534185 ], [ 164.283693702967156, -20.245807067667226 ], [ 164.282964321686563, -20.235955152498324 ], [ 164.27792789999998, -20.2311691 ], [ 164.2787687, -20.2256542 ], [ 164.28072002249715, -20.226841504417777 ], [ 164.280179135397248, -20.225061031107451 ], [ 164.2820592, -20.225513499999987 ], [ 164.2798118, -20.222045400000024 ], [ 164.281153599999982, -20.2196925 ], [ 164.288054280145872, -20.222865196781704 ], [ 164.287419, -20.2282832 ], [ 164.2913795, -20.238167900000018 ], [ 164.29476698780951, -20.240325565500189 ], [ 164.2925699, -20.2418108 ], [ 164.294973166405924, -20.243143339060712 ], [ 164.293356599999981, -20.248095799999973 ], [ 164.295903758282321, -20.248601287185018 ], [ 164.299973, -20.2603865 ] ] ], [ [ [ 164.2448595, -20.16410339999997 ], [ 164.2484557, -20.162513100000012 ], [ 164.248903175635718, -20.166586698145135 ], [ 164.2448595, -20.16410339999997 ] ] ], [ [ [ 164.171775611183762, -20.106597476680651 ], [ 164.168517525708808, -20.099067320697525 ], [ 164.168224797978837, -20.093659203732255 ], [ 164.169628374762056, -20.096160199217451 ], [ 164.172153899999984, -20.093899500000017 ], [ 164.1699768, -20.095499 ], [ 164.163929609089365, -20.088059067952127 ], [ 164.165720651775246, -20.089425918430329 ], [ 164.16541227379571, -20.087908537961763 ], [ 164.167689, -20.0925904 ], [ 164.165846, -20.0878864 ], [ 164.16791352358868, -20.090451114689071 ], [ 164.169934642284232, -20.08993750655258 ], [ 164.168332699999979, -20.084387 ], [ 164.166327130134022, -20.084546624151333 ], [ 164.169037399999979, -20.0796623 ], [ 164.166567423395833, -20.079580866485639 ], [ 164.166247687206038, -20.072100555692721 ], [ 164.165676067253713, -20.079906720724939 ], [ 164.1634708, -20.0824585 ], [ 164.1660435, -20.082321199999974 ], [ 164.165604293498518, -20.086232764783734 ], [ 164.163070299999987, -20.0829818 ], [ 164.161232399999989, -20.0845005 ], [ 164.162785000281673, -20.085221396495221 ], [ 164.159732199999979, -20.086175099999988 ], [ 164.16098670080018, -20.087551495720302 ], [ 164.1566943, -20.0876522 ], [ 164.156093444860517, -20.085390234819641 ], [ 164.162875440538613, -20.081437528082922 ], [ 164.1653618, -20.0750214 ], [ 164.164582536477411, -20.071678599485118 ], [ 164.161588948591145, -20.069950130334853 ], [ 164.1652646, -20.068315099999985 ], [ 164.163490728190084, -20.063935687749854 ], [ 164.165115938831576, -20.064171855685331 ], [ 164.162121099999979, -20.063109300000022 ], [ 164.164719243907712, -20.058492088805096 ], [ 164.1647591, -20.0507228 ], [ 164.166705399999984, -20.0502745 ], [ 164.168897313485104, -20.052460947813341 ], [ 164.171450572790462, -20.063871276556515 ], [ 164.177998598889843, -20.069695295980914 ], [ 164.171757181526402, -20.067488373420442 ], [ 164.172854896823992, -20.069285402925843 ], [ 164.1708406, -20.068507499999971 ], [ 164.1716089, -20.070659099999986 ], [ 164.178513550511411, -20.071631143940554 ], [ 164.17942, -20.0703067 ], [ 164.178059948883146, -20.069801644355422 ], [ 164.1801217, -20.067784600000017 ], [ 164.18284059067156, -20.069572029625274 ], [ 164.182271886772611, -20.078960847204421 ], [ 164.1838846, -20.0817401 ], [ 164.19394256463022, -20.088396836086368 ], [ 164.196317, -20.0947753 ], [ 164.20773975115182, -20.099978376879854 ], [ 164.2130292, -20.1053564 ], [ 164.2124263, -20.1080433 ], [ 164.2132728, -20.1067132 ], [ 164.216181810746576, -20.109547528598295 ], [ 164.215816763332953, -20.114843267727728 ], [ 164.213265, -20.1118826 ], [ 164.214208790203998, -20.11349247607485 ], [ 164.213923500505615, -20.113571377818495 ], [ 164.219497215167507, -20.117529236081793 ], [ 164.2174396, -20.1222093 ], [ 164.219215784653926, -20.120582013050125 ], [ 164.219937077639202, -20.125415215456009 ], [ 164.221988536015061, -20.125006734766583 ], [ 164.224637612258306, -20.127803044516817 ], [ 164.227688162102197, -20.135631121306197 ], [ 164.231126599999982, -20.1384977 ], [ 164.2313684, -20.143351599999967 ], [ 164.236807490826379, -20.147609316599922 ], [ 164.235416099999981, -20.154747699999987 ], [ 164.220556241425896, -20.142523398398165 ], [ 164.2147472, -20.1409951 ], [ 164.210548745252822, -20.142044286378951 ], [ 164.212798099999986, -20.1407482 ], [ 164.2122417, -20.1394415 ], [ 164.2147468, -20.139907 ], [ 164.212984487331653, -20.13801127122488 ], [ 164.207704090581927, -20.137819459170931 ], [ 164.207784965502441, -20.14155237572708 ], [ 164.210185299700015, -20.14200939879704 ], [ 164.2084582, -20.1443111 ], [ 164.204933417189068, -20.142140660664882 ], [ 164.204697043778282, -20.139834213560672 ], [ 164.19953529999998, -20.138170299999985 ], [ 164.199504181247704, -20.136886321911295 ], [ 164.201363230343816, -20.13781256714261 ], [ 164.1994202, -20.135254699999987 ], [ 164.1986895, -20.1370279 ], [ 164.196236199999987, -20.135728399999984 ], [ 164.197808073366986, -20.137812472505317 ], [ 164.188524507871392, -20.130147425993833 ], [ 164.193304541827985, -20.132701330354976 ], [ 164.190892199999979, -20.130958 ], [ 164.192830908171942, -20.13169209518286 ], [ 164.192985317731058, -20.129466710373425 ], [ 164.1906179, -20.130194100000015 ], [ 164.190064420165299, -20.127817104587859 ], [ 164.18062759999998, -20.123359100000012 ], [ 164.178782499999983, -20.1185839 ], [ 164.176278699999983, -20.1171897 ], [ 164.17778972003822, -20.116012524780853 ], [ 164.175743015643974, -20.113151899613317 ], [ 164.177305748885544, -20.114011775241323 ], [ 164.176438499999989, -20.110883800000014 ], [ 164.173501535347697, -20.109858691746126 ], [ 164.176611692100408, -20.116127088921903 ], [ 164.174366007409361, -20.114674108775141 ], [ 164.170010305171246, -20.106178130033786 ], [ 164.172895424236202, -20.109049614982734 ], [ 164.1737918, -20.107760599999988 ], [ 164.171775611183762, -20.106597476680651 ] ] ] ] } },
{ "type": "Feature", "properties": { "province": "Province Nord", "commune": "Moindou" }, "geometry": { "type": "MultiPolygon", "coordinates": [ ] } },
{ "type": "Feature", "properties": { "province": "Province Nord", "commune": "Sarraméa" }, "geometry": { "type": "MultiPolygon", "coordinates": [ ] } },
{ "type": "Feature", "properties": { "province": "Province Nord", "commune": "Pouébo" }, "geometry": { "type": "MultiPolygon", "coordinates": [ [ [ [ 164.536998402424075, -20.330073123347187 ], [ 164.536022299999985, -20.334019300000026 ], [ 164.538296799999983, -20.337339300000028 ], [ 164.543866250468056, -20.338108726651825 ], [ 164.5424497, -20.341631199999981 ], [ 164.5480853, -20.344461399999989 ], [ 164.553469198462892, -20.342761830024678 ], [ 164.5513281, -20.348269899999988 ], [ 164.555576496678754, -20.349512731804602 ], [ 164.560521099999988, -20.3549616 ], [ 164.558160499999985, -20.3577915 ], [ 164.560951819859724, -20.35571590505571 ], [ 164.564153357050145, -20.3567213386692 ], [ 164.5636983, -20.3583814 ], [ 164.568513867168321, -20.361528377102008 ], [ 164.566797899999983, -20.36288 ], [ 164.567636068070357, -20.364640069738275 ], [ 164.568653939683145, -20.36402252941248 ], [ 164.572194523235396, -20.365640819135024 ], [ 164.57309859999998, -20.369709200000024 ], [ 164.575199300578447, -20.368914235249864 ], [ 164.574888099999981, -20.37034489999996 ], [ 164.5781907, -20.3714107 ], [ 164.57790820589031, -20.374582583359015 ], [ 164.5762585, -20.374832300000012 ], [ 164.577182019641697, -20.376234427253742 ], [ 164.5792002, -20.373029499999983 ], [ 164.582402299999984, -20.3739385 ], [ 164.585270401544165, -20.3699157027533 ], [ 164.583485869055949, -20.372501159635725 ], [ 164.583330660255257, -20.378880673195376 ], [ 164.582302173350712, -20.374043878880048 ], [ 164.580536425014202, -20.375821287833976 ], [ 164.5790486, -20.3747234 ], [ 164.576249474472718, -20.379969105578802 ], [ 164.575246130862098, -20.378978006771046 ], [ 164.57395116223114, -20.379147552617933 ], [ 164.574837299999984, -20.3806675 ], [ 164.576949291687413, -20.380697316823856 ], [ 164.576844675933273, -20.382434169529272 ], [ 164.575264800000014, -20.382349499999986 ], [ 164.576497058922598, -20.385271925306839 ], [ 164.5749131, -20.386263 ], [ 164.576441275281127, -20.38581793692099 ], [ 164.575942611146814, -20.387436624490931 ], [ 164.578144499999979, -20.3845716 ], [ 164.579198837828102, -20.385624979840753 ], [ 164.57899664730212, -20.383267622580465 ], [ 164.5794211, -20.385890200000013 ], [ 164.5818741, -20.385438499999989 ], [ 164.5805871, -20.387183499999967 ], [ 164.581805274940706, -20.387798394545307 ], [ 164.5800495, -20.3882452 ], [ 164.581648292559834, -20.391524306958679 ], [ 164.585730895574301, -20.39232880890675 ], [ 164.5870132, -20.3909015 ], [ 164.587728700000014, -20.3933872 ], [ 164.5868079, -20.3915695 ], [ 164.585934499999979, -20.3949652 ], [ 164.587453963554935, -20.394411491444323 ], [ 164.5880005, -20.3973927 ], [ 164.589166291038481, -20.396718013922911 ], [ 164.588094854106515, -20.398168516558229 ], [ 164.5896076, -20.398283399999983 ], [ 164.5885873, -20.3994964 ], [ 164.591265199999981, -20.400138500000022 ], [ 164.589600259257878, -20.402148589640468 ], [ 164.5913568, -20.400978900000023 ], [ 164.5934049, -20.405497 ], [ 164.5953011, -20.406010099999985 ], [ 164.595173795939672, -20.404683503430682 ], [ 164.598125671750012, -20.404317367621875 ], [ 164.595485668749518, -20.408171029570365 ], [ 164.5993383, -20.405235899999983 ], [ 164.5983616, -20.406567299999978 ], [ 164.601655293913922, -20.412005628084405 ], [ 164.605207719225461, -20.410751601127743 ], [ 164.605150685740028, -20.407743118222733 ], [ 164.6069038, -20.4107577 ], [ 164.6063571, -20.408356800000011 ], [ 164.6085076, -20.4090356 ], [ 164.606328606980185, -20.408106596122142 ], [ 164.609291299890742, -20.409030801339 ], [ 164.6074055, -20.4101457 ], [ 164.6081561, -20.4121326 ], [ 164.610269235439148, -20.40946760276767 ], [ 164.614181889365881, -20.409739508311901 ], [ 164.6123604, -20.410661 ], [ 164.61413857796785, -20.412189510668455 ], [ 164.614413399999989, -20.4094551 ], [ 164.6163871, -20.409651199999963 ], [ 164.617988699999984, -20.411257899999988 ], [ 164.615880300000015, -20.41122750000002 ], [ 164.6188119, -20.413991800000019 ], [ 164.6152492, -20.413817399999985 ], [ 164.617469273415907, -20.415138572235612 ], [ 164.6161276, -20.416499199999976 ], [ 164.61843425925565, -20.415312322518989 ], [ 164.618886068415662, -20.418017543128141 ], [ 164.62175805673516, -20.417983966173509 ], [ 164.6204764, -20.419400800000041 ], [ 164.626166466557663, -20.42188363845851 ], [ 164.629624040658001, -20.421518961406484 ], [ 164.6262501, -20.420268 ], [ 164.633198413590776, -20.422645909903345 ], [ 164.630605343027241, -20.421521395700658 ], [ 164.632860575866061, -20.421210812335133 ], [ 164.6410798, -20.426379699999988 ], [ 164.6466983, -20.4266486 ], [ 164.646376299999986, -20.428737500000015 ], [ 164.650222, -20.4287473 ], [ 164.656169465291413, -20.435205337413883 ], [ 164.665649, -20.441240900000032 ], [ 164.668406654652415, -20.447822463876552 ], [ 164.673067762773513, -20.45254294688214 ], [ 164.68746729999998, -20.459852799999961 ], [ 164.691911060770764, -20.45993951813978 ], [ 164.7000294, -20.4684953 ], [ 164.710176400000023, -20.47003340000002 ], [ 164.718146571577762, -20.473683094161927 ], [ 164.7269187, -20.4743203 ], [ 164.741704199999987, -20.4820725 ], [ 164.746162699999985, -20.4883889 ], [ 164.75718585834457, -20.49476547450378 ], [ 164.761416100056948, -20.501341801157114 ], [ 164.764184397368183, -20.5107998144913 ], [ 164.767275539754309, -20.51490084030727 ], [ 164.77328319999998, -20.518181800000018 ], [ 164.774965746971361, -20.523796767264482 ], [ 164.76930698203526, -20.531381761465006 ], [ 164.762068953254015, -20.535527719865804 ], [ 164.757770027765417, -20.544864145311742 ], [ 164.754215174669838, -20.547221481818468 ], [ 164.752752887021501, -20.544042555797358 ], [ 164.740960434791162, -20.536087124216358 ], [ 164.737792050445705, -20.531402804809137 ], [ 164.730994107724655, -20.531312996506728 ], [ 164.72468036897493, -20.519717640626723 ], [ 164.713964694203071, -20.515077058903348 ], [ 164.702463450494946, -20.51362237977494 ], [ 164.702216759486873, -20.511360362775775 ], [ 164.69545077145321, -20.506789807879642 ], [ 164.692701526200977, -20.500632004789239 ], [ 164.681605229420057, -20.495207539282429 ], [ 164.680100206327779, -20.492998263624834 ], [ 164.681162731033055, -20.4913445177433 ], [ 164.675422368149498, -20.485704941018849 ], [ 164.668745283209176, -20.482471702733676 ], [ 164.643727764898244, -20.478541515595808 ], [ 164.635103463234486, -20.472771889981729 ], [ 164.627787127918509, -20.472504125328221 ], [ 164.61657499343454, -20.465403620925798 ], [ 164.606150055544163, -20.464917851873494 ], [ 164.602715649372783, -20.46286245608125 ], [ 164.6018894301871, -20.45974083989616 ], [ 164.596246769943917, -20.459458755819242 ], [ 164.585165402859303, -20.451074184088615 ], [ 164.578220614889119, -20.449119232780497 ], [ 164.572709542550683, -20.441731131415537 ], [ 164.561928095609517, -20.443327281490202 ], [ 164.555454493054526, -20.446830028532847 ], [ 164.552829085038155, -20.446137978227028 ], [ 164.549993449123775, -20.43951703250109 ], [ 164.547896473674115, -20.42441330902194 ], [ 164.548568606368377, -20.412629869941799 ], [ 164.540780788835605, -20.402430467735464 ], [ 164.532041901482302, -20.397420722224595 ], [ 164.526304147229695, -20.389647955699047 ], [ 164.52338319487626, -20.381008182424477 ], [ 164.522856647939392, -20.378235981715289 ], [ 164.526803123917716, -20.37223849123027 ], [ 164.52648771011755, -20.36308443392079 ], [ 164.518331246065713, -20.356574595902224 ], [ 164.512933078687098, -20.34781847131973 ], [ 164.491400485387942, -20.353248429000548 ], [ 164.485328421361316, -20.345619249411762 ], [ 164.484518580304552, -20.340991236096691 ], [ 164.478324437827837, -20.337190186599258 ], [ 164.477350170692318, -20.333050824443411 ], [ 164.474730132180639, -20.332519114564484 ], [ 164.472813310095148, -20.328805505883523 ], [ 164.46771373293916, -20.325731947865894 ], [ 164.461039653358455, -20.318152964466666 ], [ 164.453684596841583, -20.31472167250071 ], [ 164.451637209686197, -20.312449747378587 ], [ 164.451968094370613, -20.30961717532168 ], [ 164.44409369902101, -20.307398265709491 ], [ 164.441004207379336, -20.303197552241716 ], [ 164.431635535920492, -20.298571745163983 ], [ 164.429142453893064, -20.298036378464637 ], [ 164.42343129124589, -20.300954859962225 ], [ 164.420253333144103, -20.300127763859901 ], [ 164.416864460961278, -20.297106748199919 ], [ 164.418051365745384, -20.294785066785263 ], [ 164.414468466197832, -20.289666575569502 ], [ 164.415029089767756, -20.286295402215373 ], [ 164.413457855165404, -20.286247937701777 ], [ 164.415983428836682, -20.284259101002423 ], [ 164.418687146311896, -20.276500955437815 ], [ 164.428310400000015, -20.2733234 ], [ 164.4399544, -20.2754599 ], [ 164.444999699999983, -20.2789688 ], [ 164.4533381, -20.2800015 ], [ 164.463472384563943, -20.288376501589259 ], [ 164.461576064226904, -20.28849890878363 ], [ 164.463012, -20.2893851 ], [ 164.461577802961557, -20.290011730859288 ], [ 164.462732603790755, -20.290702535572706 ], [ 164.463959800000026, -20.2885339 ], [ 164.4716671, -20.2934963 ], [ 164.4700082, -20.2966638 ], [ 164.472365, -20.2935628 ], [ 164.47724559893166, -20.295518806989676 ], [ 164.484820898974306, -20.293385699945322 ], [ 164.4894914, -20.296210799999987 ], [ 164.486758399999985, -20.2975017 ], [ 164.487490119574659, -20.302009315207886 ], [ 164.489468, -20.301416399999976 ], [ 164.48931349999998, -20.299763 ], [ 164.4906088, -20.301398100000011 ], [ 164.491645290689348, -20.300057107426792 ], [ 164.492811781211969, -20.303676012378748 ], [ 164.496910780483233, -20.305769313581219 ], [ 164.498681292616396, -20.304335637270444 ], [ 164.499685142911943, -20.306988221586639 ], [ 164.5013883, -20.3036154 ], [ 164.5021803, -20.308532699999986 ], [ 164.506974785544287, -20.30937310514933 ], [ 164.516017799999986, -20.3170792 ], [ 164.5242314, -20.3189952 ], [ 164.523735499999987, -20.3231662 ], [ 164.525910502353867, -20.3259287492127 ], [ 164.533169980774574, -20.328637216043415 ], [ 164.535005383319316, -20.331761814884111 ], [ 164.536998402424075, -20.330073123347187 ] ] ], [ [ [ 164.537072320334516, -20.329774280107259 ], [ 164.5362734, -20.328266499999984 ], [ 164.537216981630763, -20.329189424396919 ], [ 164.537072320334516, -20.329774280107259 ] ] ], [ [ [ 164.643657529343699, -20.424014106742916 ], [ 164.646817, -20.4245815 ], [ 164.648025120673026, -20.426562953691977 ], [ 164.643657529343699, -20.424014106742916 ] ] ], [ [ [ 164.577597248901327, -20.384679406301004 ], [ 164.576527502682637, -20.384161729094021 ], [ 164.577974759671093, -20.383967381984199 ], [ 164.577597248901327, -20.384679406301004 ] ] ] ] } },
{ "type": "Feature", "properties": { "province": "Province Nord", "commune": "Voh" }, "geometry": { "type": "MultiPolygon", "coordinates": [ [ [ [ 164.546202213569046, -20.895547318279878 ], [ 164.546735282728093, -20.890959524534175 ], [ 164.550790228175515, -20.887416544727962 ], [ 164.548542117478974, -20.881384624370654 ], [ 164.552723864608339, -20.872047192415266 ], [ 164.552715365989172, -20.866328281592239 ], [ 164.554980190370969, -20.865227008703801 ], [ 164.552393522391156, -20.857038709877727 ], [ 164.555170324724827, -20.847888533537688 ], [ 164.559133740183341, -20.847642078619305 ], [ 164.559296969366926, -20.843203703011397 ], [ 164.564902662174632, -20.844492911115562 ], [ 164.57099178830498, -20.842550215361353 ], [ 164.570354510132375, -20.838865348532842 ], [ 164.571898206929461, -20.836397775530489 ], [ 164.583007620545231, -20.831494021472263 ], [ 164.588375583260387, -20.823445795655243 ], [ 164.589099048137086, -20.816343392679105 ], [ 164.596147719349517, -20.812707745414375 ], [ 164.586408046021404, -20.802956843613792 ], [ 164.584770533664681, -20.793667139021331 ], [ 164.584915176124639, -20.784019219416123 ], [ 164.589628129660355, -20.778485521504361 ], [ 164.586621394595142, -20.765704939617589 ], [ 164.590177899389431, -20.760825599265033 ], [ 164.603896688460907, -20.755668797783269 ], [ 164.614066084963355, -20.759712125857583 ], [ 164.616198585276237, -20.758066844561117 ], [ 164.621657515484515, -20.759115416715762 ], [ 164.623038897906895, -20.757942073553444 ], [ 164.637476865148813, -20.760518443482869 ], [ 164.644811101143546, -20.760099122900669 ], [ 164.647620959400768, -20.75838337007432 ], [ 164.653356958869409, -20.75976764795201 ], [ 164.664569738380266, -20.754853232968522 ], [ 164.666678742083946, -20.758548862863545 ], [ 164.673671233215259, -20.74991687870353 ], [ 164.679626163218899, -20.750020617745513 ], [ 164.68161241520167, -20.746855835804649 ], [ 164.669520573786428, -20.736171471734227 ], [ 164.670728195456348, -20.724234425280411 ], [ 164.668976036658904, -20.71614358959123 ], [ 164.66401866803696, -20.707445192865716 ], [ 164.665838170926122, -20.703325535298603 ], [ 164.672102412644364, -20.705782788937281 ], [ 164.678150841528094, -20.705780694830604 ], [ 164.68297223436096, -20.708644906147068 ], [ 164.697612124775674, -20.707982352814657 ], [ 164.699096022373396, -20.7098892324736 ], [ 164.705494497408949, -20.711527318475365 ], [ 164.707819139245743, -20.717642282267263 ], [ 164.715657103263965, -20.719985251335814 ], [ 164.718912949685432, -20.725727923683241 ], [ 164.725001254995732, -20.724872076441009 ], [ 164.741637857638267, -20.728867952499737 ], [ 164.744718818703177, -20.727333579787988 ], [ 164.753114790718996, -20.733147667474455 ], [ 164.755017517127698, -20.73846600311461 ], [ 164.759605026442813, -20.739438489150221 ], [ 164.765929601120973, -20.737488188011902 ], [ 164.77925286542731, -20.739666473757694 ], [ 164.786406933466282, -20.743931631724518 ], [ 164.795583540817859, -20.746059500303346 ], [ 164.808732465746203, -20.755366446227036 ], [ 164.815723005240528, -20.751140497481369 ], [ 164.821728613159877, -20.753701836177726 ], [ 164.823734466691548, -20.757901027433586 ], [ 164.823482164736589, -20.762682748049517 ], [ 164.828844930448525, -20.765722980322408 ], [ 164.832596875123016, -20.771148344334026 ], [ 164.846316484629767, -20.772900489595035 ], [ 164.850913442667775, -20.780472402796892 ], [ 164.860208464009446, -20.782276175402892 ], [ 164.859864762777818, -20.785476764872193 ], [ 164.862954709413486, -20.787651845546907 ], [ 164.860352453211732, -20.794780458954868 ], [ 164.861506080499794, -20.797807809807313 ], [ 164.857180427613486, -20.801830137866219 ], [ 164.858319793582012, -20.805715662652304 ], [ 164.856563065450359, -20.808177784086542 ], [ 164.859877869774692, -20.816162876669051 ], [ 164.867095214188936, -20.825876387709229 ], [ 164.867558228594731, -20.829232792354976 ], [ 164.864211160300755, -20.836446402911353 ], [ 164.851035307716501, -20.843836924828608 ], [ 164.849849090982644, -20.856608168428721 ], [ 164.851797922747863, -20.860864663863822 ], [ 164.850225116334684, -20.865610510502901 ], [ 164.853100806106767, -20.867071134773607 ], [ 164.862651044167336, -20.865603446759046 ], [ 164.866732225907413, -20.870511121087244 ], [ 164.867093121109548, -20.885196425969998 ], [ 164.873792651248749, -20.894956388456229 ], [ 164.87830166406269, -20.895686561165967 ], [ 164.88746526123569, -20.904659455885223 ], [ 164.89520511070728, -20.907142294451358 ], [ 164.904473670046798, -20.913745430282376 ], [ 164.908785083169789, -20.910605885376658 ], [ 164.913306987569939, -20.91097936572125 ], [ 164.91255795090467, -20.923464894070598 ], [ 164.914132918126171, -20.926712116205461 ], [ 164.916294109922376, -20.926183196320473 ], [ 164.919325440749446, -20.928553546133408 ], [ 164.924284170654516, -20.950153154313416 ], [ 164.935019167291358, -20.958978309276471 ], [ 164.93609974167498, -20.961596962362243 ], [ 164.934434095444743, -20.968867524062123 ], [ 164.92566782353444, -20.971103449239191 ], [ 164.917836860769228, -20.958829488773571 ], [ 164.910663500373317, -20.938971263841307 ], [ 164.902210858106912, -20.941330716720394 ], [ 164.898548515288411, -20.9467553155059 ], [ 164.88747622338164, -20.954328655921699 ], [ 164.885845567566832, -20.957225846234618 ], [ 164.871927343207915, -20.965482902769992 ], [ 164.875032339646879, -20.972320497964432 ], [ 164.88739737866436, -20.974569280499132 ], [ 164.880577940185731, -20.977079282546658 ], [ 164.879335547558753, -20.98064930478689 ], [ 164.864104969026641, -20.970658863544795 ], [ 164.855516987182028, -20.972843647618806 ], [ 164.852808185716782, -20.976846417206342 ], [ 164.847849143139257, -20.978092163751739 ], [ 164.841416000802525, -20.98307702526548 ], [ 164.839762165863164, -20.990088868638257 ], [ 164.836652676900627, -20.99327283775898 ], [ 164.835927225168888, -21.0000526876298 ], [ 164.830016724922331, -20.995112164165853 ], [ 164.825729537053689, -20.997206051602653 ], [ 164.821135777596254, -20.995339593998171 ], [ 164.815687836209008, -20.988244688595245 ], [ 164.813348190762696, -20.98950187386718 ], [ 164.8090577796508, -20.987036982386108 ], [ 164.800119419938852, -20.987635586201996 ], [ 164.794598400020618, -20.993442895672004 ], [ 164.787431499408456, -20.99754365727436 ], [ 164.784724732125852, -21.00323158597234 ], [ 164.779320464558708, -21.001343468176064 ], [ 164.771835275041838, -21.002350571006254 ], [ 164.766276733499723, -21.007305511513042 ], [ 164.750838695497634, -21.009514344900321 ], [ 164.748775976700358, -21.018033482142535 ], [ 164.734299264841468, -21.031063724081889 ], [ 164.733732947551943, -21.040420002001209 ], [ 164.727876832781249, -21.041772069069072 ], [ 164.720194028885828, -21.048850991441963 ], [ 164.719277625391186, -21.053110607925039 ], [ 164.715449057615956, -21.051947341878638 ], [ 164.713172795701354, -21.054109325333268 ], [ 164.6995047, -21.042358299999982 ], [ 164.694261199356532, -21.043626692964668 ], [ 164.696246299999984, -21.04075550000001 ], [ 164.6935383, -21.040737 ], [ 164.691728799586286, -21.037696792444173 ], [ 164.692845299999988, -21.03608 ], [ 164.6910068, -21.030103899999972 ], [ 164.69273843505573, -21.026593334768943 ], [ 164.691081638976669, -21.020614586814389 ], [ 164.680634845652776, -21.020514405022137 ], [ 164.677065429630943, -21.013804473930499 ], [ 164.670907, -21.013576899999975 ], [ 164.668624644146149, -21.009463144548157 ], [ 164.6696641, -21.0057006 ], [ 164.666877802260132, -21.002424075340247 ], [ 164.670176291538326, -21.001184734239455 ], [ 164.672594854365713, -21.004793115605249 ], [ 164.6766998, -21.0059919 ], [ 164.6825418, -21.0014248 ], [ 164.683578012103709, -21.00321702496537 ], [ 164.689616700000016, -21.002186800000015 ], [ 164.6912106, -21.006874499999974 ], [ 164.68933546029595, -21.015697340946801 ], [ 164.69257953134931, -21.01712210871376 ], [ 164.6979555, -21.012587599999978 ], [ 164.70145014023916, -21.004659128745633 ], [ 164.709639149913414, -21.004241999224966 ], [ 164.70777282137783, -20.999582228060408 ], [ 164.7099787076246, -20.995962075888816 ], [ 164.708154505319982, -20.992956234550434 ], [ 164.7120333, -20.9890073 ], [ 164.706487600259265, -20.983910099687982 ], [ 164.709212836249662, -20.977803840220123 ], [ 164.7083258119616, -20.974745919184855 ], [ 164.709621833197872, -20.974754264945251 ], [ 164.709090136207436, -20.973154689723835 ], [ 164.703815911758653, -20.97526758811328 ], [ 164.7089995, -20.973090699999972 ], [ 164.708454099999983, -20.971199200000012 ], [ 164.706265791074543, -20.970747177887809 ], [ 164.705966788910445, -20.972689970829546 ], [ 164.7041994, -20.9723268 ], [ 164.702793897789121, -20.975175099173477 ], [ 164.7026396, -20.973965200000016 ], [ 164.702502, -20.97578660000001 ], [ 164.703774164806674, -20.975474656767499 ], [ 164.7025117, -20.980254800000036 ], [ 164.702208346005165, -20.974703732626857 ], [ 164.700123425489494, -20.973785071274477 ], [ 164.696323399999983, -20.9776199 ], [ 164.697909899999985, -20.977352700000022 ], [ 164.694148678404844, -20.978215875263704 ], [ 164.6947209, -20.9765527 ], [ 164.69247205301653, -20.976108210488217 ], [ 164.69173146667265, -20.978337802161771 ], [ 164.693937859480201, -20.978244874080108 ], [ 164.692454609748324, -20.97958023086548 ], [ 164.6930404, -20.979736 ], [ 164.692825156092482, -20.981669798420583 ], [ 164.68969389999998, -20.9791952 ], [ 164.685956997277543, -20.980025872624125 ], [ 164.6896315, -20.9785707 ], [ 164.686745338604823, -20.976476742425692 ], [ 164.6876528, -20.974452400000011 ], [ 164.686360921164123, -20.97572949694257 ], [ 164.685905099999985, -20.973590400000017 ], [ 164.68409320198657, -20.974178885794526 ], [ 164.684095499999984, -20.9758697 ], [ 164.6804189, -20.9714892 ], [ 164.68217140015048, -20.968152909787104 ], [ 164.680472499999979, -20.968026199999983 ], [ 164.6841825, -20.967077499999988 ], [ 164.6811586, -20.966135 ], [ 164.682709901210046, -20.964363801493711 ], [ 164.684164129064101, -20.965427727418824 ], [ 164.6825031, -20.964111599999967 ], [ 164.684050528811525, -20.96122964259299 ], [ 164.682614308215108, -20.962977189851411 ], [ 164.6818868, -20.961744700000029 ], [ 164.682178680597588, -20.964422102296133 ], [ 164.680348399999986, -20.966189 ], [ 164.675988197271295, -20.968078651179532 ], [ 164.6773409, -20.966311 ], [ 164.6756886997035, -20.965498787143357 ], [ 164.674206, -20.967185399999966 ], [ 164.676288, -20.9694371 ], [ 164.673129957304099, -20.973616007448999 ], [ 164.6791638, -20.987478 ], [ 164.674808911050917, -20.985371282563637 ], [ 164.667411713347832, -20.987189356757888 ], [ 164.662840058973075, -20.983835399939203 ], [ 164.656845799999985, -20.9886904 ], [ 164.6520894, -20.9798301 ], [ 164.654666599999985, -20.979041200000029 ], [ 164.657103899999981, -20.9744121 ], [ 164.6573109, -20.97736529999997 ], [ 164.6632654, -20.975746600000022 ], [ 164.662546331710729, -20.97251338017799 ], [ 164.661657739270225, -20.970792566703675 ], [ 164.660477431165106, -20.97304609058817 ], [ 164.656825014003459, -20.970360583632317 ], [ 164.650188014464163, -20.971242279093286 ], [ 164.647906643599583, -20.968491161479186 ], [ 164.656060134163198, -20.966026137733138 ], [ 164.658187, -20.967685700000011 ], [ 164.660250844608669, -20.966153317649962 ], [ 164.663873820706215, -20.966917401005976 ], [ 164.6675831, -20.9613898 ], [ 164.669443102817155, -20.963980935808657 ], [ 164.676243828692378, -20.959921435348214 ], [ 164.676174746343804, -20.958195858746713 ], [ 164.670776932937088, -20.959019359489147 ], [ 164.675302099999982, -20.958103300000023 ], [ 164.667601064575194, -20.954284587394437 ], [ 164.6680451, -20.9607932 ], [ 164.666994891448326, -20.953967707831534 ], [ 164.67592821418782, -20.958012646792842 ], [ 164.66626362597566, -20.952357228039663 ], [ 164.667618731422863, -20.951423974843429 ], [ 164.664097528772118, -20.94837139495035 ], [ 164.6658948, -20.949587099999988 ], [ 164.66572659549692, -20.945966532793019 ], [ 164.666753086613085, -20.94824971871742 ], [ 164.669041181925309, -20.946107401250462 ], [ 164.669973010149192, -20.949171147425993 ], [ 164.678316153937715, -20.955139278632913 ], [ 164.677562699999982, -20.9566647 ], [ 164.6800538, -20.9550253 ], [ 164.6782168, -20.95420129999998 ], [ 164.681089343713325, -20.95293905823285 ], [ 164.672936199999981, -20.950450399999976 ], [ 164.680384949748628, -20.94922392353298 ], [ 164.677648418974258, -20.948192314407926 ], [ 164.679903504733943, -20.948010069859695 ], [ 164.6765039, -20.946897400000015 ], [ 164.675349436995049, -20.943938173254672 ], [ 164.681913825324642, -20.946809837105622 ], [ 164.68283093024246, -20.942298162409976 ], [ 164.681019529922992, -20.939083994548916 ], [ 164.6780857, -20.939244299999977 ], [ 164.677264750482863, -20.936566481296005 ], [ 164.6712402, -20.9393186 ], [ 164.672284617209414, -20.937530838364761 ], [ 164.6701459, -20.9354611 ], [ 164.672768410913164, -20.93372903837442 ], [ 164.6725332, -20.929989799999987 ], [ 164.675232637423562, -20.926935266681184 ], [ 164.67057803307776, -20.919082718089886 ], [ 164.670394099999982, -20.914915799999989 ], [ 164.66644181262032, -20.918193193630835 ], [ 164.6667084, -20.913361699999982 ], [ 164.664139299999988, -20.911249099999985 ], [ 164.668557099999987, -20.906585299999985 ], [ 164.6690779, -20.9077026 ], [ 164.669270612607107, -20.905575747881883 ], [ 164.6723491, -20.906750299999988 ], [ 164.669361728901237, -20.905560919666161 ], [ 164.669874599999986, -20.9043752 ], [ 164.667346801129781, -20.906426705515276 ], [ 164.6715132, -20.902355299999982 ], [ 164.664682677734817, -20.905704558850886 ], [ 164.6677414785689, -20.901988565995055 ], [ 164.678943424761911, -20.900150987500442 ], [ 164.6784749, -20.899008899999988 ], [ 164.676284219266279, -20.899968809923973 ], [ 164.679719727699023, -20.896730585224525 ], [ 164.678718899999978, -20.89605 ], [ 164.676934277613867, -20.898695669565758 ], [ 164.677676, -20.897238399999988 ], [ 164.673003412758106, -20.899867088118505 ], [ 164.676837115687903, -20.895410789432365 ], [ 164.672080099990239, -20.899607995641208 ], [ 164.668172191924015, -20.898776919009446 ], [ 164.66807379547339, -20.89969688165607 ], [ 164.6618737, -20.898815700000025 ], [ 164.660333399999985, -20.9022874 ], [ 164.660873899999984, -20.9009105 ], [ 164.658423397667605, -20.900867387498757 ], [ 164.655585741418378, -20.903582170930431 ], [ 164.653207196971863, -20.901209009900569 ], [ 164.655902699999984, -20.902063499999979 ], [ 164.657731500252737, -20.898933772478777 ], [ 164.656521699999985, -20.8958656 ], [ 164.6531913, -20.8948568 ], [ 164.6539469, -20.896715 ], [ 164.655418291991793, -20.895891101531635 ], [ 164.6528018, -20.897716400000025 ], [ 164.652888988382358, -20.899723092973399 ], [ 164.648160519216191, -20.903846154418112 ], [ 164.646082, -20.90207359999998 ], [ 164.642101699999984, -20.904977 ], [ 164.6437679, -20.9087187 ], [ 164.649123299999985, -20.9078624 ], [ 164.639969470212293, -20.91689187600004 ], [ 164.645724183185081, -20.924399301970752 ], [ 164.638504957543006, -20.93045669650887 ], [ 164.638445782139371, -20.934368340843335 ], [ 164.6406316, -20.9355405 ], [ 164.64306209999998, -20.933389700000021 ], [ 164.6407686, -20.9357749 ], [ 164.629607906100318, -20.936666587948512 ], [ 164.633314399999989, -20.935062800000011 ], [ 164.625087043789364, -20.934684369678141 ], [ 164.620958237247294, -20.930902089902368 ], [ 164.627490699999981, -20.9347704 ], [ 164.6353809, -20.9323308 ], [ 164.6314572, -20.926309899999989 ], [ 164.630685384907338, -20.927793790474428 ], [ 164.628167998517938, -20.925157484573333 ], [ 164.631687002219536, -20.919321439845216 ], [ 164.633948899999979, -20.918473799999976 ], [ 164.631950178198139, -20.910390484975537 ], [ 164.628604539188672, -20.910731303255705 ], [ 164.628702116941838, -20.909377950911569 ], [ 164.626759532582696, -20.910111299576858 ], [ 164.6252159, -20.9083833 ], [ 164.62442927748728, -20.911444373118584 ], [ 164.6211893, -20.91099 ], [ 164.6232013, -20.9141157 ], [ 164.620694444796555, -20.916925577266927 ], [ 164.613741642488606, -20.909188058043448 ], [ 164.611461599999984, -20.908199499999981 ], [ 164.611224601564999, -20.910124198141887 ], [ 164.6093041, -20.909618899999966 ], [ 164.607415278387435, -20.913071868034766 ], [ 164.609321599999987, -20.916223299999977 ], [ 164.6108147, -20.9147073 ], [ 164.609816699999982, -20.9244852 ], [ 164.607323200000025, -20.9263897 ], [ 164.6068641, -20.9304609 ], [ 164.604456299999981, -20.92162690000001 ], [ 164.601654297748382, -20.921621177010525 ], [ 164.6036083, -20.922563299999961 ], [ 164.6007761, -20.921940800000044 ], [ 164.59927515040053, -20.925960260230696 ], [ 164.599811885724392, -20.923680366214583 ], [ 164.598212495246941, -20.923381166752616 ], [ 164.597834167070801, -20.92376235991722 ], [ 164.5996092, -20.923854100000018 ], [ 164.598587799026973, -20.925323399440785 ], [ 164.59767574137976, -20.923921984487144 ], [ 164.59738286493706, -20.924217075951518 ], [ 164.594912701230101, -20.924550601230102 ], [ 164.5940496, -20.920736 ], [ 164.592561475753087, -20.921196582738379 ], [ 164.59304105769661, -20.9232733 ], [ 164.591006846916031, -20.921360456213044 ], [ 164.590439250744197, -20.923096966052455 ], [ 164.5906861, -20.920173 ], [ 164.589209455778729, -20.921493387480616 ], [ 164.585801471946326, -20.920750551296663 ], [ 164.585295100000025, -20.9156304 ], [ 164.579919002072074, -20.913086378337972 ], [ 164.58018070611044, -20.907533496482024 ], [ 164.578173379273579, -20.911179824297196 ], [ 164.5779416, -20.9189258 ], [ 164.5754665, -20.918989 ], [ 164.5772585, -20.9119118 ], [ 164.5752967, -20.9076247 ], [ 164.5758563, -20.9033388 ], [ 164.573631388789607, -20.901264662482628 ], [ 164.572287021966673, -20.895292072160156 ], [ 164.569449026799418, -20.893340033902891 ], [ 164.569266038453264, -20.889604367830994 ], [ 164.565371894180515, -20.890135072235186 ], [ 164.565231822453001, -20.886909559987046 ], [ 164.564802472371753, -20.890598195815052 ], [ 164.562888585303028, -20.888976097090584 ], [ 164.563382698587532, -20.891335601045625 ], [ 164.55276442100444, -20.897045682480275 ], [ 164.5528151, -20.893308899999987 ], [ 164.5513369, -20.8955884 ], [ 164.548105601662201, -20.894541164596667 ], [ 164.546202213569046, -20.895547318279878 ] ], [ [ 164.599522586450547, -20.921987395275192 ], [ 164.599611665068096, -20.921903492115508 ], [ 164.597643925893493, -20.921319776195961 ], [ 164.596936900000031, -20.9184701 ], [ 164.597818743976632, -20.918770460781808 ], [ 164.596748800000029, -20.918328800000015 ], [ 164.597527958866891, -20.921533530514871 ], [ 164.599522586450547, -20.921987395275192 ] ], [ [ 164.599178998543294, -20.919233759209412 ], [ 164.599345299999982, -20.919290400000015 ], [ 164.599349523798281, -20.91880132764236 ], [ 164.599178998543294, -20.919233759209412 ] ], [ [ 164.599366938581227, -20.916784840817872 ], [ 164.599383621006268, -20.914853103238752 ], [ 164.597466059177975, -20.914036483266923 ], [ 164.599366938581227, -20.916784840817872 ] ], [ [ 164.599832620415498, -20.921695373631515 ], [ 164.600501506982482, -20.921065342061148 ], [ 164.601110144784343, -20.921358807207543 ], [ 164.601113700000013, -20.919008 ], [ 164.59930749280025, -20.920459018723822 ], [ 164.599832620415498, -20.921695373631515 ] ], [ [ 164.668201700799045, -20.898501022026881 ], [ 164.673796614056101, -20.892928388944927 ], [ 164.672853, -20.8917089 ], [ 164.673690854931124, -20.893026299311231 ], [ 164.668319664817034, -20.897398092073001 ], [ 164.668201700799045, -20.898501022026881 ] ], [ [ 164.699725371846228, -21.04225271524356 ], [ 164.705968399999989, -21.0473389 ], [ 164.7042519, -21.043492 ], [ 164.699725371846228, -21.04225271524356 ] ] ], [ [ [ 164.665938088557738, -20.918390368152682 ], [ 164.6681552, -20.918907199999989 ], [ 164.6655025, -20.9241684 ], [ 164.664536405186169, -20.92255361053725 ], [ 164.6668277, -20.919893899999966 ], [ 164.665938088557738, -20.918390368152682 ] ] ], [ [ [ 164.66579004047793, -20.918140148731752 ], [ 164.662535042468562, -20.912638554919447 ], [ 164.661665510471323, -20.917363765807952 ], [ 164.6607924, -20.9162786 ], [ 164.66230950948048, -20.910950097484772 ], [ 164.665848655422451, -20.914251923797497 ], [ 164.66579004047793, -20.918140148731752 ] ] ], [ [ [ 164.657582494981796, -20.90388116255232 ], [ 164.656197529742343, -20.905785149892562 ], [ 164.656869219987499, -20.904588992810901 ], [ 164.654605746943076, -20.904295873968529 ], [ 164.657582494981796, -20.90388116255232 ] ] ], [ [ [ 164.657610656070602, -20.903877238970249 ], [ 164.658522229849325, -20.903750230024194 ], [ 164.660723184718989, -20.906139661624696 ], [ 164.658611730906586, -20.901981865129571 ], [ 164.662921399999988, -20.9041183 ], [ 164.66201719999998, -20.902937 ], [ 164.664210096204584, -20.902283770437943 ], [ 164.6610964, -20.902442300000036 ], [ 164.663010700000029, -20.9016662 ], [ 164.662645799999979, -20.9001264 ], [ 164.666563774051014, -20.900309491490898 ], [ 164.663729099999983, -20.905149199999983 ], [ 164.666287723704812, -20.90777528018841 ], [ 164.664624146038477, -20.908001100025611 ], [ 164.6636825, -20.905735599999989 ], [ 164.664682881868288, -20.908435723425825 ], [ 164.662832399999985, -20.910581 ], [ 164.662439786287479, -20.908654241400914 ], [ 164.660275470263883, -20.909025019696017 ], [ 164.660516204882782, -20.909823731460847 ], [ 164.660509830189653, -20.909206132899687 ], [ 164.661998828647938, -20.911378213751213 ], [ 164.66053712274072, -20.911850277245559 ], [ 164.660516719009024, -20.909873541264187 ], [ 164.658855670319866, -20.911444365483597 ], [ 164.658553, -20.9048015 ], [ 164.657610656070602, -20.903877238970249 ] ], [ [ 164.660915038087779, -20.906347939132992 ], [ 164.662269444514408, -20.907818270257586 ], [ 164.661669447463652, -20.904873641360812 ], [ 164.660915038087779, -20.906347939132992 ] ] ], [ [ [ 164.664454296506079, -20.931290461457255 ], [ 164.6588926210637, -20.932062923193708 ], [ 164.662895501463993, -20.929827200493822 ], [ 164.664454296506079, -20.931290461457255 ] ] ], [ [ [ 164.653560333250681, -20.941541378426994 ], [ 164.658366338427584, -20.942058518875399 ], [ 164.661307662932131, -20.945564955632143 ], [ 164.6586405, -20.942795 ], [ 164.653560333250681, -20.941541378426994 ] ] ], [ [ [ 164.651832099999979, -20.9017916 ], [ 164.6544314, -20.903814200000017 ], [ 164.6512711, -20.9028315 ], [ 164.648028679215827, -20.906500500492001 ], [ 164.651832099999979, -20.9017916 ] ] ], [ [ [ 164.643775799931348, -20.974500419252273 ], [ 164.648218877261229, -20.974368397834947 ], [ 164.6475212, -20.9760446 ], [ 164.643775799931348, -20.974500419252273 ] ] ], [ [ [ 164.626583399999987, -20.9370572 ], [ 164.6240828, -20.937003599999983 ], [ 164.619813193530831, -20.931429027428642 ], [ 164.626583399999987, -20.9370572 ] ] ], [ [ [ 164.571888, -20.916919399999969 ], [ 164.573560341064024, -20.914659715589426 ], [ 164.574039917152277, -20.918817836552765 ], [ 164.571888, -20.916919399999969 ] ] ] ] } },
{ "type": "Feature", "properties": { "province": "Province Nord", "commune": "Canala" }, "geometry": { "type": "MultiPolygon", "coordinates": [ [ [ [ 165.979983352139385, -21.523440662506498 ], [ 165.982029838026932, -21.521311201332239 ], [ 165.977283021827361, -21.520292780898352 ], [ 165.976133243888654, -21.513440411028764 ], [ 165.9800774, -21.511014499999984 ], [ 165.9888709, -21.510580899999979 ], [ 165.989504208062925, -21.503145941746503 ], [ 165.99507541148219, -21.499463805475191 ], [ 165.9945907, -21.497377700000012 ], [ 165.989254928682556, -21.493882828000903 ], [ 165.991743182229271, -21.48368230174345 ], [ 165.9909151, -21.48184890000001 ], [ 165.981437199999988, -21.47920390000003 ], [ 165.979256699999979, -21.475605 ], [ 165.974852102797797, -21.473819684913817 ], [ 165.98055891647644, -21.469589028217179 ], [ 165.981870224334756, -21.472295746387228 ], [ 165.986889229314869, -21.470580406145952 ], [ 165.987992639536515, -21.466997998358693 ], [ 165.978446199611568, -21.462077660228484 ], [ 165.974695791311291, -21.462052290207879 ], [ 165.9728825, -21.4654572 ], [ 165.96948143050102, -21.464456573977834 ], [ 165.972930199999979, -21.456468 ], [ 165.9625862, -21.455625400000034 ], [ 165.967055618586897, -21.449483762246526 ], [ 165.967573, -21.4405362 ], [ 165.962133909409687, -21.43312891667539 ], [ 165.96285543620894, -21.428673441462724 ], [ 165.96066159999998, -21.427038399999986 ], [ 165.957314799745831, -21.427452193099107 ], [ 165.953212934943025, -21.413917729293544 ], [ 165.9541338, -21.4087207 ], [ 165.958885354595765, -21.404686513290233 ], [ 165.975511772549822, -21.411576746157088 ], [ 165.9762747, -21.4161674 ], [ 165.984670796291539, -21.427180614696862 ], [ 165.992627299999981, -21.4274478 ], [ 165.9900322, -21.4318449 ], [ 165.991019965886352, -21.435211035731992 ], [ 165.994650863000231, -21.436147246177395 ], [ 165.9983599, -21.441594099999989 ], [ 166.00687259999998, -21.440661800000015 ], [ 166.006649399999986, -21.44724229999996 ], [ 166.011561739529554, -21.453234933269854 ], [ 166.016649939773117, -21.45410374842935 ], [ 166.021316570977973, -21.450511491791755 ], [ 166.019656783646298, -21.4577571222611 ], [ 166.022770799999989, -21.4598298 ], [ 166.028484182572669, -21.456705500739748 ], [ 166.031009126406389, -21.460878002630555 ], [ 166.035800475802517, -21.458663647785045 ], [ 166.0338501, -21.4650483 ], [ 166.03752609999998, -21.467079799999976 ], [ 166.0461999, -21.4613084 ], [ 166.050917310203545, -21.465934822110803 ], [ 166.0584356, -21.465408100000012 ], [ 166.053492614400199, -21.473854061129153 ], [ 166.051171778244765, -21.473379473213399 ], [ 166.047152035798973, -21.476698969191162 ], [ 166.0435353, -21.4768528 ], [ 166.0402868, -21.4800157 ], [ 166.039495599999981, -21.4840135 ], [ 166.043500968643229, -21.488561047270828 ], [ 166.051303970778548, -21.485689412540044 ], [ 166.056141599999989, -21.487363500000029 ], [ 166.058286286581392, -21.486245621760137 ], [ 166.05904959999998, -21.491918700000017 ], [ 166.061206187850615, -21.493710597704457 ], [ 166.068680673071924, -21.492128186160254 ], [ 166.063754656607671, -21.498517185220773 ], [ 166.065594899999979, -21.5021469 ], [ 166.0621564, -21.5064136 ], [ 166.063456437576889, -21.509554436723523 ], [ 166.06741951081824, -21.511207744478149 ], [ 166.066534956057126, -21.513892731523804 ], [ 166.070216697279477, -21.515236335584227 ], [ 166.072077981028798, -21.519600422354067 ], [ 166.0684536, -21.521355599999971 ], [ 166.070387, -21.5255064 ], [ 166.067567784908817, -21.527351101154309 ], [ 166.057036269038946, -21.527204271860011 ], [ 166.054152630197052, -21.528332829889127 ], [ 166.052450377182481, -21.530558082967342 ], [ 166.052624499999979, -21.534306 ], [ 166.050750303410581, -21.534234204021619 ], [ 166.0517877, -21.5323525 ], [ 166.050213225431435, -21.530394630404601 ], [ 166.051168771771756, -21.533146162152722 ], [ 166.041565099999985, -21.539699 ], [ 166.042573379461686, -21.542340727244461 ], [ 166.038607061614158, -21.545459875508023 ], [ 166.042403131722409, -21.543175029260787 ], [ 166.043748599999986, -21.5389542 ], [ 166.044454547379331, -21.539721086034465 ], [ 166.0463364, -21.536615900000012 ], [ 166.052247764420883, -21.535088305443793 ], [ 166.051380892154071, -21.537558695638019 ], [ 166.047597302992784, -21.538807324376776 ], [ 166.05223669999998, -21.53761440000002 ], [ 166.055573202859335, -21.528470022493305 ], [ 166.060466099999985, -21.529441699999971 ], [ 166.057074875705581, -21.53058532009906 ], [ 166.063449852618106, -21.531258216360023 ], [ 166.067082140003464, -21.528432530663782 ], [ 166.070172673694998, -21.533181440990919 ], [ 166.076845139109395, -21.529930546592126 ], [ 166.084099346528689, -21.529873025226632 ], [ 166.084456968323451, -21.531167385516365 ], [ 166.0856536348725, -21.530749032172064 ], [ 166.084919141001535, -21.528096951005256 ], [ 166.089597796910937, -21.523374618149788 ], [ 166.088598548571241, -21.513787256442296 ], [ 166.095805181531318, -21.512630120513801 ], [ 166.100327326399622, -21.51580631409589 ], [ 166.105828372752967, -21.516806008645023 ], [ 166.1144086, -21.514062 ], [ 166.120065392425602, -21.515055699882559 ], [ 166.123644, -21.519495299999971 ], [ 166.126999608087601, -21.520704425892792 ], [ 166.131161084972803, -21.530272696613157 ], [ 166.145082699999989, -21.541297300000014 ], [ 166.148420791010579, -21.542090908786559 ], [ 166.140505, -21.544163799999982 ], [ 166.13733910000002, -21.548109700000012 ], [ 166.134206127216117, -21.54792016738304 ], [ 166.131504427578619, -21.550433875980961 ], [ 166.130057503210054, -21.54925085248118 ], [ 166.112404199999986, -21.552723600000043 ], [ 166.108417588681363, -21.555642789878409 ], [ 166.1073825, -21.559253300000044 ], [ 166.103250109778457, -21.559357353733478 ], [ 166.104971360554345, -21.563392896124697 ], [ 166.100119971031518, -21.569166431435637 ], [ 166.099047723033863, -21.574278076418373 ], [ 166.0936042743418, -21.57453727494914 ], [ 166.087378590449049, -21.578630874950967 ], [ 166.075869899999987, -21.58050350000002 ], [ 166.075236320643825, -21.581943678673483 ], [ 166.066691696326615, -21.580207959849687 ], [ 166.065334154619535, -21.582731451645554 ], [ 166.061062599999985, -21.584395 ], [ 166.0529527, -21.5975618 ], [ 166.05519750000002, -21.624841900000021 ], [ 166.0491429, -21.6294837 ], [ 166.044133, -21.63037640000001 ], [ 166.038796084532208, -21.63462619218167 ], [ 166.037605154847768, -21.637875810431105 ], [ 166.027771368794703, -21.641640359506557 ], [ 166.014926078062985, -21.636684666812858 ], [ 166.011381348256009, -21.632940790769077 ], [ 166.0049694773125, -21.63139105987516 ], [ 165.9990824, -21.627134 ], [ 165.996134725952857, -21.627887454502357 ], [ 165.99242719999998, -21.624676200000014 ], [ 165.987652, -21.6153763 ], [ 165.980432735154722, -21.615309981000976 ], [ 165.974519335136421, -21.612161619510278 ], [ 165.967905522961189, -21.602973653336221 ], [ 165.9636772, -21.603558200000016 ], [ 165.961867, -21.6009986 ], [ 165.958659899999986, -21.6011613 ], [ 165.956817299999983, -21.5972234 ], [ 165.937962299999981, -21.5958851 ], [ 165.9297681, -21.6026932 ], [ 165.927805899999981, -21.608422300000012 ], [ 165.921427607398726, -21.613034078746253 ], [ 165.9189135, -21.6115382 ], [ 165.894191399999983, -21.6115548 ], [ 165.891380948824093, -21.608997204634381 ], [ 165.88472551432443, -21.607543972002265 ], [ 165.874114, -21.6121863 ], [ 165.868470799999983, -21.603208 ], [ 165.8656373, -21.601626099999987 ], [ 165.857216419194657, -21.603385076717178 ], [ 165.855232998703201, -21.6059125995743 ], [ 165.847565983944065, -21.604365278763879 ], [ 165.8417173, -21.605859599999977 ], [ 165.839655011665798, -21.600978921395196 ], [ 165.8425148, -21.5971415 ], [ 165.843243012405168, -21.588073086056575 ], [ 165.833386569469241, -21.575560551637945 ], [ 165.855699308478222, -21.563705159683998 ], [ 165.856614959632196, -21.559988336378787 ], [ 165.854102784599405, -21.555168558136728 ], [ 165.851407146991363, -21.554825647352246 ], [ 165.849902380528022, -21.550597298184279 ], [ 165.84965671901233, -21.547631413558072 ], [ 165.854714297538095, -21.538352981490302 ], [ 165.849493908777106, -21.524464799039595 ], [ 165.846759045175673, -21.523729670248056 ], [ 165.846688821255384, -21.520235085491073 ], [ 165.842663984265641, -21.516327682071914 ], [ 165.859703840647569, -21.499327160641158 ], [ 165.858990221922539, -21.497693505564826 ], [ 165.862010731105187, -21.493991414601908 ], [ 165.866573390410764, -21.492037529164627 ], [ 165.868493672795296, -21.489166459889105 ], [ 165.872450516463772, -21.488906645700244 ], [ 165.869937365008496, -21.481588900136394 ], [ 165.863663608271708, -21.478984042112447 ], [ 165.862564966376937, -21.475567305721917 ], [ 165.869817999456103, -21.461312926873926 ], [ 165.873999124647469, -21.458192874815342 ], [ 165.884103053346138, -21.457817013609969 ], [ 165.888490036391914, -21.459424730613563 ], [ 165.898351534281517, -21.457202762430889 ], [ 165.8995366044376, -21.455606153239675 ], [ 165.898152852221529, -21.451058615538546 ], [ 165.893444797884257, -21.445888527717756 ], [ 165.897419356702358, -21.439881121863138 ], [ 165.894771074004581, -21.436135257134382 ], [ 165.896855274151278, -21.428177945725711 ], [ 165.894167853359193, -21.426066614387288 ], [ 165.898626934771045, -21.415911913154783 ], [ 165.900693173640803, -21.405138453025859 ], [ 165.897394406342443, -21.394890933540715 ], [ 165.894996435707043, -21.393431036887002 ], [ 165.895928925257067, -21.388263613613759 ], [ 165.888367669856706, -21.373128297981324 ], [ 165.887597552400337, -21.368054608738706 ], [ 165.881838718298866, -21.358228255642594 ], [ 165.87193181246127, -21.355073285599971 ], [ 165.8816498, -21.354596400000013 ], [ 165.884527983426864, -21.356354331117743 ], [ 165.886735463587144, -21.362051471933768 ], [ 165.891686418832592, -21.365963348735683 ], [ 165.89609249999998, -21.3729026 ], [ 165.897497467489274, -21.379455977255127 ], [ 165.914285399999983, -21.40045580000001 ], [ 165.9156707, -21.404487299999982 ], [ 165.912988309159971, -21.411478423181808 ], [ 165.924943481820833, -21.416242910483692 ], [ 165.948561504836732, -21.443549429020543 ], [ 165.947855306112331, -21.44608292506128 ], [ 165.950323050652031, -21.450297315988422 ], [ 165.9474821, -21.4513114 ], [ 165.9468197, -21.4573229 ], [ 165.948688385737228, -21.465950864154564 ], [ 165.941347890155924, -21.46289728805128 ], [ 165.934304818197234, -21.4570027640472 ], [ 165.924166, -21.460182599999989 ], [ 165.92189806198229, -21.458314272243637 ], [ 165.922704982354873, -21.460056305252234 ], [ 165.919227352382478, -21.463715914078861 ], [ 165.920342299999987, -21.46657889999998 ], [ 165.925424861659735, -21.467327871572127 ], [ 165.925527599999981, -21.469680899999958 ], [ 165.932941023759071, -21.465440448712691 ], [ 165.934427699999986, -21.4672683 ], [ 165.933593087825102, -21.470508220354773 ], [ 165.938421000721718, -21.474403330406286 ], [ 165.9554669, -21.4820565 ], [ 165.961763099999985, -21.488346199999981 ], [ 165.967131172003775, -21.488905519146801 ], [ 165.969596155066682, -21.492478618073001 ], [ 165.9748726, -21.494667400000015 ], [ 165.971500106879319, -21.501159953655446 ], [ 165.968122641285618, -21.500929912766271 ], [ 165.958715662867007, -21.494918680113368 ], [ 165.952371150382334, -21.496616833436548 ], [ 165.9555451, -21.4996283 ], [ 165.9556404, -21.502244 ], [ 165.9583365, -21.503372600000027 ], [ 165.9578837, -21.507400499999981 ], [ 165.95556879999998, -21.5086104 ], [ 165.959997508512544, -21.507686602611191 ], [ 165.95791029999998, -21.509343700000016 ], [ 165.960247566330793, -21.508310725580959 ], [ 165.961964699999982, -21.510189300000036 ], [ 165.960838266447553, -21.513937072657722 ], [ 165.958875399999982, -21.514530300000029 ], [ 165.960887263685208, -21.514706515605599 ], [ 165.9611457, -21.5164011 ], [ 165.968502100000023, -21.516700800000031 ], [ 165.969521653948732, -21.506349581433277 ], [ 165.968825259402706, -21.514933881604517 ], [ 165.9704413, -21.51611489999998 ], [ 165.9677561, -21.517272300000013 ], [ 165.976431263792449, -21.522468846077253 ], [ 165.972623116390679, -21.5227695618292 ], [ 165.972284552623364, -21.526835036899485 ], [ 165.9764023, -21.526220299999988 ], [ 165.977639993762637, -21.521002309345786 ], [ 165.981541056395315, -21.521483412653463 ], [ 165.9795902, -21.523343499999982 ], [ 165.979983352139385, -21.523440662506498 ] ], [ [ 166.043257664728856, -21.541739970024899 ], [ 166.043169861820985, -21.541815387019774 ], [ 166.0461827, -21.5434053 ], [ 166.043257664728856, -21.541739970024899 ] ], [ [ 166.052828295179921, -21.528851106941978 ], [ 166.0500542, -21.5299367 ], [ 166.050159364247918, -21.530239531820108 ], [ 166.052828295179921, -21.528851106941978 ] ] ], [ [ [ 166.06932710325836, -21.490815586434376 ], [ 166.07583409999998, -21.483347699999978 ], [ 166.0789963, -21.4849239 ], [ 166.079759771416349, -21.489029507018124 ], [ 166.06932710325836, -21.490815586434376 ] ] ] ] } },
{ "type": "Feature", "properties": { "province": "Province Nord", "commune": "Poindimié" }, "geometry": { "type": "MultiPolygon", "coordinates": [ [ [ [ 165.246227611729694, -20.882260937949503 ], [ 165.249698191572833, -20.868760214502569 ], [ 165.249704799999989, -20.870505599999948 ], [ 165.251178800653719, -20.868592830149275 ], [ 165.251451627522727, -20.869718843861833 ], [ 165.2547198, -20.86890260000002 ], [ 165.25377756208789, -20.869898739732029 ], [ 165.261523421408924, -20.868308721458771 ], [ 165.263355211611838, -20.869432226802715 ], [ 165.263043499999981, -20.8635238 ], [ 165.2654459, -20.868861100000014 ], [ 165.2716025, -20.872232300000011 ], [ 165.2736239, -20.87691820000002 ], [ 165.279838200000029, -20.8799677 ], [ 165.2797137, -20.883642599999988 ], [ 165.278084576535662, -20.879905676105512 ], [ 165.273213199999987, -20.880766500000032 ], [ 165.276206299999984, -20.8828198 ], [ 165.278453, -20.8897721 ], [ 165.291162599999979, -20.8912291 ], [ 165.293728499999986, -20.89374 ], [ 165.2945671, -20.89284649999998 ], [ 165.291689700000035, -20.891614200000028 ], [ 165.2935695, -20.891501 ], [ 165.294951752234027, -20.892680365176005 ], [ 165.294767812942382, -20.892984673985058 ], [ 165.298658060070466, -20.894332908561182 ], [ 165.300272399999983, -20.897300399999988 ], [ 165.2997145, -20.904152099999983 ], [ 165.314732705867982, -20.91755620746525 ], [ 165.318403553719776, -20.926668593680539 ], [ 165.3303359, -20.9343912 ], [ 165.333162, -20.9341662 ], [ 165.33602209999998, -20.9380841 ], [ 165.339754199999987, -20.9353669 ], [ 165.349357232718035, -20.935020123341523 ], [ 165.355488799999989, -20.93841979999997 ], [ 165.3572122, -20.9365324 ], [ 165.361026600000031, -20.93790060000002 ], [ 165.3721831, -20.9343877 ], [ 165.376613112253779, -20.935335913179973 ], [ 165.378486287456042, -20.938709908991516 ], [ 165.3770611, -20.9356476 ], [ 165.381034699999987, -20.9369025 ], [ 165.3877161, -20.9358827 ], [ 165.391211199999987, -20.936898399999986 ], [ 165.3897232, -20.9377594 ], [ 165.393020816531617, -20.936780345094864 ], [ 165.3954029, -20.9393414 ], [ 165.399617299999989, -20.9381516 ], [ 165.407417389545856, -20.943698020583248 ], [ 165.408617599999985, -20.94375440000001 ], [ 165.4062826, -20.9421483 ], [ 165.413623056885967, -20.945637240507367 ], [ 165.41619256529782, -20.955108961842566 ], [ 165.409047309058366, -20.963926268591202 ], [ 165.4093445, -20.969166799999954 ], [ 165.406774792656051, -20.975510881436836 ], [ 165.401481580149465, -20.979602333882962 ], [ 165.402903399999985, -20.979476599999977 ], [ 165.402307899999983, -20.985136800000031 ], [ 165.400123687234213, -20.988226404580217 ], [ 165.4051346, -21.0041181 ], [ 165.4068278, -21.00499180000001 ], [ 165.4041626, -21.0098955 ], [ 165.397276996831749, -21.0117693517447 ], [ 165.392451532212561, -21.010662557130189 ], [ 165.381398104919413, -21.011956156072529 ], [ 165.3778371, -21.007713 ], [ 165.374581399999983, -21.0092725 ], [ 165.3698997, -21.008104599999985 ], [ 165.3706664, -21.0111445 ], [ 165.362710162221958, -21.012054480657458 ], [ 165.367511580897229, -21.01516489130713 ], [ 165.366369699999979, -21.0160581 ], [ 165.361552916658439, -21.018477907351794 ], [ 165.351129772491248, -21.01974519270815 ], [ 165.352872455582286, -21.02610259459107 ], [ 165.346952686488748, -21.032965624836446 ], [ 165.336680419754771, -21.032083082270994 ], [ 165.335722639157495, -21.035448208291964 ], [ 165.330561829189634, -21.038678541568142 ], [ 165.32228842051731, -21.036569132753478 ], [ 165.324928580623009, -21.043633814542666 ], [ 165.30969604145784, -21.039947842021373 ], [ 165.307622867177798, -21.042314812759006 ], [ 165.30176562593843, -21.041961794746317 ], [ 165.300155424454999, -21.039884855184468 ], [ 165.302800204096627, -21.039303862799276 ], [ 165.299369365497085, -21.031779659156722 ], [ 165.282166940537422, -21.020839144918728 ], [ 165.27104370386229, -21.021687776127543 ], [ 165.268248657517859, -21.025165931169379 ], [ 165.262724415226728, -21.027786494113457 ], [ 165.257222887694809, -21.02784334583313 ], [ 165.253878135607977, -21.032478000251896 ], [ 165.249252450462933, -21.033228659424104 ], [ 165.242621842944686, -21.040925829678812 ], [ 165.236489551285786, -21.043439343325897 ], [ 165.237356160929465, -21.037609739180315 ], [ 165.233392090761953, -21.033333030778664 ], [ 165.220766065451159, -21.035305090729292 ], [ 165.2180859850356, -21.032640189509372 ], [ 165.216427406558154, -21.034478250458772 ], [ 165.217866215689725, -21.035522480473684 ], [ 165.213093759398362, -21.035022254412162 ], [ 165.205984090083092, -21.037887182038425 ], [ 165.190007718959521, -21.035665420654365 ], [ 165.184407560438785, -21.041014261352817 ], [ 165.179135651007869, -21.038063197145789 ], [ 165.173716905325534, -21.0388344389665 ], [ 165.172241337091094, -21.042745446423282 ], [ 165.162784643038549, -21.049576119168325 ], [ 165.158597121469484, -21.049231811362301 ], [ 165.152573251137142, -21.045162688790519 ], [ 165.148633374787778, -21.045839765894673 ], [ 165.144024957834148, -21.040037510558104 ], [ 165.139972832457232, -21.041953467738342 ], [ 165.136280852723758, -21.041520863404489 ], [ 165.129006489685736, -21.045413930600663 ], [ 165.119055064301648, -21.044683247485196 ], [ 165.11450443680215, -21.047777505408753 ], [ 165.096898897895926, -21.033489056580077 ], [ 165.08924848850495, -21.037027794670131 ], [ 165.080463855753749, -21.036360711670667 ], [ 165.07820847674202, -21.033918872095459 ], [ 165.08926821321495, -21.020814402193356 ], [ 165.08846678744402, -21.017930352305182 ], [ 165.091023683505512, -21.011811379548124 ], [ 165.088728944994557, -21.008220654300377 ], [ 165.089650193360853, -20.999819984156886 ], [ 165.086606370701077, -20.995688776921234 ], [ 165.087140629943804, -20.992019372019428 ], [ 165.078296180591821, -20.988797111474724 ], [ 165.075998842565383, -20.984275614448435 ], [ 165.069784939126436, -20.981005647831623 ], [ 165.061585688151865, -20.983356726263938 ], [ 165.059704844250689, -20.98185245077342 ], [ 165.041792520252272, -20.982638328932207 ], [ 165.036570591921645, -20.980526389058113 ], [ 165.029885812176445, -20.98395625273826 ], [ 165.022583212722992, -20.984828398729448 ], [ 165.019842264230732, -20.987714879360599 ], [ 165.016284478025653, -20.986491971383582 ], [ 165.008385781004819, -20.988474680528633 ], [ 165.006308820632768, -20.983422112289862 ], [ 165.007520658262649, -20.977149423665562 ], [ 165.005767452229691, -20.9737989031096 ], [ 165.005870159093092, -20.962537470344312 ], [ 165.000382997229281, -20.963276602064152 ], [ 164.977883786049262, -20.955425984171622 ], [ 164.971106090336121, -20.937728533682645 ], [ 164.971929548825386, -20.933810908206034 ], [ 164.969130313909716, -20.929009508624588 ], [ 164.969596756748928, -20.923807843105809 ], [ 164.97455229319587, -20.916263763035012 ], [ 164.973643054905807, -20.911567394720379 ], [ 164.9750260605596, -20.907209372306973 ], [ 164.977437965597431, -20.904270857039553 ], [ 165.002080517402817, -20.900105878493545 ], [ 164.998598138033543, -20.895313910475725 ], [ 165.001542656932259, -20.889727217269929 ], [ 165.000644547606612, -20.883249887958996 ], [ 165.004296974571218, -20.874408085388954 ], [ 164.998722854289298, -20.87052248457546 ], [ 165.000696285268589, -20.865273578043574 ], [ 164.993061206958089, -20.848336417594581 ], [ 164.995632152780161, -20.84488480138096 ], [ 164.993602049504716, -20.838157708609611 ], [ 165.006457644152761, -20.831932414214847 ], [ 165.020632951418861, -20.829498462452843 ], [ 165.025390698259116, -20.831332786373377 ], [ 165.035508935821383, -20.828859811603504 ], [ 165.045652528773729, -20.817819990419963 ], [ 165.053176506691017, -20.819255579831555 ], [ 165.057481847551486, -20.824238506306113 ], [ 165.06604561826623, -20.828310408192934 ], [ 165.076270366256267, -20.827651214617394 ], [ 165.093500529470845, -20.835726206314419 ], [ 165.112116737570545, -20.835161819768292 ], [ 165.113073875464863, -20.840814316829011 ], [ 165.116231290156037, -20.843952778935272 ], [ 165.115702132403158, -20.851620446934533 ], [ 165.118958694792525, -20.855339414871477 ], [ 165.117712744771637, -20.862441777140596 ], [ 165.115063647676294, -20.865981437226562 ], [ 165.123396644929358, -20.877549639698376 ], [ 165.138659528454468, -20.880626534807831 ], [ 165.151596627641482, -20.879432617414729 ], [ 165.154495823813562, -20.880761563427292 ], [ 165.157655110927976, -20.889407058603997 ], [ 165.1632610347948, -20.885541010679358 ], [ 165.172684261844324, -20.886181401479636 ], [ 165.168595549835118, -20.893659244222821 ], [ 165.163421947159549, -20.897414343055793 ], [ 165.15959472222616, -20.898011290959264 ], [ 165.159326338018104, -20.901384732581473 ], [ 165.154830254474263, -20.900858773104307 ], [ 165.146807543595969, -20.905371923301782 ], [ 165.144388678079849, -20.904547676190621 ], [ 165.143809613839863, -20.906428824489009 ], [ 165.148066755783105, -20.910547592498521 ], [ 165.148193196863105, -20.917239455382639 ], [ 165.152825585947426, -20.917582694205223 ], [ 165.157662096904261, -20.913066431102038 ], [ 165.159195681336399, -20.913686671280143 ], [ 165.163077570959217, -20.911073121103374 ], [ 165.164663096130909, -20.912501324212688 ], [ 165.175785156885183, -20.903571860813823 ], [ 165.192418615025844, -20.896292261076525 ], [ 165.20226331671725, -20.902199943477275 ], [ 165.211287349140093, -20.913523389159334 ], [ 165.215886471459072, -20.915635814547123 ], [ 165.224675153399602, -20.903491583506476 ], [ 165.224251921011245, -20.896513144090029 ], [ 165.220982809420491, -20.893621489483447 ], [ 165.221791440422891, -20.891993702334734 ], [ 165.225435935202341, -20.89051104503989 ], [ 165.231024862754964, -20.893651123700632 ], [ 165.241604730532714, -20.889513385544593 ], [ 165.246176516178167, -20.891612646676162 ], [ 165.247602375685005, -20.890285534639567 ], [ 165.246227611729694, -20.882260937949503 ] ], [ [ 165.294766560011624, -20.892986746826285 ], [ 165.2940439, -20.894182300000036 ], [ 165.297037334543603, -20.895957415750402 ], [ 165.29915, -20.8955588 ], [ 165.294766560011624, -20.892986746826285 ] ] ], [ [ [ 165.406159926771522, -21.008836497904845 ], [ 165.4084566482193, -21.007080613217482 ], [ 165.407429344936929, -21.005775344645535 ], [ 165.4091315, -21.00691710000002 ], [ 165.406159926771522, -21.008836497904845 ] ] ], [ [ [ 165.282712437447202, -20.889276660267342 ], [ 165.2833057, -20.886141499999983 ], [ 165.2797229, -20.887422100000016 ], [ 165.279607564730668, -20.884053434124393 ], [ 165.283730666967386, -20.885926615954773 ], [ 165.282712437447202, -20.889276660267342 ] ] ] ] } },
{ "type": "Feature", "properties": { "province": "Province Nord", "commune": "Koné" }, "geometry": { "type": "MultiPolygon", "coordinates": [ [ [ [ 164.713896724476228, -21.052309317460931 ], [ 164.715449057615956, -21.051947341878638 ], [ 164.719277625391186, -21.053110607925039 ], [ 164.720194028885828, -21.048850991441963 ], [ 164.727876832781249, -21.041772069069072 ], [ 164.733732947551943, -21.040420002001209 ], [ 164.734299264841468, -21.031063724081889 ], [ 164.748775976700358, -21.018033482142535 ], [ 164.749189536579451, -21.011442857925125 ], [ 164.751725272328343, -21.009080032499917 ], [ 164.766276733499723, -21.007305511513042 ], [ 164.771835275041838, -21.002350571006254 ], [ 164.779320464558708, -21.001343468176064 ], [ 164.784724732125852, -21.00323158597234 ], [ 164.787431499408456, -20.99754365727436 ], [ 164.794598400020618, -20.993442895672004 ], [ 164.800412839002803, -20.987542102232418 ], [ 164.8090577796508, -20.987036982386108 ], [ 164.813348190762696, -20.98950187386718 ], [ 164.815687836209008, -20.988244688595245 ], [ 164.821135777596254, -20.995339593998171 ], [ 164.825729537053689, -20.997206051602653 ], [ 164.830016724922331, -20.995112164165853 ], [ 164.835927225168888, -21.0000526876298 ], [ 164.836652676900627, -20.99327283775898 ], [ 164.839762165863164, -20.990088868638257 ], [ 164.841416000802525, -20.98307702526548 ], [ 164.860811699178981, -20.97053483159236 ], [ 164.87091353790484, -20.974174768894404 ], [ 164.873714141893913, -20.978203739515671 ], [ 164.879335547558753, -20.98064930478689 ], [ 164.880577940185731, -20.977079282546658 ], [ 164.88739737866436, -20.974569280499132 ], [ 164.875032339646879, -20.972320497964432 ], [ 164.871927343207915, -20.965482902769992 ], [ 164.885845567566832, -20.957225846234618 ], [ 164.88747622338164, -20.954328655921699 ], [ 164.898548515288411, -20.9467553155059 ], [ 164.902210858106912, -20.941330716720394 ], [ 164.910663500373317, -20.938971263841307 ], [ 164.917836860769228, -20.958829488773571 ], [ 164.92566782353444, -20.971103449239191 ], [ 164.934554547616699, -20.968748797947853 ], [ 164.936361137959352, -20.963528791522624 ], [ 164.935019167291358, -20.958978309276471 ], [ 164.936713019044703, -20.957008438098537 ], [ 164.942435769994063, -20.959082570679453 ], [ 164.954382440102393, -20.959634410521954 ], [ 164.962982917766738, -20.95618643303947 ], [ 164.970738549270749, -20.95864728620662 ], [ 164.97403586246736, -20.955985794742851 ], [ 164.979751241517533, -20.955678776779703 ], [ 165.000382997229281, -20.963276602064152 ], [ 165.005870159093092, -20.962537470344312 ], [ 165.005767452229691, -20.9737989031096 ], [ 165.007520658262649, -20.977149423665562 ], [ 165.006308820632768, -20.983422112289862 ], [ 165.008385781004819, -20.988474680528633 ], [ 165.016284478025653, -20.986491971383582 ], [ 165.019842264230732, -20.987714879360599 ], [ 165.022583212722992, -20.984828398729448 ], [ 165.029885812176445, -20.98395625273826 ], [ 165.036570591921645, -20.980526389058113 ], [ 165.041792520252272, -20.982638328932207 ], [ 165.059704844250689, -20.98185245077342 ], [ 165.061585688151865, -20.983356726263938 ], [ 165.069784939126436, -20.981005647831623 ], [ 165.075998842565383, -20.984275614448435 ], [ 165.078296180591821, -20.988797111474724 ], [ 165.087140629943804, -20.992019372019428 ], [ 165.086606370701077, -20.995688776921234 ], [ 165.089650193360853, -20.999819984156886 ], [ 165.088625038075833, -21.007491726780703 ], [ 165.091023683505512, -21.011811379548124 ], [ 165.08846678744402, -21.017930352305182 ], [ 165.08926821321495, -21.020814402193356 ], [ 165.080037079252037, -21.032938482966543 ], [ 165.077058818810514, -21.033767813313503 ], [ 165.072615130663451, -21.025569044432466 ], [ 165.063974476353906, -21.02446762975411 ], [ 165.056914797608982, -21.027474894982529 ], [ 165.049090318614702, -21.027647690502825 ], [ 165.048057947079741, -21.030348939074287 ], [ 165.036530113891814, -21.031345417510263 ], [ 165.039039661236274, -21.038927657532209 ], [ 165.037891374958605, -21.04143052459878 ], [ 165.025485080923175, -21.040953681196427 ], [ 165.025230359867692, -21.034479564644659 ], [ 165.012876015633879, -21.034439264070784 ], [ 165.014875244844262, -21.038818504031287 ], [ 165.01380238421487, -21.047105170116257 ], [ 165.009239334477513, -21.049930687994102 ], [ 165.01091173385376, -21.050841908832449 ], [ 165.009180641192955, -21.051716031816778 ], [ 164.99376823234897, -21.04790389207982 ], [ 164.9911023002295, -21.051691482033299 ], [ 164.978446275170711, -21.047651840783328 ], [ 164.976099398461656, -21.051795851717394 ], [ 164.984016558523535, -21.057385704194349 ], [ 164.988661328535073, -21.066654883160641 ], [ 164.988264349244787, -21.06836418715357 ], [ 164.983516429118907, -21.069142144690378 ], [ 164.983190760626144, -21.074761054805595 ], [ 164.979892699463562, -21.077054843175215 ], [ 164.969735286129264, -21.076003427602974 ], [ 164.968521545255925, -21.07257524320239 ], [ 164.963464838888513, -21.076455357364118 ], [ 164.953974641660039, -21.076144819925442 ], [ 164.952224209871986, -21.077942052241582 ], [ 164.948764258977462, -21.075941198263997 ], [ 164.946391761513553, -21.078148045282543 ], [ 164.939366531551315, -21.078331611365201 ], [ 164.936016427110445, -21.074503894562113 ], [ 164.932900231631834, -21.098726277792704 ], [ 164.906471655486087, -21.106518593439038 ], [ 164.891003096302228, -21.107535210981929 ], [ 164.877106232571691, -21.111074172207335 ], [ 164.8759793041622, -21.101878603691922 ], [ 164.865722767477678, -21.105432203450384 ], [ 164.860611680687526, -21.104045361003923 ], [ 164.8562193, -21.100546399999988 ], [ 164.856102502678766, -21.10316807616584 ], [ 164.852734423002204, -21.105554547793812 ], [ 164.8498744, -21.10431640000002 ], [ 164.8467029, -21.106160400000029 ], [ 164.842610204304975, -21.105599578716664 ], [ 164.8429735, -21.108199599999978 ], [ 164.841250699999989, -21.1095476 ], [ 164.837549802484489, -21.107813682522185 ], [ 164.836935899999986, -21.115429299999985 ], [ 164.831724339790497, -21.114713607041136 ], [ 164.832296402590032, -21.106845560107001 ], [ 164.8290604, -21.1047759 ], [ 164.828405799999985, -21.1017125 ], [ 164.8187141, -21.09872090000005 ], [ 164.8145524, -21.100587300000015 ], [ 164.813047300000022, -21.0979496 ], [ 164.8114171, -21.1003254 ], [ 164.81443745983745, -21.100459705028378 ], [ 164.807559913591916, -21.102728582040598 ], [ 164.8034318, -21.1081737 ], [ 164.80190160371987, -21.10686016896727 ], [ 164.802405099999987, -21.0984047 ], [ 164.8013047, -21.0964476 ], [ 164.799420628021068, -21.096678679696932 ], [ 164.800899002617655, -21.092902601570582 ], [ 164.8061722, -21.091851499999972 ], [ 164.8068858, -21.094582400000018 ], [ 164.8135351, -21.0941261 ], [ 164.8137676, -21.0960901 ], [ 164.822582505107761, -21.098962704013434 ], [ 164.8249293, -21.093401899999979 ], [ 164.829396901102712, -21.090981103334933 ], [ 164.828801, -21.086910700000011 ], [ 164.8320771, -21.0865628 ], [ 164.834759, -21.0884873 ], [ 164.83095886546397, -21.09151491144593 ], [ 164.840421941620605, -21.09086511903568 ], [ 164.841395399999982, -21.087062699999986 ], [ 164.8384456, -21.084497199999969 ], [ 164.841857399999981, -21.081214 ], [ 164.846440140032399, -21.082948538453358 ], [ 164.843647517895562, -21.081071980832363 ], [ 164.8440569, -21.0784546 ], [ 164.838062400804375, -21.076188964545882 ], [ 164.839224699999988, -21.0782296 ], [ 164.837119579976871, -21.076860080957726 ], [ 164.8344932, -21.07846 ], [ 164.835772781159193, -21.076118188266108 ], [ 164.8318937, -21.077730699999989 ], [ 164.8393591, -21.072920900000014 ], [ 164.8430263, -21.0738647 ], [ 164.840550718395548, -21.071272200170853 ], [ 164.838445899999982, -21.071574 ], [ 164.838966627445899, -21.070132243539344 ], [ 164.83745186903954, -21.070861553497146 ], [ 164.839510203494029, -21.068540280317229 ], [ 164.836167029065024, -21.070652771298885 ], [ 164.839903942091325, -21.067377418305014 ], [ 164.840158349395182, -21.069286526022655 ], [ 164.8406914, -21.067102899999973 ], [ 164.832584299999979, -21.069385399999959 ], [ 164.833218906835697, -21.067542068099428 ], [ 164.8302137, -21.0677992 ], [ 164.829866001712531, -21.065601434956545 ], [ 164.8325357, -21.0614516 ], [ 164.837146599999983, -21.0635599 ], [ 164.836294074030263, -21.065231853009774 ], [ 164.834871699999979, -21.0641983 ], [ 164.834382799999986, -21.067154 ], [ 164.83529428549727, -21.065427843316883 ], [ 164.838572097788727, -21.066007723266818 ], [ 164.8400456, -21.0618629 ], [ 164.838466993915404, -21.061417736357981 ], [ 164.8400144, -21.060451800000028 ], [ 164.837851772997084, -21.060949869123224 ], [ 164.835786099999979, -21.05831849999996 ], [ 164.838014512755024, -21.059010135921014 ], [ 164.8346884, -21.055978100000015 ], [ 164.829235899999986, -21.0545959 ], [ 164.823745199072135, -21.057190195002782 ], [ 164.818338418366494, -21.052312563884939 ], [ 164.806340230914856, -21.051077702295419 ], [ 164.803957456679882, -21.047925256233246 ], [ 164.806218092864924, -21.051086679994565 ], [ 164.804194, -21.051527 ], [ 164.8027778, -21.0553811 ], [ 164.793815, -21.0556717 ], [ 164.7938407, -21.0538676 ], [ 164.788286203855421, -21.053701277508228 ], [ 164.788709458720405, -21.056197597715585 ], [ 164.784237099999984, -21.0571247 ], [ 164.7820835, -21.0551262 ], [ 164.7818766, -21.0597121 ], [ 164.7827906, -21.060443 ], [ 164.783397671883677, -21.057998008932813 ], [ 164.782903086486442, -21.060581903550531 ], [ 164.784354099731729, -21.061396397603946 ], [ 164.782847587656391, -21.062701868826117 ], [ 164.777005, -21.061483 ], [ 164.777765296690319, -21.058937299034248 ], [ 164.775401148045717, -21.063437472208967 ], [ 164.77472, -21.0570493 ], [ 164.7709686, -21.055785100000044 ], [ 164.773706099896117, -21.060027599612805 ], [ 164.7721211, -21.0614558 ], [ 164.777405286716629, -21.068142978193631 ], [ 164.777997299999981, -21.076237 ], [ 164.766425919537539, -21.085576073648259 ], [ 164.761341085679533, -21.085177074130886 ], [ 164.75098792330769, -21.075817929772811 ], [ 164.750553717780662, -21.06856661980067 ], [ 164.755209703345997, -21.061474431675403 ], [ 164.7591493, -21.05934569999998 ], [ 164.755025934746641, -21.059565597406515 ], [ 164.753399218908669, -21.056828867328015 ], [ 164.7577109, -21.0538834 ], [ 164.75005350086127, -21.054152100347455 ], [ 164.746626699999979, -21.050878 ], [ 164.747808213870627, -21.050016056469268 ], [ 164.7462669, -21.047574599999979 ], [ 164.744161159465932, -21.051169392156975 ], [ 164.742615497750762, -21.049676984714814 ], [ 164.740888519330213, -21.051453994304985 ], [ 164.7372215, -21.050209299999985 ], [ 164.738072552961853, -21.05324069933436 ], [ 164.7359195, -21.0501191 ], [ 164.728774291387964, -21.054726400103668 ], [ 164.714927070839707, -21.054492074179276 ], [ 164.7147668, -21.0564014 ], [ 164.713896724476228, -21.052309317460931 ] ], [ [ 164.838722517005067, -21.059229872692594 ], [ 164.84252, -21.0604084 ], [ 164.8453405, -21.06008749999997 ], [ 164.845734690408591, -21.058838403424886 ], [ 164.8444824, -21.059843400000023 ], [ 164.84139829999998, -21.059977899999978 ], [ 164.83966610453183, -21.058962180736675 ], [ 164.838722517005067, -21.059229872692594 ] ], [ [ 164.84661320017139, -21.058133361997033 ], [ 164.84776979999998, -21.058902699999958 ], [ 164.847927199999987, -21.057078799999967 ], [ 164.84661320017139, -21.058133361997033 ] ], [ [ 164.839201328457534, -21.070019240282139 ], [ 164.8434317, -21.0732868 ], [ 164.846614195138756, -21.073733386934467 ], [ 164.84536265333071, -21.072899125270176 ], [ 164.844931299999985, -21.072708199999973 ], [ 164.844949915821502, -21.072646771222363 ], [ 164.844993506953074, -21.072653053438795 ], [ 164.844955657932047, -21.072627823305794 ], [ 164.845175148419656, -21.07190354095226 ], [ 164.84472361997004, -21.072473146572655 ], [ 164.84027039999998, -21.069504500000026 ], [ 164.839201328457534, -21.070019240282139 ] ], [ [ 164.846984923797066, -21.073785405687179 ], [ 164.8475415, -21.073863500000012 ], [ 164.847088577859637, -21.073663036476049 ], [ 164.846984923797066, -21.073785405687179 ] ], [ [ 164.847345796465902, -21.068722396951436 ], [ 164.852719399999984, -21.06433340000001 ], [ 164.846948799999979, -21.066825200000011 ], [ 164.847345796465902, -21.068722396951436 ] ], [ [ 164.846781797033373, -21.076656605674632 ], [ 164.846074460485738, -21.078948985391719 ], [ 164.846999399999987, -21.077955 ], [ 164.847734097556923, -21.079495601357923 ], [ 164.845412387992837, -21.081331037543226 ], [ 164.849804259824964, -21.081917839115597 ], [ 164.846781797033373, -21.076656605674632 ] ], [ [ 164.828658, -21.1019647 ], [ 164.832517642642074, -21.102798633422449 ], [ 164.831177667415858, -21.098993431606257 ], [ 164.829209768384715, -21.099644239171649 ], [ 164.831913899999989, -21.101408500000044 ], [ 164.828658, -21.1019647 ] ] ], [ [ [ 164.831253126457995, -21.06946621916164 ], [ 164.835019277799461, -21.073907120010034 ], [ 164.832859099999979, -21.0700347 ], [ 164.834533072225383, -21.069136918053992 ], [ 164.83525399385988, -21.07432786729904 ], [ 164.835047021233294, -21.073956852474428 ], [ 164.830030310681735, -21.078151901777328 ], [ 164.833181599999989, -21.075128100000025 ], [ 164.831253126457995, -21.06946621916164 ] ] ] ] } },
{ "type": "Feature", "properties": { "province": "Province Nord", "commune": "Poya" }, "geometry": { "type": "MultiPolygon", "coordinates": [ [ [ [ 164.987422686729758, -21.297354322929561 ], [ 164.987140819227676, -21.293823636267451 ], [ 164.989339619229099, -21.292259617684731 ], [ 164.990335503852435, -21.293655514261452 ], [ 164.992814970256546, -21.291922411652546 ], [ 164.994401187918214, -21.293109003842076 ], [ 164.994632057385274, -21.291275763388747 ], [ 165.000003753106313, -21.289026545410582 ], [ 165.000737515567863, -21.286433108746326 ], [ 165.003871190487217, -21.284935279508549 ], [ 165.017144295564208, -21.29268437664641 ], [ 165.031065188468745, -21.276730151413481 ], [ 165.034301858664577, -21.276381230251761 ], [ 165.038887898244241, -21.267264178292628 ], [ 165.044162284269845, -21.266562662512477 ], [ 165.047612386408105, -21.262475900448774 ], [ 165.053469964486823, -21.261251631074266 ], [ 165.0544452973337, -21.258070610444662 ], [ 165.051715034607355, -21.252879087501714 ], [ 165.065427208766295, -21.242603432390375 ], [ 165.075327178497986, -21.243675830698642 ], [ 165.077183491714379, -21.24161311934817 ], [ 165.083064828582707, -21.240287168908576 ], [ 165.085927350466619, -21.241349005676565 ], [ 165.091884347890812, -21.238186936231756 ], [ 165.091207691995606, -21.236642700140717 ], [ 165.09557433510642, -21.234790587723857 ], [ 165.103048747400038, -21.226131619817853 ], [ 165.114997804900923, -21.218938413926473 ], [ 165.116701522464155, -21.215150520725533 ], [ 165.12608202999391, -21.212296443993129 ], [ 165.134411679315377, -21.214663739961839 ], [ 165.140871361081935, -21.221789262446634 ], [ 165.142563207102228, -21.221636273675141 ], [ 165.141840235271019, -21.2274290376916 ], [ 165.14705164546092, -21.231712589211369 ], [ 165.150610123713705, -21.227287010596349 ], [ 165.156042692289986, -21.229342193538344 ], [ 165.157586050305525, -21.227004306388711 ], [ 165.170209924802577, -21.226073030117501 ], [ 165.169841504379718, -21.223521833679353 ], [ 165.167679557866165, -21.223494237501505 ], [ 165.169860429728431, -21.219247255714556 ], [ 165.177442749628568, -21.2156854687967 ], [ 165.18396048247908, -21.204497310266873 ], [ 165.189582010163264, -21.204183911593116 ], [ 165.190609401789374, -21.201645822114791 ], [ 165.195969972785406, -21.198766294845484 ], [ 165.205272788738512, -21.205148713499572 ], [ 165.214064048645668, -21.202589272035908 ], [ 165.22589740787123, -21.212673757568822 ], [ 165.232116499025295, -21.213155730476679 ], [ 165.232958853947878, -21.19906222481519 ], [ 165.230661703744516, -21.195380874088563 ], [ 165.235892549844891, -21.190879976371779 ], [ 165.242875378092691, -21.189183698847753 ], [ 165.249241133676378, -21.192132253368907 ], [ 165.248957747893797, -21.186227294899737 ], [ 165.256011013584526, -21.181314346075421 ], [ 165.257414515288474, -21.172075291624264 ], [ 165.262645174603762, -21.176427196793412 ], [ 165.267090941311835, -21.175988511130587 ], [ 165.273388154566788, -21.179182363274588 ], [ 165.278562863948792, -21.178735068855747 ], [ 165.281221554178444, -21.176710952847184 ], [ 165.289189905422319, -21.182489509333173 ], [ 165.29536752495693, -21.18340581845586 ], [ 165.29897738663314, -21.188202032441009 ], [ 165.29921467862701, -21.194586766946212 ], [ 165.302296000980732, -21.198161962747985 ], [ 165.304004969151919, -21.205705153537679 ], [ 165.316290351861824, -21.213006577740117 ], [ 165.32401432686828, -21.223261753090881 ], [ 165.335513014591072, -21.221221429477641 ], [ 165.339158817944394, -21.217601213205885 ], [ 165.342226581103972, -21.217146245923967 ], [ 165.347359939010033, -21.217891590833872 ], [ 165.357733972802265, -21.225242164210677 ], [ 165.353725199083641, -21.23709127287724 ], [ 165.357349552867078, -21.247561581208878 ], [ 165.355705986406065, -21.248506337096821 ], [ 165.355121194283015, -21.253715993537124 ], [ 165.357076974682997, -21.2623843505616 ], [ 165.355299006894711, -21.265584162188944 ], [ 165.34683209143941, -21.265187779713472 ], [ 165.343799197841577, -21.26753267160802 ], [ 165.350624710247814, -21.275392065001718 ], [ 165.356614335096111, -21.27770954188647 ], [ 165.358038850199932, -21.284474673406102 ], [ 165.367605948985783, -21.293097330441711 ], [ 165.36823032118113, -21.296944895321385 ], [ 165.366601844482972, -21.29973654028656 ], [ 165.36981866068092, -21.306926393782046 ], [ 165.366359985635427, -21.314581424984056 ], [ 165.367924779669295, -21.315822207138702 ], [ 165.366995200272328, -21.320301074487695 ], [ 165.370612201839066, -21.320809005058443 ], [ 165.368956267106881, -21.326806955832513 ], [ 165.371146718672463, -21.329376361292955 ], [ 165.370017792239082, -21.331912171902747 ], [ 165.363750226964129, -21.331195095852337 ], [ 165.360292838207528, -21.319381576594864 ], [ 165.348952769769539, -21.316373424944683 ], [ 165.350522956453375, -21.307982334431696 ], [ 165.343576175981923, -21.304707360629447 ], [ 165.331650774798817, -21.311478376987118 ], [ 165.336112378362941, -21.31423879471955 ], [ 165.342757115603149, -21.328303086918641 ], [ 165.352785210374833, -21.336357228524818 ], [ 165.351999325829269, -21.339083967074327 ], [ 165.368387524861987, -21.341192984924923 ], [ 165.367116898853595, -21.342427713103124 ], [ 165.368242756006424, -21.346615665999199 ], [ 165.355211848676134, -21.360284680643076 ], [ 165.351208570676363, -21.36241110093961 ], [ 165.3459186, -21.3607738 ], [ 165.3361927, -21.362594799999982 ], [ 165.3373052, -21.36521879999998 ], [ 165.3360826, -21.3657077 ], [ 165.328912399999979, -21.36276789999998 ], [ 165.323020099999979, -21.3558277 ], [ 165.3166584, -21.354301300000017 ], [ 165.3115128, -21.349154300000016 ], [ 165.307686499999988, -21.351305699999987 ], [ 165.3014815, -21.3453922 ], [ 165.2914006, -21.343418 ], [ 165.2876707, -21.3454867 ], [ 165.285564, -21.350770500000021 ], [ 165.276574300000021, -21.3547392 ], [ 165.276263199999988, -21.357583200000015 ], [ 165.266057099999983, -21.36864850000002 ], [ 165.247260899999986, -21.36954459999998 ], [ 165.236917799999986, -21.3673927 ], [ 165.236236900000023, -21.3646664 ], [ 165.230315499999989, -21.361612600000022 ], [ 165.2227145, -21.361808499999984 ], [ 165.2197602, -21.360088700000027 ], [ 165.2162485, -21.362716100000014 ], [ 165.2104991, -21.361191 ], [ 165.2053501, -21.362537600000014 ], [ 165.200236599999982, -21.3588003 ], [ 165.2019685, -21.3553733 ], [ 165.196504, -21.3532749 ], [ 165.195313199999987, -21.3507171 ], [ 165.176630599999982, -21.35626929999998 ], [ 165.177016, -21.3577476 ], [ 165.1744268, -21.3560378 ], [ 165.167564199999987, -21.355805400000033 ], [ 165.1604092, -21.3604312 ], [ 165.1539847, -21.3594036 ], [ 165.1513774, -21.3612322 ], [ 165.1497048, -21.367623200000011 ], [ 165.146946768726963, -21.368138593185918 ], [ 165.146686327459577, -21.361354377228036 ], [ 165.145201832459918, -21.362578380423223 ], [ 165.1421914, -21.361331299999989 ], [ 165.143831797701267, -21.358274778063549 ], [ 165.137210311481027, -21.360151716539157 ], [ 165.140981385149246, -21.358333845523486 ], [ 165.137886930772567, -21.359199700866853 ], [ 165.139824299999987, -21.356466200000025 ], [ 165.147271827369508, -21.355559003636749 ], [ 165.148946599999988, -21.3521967 ], [ 165.151427231570068, -21.353067539142028 ], [ 165.154170745172024, -21.349321610990231 ], [ 165.1543796, -21.3509736 ], [ 165.157682412326295, -21.351849835476624 ], [ 165.15514530346411, -21.348825503535046 ], [ 165.1572578, -21.3470919 ], [ 165.15522439999998, -21.3456101 ], [ 165.152986683474438, -21.349562288287004 ], [ 165.151780600000023, -21.348760300000027 ], [ 165.152855499999987, -21.346498499999988 ], [ 165.14745931343208, -21.347833857818536 ], [ 165.147594209361984, -21.350626481102257 ], [ 165.144615865017386, -21.352864980300502 ], [ 165.146444799999983, -21.3502874 ], [ 165.14398181628161, -21.347839557598416 ], [ 165.14240711315594, -21.348275790862374 ], [ 165.1413354, -21.350625 ], [ 165.143808698663605, -21.349810330626255 ], [ 165.142787071553727, -21.351421589260827 ], [ 165.144528794067497, -21.35209959863413 ], [ 165.14204420014056, -21.353273795465924 ], [ 165.1400325, -21.350022700000011 ], [ 165.137536399999988, -21.351645199999989 ], [ 165.140777642603439, -21.345245494842995 ], [ 165.138157, -21.347301800000011 ], [ 165.136448200000018, -21.3463383 ], [ 165.136992652765088, -21.345031555524322 ], [ 165.133488437332289, -21.346591370288891 ], [ 165.137853299999989, -21.340514099999961 ], [ 165.135491699999989, -21.339800799999981 ], [ 165.138424029346339, -21.339385619866732 ], [ 165.139073699999983, -21.3375704 ], [ 165.134837765491596, -21.339626501156179 ], [ 165.12782371184511, -21.339723181950298 ], [ 165.13009587799985, -21.338162373480646 ], [ 165.128264012161537, -21.339101962566083 ], [ 165.125904, -21.3361941 ], [ 165.129121196937376, -21.337682239604369 ], [ 165.13623601041246, -21.334881176723968 ], [ 165.134490699999986, -21.335331100000023 ], [ 165.1359914, -21.3313898 ], [ 165.131430599999987, -21.332904199999987 ], [ 165.130534096121295, -21.331623611543034 ], [ 165.1329336, -21.3307504 ], [ 165.12949709999998, -21.328592 ], [ 165.124702800000023, -21.331474599999986 ], [ 165.1241389, -21.3351953 ], [ 165.123612899999983, -21.33378639999998 ], [ 165.1213662659612, -21.334394045183309 ], [ 165.123602716468554, -21.333954225871583 ], [ 165.125127458502902, -21.338077882018634 ], [ 165.121418378823591, -21.3407674617848 ], [ 165.122835772447814, -21.335223882202648 ], [ 165.119427295708817, -21.336870877635725 ], [ 165.113506, -21.3365681 ], [ 165.11093279507719, -21.334348170027617 ], [ 165.1083209, -21.3350551 ], [ 165.1077137, -21.336719800000022 ], [ 165.1112482, -21.3399544 ], [ 165.107922054291464, -21.338827547762452 ], [ 165.115085099999988, -21.34517970000001 ], [ 165.112581877596114, -21.346493588866945 ], [ 165.107461412705561, -21.342543074598847 ], [ 165.102443793361829, -21.342549499380063 ], [ 165.102026385567029, -21.350926303645672 ], [ 165.098447951363624, -21.35194083145106 ], [ 165.098196091083366, -21.353652310608339 ], [ 165.104752679621924, -21.363048107237468 ], [ 165.1018403, -21.365441900000018 ], [ 165.104481095610964, -21.365100301802947 ], [ 165.101279164755965, -21.367704167088537 ], [ 165.102457291175028, -21.367681774287867 ], [ 165.0943366, -21.371450500000019 ], [ 165.092120699999981, -21.374334 ], [ 165.092308352011599, -21.378652252397771 ], [ 165.087658, -21.3804415 ], [ 165.088705972313335, -21.382582274333117 ], [ 165.08543419999998, -21.384987900000013 ], [ 165.083206599999983, -21.3899923 ], [ 165.075854, -21.39160959999997 ], [ 165.0704417, -21.389595 ], [ 165.070536840328941, -21.383921427707016 ], [ 165.071810699999986, -21.3836198 ], [ 165.068543399999982, -21.380363100000011 ], [ 165.0722695, -21.3792719 ], [ 165.066177649777472, -21.378568694665802 ], [ 165.064532541098373, -21.37502302660025 ], [ 165.067255882711379, -21.371326885153213 ], [ 165.061096274928929, -21.372788075229732 ], [ 165.0626456, -21.3735326 ], [ 165.059105499999987, -21.37718760000002 ], [ 165.057389348164435, -21.37630259800288 ], [ 165.061428632009978, -21.368398674838268 ], [ 165.0590105, -21.3670333 ], [ 165.061509123831968, -21.363582432509915 ], [ 165.059084611699376, -21.357781804424377 ], [ 165.061901799999987, -21.3578252 ], [ 165.060109813813739, -21.353863967744243 ], [ 165.056311199999982, -21.355865499999965 ], [ 165.055617985969945, -21.359755955299637 ], [ 165.053648338764106, -21.358790108999038 ], [ 165.053683639479203, -21.354462985097747 ], [ 165.0571009, -21.351532399999964 ], [ 165.055083199999984, -21.34674 ], [ 165.057307047990236, -21.345984305245143 ], [ 165.0568849, -21.3435109 ], [ 165.0552702, -21.3452391 ], [ 165.052906299999989, -21.343026 ], [ 165.053638762708886, -21.345301964338056 ], [ 165.051590255638729, -21.34398275279575 ], [ 165.05193344684568, -21.346237579061885 ], [ 165.0448073, -21.343710099999981 ], [ 165.044215899999983, -21.33813020000003 ], [ 165.044377275872591, -21.344006364142302 ], [ 165.036445880661006, -21.342813682201012 ], [ 165.037558441008542, -21.337703226929477 ], [ 165.03380439999998, -21.339124699999989 ], [ 165.0352503, -21.334772400000016 ], [ 165.032824604511745, -21.334497586598879 ], [ 165.0304803, -21.330565099999976 ], [ 165.026863769240634, -21.330036871603554 ], [ 165.0262534, -21.3332604 ], [ 165.018507, -21.343622299999979 ], [ 165.0149973, -21.3462456 ], [ 165.011236642143587, -21.346495552578741 ], [ 165.0083889, -21.343572199999976 ], [ 165.0077498, -21.3394445 ], [ 165.0202305, -21.3325788 ], [ 165.021319299999988, -21.3271744 ], [ 165.0265909, -21.31890719999997 ], [ 165.02621080084981, -21.316609279449921 ], [ 165.024286923830914, -21.316785206709323 ], [ 165.019793137879134, -21.312679679027823 ], [ 165.016496599999982, -21.3136652 ], [ 165.017360808771826, -21.312305557873891 ], [ 165.014372700000024, -21.313047199999982 ], [ 165.012312852571569, -21.316048189526768 ], [ 165.0110565, -21.3136008 ], [ 165.0122557, -21.312078 ], [ 165.009056953614817, -21.313225159964531 ], [ 165.009065, -21.318521400000012 ], [ 165.0062302, -21.32024149999998 ], [ 165.003780600000027, -21.3300056 ], [ 164.9995056, -21.3357102 ], [ 164.994393699999989, -21.336611900000019 ], [ 164.9949058, -21.33356130000001 ], [ 164.9907509, -21.332111 ], [ 164.987904599999979, -21.3354135 ], [ 164.9880159, -21.332407500000016 ], [ 164.984843811605202, -21.330022484170577 ], [ 164.984433715972301, -21.327045917298172 ], [ 164.985620033186677, -21.32706787576263 ], [ 164.983778529103574, -21.323012582627008 ], [ 164.986134030481423, -21.321054442086659 ], [ 164.9885084, -21.313409899999982 ], [ 164.997992925450944, -21.310352512746324 ], [ 164.9984044, -21.3036837 ], [ 165.000381444399608, -21.301897471914899 ], [ 164.998294, -21.3029839 ], [ 164.997766866920273, -21.308242901622386 ], [ 164.995989018589398, -21.309687673585895 ], [ 164.991739529005088, -21.304912492784204 ], [ 164.992269789049857, -21.307822811195276 ], [ 164.988253899999989, -21.310237500000017 ], [ 164.984304104324025, -21.308410382908416 ], [ 164.984564933086659, -21.305717099328913 ], [ 164.9833654, -21.3091627 ], [ 164.97948504941192, -21.307915773836175 ], [ 164.980031, -21.306461 ], [ 164.978662117103198, -21.307545683757933 ], [ 164.987422686729758, -21.297354322929561 ] ], [ [ 165.130979610993165, -21.337709083196756 ], [ 165.1307669, -21.3391695 ], [ 165.133116112333909, -21.338590707027027 ], [ 165.131940002335313, -21.338290916580824 ], [ 165.133016846240878, -21.33709819468816 ], [ 165.1323932, -21.336984 ], [ 165.130979610993165, -21.337709083196756 ] ], [ [ 165.134019667737135, -21.337281814180059 ], [ 165.135545327017041, -21.337617035971473 ], [ 165.1359875, -21.3359688 ], [ 165.1384314, -21.3370904 ], [ 165.138959150360023, -21.335161934104672 ], [ 165.141909249909418, -21.335562952623427 ], [ 165.139832196872362, -21.333052519586204 ], [ 165.144522240838199, -21.330514840104232 ], [ 165.143238283954076, -21.330517673668179 ], [ 165.139736468338498, -21.332910092491073 ], [ 165.1382443, -21.336860499999975 ], [ 165.136099064259781, -21.335666865954423 ], [ 165.135385, -21.3375318 ], [ 165.134019667737135, -21.337281814180059 ] ], [ [ 165.142947417561288, -21.336817693287156 ], [ 165.14324918126249, -21.337442533125735 ], [ 165.144579, -21.3360394 ], [ 165.145090781357652, -21.337414339791017 ], [ 165.148260203123272, -21.336466640076665 ], [ 165.150986466068332, -21.337760922954104 ], [ 165.1483173, -21.336347 ], [ 165.145332, -21.337335400000011 ], [ 165.1446637, -21.3359146 ], [ 165.143319649321938, -21.337267569787318 ], [ 165.142947417561288, -21.336817693287156 ] ] ], [ [ [ 165.144101854409087, -21.351460280559021 ], [ 165.14400136403259, -21.348280645925204 ], [ 165.145518196548807, -21.350445582553856 ], [ 165.144101854409087, -21.351460280559021 ] ] ], [ [ [ 165.129116569288641, -21.33148334938452 ], [ 165.124534341157386, -21.332703917554127 ], [ 165.1264, -21.330923 ], [ 165.129116569288641, -21.33148334938452 ] ] ], [ [ [ 165.127163663854645, -21.339389704347926 ], [ 165.124905399999989, -21.338899899999987 ], [ 165.125604796913137, -21.337560308466749 ], [ 165.127163663854645, -21.339389704347926 ] ] ], [ [ [ 165.038153824580377, -21.369456308893046 ], [ 165.0524285, -21.377190900000013 ], [ 165.053611, -21.379880600000032 ], [ 165.046641, -21.38964 ], [ 165.0402244, -21.3935498 ], [ 165.0372164, -21.3896043 ], [ 165.037283022906109, -21.385498033100539 ], [ 165.042006581117249, -21.387249946797418 ], [ 165.044822, -21.384922 ], [ 165.044715448109883, -21.38286745766878 ], [ 165.0408812, -21.384899499999971 ], [ 165.037353127016416, -21.381888201002749 ], [ 165.038677799999988, -21.3849556 ], [ 165.036119499999984, -21.3831517 ], [ 165.0314215, -21.3852271 ], [ 165.030125713874213, -21.383742347260384 ], [ 165.030698239977795, -21.380269399704051 ], [ 165.036761499999983, -21.3764094 ], [ 165.038153824580377, -21.369456308893046 ] ] ], [ [ [ 165.026667382826247, -21.362671704379583 ], [ 165.026518399999986, -21.358836500000034 ], [ 165.031431095408095, -21.346313104731362 ], [ 165.030329599999988, -21.355316600000023 ], [ 165.026667382826247, -21.362671704379583 ] ] ], [ [ [ 165.019330707185986, -21.376789280789438 ], [ 165.016971606909721, -21.371504120305733 ], [ 165.0244342, -21.37003960000003 ], [ 165.019330707185986, -21.376789280789438 ] ] ], [ [ [ 164.984500047041962, -21.356816930336734 ], [ 164.990185098693672, -21.352217313788827 ], [ 164.990567, -21.349157300000019 ], [ 164.996136932796929, -21.349127626581939 ], [ 165.010470799999979, -21.3600874 ], [ 165.004460607728817, -21.365563684476694 ], [ 165.004041996484204, -21.370958282183629 ], [ 164.9941336, -21.372803300000037 ], [ 164.992883627214496, -21.368775225056588 ], [ 164.988289827524511, -21.365223770255263 ], [ 164.984500047041962, -21.356816930336734 ] ] ] ] } },
{ "type": "Feature", "properties": { "province": "Province Nord", "commune": "Hienghène" }, "geometry": { "type": "MultiPolygon", "coordinates": [ [ [ [ 164.775924389664169, -20.52391548940432 ], [ 164.7882607, -20.534072 ], [ 164.789818459070659, -20.537285301665406 ], [ 164.794636455244103, -20.538725936554997 ], [ 164.796479290985474, -20.544134555627153 ], [ 164.794658885127973, -20.5456278893746 ], [ 164.797647499999982, -20.544784300000021 ], [ 164.8010103, -20.554938 ], [ 164.8043591, -20.555211499999977 ], [ 164.80722376063548, -20.559730230313495 ], [ 164.807051903190285, -20.557690197778214 ], [ 164.808986867770557, -20.557647207118723 ], [ 164.8184488, -20.5616232 ], [ 164.825245099999989, -20.574701299999983 ], [ 164.823713963672787, -20.575912427652657 ], [ 164.8250334, -20.575466100000018 ], [ 164.8288379, -20.5808009 ], [ 164.8288162, -20.585017 ], [ 164.830231299099097, -20.584455499599141 ], [ 164.832915720685918, -20.587218947767457 ], [ 164.839110800000014, -20.595832199999986 ], [ 164.837622057299484, -20.597857315867078 ], [ 164.839193978442523, -20.596744991086467 ], [ 164.845177000421842, -20.604636512433046 ], [ 164.8475523, -20.611716200000011 ], [ 164.8607461, -20.6247145 ], [ 164.854246183945406, -20.619793274645648 ], [ 164.847992799999986, -20.628057799999983 ], [ 164.832412993996144, -20.633981831209439 ], [ 164.846328632785855, -20.630566507832068 ], [ 164.855821833953001, -20.6240276157178 ], [ 164.861451464184483, -20.625493620995883 ], [ 164.866547929034823, -20.630287813713132 ], [ 164.875069300550336, -20.626396901007208 ], [ 164.887514039716592, -20.633801521739731 ], [ 164.895654376174974, -20.635664990500576 ], [ 164.899151599999982, -20.6403765 ], [ 164.90003440000001, -20.639581299999989 ], [ 164.907732399999986, -20.6448543 ], [ 164.913436499999989, -20.645579899999969 ], [ 164.916304299999979, -20.6499151 ], [ 164.923608087540714, -20.653967813626323 ], [ 164.92729319999998, -20.662109 ], [ 164.933920989503292, -20.66545889282898 ], [ 164.939214579262483, -20.671006238710021 ], [ 164.936072084794688, -20.672766183497238 ], [ 164.934060986713234, -20.676806174537763 ], [ 164.933640386691735, -20.675157968787918 ], [ 164.933045270779985, -20.677879872091054 ], [ 164.9204733, -20.677496 ], [ 164.919931427172088, -20.678980601564454 ], [ 164.914808599999986, -20.674324599999988 ], [ 164.9106147, -20.676455599999983 ], [ 164.909202400000027, -20.675674800000039 ], [ 164.910039399999988, -20.6769821 ], [ 164.907086699999979, -20.673926 ], [ 164.904749, -20.674323699999977 ], [ 164.907071635111805, -20.674502050461491 ], [ 164.90499909391437, -20.67464638109309 ], [ 164.909167243609261, -20.677628935373818 ], [ 164.9156231, -20.67542429999996 ], [ 164.9176626, -20.6803446 ], [ 164.933121410684805, -20.678623744934733 ], [ 164.934903052416217, -20.680909617034022 ], [ 164.944265662886977, -20.682103628718281 ], [ 164.946285884239785, -20.687684682356146 ], [ 164.949960598524598, -20.688572263838811 ], [ 164.9435225, -20.690602200000011 ], [ 164.943919027852786, -20.697957574653771 ], [ 164.932854099999986, -20.698916400000034 ], [ 164.932027153257962, -20.700198649377693 ], [ 164.937079399999988, -20.703650400000011 ], [ 164.9402761, -20.704358700000011 ], [ 164.936550216235332, -20.700711887409788 ], [ 164.942606217705219, -20.700451940110788 ], [ 164.9465051, -20.6982755 ], [ 164.944488244620231, -20.694178256008918 ], [ 164.945332033946613, -20.69143371450512 ], [ 164.9551529, -20.6903231 ], [ 164.9560343, -20.6875037 ], [ 164.954316899999981, -20.6838645 ], [ 164.963215787940754, -20.681764807397499 ], [ 164.964798425507269, -20.682848545892856 ], [ 164.9642983, -20.6803829 ], [ 164.965735997586762, -20.679543811483789 ], [ 164.973943600000013, -20.6803548 ], [ 164.978188490945229, -20.682560826261604 ], [ 164.981443099999979, -20.6903655 ], [ 164.976768095691682, -20.687157851243008 ], [ 164.970154899999983, -20.685782399999972 ], [ 164.970013, -20.6839243 ], [ 164.966722266189777, -20.683970793440373 ], [ 164.979793497887073, -20.691351925303412 ], [ 164.979696499999989, -20.693535 ], [ 164.982832192904596, -20.695991786224127 ], [ 164.982193096708357, -20.697898276909594 ], [ 164.989831448638228, -20.697195129977736 ], [ 164.9935438, -20.7011358 ], [ 164.995216739983221, -20.69908598604162 ], [ 164.993173453921798, -20.696527973081757 ], [ 164.9870113, -20.6957637 ], [ 164.986935099999982, -20.6930289 ], [ 164.985381319775854, -20.69450171435955 ], [ 164.980719, -20.684919400000013 ], [ 165.006562179129673, -20.700681820848633 ], [ 165.017853599289907, -20.709528427315043 ], [ 165.030151266923127, -20.715213317955723 ], [ 165.027639259365628, -20.716722781645309 ], [ 165.0229249, -20.716074299999985 ], [ 165.02265890000001, -20.7219556 ], [ 165.021336985981037, -20.717666966017742 ], [ 165.018162553942574, -20.719359667019862 ], [ 165.022517908226092, -20.726862329459006 ], [ 165.022570705982929, -20.722560037682136 ], [ 165.025511199999983, -20.7224043 ], [ 165.025257434727479, -20.719128393519053 ], [ 165.030101303203452, -20.725878032210002 ], [ 165.035051915202502, -20.728821006961944 ], [ 165.039398236340048, -20.737875196139171 ], [ 165.032520819059897, -20.745312945680173 ], [ 165.025850041803892, -20.746951993023085 ], [ 165.025850893401213, -20.750935217165519 ], [ 165.033623560725772, -20.758950462693836 ], [ 165.043653848578515, -20.764395140840545 ], [ 165.054245188114294, -20.766595674538188 ], [ 165.062150388005904, -20.776634211443767 ], [ 165.061004306241415, -20.779861457907863 ], [ 165.064757367629511, -20.783851761884879 ], [ 165.064487842771911, -20.78614097904952 ], [ 165.057910150248659, -20.791159391011224 ], [ 165.04966250972771, -20.790555042519856 ], [ 165.05217256539467, -20.796124702200949 ], [ 165.048851774641037, -20.805736476291873 ], [ 165.046114749746948, -20.806942634278162 ], [ 165.043261699385312, -20.811975797811993 ], [ 165.045652528773729, -20.817819990419963 ], [ 165.03743908967968, -20.827532215489679 ], [ 165.025390698259116, -20.831332786373377 ], [ 165.020632951418861, -20.829498462452843 ], [ 165.006457644152761, -20.831932414214847 ], [ 164.993384719734905, -20.838581740495236 ], [ 164.995632152780161, -20.84488480138096 ], [ 164.993061206958089, -20.848336417594581 ], [ 165.000696285268589, -20.865273578043574 ], [ 164.998722854289298, -20.87052248457546 ], [ 165.004296974571218, -20.874408085388954 ], [ 165.000644547606612, -20.883249887958996 ], [ 165.001542656932259, -20.889727217269929 ], [ 164.998598138033543, -20.895313910475725 ], [ 165.002080517402817, -20.900105878493545 ], [ 164.978208226058172, -20.903667352282298 ], [ 164.975072456999953, -20.907121230699111 ], [ 164.973643054905807, -20.911567394720379 ], [ 164.97455229319587, -20.916263763035012 ], [ 164.969596756748928, -20.923807843105809 ], [ 164.969010592708031, -20.928003089114039 ], [ 164.977959915462918, -20.955276070665352 ], [ 164.971224516922717, -20.958551355455118 ], [ 164.962982917766738, -20.95618643303947 ], [ 164.954382440102393, -20.959634410521954 ], [ 164.942435769994063, -20.959082570679453 ], [ 164.936713019044703, -20.957008438098537 ], [ 164.935019167291358, -20.958978309276471 ], [ 164.928812056166095, -20.954815428965908 ], [ 164.923120830971413, -20.947385473555155 ], [ 164.919325440749446, -20.928553546133408 ], [ 164.916294109922376, -20.926183196320473 ], [ 164.914132918126171, -20.926712116205461 ], [ 164.91255795090467, -20.923464894070598 ], [ 164.913306987569939, -20.91097936572125 ], [ 164.908785083169789, -20.910605885376658 ], [ 164.904473670046798, -20.913745430282376 ], [ 164.89520511070728, -20.907142294451358 ], [ 164.88746526123569, -20.904659455885223 ], [ 164.87830166406269, -20.895686561165967 ], [ 164.873792651248749, -20.894956388456229 ], [ 164.867093121109548, -20.885196425969998 ], [ 164.866732225907413, -20.870511121087244 ], [ 164.862651044167336, -20.865603446759046 ], [ 164.853100806106767, -20.867071134773607 ], [ 164.850253666434156, -20.865660369411728 ], [ 164.851797922747863, -20.860864663863822 ], [ 164.849849090982644, -20.856608168428721 ], [ 164.851035307716501, -20.843836924828608 ], [ 164.864211160300755, -20.836446402911353 ], [ 164.867558228594731, -20.829232792354976 ], [ 164.867095214188936, -20.825876387709229 ], [ 164.859877869774692, -20.816162876669051 ], [ 164.856563065450359, -20.808177784086542 ], [ 164.858319793582012, -20.805715662652304 ], [ 164.857180427613486, -20.801830137866219 ], [ 164.861506080499794, -20.797807809807313 ], [ 164.860352453211732, -20.794780458954868 ], [ 164.862954709413486, -20.787651845546907 ], [ 164.859864762777818, -20.785476764872193 ], [ 164.860208464009446, -20.782276175402892 ], [ 164.850913442667775, -20.780472402796892 ], [ 164.846316484629767, -20.772900489595035 ], [ 164.832596875123016, -20.771148344334026 ], [ 164.828844930448525, -20.765722980322408 ], [ 164.823482164736589, -20.762682748049517 ], [ 164.823734466691548, -20.757901027433586 ], [ 164.821728613159877, -20.753701836177726 ], [ 164.815723005240528, -20.751140497481369 ], [ 164.808732465746203, -20.755366446227036 ], [ 164.795583540817859, -20.746059500303346 ], [ 164.786406933466282, -20.743931631724518 ], [ 164.77925286542731, -20.739666473757694 ], [ 164.765929601120973, -20.737488188011902 ], [ 164.759605026442813, -20.739438489150221 ], [ 164.755017517127698, -20.73846600311461 ], [ 164.753114790718996, -20.733147667474455 ], [ 164.744718818703177, -20.727333579787988 ], [ 164.741637857638267, -20.728867952499737 ], [ 164.725001254995732, -20.724872076441009 ], [ 164.718912949685432, -20.725727923683241 ], [ 164.715657103263965, -20.719985251335814 ], [ 164.707819139245743, -20.717642282267263 ], [ 164.705494497408949, -20.711527318475365 ], [ 164.699096022373396, -20.7098892324736 ], [ 164.697612124775674, -20.707982352814657 ], [ 164.68297223436096, -20.708644906147068 ], [ 164.678150841528094, -20.705780694830604 ], [ 164.672102412644364, -20.705782788937281 ], [ 164.669226350018675, -20.703814984730013 ], [ 164.658144522541903, -20.704417876203692 ], [ 164.655815103279082, -20.70182883432847 ], [ 164.652967938018293, -20.701950694134169 ], [ 164.648849841594199, -20.699272985558657 ], [ 164.647151465599165, -20.695989548408452 ], [ 164.636280922184085, -20.69286369832372 ], [ 164.633143755821038, -20.690181027299584 ], [ 164.627587104469256, -20.69098685832504 ], [ 164.624976011541008, -20.688440798679377 ], [ 164.623601170559539, -20.668968357201777 ], [ 164.612886018374752, -20.665361249186674 ], [ 164.61142534597596, -20.661504276287136 ], [ 164.612830054267619, -20.658129046786584 ], [ 164.616868275663847, -20.65483887852437 ], [ 164.619620817933935, -20.64888966952109 ], [ 164.625599562785254, -20.645459096712695 ], [ 164.628951831906846, -20.638989120424004 ], [ 164.610591542128674, -20.631166772343654 ], [ 164.606919472516779, -20.625063365888579 ], [ 164.607992933520961, -20.619506588768843 ], [ 164.618052044332757, -20.617176566979918 ], [ 164.636278663610199, -20.621440128469793 ], [ 164.641399869739672, -20.6160708322913 ], [ 164.641686669116751, -20.613240723049245 ], [ 164.645612075028652, -20.615203847296776 ], [ 164.646739460350034, -20.612955459373424 ], [ 164.653287826166348, -20.613495053087806 ], [ 164.659741863799098, -20.607552966339494 ], [ 164.675854212622454, -20.602688563853818 ], [ 164.6754665084039, -20.597942031265557 ], [ 164.669786961401513, -20.598469097927101 ], [ 164.6668850060029, -20.596808132277349 ], [ 164.672631134958948, -20.591661399912834 ], [ 164.67297117422865, -20.588895878471536 ], [ 164.660877290643896, -20.575620795609996 ], [ 164.665919958910308, -20.570968743015491 ], [ 164.668012509109644, -20.560245196695451 ], [ 164.667361708633393, -20.553171731048224 ], [ 164.663113950815415, -20.549136120334985 ], [ 164.660284078499757, -20.543181073080355 ], [ 164.66118138617307, -20.540548837564561 ], [ 164.659347078736431, -20.535112066955818 ], [ 164.660732455628164, -20.529828438205922 ], [ 164.667901122912269, -20.528410576166973 ], [ 164.672819765456239, -20.524423030430736 ], [ 164.675362498536231, -20.517471105976774 ], [ 164.681902548815657, -20.515849571379245 ], [ 164.695807951853538, -20.507030200496214 ], [ 164.702216759486873, -20.511360362775775 ], [ 164.702463450494946, -20.51362237977494 ], [ 164.713964694203071, -20.515077058903348 ], [ 164.72468036897493, -20.519717640626723 ], [ 164.730994107724655, -20.531312996506728 ], [ 164.737792050445705, -20.531402804809137 ], [ 164.740960434791162, -20.536087124216358 ], [ 164.752752887021501, -20.544042555797358 ], [ 164.754215174669838, -20.547221481818468 ], [ 164.757770027765417, -20.544864145311742 ], [ 164.762716781269376, -20.534805236696645 ], [ 164.76930698203526, -20.531381761465006 ], [ 164.772554343068151, -20.525502596752084 ], [ 164.775924389664169, -20.52391548940432 ] ] ], [ [ [ 165.050838829749409, -20.664324953700287 ], [ 165.049662899999987, -20.661783 ], [ 165.054317292106305, -20.663182604672127 ], [ 165.050838829749409, -20.664324953700287 ] ] ], [ [ [ 164.98899372967054, -20.647689863498577 ], [ 164.9861229, -20.6469271 ], [ 164.9843703, -20.642597 ], [ 164.988443, -20.64486190000002 ], [ 164.98899372967054, -20.647689863498577 ] ] ], [ [ [ 164.961627516169813, -20.678801824904351 ], [ 164.962770775349071, -20.679761477878998 ], [ 164.960135746733101, -20.68091610534233 ], [ 164.961627516169813, -20.678801824904351 ] ] ], [ [ [ 164.944486951930884, -20.6718735245381 ], [ 164.947029275063187, -20.674823204779127 ], [ 164.940237943311217, -20.674142158902164 ], [ 164.944486951930884, -20.6718735245381 ] ] ], [ [ [ 164.9409906, -20.621979 ], [ 164.939477462935116, -20.625502324721978 ], [ 164.935358399999984, -20.626455900000018 ], [ 164.934803099999982, -20.624101300000017 ], [ 164.9409906, -20.621979 ] ] ], [ [ [ 164.916497109722656, -20.625638498290023 ], [ 164.9189362, -20.624929199999968 ], [ 164.918690095561288, -20.62618929992556 ], [ 164.916497109722656, -20.625638498290023 ] ] ] ] } },
{ "type": "Feature", "properties": { "province": "Province Nord", "commune": "Bourail" }, "geometry": { "type": "MultiPolygon", "coordinates": [ ] } },
{ "type": "Feature", "properties": { "province": "Province Nord", "commune": "Ponérihouen" }, "geometry": { "type": "MultiPolygon", "coordinates": [ [ [ [ 165.476619123568071, -21.148009729129456 ], [ 165.481244, -21.149304100000013 ], [ 165.4805735, -21.146149399999985 ], [ 165.485028151155007, -21.146325708178928 ], [ 165.485230598388654, -21.147350571926566 ], [ 165.486755445477428, -21.147490166447266 ], [ 165.487165796701589, -21.144102035320095 ], [ 165.489130047766281, -21.14380714992657 ], [ 165.487803330001611, -21.143822989623047 ], [ 165.488890218080911, -21.141932242681801 ], [ 165.489320675246915, -21.14377853046652 ], [ 165.489619058316521, -21.143733732885163 ], [ 165.489356955473085, -21.146198048184388 ], [ 165.490362721149239, -21.144436610906222 ], [ 165.492401103440216, -21.144972518639275 ], [ 165.490108423262086, -21.143142210212616 ], [ 165.4928525, -21.144725700000013 ], [ 165.490298701053007, -21.141655370475167 ], [ 165.490308199999987, -21.1419163 ], [ 165.490293187046206, -21.141648741025577 ], [ 165.488830321829255, -21.139889921354239 ], [ 165.4896182, -21.135902900000033 ], [ 165.492696570807311, -21.135499402515457 ], [ 165.490150492092852, -21.137584052106572 ], [ 165.49019674771364, -21.13885472399495 ], [ 165.491630668601914, -21.137757201719516 ], [ 165.491410736867607, -21.140313637075483 ], [ 165.493133442651839, -21.135738630926898 ], [ 165.4979787, -21.1354852 ], [ 165.4980162, -21.1341542 ], [ 165.503417, -21.1354292 ], [ 165.511368899999979, -21.131914499999979 ], [ 165.514910375035527, -21.132941837257764 ], [ 165.526705249104282, -21.130262346702629 ], [ 165.530378137538349, -21.132593039283154 ], [ 165.541124494277625, -21.13427044253212 ], [ 165.542146317130431, -21.135423354238625 ], [ 165.5401033, -21.135441 ], [ 165.547887241129729, -21.139046489444326 ], [ 165.543564938307668, -21.137311356591688 ], [ 165.540294040504165, -21.13803062210394 ], [ 165.534357388008715, -21.14374112350464 ], [ 165.526668888650704, -21.142578751456945 ], [ 165.520640469048203, -21.146653085343111 ], [ 165.520710061553359, -21.150063763566788 ], [ 165.516552839700836, -21.156951296282109 ], [ 165.517641622506744, -21.160033187891855 ], [ 165.521294502897689, -21.16245749878977 ], [ 165.520915503937147, -21.165867129058807 ], [ 165.522797474510185, -21.168056197276655 ], [ 165.521319097811386, -21.17167779120388 ], [ 165.517453957739633, -21.172028716338357 ], [ 165.513156634866192, -21.176600798500075 ], [ 165.510219582385503, -21.186136579217031 ], [ 165.505309783489821, -21.186971500060256 ], [ 165.498484273183351, -21.183843879500287 ], [ 165.497746921642488, -21.188721926334011 ], [ 165.492850545705949, -21.189125615297666 ], [ 165.492212982269166, -21.193217880746719 ], [ 165.482248772444194, -21.191117410158864 ], [ 165.481565901950972, -21.19716539743985 ], [ 165.480045159420285, -21.197565061055002 ], [ 165.482753195449249, -21.200547156592879 ], [ 165.482762912444628, -21.207845110195606 ], [ 165.477174746871697, -21.211129541226171 ], [ 165.473869136770929, -21.21095781851135 ], [ 165.470681192728591, -21.214863474749048 ], [ 165.483470684375021, -21.226575652847323 ], [ 165.476502095683998, -21.237922663693791 ], [ 165.470356799665268, -21.238410991243462 ], [ 165.468386630561355, -21.241227768834076 ], [ 165.461291474167126, -21.24347342214779 ], [ 165.453957467473344, -21.242688583476006 ], [ 165.445167702396958, -21.23754671523675 ], [ 165.438050462576143, -21.241566599898146 ], [ 165.434295869372733, -21.247029417087187 ], [ 165.420790784044641, -21.243227314930401 ], [ 165.413526030550685, -21.24497179307992 ], [ 165.406270841346441, -21.24027276778116 ], [ 165.402698174262639, -21.24079532301884 ], [ 165.395834199226556, -21.23780582028515 ], [ 165.392847828573622, -21.23037995853629 ], [ 165.387995198095979, -21.226324447133809 ], [ 165.378383163346911, -21.222217750524429 ], [ 165.372317354432198, -21.221084546565173 ], [ 165.366948660651758, -21.22216838601323 ], [ 165.363117960543946, -21.227273642864706 ], [ 165.358099392109352, -21.226413706635402 ], [ 165.347359939010033, -21.217891590833872 ], [ 165.340800876619909, -21.217170112903936 ], [ 165.335513014591072, -21.221221429477641 ], [ 165.32401432686828, -21.223261753090881 ], [ 165.316290351861824, -21.213006577740117 ], [ 165.304004969151919, -21.205705153537679 ], [ 165.302296000980732, -21.198161962747985 ], [ 165.29921467862701, -21.194586766946212 ], [ 165.29897738663314, -21.188202032441009 ], [ 165.29536752495693, -21.18340581845586 ], [ 165.289189905422319, -21.182489509333173 ], [ 165.281221554178444, -21.176710952847184 ], [ 165.278562863948792, -21.178735068855747 ], [ 165.273388154566788, -21.179182363274588 ], [ 165.267090941311835, -21.175988511130587 ], [ 165.262645174603762, -21.176427196793412 ], [ 165.257414515288474, -21.172075291624264 ], [ 165.256011013584526, -21.181314346075421 ], [ 165.248957747893797, -21.186227294899737 ], [ 165.249241133676378, -21.192132253368907 ], [ 165.242875378092691, -21.189183698847753 ], [ 165.235892549844891, -21.190879976371779 ], [ 165.230661703744516, -21.195380874088563 ], [ 165.232958853947878, -21.19906222481519 ], [ 165.232116499025295, -21.213155730476679 ], [ 165.22589740787123, -21.212673757568822 ], [ 165.214064048645668, -21.202589272035908 ], [ 165.205272788738512, -21.205148713499572 ], [ 165.195969972785406, -21.198766294845484 ], [ 165.190609401789374, -21.201645822114791 ], [ 165.189582010163264, -21.204183911593116 ], [ 165.18396048247908, -21.204497310266873 ], [ 165.177442749628568, -21.2156854687967 ], [ 165.169860429728431, -21.219247255714556 ], [ 165.167679557866165, -21.223494237501505 ], [ 165.169841504379718, -21.223521833679353 ], [ 165.170209924802577, -21.226073030117501 ], [ 165.157586050305525, -21.227004306388711 ], [ 165.156042692289986, -21.229342193538344 ], [ 165.150610123713705, -21.227287010596349 ], [ 165.14705164546092, -21.231712589211369 ], [ 165.141840235271019, -21.2274290376916 ], [ 165.142563207102228, -21.221636273675141 ], [ 165.140871361081935, -21.221789262446634 ], [ 165.136478688344937, -21.216843819922371 ], [ 165.136646328943726, -21.211066980407491 ], [ 165.139118953437873, -21.208133299130569 ], [ 165.138570472960112, -21.203697969730023 ], [ 165.142308298460676, -21.197938908433432 ], [ 165.143306392123492, -21.192281859867773 ], [ 165.138448142979968, -21.186573991654001 ], [ 165.139852216051764, -21.180819421024129 ], [ 165.134107044367198, -21.175014245552628 ], [ 165.134923561521958, -21.17302627999852 ], [ 165.133271697303911, -21.170504644855896 ], [ 165.137257668433705, -21.165047216326723 ], [ 165.132656480055687, -21.159596976285279 ], [ 165.124780045836644, -21.157206022645909 ], [ 165.128484998412432, -21.154730608472573 ], [ 165.129414303224678, -21.151294232527665 ], [ 165.132290148035736, -21.151058778015383 ], [ 165.135452955804652, -21.146966446212165 ], [ 165.140606433199963, -21.144906230774222 ], [ 165.138894923925818, -21.137272781608313 ], [ 165.137151103544937, -21.136134004392794 ], [ 165.136321266356362, -21.126939017641927 ], [ 165.132590002386536, -21.12376994164806 ], [ 165.13282313444202, -21.11561300529063 ], [ 165.130319874805963, -21.113168683155518 ], [ 165.132611357438151, -21.106675153564016 ], [ 165.132817993922743, -21.097146413878214 ], [ 165.138755616889682, -21.096091833216423 ], [ 165.140327199849878, -21.092008470063245 ], [ 165.138229909324906, -21.085584752900406 ], [ 165.141447402108412, -21.0770142202493 ], [ 165.140204579553739, -21.073747735782902 ], [ 165.141413318416653, -21.065303461505302 ], [ 165.145043682016336, -21.060669026718493 ], [ 165.146043442521659, -21.053428353357337 ], [ 165.149315801529184, -21.049205024645527 ], [ 165.148633374787778, -21.045839765894673 ], [ 165.152573251137142, -21.045162688790519 ], [ 165.158597121469484, -21.049231811362301 ], [ 165.163234147838665, -21.04950811065877 ], [ 165.166915358881624, -21.045289970072741 ], [ 165.172241337091094, -21.042745446423282 ], [ 165.173716905325534, -21.0388344389665 ], [ 165.179135651007869, -21.038063197145789 ], [ 165.184407560438785, -21.041014261352817 ], [ 165.190007718959521, -21.035665420654365 ], [ 165.205984090083092, -21.037887182038425 ], [ 165.213093759398362, -21.035022254412162 ], [ 165.217866215689725, -21.035522480473684 ], [ 165.216510988647656, -21.034257962505695 ], [ 165.219135948906171, -21.032607834124796 ], [ 165.218797856625145, -21.034719896738217 ], [ 165.220766065451159, -21.035305090729292 ], [ 165.233392090761953, -21.033333030778664 ], [ 165.237356160929465, -21.037609739180315 ], [ 165.236489551285786, -21.043439343325897 ], [ 165.242621842944686, -21.040925829678812 ], [ 165.249252450462933, -21.033228659424104 ], [ 165.253878135607977, -21.032478000251896 ], [ 165.257222887694809, -21.02784334583313 ], [ 165.262724415226728, -21.027786494113457 ], [ 165.268248657517859, -21.025165931169379 ], [ 165.27104370386229, -21.021687776127543 ], [ 165.282166940537422, -21.020839144918728 ], [ 165.299369365497085, -21.031779659156722 ], [ 165.302800204096627, -21.039303862799276 ], [ 165.300155424454999, -21.039884855184468 ], [ 165.30176562593843, -21.041961794746317 ], [ 165.307622867177798, -21.042314812759006 ], [ 165.30969604145784, -21.039947842021373 ], [ 165.324928580623009, -21.043633814542666 ], [ 165.32228842051731, -21.036569132753478 ], [ 165.330656082437542, -21.038664581006106 ], [ 165.335722639157495, -21.035448208291964 ], [ 165.336680419754771, -21.032083082270994 ], [ 165.344569473866159, -21.033091888025062 ], [ 165.349133628667261, -21.031629001388847 ], [ 165.352872455582286, -21.02610259459107 ], [ 165.351221698575415, -21.01967863290885 ], [ 165.362605142285986, -21.017843244319174 ], [ 165.3645005, -21.0185004 ], [ 165.364444255110982, -21.02099052337805 ], [ 165.36785103078472, -21.02083534915154 ], [ 165.3710643, -21.0168386 ], [ 165.378733900000015, -21.012787099999986 ], [ 165.3831677, -21.015764800000035 ], [ 165.384613066201496, -21.019171354820475 ], [ 165.3808335, -21.0216436 ], [ 165.381532199999981, -21.0235447 ], [ 165.380150952707282, -21.023664431968943 ], [ 165.38165194182929, -21.024467628516934 ], [ 165.386600128951642, -21.018917560782779 ], [ 165.384999402159451, -21.015407639049176 ], [ 165.392154705898434, -21.015068417183407 ], [ 165.3967576, -21.0127408 ], [ 165.396936181058663, -21.020054015162398 ], [ 165.401624799999979, -21.0233171 ], [ 165.404555099999982, -21.030708699999984 ], [ 165.404039055375563, -21.046930206690522 ], [ 165.40619, -21.05682309999996 ], [ 165.409265251291913, -21.059674059160482 ], [ 165.407099954983153, -21.060762855322427 ], [ 165.412696732522988, -21.061613718462549 ], [ 165.416088799619075, -21.06444673572053 ], [ 165.419575, -21.0745543 ], [ 165.4387117, -21.089432799999951 ], [ 165.437769396381384, -21.091346295926098 ], [ 165.433699499999989, -21.091473 ], [ 165.4365621, -21.09209539999998 ], [ 165.4259218, -21.094521 ], [ 165.425839400000029, -21.0983529 ], [ 165.427661471999272, -21.10021248475034 ], [ 165.425195959380318, -21.101794519311788 ], [ 165.4281313, -21.100299199999988 ], [ 165.426057507189881, -21.098317880077154 ], [ 165.426687, -21.094792699999982 ], [ 165.432291271280349, -21.093729034714848 ], [ 165.428140908066325, -21.096318407253346 ], [ 165.438188889365563, -21.092395623845064 ], [ 165.440704458572412, -21.094652503867316 ], [ 165.438293479677299, -21.094246940970656 ], [ 165.441383700681399, -21.09531390309402 ], [ 165.440194483834688, -21.092310445658747 ], [ 165.444280491903839, -21.094462814255422 ], [ 165.448248399999983, -21.1009001 ], [ 165.447136257311399, -21.101646330395312 ], [ 165.462249404959323, -21.104842714600004 ], [ 165.48018, -21.111502199999965 ], [ 165.490374585162243, -21.125806934404089 ], [ 165.484411830842873, -21.13159913688888 ], [ 165.488104199999981, -21.142783400000013 ], [ 165.4851562, -21.145331 ], [ 165.4805979, -21.145698499999966 ], [ 165.479632183980414, -21.147970978473715 ], [ 165.476619123568071, -21.148009729129456 ] ], [ [ 165.483273002509009, -21.147171339893102 ], [ 165.48249210000003, -21.146964499999982 ], [ 165.482850099999979, -21.1496015 ], [ 165.482629733758813, -21.14711243887988 ], [ 165.483273002509009, -21.147171339893102 ] ] ], [ [ [ 165.49065298781818, -21.130063787387289 ], [ 165.489663961301403, -21.1332780167129 ], [ 165.491498784109524, -21.132133821688292 ], [ 165.494029484135893, -21.13338153835155 ], [ 165.489603565122309, -21.134499892718608 ], [ 165.487381199999987, -21.138292099999983 ], [ 165.484904371534441, -21.131743946576819 ], [ 165.49067, -21.127004099999976 ], [ 165.492855609787938, -21.129770612045114 ], [ 165.49312940657083, -21.129195371940416 ], [ 165.492911234168389, -21.129841018814005 ], [ 165.495498987109045, -21.133116381559741 ], [ 165.491791828974243, -21.132005541475802 ], [ 165.492413535458638, -21.130699388533973 ], [ 165.49065298781818, -21.130063787387289 ] ], [ [ 165.49045381166377, -21.129991878361757 ], [ 165.489954070140215, -21.129811454170344 ], [ 165.486927420685817, -21.132335366058054 ], [ 165.49045381166377, -21.129991878361757 ] ] ], [ [ [ 165.36642504129756, -21.017551321963897 ], [ 165.369291188070321, -21.017195098154019 ], [ 165.365190428019901, -21.018034467291226 ], [ 165.367690157317725, -21.016832303550789 ], [ 165.36642504129756, -21.017551321963897 ] ] ] ] } },
{ "type": "Feature", "properties": { "province": "Province Nord", "commune": "Kalaa-Gomen" }, "geometry": { "type": "MultiPolygon", "coordinates": [ [ [ [ 164.364266773980205, -20.687586142858169 ], [ 164.363600500000018, -20.688058 ], [ 164.359816302059642, -20.68325009777282 ], [ 164.364266773980205, -20.687586142858169 ] ] ], [ [ [ 164.364388684847427, -20.687499804618991 ], [ 164.364295890803533, -20.68361420836608 ], [ 164.366329130168339, -20.685923606054459 ], [ 164.370033, -20.6833615 ], [ 164.367974899999979, -20.6741424 ], [ 164.362559556593141, -20.672373099266569 ], [ 164.354851599999989, -20.673523399999961 ], [ 164.355771389808297, -20.674598065281288 ], [ 164.351, -20.672375599999949 ], [ 164.34568789721186, -20.663844281856271 ], [ 164.346004274795234, -20.660692252670319 ], [ 164.341770514175607, -20.657043311802759 ], [ 164.340308923248244, -20.651088575408842 ], [ 164.332805529635579, -20.647357470738282 ], [ 164.329674701193255, -20.644000296387709 ], [ 164.332484102065166, -20.646173735425251 ], [ 164.3322813, -20.6430187 ], [ 164.328891906581248, -20.640098888292318 ], [ 164.325898199999983, -20.640543799999989 ], [ 164.318668056595186, -20.631753853112073 ], [ 164.321108918594888, -20.633679280907053 ], [ 164.324921030825436, -20.633688290679803 ], [ 164.33010662362733, -20.630623714075323 ], [ 164.346106975501328, -20.62689619159088 ], [ 164.365301054222783, -20.630168886119044 ], [ 164.367304017352808, -20.627544805887744 ], [ 164.379217057412319, -20.623599846205131 ], [ 164.378906141751884, -20.618451469185811 ], [ 164.386252947232123, -20.613204683857663 ], [ 164.385316991947803, -20.604407563263351 ], [ 164.382750204538496, -20.601034887934606 ], [ 164.385015195408045, -20.593952716097274 ], [ 164.383038299999185, -20.589776470548589 ], [ 164.391308068995045, -20.585472162309365 ], [ 164.38738242234507, -20.580335776781787 ], [ 164.39318530887283, -20.578632053891294 ], [ 164.395310828699962, -20.575989738835798 ], [ 164.395072723288138, -20.570385411639332 ], [ 164.409312739631673, -20.569481722064911 ], [ 164.414105714390331, -20.57345448593663 ], [ 164.413998434597062, -20.576317131318948 ], [ 164.426978872157662, -20.579976756333277 ], [ 164.431466874736628, -20.584546962349087 ], [ 164.43981879093846, -20.578743790298979 ], [ 164.442264215594747, -20.579336992064942 ], [ 164.448755217076268, -20.576363170272657 ], [ 164.460574017378804, -20.585896907324038 ], [ 164.46555214021916, -20.584278922458413 ], [ 164.468115241097991, -20.589903966990125 ], [ 164.473413545879595, -20.591884807752614 ], [ 164.477914547443021, -20.597397628990237 ], [ 164.48233934768615, -20.598454493302022 ], [ 164.486295780945483, -20.595494360077939 ], [ 164.493049919081443, -20.597453740973059 ], [ 164.503120053699092, -20.590271129422604 ], [ 164.508478192299606, -20.588766427150208 ], [ 164.51450856348626, -20.589491260871505 ], [ 164.519718689187499, -20.587509374147082 ], [ 164.523872609371267, -20.577633456424895 ], [ 164.515393641474674, -20.568530307152514 ], [ 164.521710621807728, -20.562447648207527 ], [ 164.528632994407417, -20.56611845613088 ], [ 164.531971128817389, -20.564150069625477 ], [ 164.540228740454523, -20.56419792354238 ], [ 164.544930744745471, -20.566875714758673 ], [ 164.547026150205198, -20.57029984542735 ], [ 164.550311101117416, -20.571409318312227 ], [ 164.553424312871272, -20.569908329475005 ], [ 164.560389365774824, -20.575741910464814 ], [ 164.570367155018232, -20.575719823157709 ], [ 164.579217157033952, -20.577760830211826 ], [ 164.585082922517955, -20.576971165101209 ], [ 164.587478692629986, -20.574024682321198 ], [ 164.593298379265178, -20.576429211288929 ], [ 164.594429906335591, -20.579127219830973 ], [ 164.599826818590685, -20.58143092485443 ], [ 164.605814314607215, -20.587129943089735 ], [ 164.609717420541671, -20.588275022938145 ], [ 164.616906842348016, -20.585863174883961 ], [ 164.622324676872552, -20.586803262062116 ], [ 164.625164146476635, -20.585069851847038 ], [ 164.639098060835238, -20.566657544754474 ], [ 164.638902019808313, -20.561330618392898 ], [ 164.640701290810881, -20.558425576678172 ], [ 164.639544748443541, -20.551913502456898 ], [ 164.64472618718591, -20.546440110306488 ], [ 164.652647700591018, -20.544276454801789 ], [ 164.658593662726815, -20.547550910572603 ], [ 164.662767175334182, -20.547818739907289 ], [ 164.667361708633393, -20.553171731048224 ], [ 164.667955676732703, -20.563580199341796 ], [ 164.665967555945087, -20.570852704580222 ], [ 164.660877290643896, -20.575620795609996 ], [ 164.67297117422865, -20.588895878471536 ], [ 164.672631134958948, -20.591661399912834 ], [ 164.6668850060029, -20.596808132277349 ], [ 164.669786961401513, -20.598469097927101 ], [ 164.6754665084039, -20.597942031265557 ], [ 164.675854212622454, -20.602688563853818 ], [ 164.659741863799098, -20.607552966339494 ], [ 164.653287826166348, -20.613495053087806 ], [ 164.646739460350034, -20.612955459373424 ], [ 164.645612075028652, -20.615203847296776 ], [ 164.641686669116751, -20.613240723049245 ], [ 164.641399869739672, -20.6160708322913 ], [ 164.636278663610199, -20.621440128469793 ], [ 164.618052044332757, -20.617176566979918 ], [ 164.607992933520961, -20.619506588768843 ], [ 164.606919472516779, -20.625063365888579 ], [ 164.610591542128674, -20.631166772343654 ], [ 164.628951831906846, -20.638989120424004 ], [ 164.625599562785254, -20.645459096712695 ], [ 164.619620817933935, -20.64888966952109 ], [ 164.61142534597596, -20.661504276287136 ], [ 164.613019423622546, -20.665468721062595 ], [ 164.623601170559539, -20.668968357201777 ], [ 164.624976011541008, -20.688440798679377 ], [ 164.62680427360587, -20.690561503735054 ], [ 164.633143755821038, -20.690181027299584 ], [ 164.636280922184085, -20.69286369832372 ], [ 164.647151465599165, -20.695989548408452 ], [ 164.648849841594199, -20.699272985558657 ], [ 164.652967938018293, -20.701950694134169 ], [ 164.655815103279082, -20.70182883432847 ], [ 164.658144522541903, -20.704417876203692 ], [ 164.665838170926122, -20.703325535298603 ], [ 164.66401866803696, -20.707445192865716 ], [ 164.668976036658904, -20.71614358959123 ], [ 164.670728195456348, -20.724234425280411 ], [ 164.669520573786428, -20.736171471734227 ], [ 164.68161241520167, -20.746855835804649 ], [ 164.679626163218899, -20.750020617745513 ], [ 164.673671233215259, -20.74991687870353 ], [ 164.666678742083946, -20.758548862863545 ], [ 164.664569738380266, -20.754853232968522 ], [ 164.653356958869409, -20.75976764795201 ], [ 164.647620959400768, -20.75838337007432 ], [ 164.644811101143546, -20.760099122900669 ], [ 164.637476865148813, -20.760518443482869 ], [ 164.623038897906895, -20.757942073553444 ], [ 164.621657515484515, -20.759115416715762 ], [ 164.616198585276237, -20.758066844561117 ], [ 164.614066084963355, -20.759712125857583 ], [ 164.603896688460907, -20.755668797783269 ], [ 164.590177899389431, -20.760825599265033 ], [ 164.586621394595142, -20.765704939617589 ], [ 164.589628129660355, -20.778485521504361 ], [ 164.584915176124639, -20.784019219416123 ], [ 164.584770533664681, -20.793667139021331 ], [ 164.586408046021404, -20.802956843613792 ], [ 164.596147719349517, -20.812707745414375 ], [ 164.589099048137086, -20.816343392679105 ], [ 164.588375583260387, -20.823445795655243 ], [ 164.583007620545231, -20.831494021472263 ], [ 164.571898206929461, -20.836397775530489 ], [ 164.570354510132375, -20.838865348532842 ], [ 164.57099178830498, -20.842550215361353 ], [ 164.564902662174632, -20.844492911115562 ], [ 164.559296969366926, -20.843203703011397 ], [ 164.559133740183341, -20.847642078619305 ], [ 164.555170324724827, -20.847888533537688 ], [ 164.552393522391156, -20.857038709877727 ], [ 164.554980190370969, -20.865227008703801 ], [ 164.552715365989172, -20.866328281592239 ], [ 164.552723864608339, -20.872047192415266 ], [ 164.548542117478974, -20.881384624370654 ], [ 164.550790228175515, -20.887416544727962 ], [ 164.546735282728093, -20.890959524534175 ], [ 164.546167748908459, -20.895843924243707 ], [ 164.543888279625463, -20.895842711444296 ], [ 164.5461344, -20.8886709 ], [ 164.5421451, -20.89137 ], [ 164.530726670143764, -20.889688956053927 ], [ 164.529776079469656, -20.891871962294612 ], [ 164.525181953398146, -20.88439015535123 ], [ 164.521134100000012, -20.886527900000011 ], [ 164.522355626304631, -20.88245361491985 ], [ 164.525350735369813, -20.880785950217415 ], [ 164.52292096593888, -20.879610285605008 ], [ 164.5192098, -20.8817798 ], [ 164.522931200000016, -20.876952499999977 ], [ 164.5211263, -20.877292900000032 ], [ 164.521177656820157, -20.872595969510293 ], [ 164.5198198, -20.872392 ], [ 164.518184271412821, -20.877861492822984 ], [ 164.515780330142377, -20.87760235557176 ], [ 164.512830399999984, -20.874310599999962 ], [ 164.5145028, -20.8743257 ], [ 164.513952599999982, -20.8726757 ], [ 164.510147604460911, -20.873540291312768 ], [ 164.508973199019039, -20.869785809914546 ], [ 164.511290808971665, -20.863770277927234 ], [ 164.507537916968317, -20.860211220348194 ], [ 164.512025903094838, -20.862512179144421 ], [ 164.509610701824471, -20.857658774685838 ], [ 164.508598903275129, -20.859768453164367 ], [ 164.4985687, -20.8559541 ], [ 164.492500135493344, -20.858177180401828 ], [ 164.489798300804495, -20.857263893242035 ], [ 164.49205354001964, -20.857197966099619 ], [ 164.4916236, -20.8549769 ], [ 164.485854916413757, -20.854415179295788 ], [ 164.484410234954169, -20.851163520588205 ], [ 164.479485499999981, -20.848408199999984 ], [ 164.469179190909784, -20.850597993712086 ], [ 164.465290399999986, -20.847888 ], [ 164.46036143542716, -20.848341184178224 ], [ 164.461441510708198, -20.847348273639529 ], [ 164.457274030395666, -20.84005278292663 ], [ 164.4577894, -20.8309348 ], [ 164.458857815901098, -20.830393542614981 ], [ 164.457569399999983, -20.840457400000012 ], [ 164.460753899999986, -20.845595 ], [ 164.462132524099673, -20.843574041444743 ], [ 164.4609079, -20.8401073 ], [ 164.46221129272692, -20.841212912472088 ], [ 164.4656329, -20.832291299999977 ], [ 164.461991436981009, -20.828854423052373 ], [ 164.464846420233272, -20.828525606498548 ], [ 164.4548959, -20.824155499999982 ], [ 164.451618914730602, -20.826278168579208 ], [ 164.452255033202448, -20.824555095903087 ], [ 164.449645993193428, -20.822054471563327 ], [ 164.442022222764791, -20.821707308905818 ], [ 164.4435862, -20.819417100000035 ], [ 164.441967009162909, -20.820827877015834 ], [ 164.441172995163839, -20.819033456082032 ], [ 164.441647467206309, -20.821539690016564 ], [ 164.437897, -20.819854499999987 ], [ 164.435759, -20.815347800000026 ], [ 164.431524542261883, -20.813131576135049 ], [ 164.430316418988838, -20.803304524737776 ], [ 164.426495204693538, -20.803017691101978 ], [ 164.428912196780999, -20.805041361972151 ], [ 164.424574299999989, -20.8018794 ], [ 164.427052314913709, -20.802014181253945 ], [ 164.424061599999987, -20.799757200000013 ], [ 164.4251453, -20.794172899999971 ], [ 164.419893632525657, -20.791232880663848 ], [ 164.42075871273255, -20.78970947342146 ], [ 164.4186245, -20.78913860000003 ], [ 164.417971158816812, -20.791535389056126 ], [ 164.41609889999998, -20.79128 ], [ 164.41800809999998, -20.790917499999985 ], [ 164.4159003, -20.787086 ], [ 164.417081535423733, -20.788106418187496 ], [ 164.417107099999981, -20.785787 ], [ 164.4179844, -20.78774259999998 ], [ 164.417999607371257, -20.785923409492661 ], [ 164.410017827460791, -20.779006475324536 ], [ 164.411211110240316, -20.776994706846896 ], [ 164.407574499999981, -20.7791841 ], [ 164.406320699999981, -20.7766096 ], [ 164.399353099999985, -20.772107400000014 ], [ 164.3987782087749, -20.768901984324199 ], [ 164.395703699999984, -20.77023 ], [ 164.398161415874227, -20.770734330817891 ], [ 164.397063173776672, -20.772122761974583 ], [ 164.3837585, -20.773322399999977 ], [ 164.380140402842784, -20.771676504464619 ], [ 164.378108821832512, -20.767686102192688 ], [ 164.3779989, -20.767747600000028 ], [ 164.374045726279405, -20.765132087403781 ], [ 164.372783695642653, -20.758631160963994 ], [ 164.372697226343803, -20.760729366257493 ], [ 164.369351, -20.756351099999989 ], [ 164.369971199999981, -20.753649 ], [ 164.376021846536133, -20.753209341323341 ], [ 164.3832012, -20.7578402 ], [ 164.381846690552408, -20.757654312673989 ], [ 164.382554924867378, -20.758896546906559 ], [ 164.390417013142894, -20.760121994908552 ], [ 164.397329899999988, -20.7591253 ], [ 164.399295356707654, -20.760973541636695 ], [ 164.402133298307291, -20.757068606665083 ], [ 164.404455499999983, -20.7582303 ], [ 164.4069418, -20.755036399999977 ], [ 164.413860827107754, -20.755370544480016 ], [ 164.415416500000021, -20.7479322 ], [ 164.416416671132993, -20.748690246742115 ], [ 164.41667769999998, -20.7471773 ], [ 164.414870899999983, -20.7475022 ], [ 164.415598599999981, -20.744503 ], [ 164.4145375, -20.7471668 ], [ 164.415089400000028, -20.7422447 ], [ 164.417288486520647, -20.737893736613056 ], [ 164.420800290104665, -20.736261424959768 ], [ 164.420700608894236, -20.72618906347012 ], [ 164.422511899999989, -20.730383499999981 ], [ 164.423529397070297, -20.724298163458137 ], [ 164.4209721, -20.7238373 ], [ 164.420497, -20.72617779999997 ], [ 164.417300818687835, -20.720648477075862 ], [ 164.4184043, -20.720120599999984 ], [ 164.414731, -20.7184904 ], [ 164.405720299999984, -20.721349300000021 ], [ 164.406437244566092, -20.719124466414073 ], [ 164.403744829686417, -20.716092629706434 ], [ 164.4081308, -20.7122171 ], [ 164.4034552, -20.7082107 ], [ 164.403854901939781, -20.706901897377172 ], [ 164.4107947, -20.7020202 ], [ 164.412632299999984, -20.703077899999982 ], [ 164.411279810939021, -20.701398803979103 ], [ 164.413083300000011, -20.698834299999945 ], [ 164.409793673401623, -20.698794570205024 ], [ 164.410010188481124, -20.701697980531826 ], [ 164.4071209, -20.6973297 ], [ 164.405621391500688, -20.6967598589437 ], [ 164.404725631246237, -20.699111659203719 ], [ 164.402363400000013, -20.6964945 ], [ 164.4034891, -20.699532699999988 ], [ 164.400417429167078, -20.699631060277753 ], [ 164.40016309365808, -20.701556393197283 ], [ 164.396549199999981, -20.6973871 ], [ 164.398608426951455, -20.697350483263843 ], [ 164.392889699999984, -20.696412 ], [ 164.391554499999984, -20.69463970000001 ], [ 164.394137720278792, -20.693068244153508 ], [ 164.393909899999983, -20.6925863 ], [ 164.391296160084153, -20.694739509061421 ], [ 164.3921492, -20.6965064 ], [ 164.396243687372845, -20.697108389872817 ], [ 164.39595826141084, -20.69914361733607 ], [ 164.398269867999744, -20.700454523531739 ], [ 164.394513402420159, -20.701188797992067 ], [ 164.39331, -20.698986 ], [ 164.390745063712757, -20.702785970284214 ], [ 164.3916893, -20.6991264 ], [ 164.390145008898116, -20.698578825423237 ], [ 164.392438299999981, -20.6979775 ], [ 164.389253896005812, -20.697945690837255 ], [ 164.389505432094239, -20.695728181166807 ], [ 164.388199223179356, -20.695750764738719 ], [ 164.39005151985296, -20.691047814719997 ], [ 164.387045240745238, -20.69355102746437 ], [ 164.3889763, -20.6915571 ], [ 164.387945299999984, -20.689363600000036 ], [ 164.3883165, -20.6913359 ], [ 164.385088407899104, -20.692360704165548 ], [ 164.38755519999998, -20.687329 ], [ 164.384582745789658, -20.685138297923753 ], [ 164.3795744, -20.689033299999974 ], [ 164.377625795056929, -20.693688888774396 ], [ 164.379561604767275, -20.687690569472014 ], [ 164.378091411960611, -20.686059893619152 ], [ 164.3801617, -20.68588 ], [ 164.377935134422614, -20.68495910718573 ], [ 164.3779251, -20.683019800000018 ], [ 164.3728396, -20.685898 ], [ 164.370148699999987, -20.683420299999977 ], [ 164.364388684847427, -20.687499804618991 ] ], [ [ 164.39458189366016, -20.694007864241645 ], [ 164.394671035252827, -20.694591419061904 ], [ 164.396872039449391, -20.694588587905933 ], [ 164.394792644735162, -20.694453689948265 ], [ 164.39458189366016, -20.694007864241645 ] ], [ [ 164.39797001266075, -20.694587164679049 ], [ 164.3984041, -20.6945866 ], [ 164.40024219999998, -20.6907034 ], [ 164.39881139748482, -20.690871879870585 ], [ 164.39797001266075, -20.694587164679049 ] ] ], [ [ [ 164.40218262238028, -20.701645489317883 ], [ 164.405907213574494, -20.699501220376888 ], [ 164.4073137, -20.70219759999997 ], [ 164.4035113, -20.7043948 ], [ 164.401608312697988, -20.703362564290384 ], [ 164.404060446608582, -20.701885833320631 ], [ 164.40218262238028, -20.701645489317883 ] ] ], [ [ [ 164.394900868064752, -20.715063657511315 ], [ 164.393735517203027, -20.713481913729854 ], [ 164.39791495586104, -20.715367330373997 ], [ 164.400657099999989, -20.7151691 ], [ 164.3975946, -20.714130399999984 ], [ 164.399633050236417, -20.713770429272106 ], [ 164.403829, -20.7151795 ], [ 164.402892117474096, -20.716464567217798 ], [ 164.394900868064752, -20.715063657511315 ] ] ], [ [ [ 164.396861504262745, -20.70138081581954 ], [ 164.3995543, -20.701562900000031 ], [ 164.396525579733321, -20.702710057023864 ], [ 164.396861504262745, -20.70138081581954 ] ] ], [ [ [ 164.38446918871557, -20.710437930748842 ], [ 164.390774600059416, -20.713495794779714 ], [ 164.384933114217233, -20.712332866667932 ], [ 164.386600617929645, -20.712659811360947 ], [ 164.38413812351817, -20.7117962183138 ], [ 164.38446918871557, -20.710437930748842 ] ] ], [ [ [ 164.376996184147657, -20.704167865300612 ], [ 164.380762989277855, -20.706783360543035 ], [ 164.376961705524991, -20.705865779758984 ], [ 164.376996184147657, -20.704167865300612 ] ] ], [ [ [ 164.364701919357799, -20.689657553989825 ], [ 164.3664712, -20.693355400000037 ], [ 164.365225990191874, -20.689254109103672 ], [ 164.368061100000034, -20.6908841 ], [ 164.37495743190928, -20.68728541181201 ], [ 164.37792336664981, -20.688661783171312 ], [ 164.3775656, -20.690634 ], [ 164.374192551558281, -20.690471672078484 ], [ 164.372901753060347, -20.693266478828779 ], [ 164.375144194792881, -20.698370757218907 ], [ 164.366020319580969, -20.694929270539358 ], [ 164.364701919357799, -20.689657553989825 ] ] ], [ [ [ 164.365564785461288, -20.702550169742796 ], [ 164.370094599999987, -20.7027069 ], [ 164.367890603022971, -20.701220418958215 ], [ 164.369329199999981, -20.7015589 ], [ 164.3682581, -20.699563799999972 ], [ 164.36974, -20.700743899999988 ], [ 164.369964386409464, -20.698952098198561 ], [ 164.371818167344031, -20.701608566290652 ], [ 164.3707174, -20.7047661 ], [ 164.366213337097889, -20.703572642288865 ], [ 164.366010765937745, -20.703253280990719 ], [ 164.369933046393669, -20.704329475090205 ], [ 164.365656024971969, -20.702694014181532 ], [ 164.365564785461288, -20.702550169742796 ] ] ], [ [ [ 164.367499358592141, -20.705600067288408 ], [ 164.369008729710373, -20.706719924264974 ], [ 164.3681502, -20.7066261 ], [ 164.367499358592141, -20.705600067288408 ] ] ], [ [ [ 164.369713498264389, -20.706796941365251 ], [ 164.372758905999461, -20.706341746679787 ], [ 164.37119725682706, -20.705016859100745 ], [ 164.3755449, -20.7050415 ], [ 164.373166200694556, -20.706280864220076 ], [ 164.3751882, -20.7059786 ], [ 164.374857304473721, -20.707358963498201 ], [ 164.369713498264389, -20.706796941365251 ] ] ] ] } },
{ "type": "Feature", "properties": { "province": "Province Nord", "commune": "Koumac" }, "geometry": { "type": "MultiPolygon", "coordinates": [ [ [ [ 164.121240500462733, -20.379330449747169 ], [ 164.125611701372748, -20.383379744398333 ], [ 164.1433889, -20.3878512 ], [ 164.144843250144618, -20.38327553170468 ], [ 164.1489889, -20.3916765 ], [ 164.152149444580715, -20.392009633891973 ], [ 164.155021, -20.3950686 ], [ 164.155439861926965, -20.393768019825213 ], [ 164.1611548, -20.3985931 ], [ 164.163819581788886, -20.396311432050087 ], [ 164.1687485, -20.398900799999986 ], [ 164.167914742042797, -20.396848396865742 ], [ 164.1727661, -20.3954938 ], [ 164.1749969, -20.396582399999989 ], [ 164.177829071774426, -20.394323933193707 ], [ 164.181585100000035, -20.396225399999985 ], [ 164.185410549748127, -20.395334043190527 ], [ 164.1809648, -20.3942136 ], [ 164.182415405056446, -20.390927056334462 ], [ 164.179699611365834, -20.388476283209517 ], [ 164.186682643066575, -20.387405809694418 ], [ 164.198832134890012, -20.397520474337522 ], [ 164.202030180366762, -20.403265199242249 ], [ 164.211685881521106, -20.407741002488784 ], [ 164.21329166044444, -20.409587020272955 ], [ 164.212307514656402, -20.412307852144295 ], [ 164.217043843830538, -20.414523162151141 ], [ 164.218057919964963, -20.417349948414035 ], [ 164.222138219085281, -20.416250215563238 ], [ 164.227216712343932, -20.422550239178562 ], [ 164.232755574061258, -20.423545213118878 ], [ 164.234672314767209, -20.427015010848503 ], [ 164.238384081849773, -20.425262613716932 ], [ 164.248267486486839, -20.42870113820311 ], [ 164.252940624684697, -20.432204420481909 ], [ 164.259563202678606, -20.430176817061913 ], [ 164.268463926657972, -20.432330313574138 ], [ 164.276347352684439, -20.424670711309801 ], [ 164.274263328030059, -20.421225041264066 ], [ 164.285034353655618, -20.41267543180394 ], [ 164.283953846910549, -20.408033125978847 ], [ 164.286858883628781, -20.405687386574343 ], [ 164.286975522426673, -20.402999564548363 ], [ 164.281200308632265, -20.397512494370748 ], [ 164.277070056017777, -20.396153398545138 ], [ 164.277861009209516, -20.393469554424847 ], [ 164.27376902143601, -20.390228019055609 ], [ 164.273345654639627, -20.384079746434985 ], [ 164.275306844244909, -20.381670916678718 ], [ 164.280650067241623, -20.380485733977626 ], [ 164.284957764559749, -20.375568567730404 ], [ 164.303967383485741, -20.380972497219556 ], [ 164.30782593780998, -20.385644120167555 ], [ 164.314332615427105, -20.382336932356957 ], [ 164.317154763103218, -20.385197746419525 ], [ 164.322502900778062, -20.385235164581985 ], [ 164.324411791925115, -20.394225711497093 ], [ 164.32965727406912, -20.397057938544407 ], [ 164.334697178888689, -20.394565998057203 ], [ 164.342065474108097, -20.399559201052625 ], [ 164.347118382897946, -20.410706980659075 ], [ 164.348754051145249, -20.412418731385369 ], [ 164.351821651148555, -20.41223166009345 ], [ 164.357516888507519, -20.41819417907595 ], [ 164.363195172531789, -20.430598272751254 ], [ 164.371613512818982, -20.432165688296877 ], [ 164.377925761166438, -20.435005999435699 ], [ 164.379424149083292, -20.438225038085722 ], [ 164.384696077256194, -20.438193265218597 ], [ 164.386378747262114, -20.439999546483975 ], [ 164.390998107517646, -20.445534575605588 ], [ 164.39259939808133, -20.451434751464681 ], [ 164.397549678368108, -20.453128907798959 ], [ 164.398418565273403, -20.456166139443688 ], [ 164.404698306384773, -20.461925277482045 ], [ 164.402185535220696, -20.46537152770582 ], [ 164.403577632353006, -20.46857878399566 ], [ 164.402458094155833, -20.470296766265818 ], [ 164.405570626937248, -20.474945694587728 ], [ 164.4098033816488, -20.476188380328882 ], [ 164.413871781183246, -20.479982300537174 ], [ 164.416049685623079, -20.487964976049366 ], [ 164.418219625050853, -20.488645279281869 ], [ 164.423699692475964, -20.498691609606784 ], [ 164.428714987791011, -20.501013283067522 ], [ 164.431784908821982, -20.499834336536995 ], [ 164.435006844434639, -20.496143202132668 ], [ 164.435154054990051, -20.493328188878209 ], [ 164.447179423509937, -20.486193504109153 ], [ 164.450163227023722, -20.489018466922698 ], [ 164.45478701019502, -20.489307851700438 ], [ 164.455362296361329, -20.491581124065796 ], [ 164.460577426481592, -20.493005140148156 ], [ 164.460058197321842, -20.495101132825297 ], [ 164.463218405012242, -20.498666756539308 ], [ 164.465890241433584, -20.498910548282414 ], [ 164.46685695312874, -20.505618492350013 ], [ 164.469456718186393, -20.507095500448504 ], [ 164.469784711511636, -20.509934332498826 ], [ 164.473971870956518, -20.511333289283112 ], [ 164.487417506681254, -20.525292398896827 ], [ 164.492917114093757, -20.525988585420951 ], [ 164.498198315646817, -20.529822590421723 ], [ 164.497710822894959, -20.534572701970987 ], [ 164.499108241188708, -20.536032709660013 ], [ 164.503424487871456, -20.536022516562859 ], [ 164.507596712471297, -20.539954126289249 ], [ 164.510022608309725, -20.539959170766576 ], [ 164.50973442128435, -20.542054452361924 ], [ 164.513771151127344, -20.545283931135142 ], [ 164.52156651293879, -20.545447114919874 ], [ 164.528346853817169, -20.55150743718858 ], [ 164.535613640071347, -20.552697668565994 ], [ 164.540852438505368, -20.551034856948252 ], [ 164.543464024466431, -20.557427179406915 ], [ 164.552346359994885, -20.567252478562551 ], [ 164.552373663327643, -20.570311106012781 ], [ 164.550311101117416, -20.571409318312227 ], [ 164.547026150205198, -20.57029984542735 ], [ 164.544930744745471, -20.566875714758673 ], [ 164.540228740454523, -20.56419792354238 ], [ 164.531971128817389, -20.564150069625477 ], [ 164.528632994407417, -20.56611845613088 ], [ 164.521297716606711, -20.562536795028489 ], [ 164.515393641474674, -20.568530307152514 ], [ 164.523872609371267, -20.577633456424895 ], [ 164.519718689187499, -20.587509374147082 ], [ 164.51450856348626, -20.589491260871505 ], [ 164.508478192299606, -20.588766427150208 ], [ 164.503120053699092, -20.590271129422604 ], [ 164.493049919081443, -20.597453740973059 ], [ 164.486295780945483, -20.595494360077939 ], [ 164.482488710847434, -20.598459475353124 ], [ 164.477914547443021, -20.597397628990237 ], [ 164.473413545879595, -20.591884807752614 ], [ 164.468115241097991, -20.589903966990125 ], [ 164.46555214021916, -20.584278922458413 ], [ 164.460574017378804, -20.585896907324038 ], [ 164.448755217076268, -20.576363170272657 ], [ 164.442264215594747, -20.579336992064942 ], [ 164.43981879093846, -20.578743790298979 ], [ 164.431466874736628, -20.584546962349087 ], [ 164.426978872157662, -20.579976756333277 ], [ 164.413998434597062, -20.576317131318948 ], [ 164.414105714390331, -20.57345448593663 ], [ 164.409312739631673, -20.569481722064911 ], [ 164.395072723288138, -20.570385411639332 ], [ 164.395310828699962, -20.575989738835798 ], [ 164.39318530887283, -20.578632053891294 ], [ 164.38738242234507, -20.580335776781787 ], [ 164.391308068995045, -20.585472162309365 ], [ 164.383038299999185, -20.589776470548589 ], [ 164.385015195408045, -20.593952716097274 ], [ 164.382750204538496, -20.601034887934606 ], [ 164.385316991947803, -20.604407563263351 ], [ 164.386252947232123, -20.613204683857663 ], [ 164.378906141751884, -20.618451469185811 ], [ 164.379217057412319, -20.623599846205131 ], [ 164.367304017352808, -20.627544805887744 ], [ 164.365301054222783, -20.630168886119044 ], [ 164.346106975501328, -20.62689619159088 ], [ 164.321108918594888, -20.633679280907053 ], [ 164.318652528685789, -20.631576600390389 ], [ 164.320867129608985, -20.625843146710107 ], [ 164.318822819395194, -20.616989881367548 ], [ 164.3204121, -20.6193319 ], [ 164.3219143, -20.618827799999973 ], [ 164.318793527465829, -20.61637081378618 ], [ 164.320337099999989, -20.615831100000033 ], [ 164.3186244, -20.614549300000014 ], [ 164.320219926679044, -20.610568798833484 ], [ 164.31865211913609, -20.610394601816495 ], [ 164.317667591686899, -20.607090661785787 ], [ 164.312503434978282, -20.606020514855924 ], [ 164.3122038, -20.602079199999984 ], [ 164.311043210592032, -20.603184573896801 ], [ 164.311102799999986, -20.6018744 ], [ 164.305400633429286, -20.595853249373874 ], [ 164.304816499999987, -20.592124599999984 ], [ 164.303866893868189, -20.593083073797672 ], [ 164.303078299999981, -20.591304599999976 ], [ 164.30415974402797, -20.592046198528607 ], [ 164.305365926527799, -20.589039143879944 ], [ 164.304395527898919, -20.590236163390173 ], [ 164.304253626250102, -20.587051081064221 ], [ 164.299289449502481, -20.578688018744376 ], [ 164.2859551, -20.5730502 ], [ 164.282566867814495, -20.575135441732996 ], [ 164.2809432, -20.5796191 ], [ 164.275117247578066, -20.583203258200232 ], [ 164.2727243, -20.581604799999972 ], [ 164.2749952, -20.5807527 ], [ 164.273100214993207, -20.578923806607158 ], [ 164.275661122981376, -20.577764874850267 ], [ 164.275531838251709, -20.571718656721785 ], [ 164.278354899999982, -20.570105700000017 ], [ 164.278133199999985, -20.567183199999985 ], [ 164.277308699306843, -20.57032998628322 ], [ 164.276327106169845, -20.567336071908041 ], [ 164.2779875, -20.565453400000013 ], [ 164.2733346, -20.5638565 ], [ 164.2737812, -20.561439700000019 ], [ 164.268856299999982, -20.561960699999979 ], [ 164.275676799999985, -20.566419899999978 ], [ 164.2705757, -20.5659094 ], [ 164.268945945561342, -20.567669986961352 ], [ 164.2669023, -20.563285400000012 ], [ 164.267975221434142, -20.561602039958075 ], [ 164.265472899151575, -20.560800876210898 ], [ 164.2656595, -20.558743 ], [ 164.262252119912375, -20.561257685830313 ], [ 164.262670033171673, -20.555406135750328 ], [ 164.261123215262302, -20.553048466241975 ], [ 164.261954490460113, -20.559705281999843 ], [ 164.259953896523228, -20.561620199359091 ], [ 164.26099380037499, -20.556746570610283 ], [ 164.257325761331487, -20.557981874647467 ], [ 164.256758357211936, -20.55483686625174 ], [ 164.252484222871203, -20.555599874252906 ], [ 164.247815414904949, -20.553275884153525 ], [ 164.2484489, -20.552307 ], [ 164.245799024253643, -20.552827188025603 ], [ 164.24483429999998, -20.5508652 ], [ 164.2478179, -20.548011400000014 ], [ 164.2481401, -20.5435449 ], [ 164.24427001673655, -20.544595154475928 ], [ 164.244921188463678, -20.548404755315786 ], [ 164.243451340675477, -20.549482569995888 ], [ 164.2396463, -20.545288199999977 ], [ 164.2413228, -20.547299100000011 ], [ 164.240144761814292, -20.549063275860977 ], [ 164.239341982675512, -20.547290692812275 ], [ 164.239646677951896, -20.551270107156341 ], [ 164.2386315, -20.5495145 ], [ 164.238170299999979, -20.551683900000018 ], [ 164.2384916, -20.546708 ], [ 164.236124839014167, -20.540016751096648 ], [ 164.2379283, -20.5372765 ], [ 164.2370784, -20.533784600000015 ], [ 164.2346268, -20.5343178 ], [ 164.237019790331317, -20.537220914439438 ], [ 164.236373499999985, -20.5394013 ], [ 164.232328518249176, -20.537158526617112 ], [ 164.2363542, -20.538889 ], [ 164.234938699999987, -20.536424300000018 ], [ 164.2358284, -20.538284899999987 ], [ 164.232728441927861, -20.536581065612427 ], [ 164.23256, -20.531370600000017 ], [ 164.232506671775411, -20.536812888452744 ], [ 164.216900513946428, -20.527828872551545 ], [ 164.206878415155273, -20.512641784610746 ], [ 164.208213000759713, -20.512257606033742 ], [ 164.210401099999984, -20.5175616 ], [ 164.211521322619888, -20.518203623697651 ], [ 164.212148977050333, -20.516613829983825 ], [ 164.210159399999981, -20.5126254 ], [ 164.1995009, -20.504489 ], [ 164.197755799999982, -20.500680099999958 ], [ 164.193976165797721, -20.500538351307522 ], [ 164.193426099999982, -20.499169899999973 ], [ 164.1915362, -20.5002753 ], [ 164.196134299999983, -20.501350899999981 ], [ 164.190851778469664, -20.50057288815735 ], [ 164.191054499999979, -20.4986291 ], [ 164.1902973, -20.499685199999988 ], [ 164.187177710481905, -20.49656428200047 ], [ 164.1889142, -20.4943538 ], [ 164.187224020363232, -20.495290981610971 ], [ 164.1818782, -20.4924361 ], [ 164.18192513221129, -20.488310819653154 ], [ 164.183423513531238, -20.487642155537937 ], [ 164.178954889632962, -20.48763247131761 ], [ 164.179659944581005, -20.48632719330179 ], [ 164.17542650584744, -20.489119793822677 ], [ 164.173517899999979, -20.488007200000013 ], [ 164.1782934, -20.4807974 ], [ 164.178211100000027, -20.47576 ], [ 164.17386860000002, -20.4670657 ], [ 164.171902819813312, -20.45867123822585 ], [ 164.173128731639054, -20.457704175157584 ], [ 164.171930739530922, -20.454497841665003 ], [ 164.173409008596337, -20.454131927868588 ], [ 164.17147523358409, -20.45339495366877 ], [ 164.172648729565509, -20.452438652546949 ], [ 164.171393199999983, -20.447550899999989 ], [ 164.167491921667562, -20.442299687143553 ], [ 164.167250005413536, -20.438433177236899 ], [ 164.164558199999988, -20.43741079999997 ], [ 164.1611249, -20.425660900000022 ], [ 164.1562941, -20.4203937 ], [ 164.151358233814051, -20.417606284750843 ], [ 164.139202607199564, -20.41573229997773 ], [ 164.1361776, -20.407641300000012 ], [ 164.12592051485737, -20.402349461395659 ], [ 164.126393399999984, -20.39115019999997 ], [ 164.1166446, -20.3714796 ], [ 164.118510857098471, -20.369658630692633 ], [ 164.121240500462733, -20.379330449747169 ] ], [ [ 164.213193990033204, -20.518708633127019 ], [ 164.214541277223816, -20.522652320643335 ], [ 164.2149853, -20.5169367 ], [ 164.21400749999998, -20.5188083 ], [ 164.213242499999978, -20.5169126 ], [ 164.2132484, -20.518817700000024 ], [ 164.213193990033204, -20.518708633127019 ] ], [ [ 164.283124714412224, -20.564529487683448 ], [ 164.2810331, -20.5666923 ], [ 164.278421189186645, -20.565265592859742 ], [ 164.278305499999988, -20.5671606 ], [ 164.2850119, -20.570395599999969 ], [ 164.29281662871719, -20.568871852384536 ], [ 164.287127699999985, -20.5683755 ], [ 164.2898466, -20.564603800000029 ], [ 164.284550010036725, -20.565680876625205 ], [ 164.283124714412224, -20.564529487683448 ] ] ], [ [ [ 164.241217381789653, -20.552140040501609 ], [ 164.244369582708032, -20.554407712248462 ], [ 164.240711749336072, -20.553578388329047 ], [ 164.242557018359435, -20.553793235727721 ], [ 164.241217381789653, -20.552140040501609 ] ] ], [ [ [ 164.22296611411349, -20.553506775063685 ], [ 164.2231333, -20.551428 ], [ 164.225539701568579, -20.550223235925095 ], [ 164.22296611411349, -20.553506775063685 ] ] ], [ [ [ 164.187747470222376, -20.560503310500067 ], [ 164.183346799999981, -20.558353300000029 ], [ 164.182703, -20.5562164 ], [ 164.187747470222376, -20.560503310500067 ] ] ], [ [ [ 164.127450899999985, -20.4724452 ], [ 164.127311, -20.467990699999973 ], [ 164.130029256954373, -20.466156413182453 ], [ 164.127450899999985, -20.4724452 ] ] ], [ [ [ 164.118015549266801, -20.510439316507092 ], [ 164.119270588656804, -20.508777397582843 ], [ 164.1193008, -20.510646799999957 ], [ 164.118015549266801, -20.510439316507092 ] ] ], [ [ [ 164.106451698867971, -20.359887032252331 ], [ 164.103238649746118, -20.362733999212939 ], [ 164.102515192451875, -20.359469711598361 ], [ 164.106451698867971, -20.359887032252331 ] ] ], [ [ [ 164.081742465228245, -20.368965981977123 ], [ 164.084980076250673, -20.365501284685898 ], [ 164.084583254439195, -20.368491295175478 ], [ 164.081742465228245, -20.368965981977123 ] ] ], [ [ [ 164.07786723149448, -20.457111338924246 ], [ 164.0790969, -20.454999200000024 ], [ 164.079465480582712, -20.457358860563303 ], [ 164.07786723149448, -20.457111338924246 ] ] ], [ [ [ 164.038991137655472, -20.406926664372779 ], [ 164.0326307, -20.4056648 ], [ 164.036403752708964, -20.404082623657246 ], [ 164.038991137655472, -20.406926664372779 ] ] ] ] } },
{ "type": "Feature", "properties": { "province": "Province Nord", "commune": "Kouaoua" }, "geometry": { "type": "MultiPolygon", "coordinates": [ [ [ [ 165.82455845145671, -21.390345872764573 ], [ 165.826620453660325, -21.388020498182158 ], [ 165.832233267198518, -21.393537081476829 ], [ 165.83052236263083, -21.396931986125949 ], [ 165.830140099122559, -21.393982070125595 ], [ 165.825119463194397, -21.39071136383043 ], [ 165.825050357234801, -21.391816513384576 ], [ 165.830024820586033, -21.394085944725028 ], [ 165.830510299999986, -21.397881399999985 ], [ 165.833556, -21.397724900000011 ], [ 165.834593650127971, -21.408560374861022 ], [ 165.837435, -21.409165 ], [ 165.839024, -21.412870200000015 ], [ 165.844030899999979, -21.414610900000032 ], [ 165.84385198953845, -21.41763733707651 ], [ 165.846223499999979, -21.420453500000011 ], [ 165.848693214784049, -21.420878731704867 ], [ 165.850667600605902, -21.41835200009632 ], [ 165.858631299999985, -21.420975699999989 ], [ 165.860340876137968, -21.417564220233636 ], [ 165.8636277, -21.420999599999973 ], [ 165.86436986929624, -21.420127693692429 ], [ 165.865302982022968, -21.424197015861651 ], [ 165.86448950844931, -21.420014186007776 ], [ 165.8625994, -21.419811099999986 ], [ 165.861382615299163, -21.416832283612834 ], [ 165.857350509650558, -21.416935384190754 ], [ 165.8508254, -21.412591 ], [ 165.848568028841669, -21.407673791958988 ], [ 165.8455444, -21.407072299999967 ], [ 165.847203721539984, -21.406093372347744 ], [ 165.846946443223658, -21.403308391744673 ], [ 165.84139530593086, -21.396502070345758 ], [ 165.840582027625572, -21.390718667501261 ], [ 165.834383609817223, -21.386596116946411 ], [ 165.842263029622387, -21.382603261932964 ], [ 165.84385700515881, -21.373236900590111 ], [ 165.861852699999986, -21.371589400000026 ], [ 165.86504578178176, -21.375303933139197 ], [ 165.867190199999982, -21.380614299999984 ], [ 165.866473477547487, -21.383442321671964 ], [ 165.871715386505741, -21.393624909349874 ], [ 165.8843039, -21.397799699999986 ], [ 165.875603044773044, -21.38529163904024 ], [ 165.876615924920031, -21.381728321160995 ], [ 165.8787729, -21.38179330000002 ], [ 165.8826177, -21.377798700000014 ], [ 165.88179920838914, -21.365763320134068 ], [ 165.872534235093241, -21.355439032594926 ], [ 165.881838718298866, -21.358228255642594 ], [ 165.887597552400337, -21.368054608738706 ], [ 165.888367669856706, -21.373128297981324 ], [ 165.895928925257067, -21.388263613613759 ], [ 165.894996435707043, -21.393431036887002 ], [ 165.897394406342443, -21.394890933540715 ], [ 165.900693173640803, -21.405138453025859 ], [ 165.898626934771045, -21.415911913154783 ], [ 165.894167853359193, -21.426066614387288 ], [ 165.896855274151278, -21.428177945725711 ], [ 165.894771074004581, -21.436135257134382 ], [ 165.897419356702358, -21.439881121863138 ], [ 165.893444797884257, -21.445888527717756 ], [ 165.898152852221529, -21.451058615538546 ], [ 165.8995366044376, -21.455606153239675 ], [ 165.898351534281517, -21.457202762430889 ], [ 165.888490036391914, -21.459424730613563 ], [ 165.884103053346138, -21.457817013609969 ], [ 165.873999124647469, -21.458192874815342 ], [ 165.869817999456103, -21.461312926873926 ], [ 165.862564966376937, -21.475567305721917 ], [ 165.863663608271708, -21.478984042112447 ], [ 165.869937365008496, -21.481588900136394 ], [ 165.872450516463772, -21.488906645700244 ], [ 165.868493672795296, -21.489166459889105 ], [ 165.866573390410764, -21.492037529164627 ], [ 165.862010731105187, -21.493991414601908 ], [ 165.858990221922539, -21.497693505564826 ], [ 165.859703840647569, -21.499327160641158 ], [ 165.842663984265641, -21.516327682071914 ], [ 165.846688821255384, -21.520235085491073 ], [ 165.846759045175673, -21.523729670248056 ], [ 165.849493908777106, -21.524464799039595 ], [ 165.854714297538095, -21.538352981490302 ], [ 165.84965671901233, -21.547631413558072 ], [ 165.851407146991363, -21.554825647352246 ], [ 165.854044122873461, -21.555112510612684 ], [ 165.856145200291849, -21.557985636386555 ], [ 165.855699308478222, -21.563705159683998 ], [ 165.833386569469241, -21.575560551637945 ], [ 165.8227743, -21.5620854 ], [ 165.8178601, -21.55894590000003 ], [ 165.815300400000012, -21.5598318 ], [ 165.814602399999984, -21.557483400000024 ], [ 165.8085309, -21.557425500000011 ], [ 165.8078212, -21.56603990000001 ], [ 165.8046531, -21.567512 ], [ 165.801088694440665, -21.564991689833359 ], [ 165.795758799999987, -21.553531400000026 ], [ 165.7910056, -21.54942680000001 ], [ 165.779768587927776, -21.547112781460523 ], [ 165.776181913849086, -21.547993704000827 ], [ 165.7764406, -21.5438943 ], [ 165.771467, -21.5388442 ], [ 165.765993720753443, -21.538165287672996 ], [ 165.761127306291428, -21.533728897635484 ], [ 165.751924299999985, -21.533225599999987 ], [ 165.751264420245576, -21.535220179777891 ], [ 165.7389426, -21.535917100000031 ], [ 165.731360031468597, -21.533191461888631 ], [ 165.7266799, -21.528510600000025 ], [ 165.7229647, -21.52788910000001 ], [ 165.715562299999988, -21.5205203 ], [ 165.70944609999998, -21.5198675 ], [ 165.7074041, -21.521172399999983 ], [ 165.700254980816396, -21.515722853395921 ], [ 165.699198113449057, -21.519220873197256 ], [ 165.695129669838337, -21.518564657246998 ], [ 165.685118974750822, -21.521084083516921 ], [ 165.674567510605101, -21.514224076334052 ], [ 165.66155150000003, -21.5237471 ], [ 165.6523056, -21.514071299999987 ], [ 165.642481953871567, -21.510053964727422 ], [ 165.638699299999985, -21.506991 ], [ 165.636714529442941, -21.501979608107817 ], [ 165.63157037165027, -21.499916493274778 ], [ 165.639277591312094, -21.489161249769666 ], [ 165.636932333881248, -21.480396202679568 ], [ 165.640199502129462, -21.47688418651741 ], [ 165.64490663537174, -21.476146462123818 ], [ 165.647315279773153, -21.472311639184124 ], [ 165.653354811103128, -21.470382277312549 ], [ 165.65971298961648, -21.461905388243412 ], [ 165.665514504645841, -21.460551561619091 ], [ 165.670161522253267, -21.461508610262555 ], [ 165.676247832906569, -21.458773152736971 ], [ 165.682847478729741, -21.460755612116582 ], [ 165.693343791824702, -21.457056573299393 ], [ 165.696432415274046, -21.453509522894965 ], [ 165.704985420530647, -21.437884406108182 ], [ 165.70276541554253, -21.435417639002573 ], [ 165.704185487427736, -21.427643525301999 ], [ 165.702553513823091, -21.425975791073782 ], [ 165.703198247750692, -21.422025592752174 ], [ 165.706543937371237, -21.41975284252851 ], [ 165.706915398030048, -21.414061456207683 ], [ 165.714062766216216, -21.411159569123669 ], [ 165.723656979416802, -21.401430918113423 ], [ 165.724616543313516, -21.398347327410974 ], [ 165.732549245412343, -21.393449187150523 ], [ 165.734706882913059, -21.389228288577989 ], [ 165.745396309128978, -21.386130057040905 ], [ 165.747086489281429, -21.378924175527743 ], [ 165.740954400271477, -21.373415408320039 ], [ 165.742107373685116, -21.3695784579837 ], [ 165.738492763157694, -21.364653827253338 ], [ 165.739878325619429, -21.362664428284575 ], [ 165.746164443136564, -21.36205234389616 ], [ 165.763371257118166, -21.356402564239445 ], [ 165.765047353133667, -21.354540047615561 ], [ 165.772318429131673, -21.355928045745802 ], [ 165.778392727589278, -21.352869521780413 ], [ 165.780062873778746, -21.349047913568555 ], [ 165.783631995040338, -21.348418171203555 ], [ 165.785327701513893, -21.344344987473818 ], [ 165.789289644621533, -21.341319581919642 ], [ 165.793635099999989, -21.3459202 ], [ 165.804334761490793, -21.344400026206785 ], [ 165.807622377984785, -21.346438997903586 ], [ 165.800996974582972, -21.351168038905193 ], [ 165.8013392, -21.35498209999998 ], [ 165.798319556109277, -21.361153091706857 ], [ 165.801483607386302, -21.355502342446318 ], [ 165.804988, -21.357458899999976 ], [ 165.8094561, -21.3540034 ], [ 165.817132797447272, -21.35446950632549 ], [ 165.8204021, -21.3517877 ], [ 165.821515800760096, -21.356345315932682 ], [ 165.826756868910877, -21.355016494867133 ], [ 165.8329296, -21.360469599999956 ], [ 165.8217574, -21.36718350000001 ], [ 165.8226704, -21.371995399999985 ], [ 165.826782799999989, -21.3760457 ], [ 165.8186306, -21.3782784 ], [ 165.82009846909861, -21.38315049095273 ], [ 165.822903066998521, -21.38561690455737 ], [ 165.8193899, -21.388304 ], [ 165.819642598456056, -21.39230370678818 ], [ 165.822831399999984, -21.3955021 ], [ 165.822258221985209, -21.390568093319082 ], [ 165.824118779112695, -21.389365334296148 ], [ 165.8229045, -21.392131 ], [ 165.82482794339262, -21.390521443343324 ], [ 165.82455845145671, -21.390345872764573 ] ] ], [ [ [ 165.823482021827033, -21.387577757527922 ], [ 165.823435428299632, -21.386024138792809 ], [ 165.8252561, -21.387408799999985 ], [ 165.823482021827033, -21.387577757527922 ] ] ], [ [ [ 165.822250260956935, -21.387033069740305 ], [ 165.8208128, -21.391988599999983 ], [ 165.820388719786564, -21.387759143562693 ], [ 165.822250260956935, -21.387033069740305 ] ] ] ] } },
{ "type": "Feature", "properties": { "province": "Province Nord", "commune": "Houaïlou" }, "geometry": { "type": "MultiPolygon", "coordinates": [ [ [ [ 165.548531490487221, -21.139457335150038 ], [ 165.545162982887518, -21.143460868048368 ], [ 165.535872955953295, -21.148553717296242 ], [ 165.5380414, -21.1531212 ], [ 165.54250826446318, -21.154341031697086 ], [ 165.547627119899175, -21.148736797504611 ], [ 165.5506006, -21.1498826 ], [ 165.5586458, -21.1464259 ], [ 165.5845668, -21.170572100000012 ], [ 165.610743099999979, -21.1825997 ], [ 165.612184565735134, -21.191564411684155 ], [ 165.618088682562899, -21.198381698595327 ], [ 165.618998399999981, -21.2042249 ], [ 165.610187453738945, -21.208478274680225 ], [ 165.602462649480202, -21.206482598543587 ], [ 165.599821699544265, -21.207331871972123 ], [ 165.593497499999984, -21.2020632 ], [ 165.582034886379915, -21.198796757345054 ], [ 165.58165649999998, -21.1959331 ], [ 165.571223824630096, -21.192328588461411 ], [ 165.5681645, -21.193066300000027 ], [ 165.56688920958203, -21.189221454711127 ], [ 165.559987299999989, -21.183003399999969 ], [ 165.551572599999986, -21.181380300000022 ], [ 165.547223357826397, -21.188543821401812 ], [ 165.5507615, -21.189342499999977 ], [ 165.550725275817086, -21.192140177284571 ], [ 165.5526979, -21.1937795 ], [ 165.557104822700609, -21.19383612286919 ], [ 165.5569971, -21.195421799999988 ], [ 165.5590345, -21.1940991 ], [ 165.5597162, -21.1962344 ], [ 165.571064501596197, -21.202728701773331 ], [ 165.573484185372621, -21.205799048208672 ], [ 165.57285068542555, -21.204108632931376 ], [ 165.582621661902124, -21.212732301959338 ], [ 165.595388016843117, -21.219160940315337 ], [ 165.601253, -21.2247869 ], [ 165.5997284, -21.2269961 ], [ 165.601537986440775, -21.225941543421655 ], [ 165.606176299999987, -21.238212099999984 ], [ 165.614712672562121, -21.245818359761216 ], [ 165.611068790751773, -21.249425220237818 ], [ 165.614033399999983, -21.2513531 ], [ 165.613095390020902, -21.252134139744808 ], [ 165.6141116, -21.251734100000018 ], [ 165.615264879083895, -21.24729754965885 ], [ 165.617868768600971, -21.2552310904527 ], [ 165.624670304910467, -21.260983948826148 ], [ 165.6250785, -21.2692662 ], [ 165.625442701195425, -21.265118901516342 ], [ 165.627424199999979, -21.2660427 ], [ 165.6242828, -21.2708669 ], [ 165.62119466616258, -21.271081596572596 ], [ 165.624227705474368, -21.271295846407305 ], [ 165.6218519, -21.2716535 ], [ 165.623287399999981, -21.272230600000011 ], [ 165.622517309716301, -21.273557244896036 ], [ 165.627653400000014, -21.268346300000047 ], [ 165.629475413270029, -21.270884583289735 ], [ 165.630096723555255, -21.270015538445495 ], [ 165.631238, -21.2706842 ], [ 165.628889, -21.274532599999983 ], [ 165.620078393523585, -21.273627155767315 ], [ 165.621129413888951, -21.271086132487895 ], [ 165.619917099999981, -21.2711704 ], [ 165.618649290632135, -21.273400694728792 ], [ 165.618583489828893, -21.275353600704602 ], [ 165.62400585296399, -21.276034701020247 ], [ 165.62052989999998, -21.279682 ], [ 165.624626266537518, -21.276112027848768 ], [ 165.623463499999986, -21.2781895 ], [ 165.632583840695133, -21.273514842717312 ], [ 165.635498659061682, -21.280024796378246 ], [ 165.635070099999979, -21.2757466 ], [ 165.6371748, -21.2752077 ], [ 165.63678156073874, -21.279331799732425 ], [ 165.639407399999982, -21.28252310000002 ], [ 165.6362715, -21.282279699999968 ], [ 165.638777507195556, -21.284305090773788 ], [ 165.63978818044464, -21.282680519562927 ], [ 165.637205500000022, -21.278501400000035 ], [ 165.638061740860167, -21.275260819345132 ], [ 165.6395593, -21.274832 ], [ 165.639291634627114, -21.277254699683184 ], [ 165.64076623475475, -21.273422607625864 ], [ 165.640047399117236, -21.269664500161898 ], [ 165.645751499999989, -21.272527900000011 ], [ 165.650835199999989, -21.278589299999989 ], [ 165.658087, -21.278828099999988 ], [ 165.6630074561279, -21.282701936995025 ], [ 165.672878717325062, -21.286499309760302 ], [ 165.6851912, -21.286963199999988 ], [ 165.692016916560902, -21.284802025622476 ], [ 165.695283670260295, -21.28579081324402 ], [ 165.703483822079988, -21.290444737531544 ], [ 165.714764391839878, -21.303766417513099 ], [ 165.721058722387539, -21.303300997012013 ], [ 165.721457699224175, -21.30113724593442 ], [ 165.736610073991471, -21.297501628183593 ], [ 165.739492680865482, -21.294209003031742 ], [ 165.743164799999988, -21.298485 ], [ 165.7598797, -21.2991245 ], [ 165.763560800000022, -21.304459599999966 ], [ 165.781614499999989, -21.3211561 ], [ 165.7812193, -21.3241004 ], [ 165.785826771106628, -21.329576658892549 ], [ 165.784005536654178, -21.328572724217167 ], [ 165.783284499999979, -21.3308183 ], [ 165.778832280102392, -21.332275984342555 ], [ 165.773025099999984, -21.3306736 ], [ 165.780241187159959, -21.333075297165674 ], [ 165.77640710412652, -21.335952876710074 ], [ 165.774133899999981, -21.3343746 ], [ 165.768418442518652, -21.336914871393461 ], [ 165.766173316984379, -21.340129691448304 ], [ 165.764161791911732, -21.339367582977932 ], [ 165.7640476, -21.339846 ], [ 165.766561790781822, -21.340362925897185 ], [ 165.768384699999984, -21.337342900000014 ], [ 165.773978795251651, -21.334859411882423 ], [ 165.775514255150995, -21.336230920611367 ], [ 165.772503879768266, -21.337099547568823 ], [ 165.778258538152613, -21.335805717974338 ], [ 165.7816023, -21.332688 ], [ 165.783925899999986, -21.335074900000038 ], [ 165.7854567, -21.33189609999998 ], [ 165.785812569031179, -21.334344221936302 ], [ 165.785784, -21.3299829 ], [ 165.789289644621533, -21.341319581919642 ], [ 165.785327701513893, -21.344344987473818 ], [ 165.783631995040338, -21.348418171203555 ], [ 165.780062873778746, -21.349047913568555 ], [ 165.778392727589278, -21.352869521780413 ], [ 165.772318429131673, -21.355928045745802 ], [ 165.765047353133667, -21.354540047615561 ], [ 165.763371257118166, -21.356402564239445 ], [ 165.746164443136564, -21.36205234389616 ], [ 165.739684681175305, -21.362827559193196 ], [ 165.738545930333856, -21.364883339046326 ], [ 165.742107373685116, -21.3695784579837 ], [ 165.740954400271477, -21.373415408320039 ], [ 165.747086489281429, -21.378924175527743 ], [ 165.745396309128978, -21.386130057040905 ], [ 165.734706882913059, -21.389228288577989 ], [ 165.732549245412343, -21.393449187150523 ], [ 165.724616543313516, -21.398347327410974 ], [ 165.723656979416802, -21.401430918113423 ], [ 165.714062766216216, -21.411159569123669 ], [ 165.706915398030048, -21.414061456207683 ], [ 165.706543937371237, -21.41975284252851 ], [ 165.703198247750692, -21.422025592752174 ], [ 165.702553513823091, -21.425975791073782 ], [ 165.704185487427736, -21.427643525301999 ], [ 165.70276541554253, -21.435417639002573 ], [ 165.704985420530647, -21.437884406108182 ], [ 165.696432415274046, -21.453509522894965 ], [ 165.693343791824702, -21.457056573299393 ], [ 165.682847478729741, -21.460755612116582 ], [ 165.676247832906569, -21.458773152736971 ], [ 165.670161522253267, -21.461508610262555 ], [ 165.665514504645841, -21.460551561619091 ], [ 165.65971298961648, -21.461905388243412 ], [ 165.653354811103128, -21.470382277312549 ], [ 165.647315279773153, -21.472311639184124 ], [ 165.64490663537174, -21.476146462123818 ], [ 165.640199502129462, -21.47688418651741 ], [ 165.636932333881248, -21.480396202679568 ], [ 165.639277591312094, -21.489161249769666 ], [ 165.631982213206726, -21.499678894128262 ], [ 165.6291319, -21.500557900000015 ], [ 165.623493803947412, -21.498726255864881 ], [ 165.622896, -21.49322189999998 ], [ 165.614454507872665, -21.483850887558965 ], [ 165.6002569, -21.476795699999986 ], [ 165.598238103730182, -21.47430508782292 ], [ 165.5987778, -21.471877500000012 ], [ 165.5911597, -21.470287399999979 ], [ 165.587449229355286, -21.473714656049349 ], [ 165.583103897573636, -21.474513452136353 ], [ 165.575517599999984, -21.4711596 ], [ 165.5714716, -21.4723325 ], [ 165.5702579, -21.4687698 ], [ 165.565807399999983, -21.467113800000028 ], [ 165.562734017392955, -21.461616627060337 ], [ 165.564321299999989, -21.457786799999944 ], [ 165.5665898, -21.458459 ], [ 165.5676116, -21.454646100000023 ], [ 165.572922526348322, -21.450647775935771 ], [ 165.573117199999984, -21.4464333 ], [ 165.5710225, -21.443228799999986 ], [ 165.5658718, -21.441543400000011 ], [ 165.562302163767356, -21.444360060497115 ], [ 165.559902135609093, -21.438054171192345 ], [ 165.561255499999987, -21.433334500000029 ], [ 165.556038218019637, -21.432546680053619 ], [ 165.557472007942806, -21.430626823676054 ], [ 165.556480725748116, -21.428163795036276 ], [ 165.549059496477042, -21.426867994275248 ], [ 165.545613100000025, -21.423041800000014 ], [ 165.544051937693411, -21.424062480973674 ], [ 165.537951199999981, -21.419510500000015 ], [ 165.533653499999986, -21.419740399999988 ], [ 165.5330227, -21.42168 ], [ 165.526307577688129, -21.420974854905463 ], [ 165.522861299999988, -21.4233728 ], [ 165.5218599023259, -21.4281922718312 ], [ 165.513565699999987, -21.430219499999978 ], [ 165.510329383316105, -21.425764274258327 ], [ 165.504468634163572, -21.422678999905862 ], [ 165.500063499999982, -21.412931500000028 ], [ 165.49104639321331, -21.410161080939769 ], [ 165.486884936001047, -21.412540580587205 ], [ 165.479896699999983, -21.406679199999971 ], [ 165.470921799999985, -21.4151872 ], [ 165.4705629, -21.4179379 ], [ 165.4666991, -21.419510299999988 ], [ 165.4658069, -21.423964700000035 ], [ 165.458461197032051, -21.426822059093222 ], [ 165.456344788311782, -21.430579678824358 ], [ 165.450546170127154, -21.432952462813041 ], [ 165.442659400000025, -21.4317398 ], [ 165.435484964395187, -21.444238369744603 ], [ 165.4275189, -21.441186099999989 ], [ 165.424820636533298, -21.436710786734285 ], [ 165.417365210884839, -21.434301558797578 ], [ 165.415147499999989, -21.427202 ], [ 165.409404017824585, -21.424052851012267 ], [ 165.401895748513994, -21.422361168917543 ], [ 165.396836366134181, -21.418709271303019 ], [ 165.390557998424498, -21.419602999086369 ], [ 165.380486823553611, -21.41648417637402 ], [ 165.3782249, -21.412797299999976 ], [ 165.374512038380487, -21.411793503078641 ], [ 165.373018717620567, -21.402258288178846 ], [ 165.374768107622799, -21.399106153371928 ], [ 165.3741178, -21.393616899999987 ], [ 165.3717749, -21.390934500000014 ], [ 165.37038339999998, -21.3825926 ], [ 165.363914324297866, -21.377007331338806 ], [ 165.363326628055603, -21.370407771751424 ], [ 165.360786910713045, -21.368892415777182 ], [ 165.36032419999998, -21.365610199999974 ], [ 165.355667521120409, -21.362756663155629 ], [ 165.352606522113717, -21.364071196694884 ], [ 165.351138613536278, -21.362344882977489 ], [ 165.36588665618342, -21.350003530316858 ], [ 165.368446696202511, -21.345950547912661 ], [ 165.367116898853595, -21.342427713103124 ], [ 165.368387524861987, -21.341192984924923 ], [ 165.351999325829269, -21.339083967074327 ], [ 165.352785210374833, -21.336357228524818 ], [ 165.342757115603149, -21.328303086918641 ], [ 165.336112378362941, -21.31423879471955 ], [ 165.331650774798817, -21.311478376987118 ], [ 165.343576175981923, -21.304707360629447 ], [ 165.350522956453375, -21.307982334431696 ], [ 165.348952769769539, -21.316373424944683 ], [ 165.360292838207528, -21.319381576594864 ], [ 165.363750226964129, -21.331195095852337 ], [ 165.370017792239082, -21.331912171902747 ], [ 165.3709794995724, -21.328519789188018 ], [ 165.368956267106881, -21.326806955832513 ], [ 165.370612201839066, -21.320809005058443 ], [ 165.366995200272328, -21.320301074487695 ], [ 165.367924779669295, -21.315822207138702 ], [ 165.366359985635427, -21.314581424984056 ], [ 165.36981866068092, -21.306926393782046 ], [ 165.366601844482972, -21.29973654028656 ], [ 165.36823032118113, -21.296944895321385 ], [ 165.367605948985783, -21.293097330441711 ], [ 165.358038850199932, -21.284474673406102 ], [ 165.356614335096111, -21.27770954188647 ], [ 165.350624710247814, -21.275392065001718 ], [ 165.343799197841577, -21.26753267160802 ], [ 165.34683209143941, -21.265187779713472 ], [ 165.355299006894711, -21.265584162188944 ], [ 165.357076974682997, -21.2623843505616 ], [ 165.355121194283015, -21.253715993537124 ], [ 165.355705986406065, -21.248506337096821 ], [ 165.357349552867078, -21.247561581208878 ], [ 165.353725199083641, -21.23709127287724 ], [ 165.357966979319059, -21.226479329823473 ], [ 165.363117960543946, -21.227273642864706 ], [ 165.367831486133724, -21.221968482556012 ], [ 165.3784741289235, -21.222238875741283 ], [ 165.387995198095979, -21.226324447133809 ], [ 165.392847828573622, -21.23037995853629 ], [ 165.395834199226556, -21.23780582028515 ], [ 165.402698174262639, -21.24079532301884 ], [ 165.406270841346441, -21.24027276778116 ], [ 165.413526030550685, -21.24497179307992 ], [ 165.420790784044641, -21.243227314930401 ], [ 165.430439201570493, -21.246924299695344 ], [ 165.434374515122641, -21.246992299369929 ], [ 165.438050462576143, -21.241566599898146 ], [ 165.445167702396958, -21.23754671523675 ], [ 165.453957467473344, -21.242688583476006 ], [ 165.461291474167126, -21.24347342214779 ], [ 165.468386630561355, -21.241227768834076 ], [ 165.470356799665268, -21.238410991243462 ], [ 165.475894500429206, -21.238275453241023 ], [ 165.479547069564887, -21.23500541295218 ], [ 165.483470684375021, -21.226575652847323 ], [ 165.470681192728591, -21.214863474749048 ], [ 165.473869136770929, -21.21095781851135 ], [ 165.477174746871697, -21.211129541226171 ], [ 165.482762912444628, -21.207845110195606 ], [ 165.482753195449249, -21.200547156592879 ], [ 165.480045159420285, -21.197565061055002 ], [ 165.481565901950972, -21.19716539743985 ], [ 165.482248772444194, -21.191117410158864 ], [ 165.492212982269166, -21.193217880746719 ], [ 165.492850545705949, -21.189125615297666 ], [ 165.497746921642488, -21.188721926334011 ], [ 165.498484273183351, -21.183843879500287 ], [ 165.505309783489821, -21.186971500060256 ], [ 165.510219582385503, -21.186136579217031 ], [ 165.513156634866192, -21.176600798500075 ], [ 165.517453957739633, -21.172028716338357 ], [ 165.521319097811386, -21.17167779120388 ], [ 165.522797474510185, -21.168056197276655 ], [ 165.520915503937147, -21.165867129058807 ], [ 165.521294502897689, -21.16245749878977 ], [ 165.517641622506744, -21.160033187891855 ], [ 165.516552839700836, -21.156951296282109 ], [ 165.520710061553359, -21.150063763566788 ], [ 165.520640469048203, -21.146653085343111 ], [ 165.526668888650704, -21.142578751456945 ], [ 165.534357388008715, -21.14374112350464 ], [ 165.540294040504165, -21.13803062210394 ], [ 165.543564938307668, -21.137311356591688 ], [ 165.548531490487221, -21.139457335150038 ] ], [ [ 165.611921935837643, -21.253111204357875 ], [ 165.611266762363897, -21.253656718565733 ], [ 165.6141202, -21.254048899999976 ], [ 165.611769467314673, -21.254992426970563 ], [ 165.610595673450973, -21.259396271017952 ], [ 165.61187314124399, -21.255005377249567 ], [ 165.614218199999982, -21.2540349 ], [ 165.611921935837643, -21.253111204357875 ] ], [ [ 165.641390462599048, -21.286416818657067 ], [ 165.64212180010108, -21.287007849806987 ], [ 165.643786925942663, -21.285543289595353 ], [ 165.640876642037142, -21.284441711149917 ], [ 165.64012473665025, -21.283225091579634 ], [ 165.641390462599048, -21.286416818657067 ] ], [ [ 165.765124313118605, -21.335334888079505 ], [ 165.7660224, -21.3321273 ], [ 165.764206577458793, -21.33120859882612 ], [ 165.765878983090261, -21.332172871786021 ], [ 165.765124313118605, -21.335334888079505 ] ], [ [ 165.78117527205967, -21.327012506309998 ], [ 165.780699220921662, -21.326750069310517 ], [ 165.776194300000014, -21.3296115 ], [ 165.78117527205967, -21.327012506309998 ] ] ], [ [ [ 165.781588154415601, -21.331967532012698 ], [ 165.7845102, -21.3311767 ], [ 165.78409929999998, -21.3346358 ], [ 165.781588154415601, -21.331967532012698 ] ] ], [ [ [ 165.635676524022557, -21.275378873606371 ], [ 165.634007138807505, -21.272992741794496 ], [ 165.635971499999982, -21.2712216 ], [ 165.638735014710193, -21.271823948088478 ], [ 165.635676524022557, -21.275378873606371 ] ] ], [ [ [ 165.636572299999983, -21.2693864 ], [ 165.6333713, -21.270135199999984 ], [ 165.632001399999979, -21.267867399999982 ], [ 165.6321244, -21.2711257 ], [ 165.630720699999983, -21.266061100000016 ], [ 165.636572299999983, -21.2693864 ] ] ], [ [ [ 165.625661418298506, -21.261787219300089 ], [ 165.629802499857334, -21.265154928967537 ], [ 165.629743648288866, -21.266706378092127 ], [ 165.6279815, -21.264273299999974 ], [ 165.62917969999998, -21.2674542 ], [ 165.625661418298506, -21.261787219300089 ] ] ], [ [ [ 165.557748209732125, -21.189906754350655 ], [ 165.558863657612875, -21.190918703981247 ], [ 165.5575268, -21.194491299999981 ], [ 165.557748209732125, -21.189906754350655 ] ] ] ] } },
{ "type": "Feature", "properties": { "province": "Province Nord", "commune": "Pouembout" }, "geometry": { "type": "MultiPolygon", "coordinates": [ [ [ [ 164.859879466060676, -21.130328635102902 ], [ 164.8567305, -21.1320417 ], [ 164.856826729818692, -21.134188463630746 ], [ 164.852991937391977, -21.132238197491503 ], [ 164.856263179726852, -21.132601117780002 ], [ 164.858617095895795, -21.129152808050563 ], [ 164.859879466060676, -21.130328635102902 ] ] ], [ [ [ 164.859885517561821, -21.130325342937894 ], [ 164.859191, -21.1273915 ], [ 164.860571540102626, -21.128119411289369 ], [ 164.8598384, -21.126077 ], [ 164.862196689277482, -21.124596919695566 ], [ 164.8657796, -21.124360900000013 ], [ 164.8662066, -21.1228271 ], [ 164.870333199799745, -21.124518446132967 ], [ 164.86416330000003, -21.119023800000047 ], [ 164.854956413078867, -21.118162510757962 ], [ 164.8566109, -21.1120236 ], [ 164.8551148, -21.111242799999989 ], [ 164.864485011685531, -21.109375214527532 ], [ 164.8673091, -21.1074178 ], [ 164.864868285772275, -21.105237593713706 ], [ 164.874073500646034, -21.102159158715743 ], [ 164.8759793041622, -21.101878603691922 ], [ 164.877106232571691, -21.111074172207335 ], [ 164.891003096302228, -21.107535210981929 ], [ 164.906471655486087, -21.106518593439038 ], [ 164.932900231631834, -21.098726277792704 ], [ 164.936016427110445, -21.074503894562113 ], [ 164.939366531551315, -21.078331611365201 ], [ 164.946391761513553, -21.078148045282543 ], [ 164.948764258977462, -21.075941198263997 ], [ 164.952224209871986, -21.077942052241582 ], [ 164.953974641660039, -21.076144819925442 ], [ 164.963464838888513, -21.076455357364118 ], [ 164.968521545255925, -21.07257524320239 ], [ 164.969735286129264, -21.076003427602974 ], [ 164.97979559275052, -21.077104436710325 ], [ 164.983190760626144, -21.074761054805595 ], [ 164.983516429118907, -21.069142144690378 ], [ 164.988264349244787, -21.06836418715357 ], [ 164.988645548324996, -21.066413041304457 ], [ 164.984016558523535, -21.057385704194349 ], [ 164.976099398461656, -21.051795851717394 ], [ 164.977329124022646, -21.04819400912897 ], [ 164.983769994180221, -21.048666754756706 ], [ 164.9911023002295, -21.051691482033299 ], [ 164.99376823234897, -21.04790389207982 ], [ 165.009180641192955, -21.051716031816778 ], [ 165.01091173385376, -21.050841908832449 ], [ 165.009239334477513, -21.049930687994102 ], [ 165.01380238421487, -21.047105170116257 ], [ 165.014875244844262, -21.038818504031287 ], [ 165.012876015633879, -21.034439264070784 ], [ 165.025230359867692, -21.034479564644659 ], [ 165.025485080923175, -21.040953681196427 ], [ 165.037891374958605, -21.04143052459878 ], [ 165.039039661236274, -21.038927657532209 ], [ 165.036530113891814, -21.031345417510263 ], [ 165.048057947079741, -21.030348939074287 ], [ 165.049090318614702, -21.027647690502825 ], [ 165.056914797608982, -21.027474894982529 ], [ 165.064164864585109, -21.024467846391918 ], [ 165.073504904286864, -21.026152362401195 ], [ 165.075649710604324, -21.03193107977312 ], [ 165.080463855753749, -21.036360711670667 ], [ 165.08924848850495, -21.037027794670131 ], [ 165.096898897895926, -21.033489056580077 ], [ 165.11450443680215, -21.047777505408753 ], [ 165.119055064301648, -21.044683247485196 ], [ 165.129006489685736, -21.045413930600663 ], [ 165.136280852723758, -21.041520863404489 ], [ 165.14507149373307, -21.040444246295518 ], [ 165.149315801529184, -21.049205024645527 ], [ 165.146043442521659, -21.053428353357337 ], [ 165.145043682016336, -21.060669026718493 ], [ 165.141413318416653, -21.065303461505302 ], [ 165.140204579553739, -21.073747735782902 ], [ 165.141447402108412, -21.0770142202493 ], [ 165.138229909324906, -21.085584752900406 ], [ 165.140327199849878, -21.092008470063245 ], [ 165.138755616889682, -21.096091833216423 ], [ 165.132817993922743, -21.097146413878214 ], [ 165.132611357438151, -21.106675153564016 ], [ 165.130319874805963, -21.113168683155518 ], [ 165.13282313444202, -21.11561300529063 ], [ 165.132590002386536, -21.12376994164806 ], [ 165.136321266356362, -21.126939017641927 ], [ 165.137151103544937, -21.136134004392794 ], [ 165.138894923925818, -21.137272781608313 ], [ 165.140606433199963, -21.144906230774222 ], [ 165.135452955804652, -21.146966446212165 ], [ 165.132290148035736, -21.151058778015383 ], [ 165.129414303224678, -21.151294232527665 ], [ 165.128484998412432, -21.154730608472573 ], [ 165.124780045836644, -21.157206022645909 ], [ 165.132656480055687, -21.159596976285279 ], [ 165.137257668433705, -21.165047216326723 ], [ 165.133271697303911, -21.170504644855896 ], [ 165.134923561521958, -21.17302627999852 ], [ 165.134107044367198, -21.175014245552628 ], [ 165.139852216051764, -21.180819421024129 ], [ 165.138448142979968, -21.186573991654001 ], [ 165.143306392123492, -21.192281859867773 ], [ 165.142308298460676, -21.197938908433432 ], [ 165.138570472960112, -21.203697969730023 ], [ 165.136873449862776, -21.216154249430481 ], [ 165.12608202999391, -21.212296443993129 ], [ 165.116701522464155, -21.215150520725533 ], [ 165.113760135519271, -21.220028817123854 ], [ 165.103273141768398, -21.225950714100062 ], [ 165.099848542977128, -21.230911977834349 ], [ 165.086978517033117, -21.240994483868413 ], [ 165.082920591748604, -21.240291558681509 ], [ 165.073477031284085, -21.243983182478694 ], [ 165.065427208766295, -21.242603432390375 ], [ 165.051715034607355, -21.252879087501714 ], [ 165.0544452973337, -21.258070610444662 ], [ 165.053469964486823, -21.261251631074266 ], [ 165.047612386408105, -21.262475900448774 ], [ 165.044162284269845, -21.266562662512477 ], [ 165.038887898244241, -21.267264178292628 ], [ 165.034301858664577, -21.276381230251761 ], [ 165.031065188468745, -21.276730151413481 ], [ 165.017144295564208, -21.29268437664641 ], [ 165.003871190487217, -21.284935279508549 ], [ 165.000737515567863, -21.286433108746326 ], [ 165.000003753106313, -21.289026545410582 ], [ 164.994632057385274, -21.291275763388747 ], [ 164.994401187918214, -21.293109003842076 ], [ 164.992814970256546, -21.291922411652546 ], [ 164.990335503852435, -21.293655514261452 ], [ 164.989339619229099, -21.292259617684731 ], [ 164.987140819227676, -21.293823636267451 ], [ 164.987422686729758, -21.297354322929561 ], [ 164.977953268413785, -21.307615639357643 ], [ 164.974757659246052, -21.317271934925152 ], [ 164.970022699999987, -21.3238027 ], [ 164.974982562783424, -21.33360765277547 ], [ 164.9795772, -21.338582900000038 ], [ 164.976352203896795, -21.341333886576916 ], [ 164.97158377216897, -21.339698752915464 ], [ 164.972705173654163, -21.347259403572036 ], [ 164.970624680779878, -21.352227606785476 ], [ 164.962459360855291, -21.351819601118535 ], [ 164.952197146403847, -21.35804727852743 ], [ 164.9472841, -21.357068399999989 ], [ 164.9426121, -21.3478858 ], [ 164.935637727184456, -21.340951497568209 ], [ 164.9385858, -21.337160200000017 ], [ 164.94644170581978, -21.334587904246561 ], [ 164.947015, -21.328676 ], [ 164.949650434830573, -21.329915525595574 ], [ 164.9542324, -21.3266556 ], [ 164.952289679425917, -21.326391101152957 ], [ 164.949659780270196, -21.329038490858558 ], [ 164.946161228577296, -21.325391151559362 ], [ 164.945248187495196, -21.32681299342067 ], [ 164.938933488034905, -21.326210395864731 ], [ 164.935677832707768, -21.323618469220659 ], [ 164.942719499999981, -21.3173218 ], [ 164.946123032472087, -21.310283092822729 ], [ 164.945697300000035, -21.304300599999966 ], [ 164.950373722521647, -21.2994761652823 ], [ 164.948881301583754, -21.29275279341411 ], [ 164.934917406283716, -21.290036099743109 ], [ 164.933889746287349, -21.287142856016015 ], [ 164.92226689153199, -21.282027497118328 ], [ 164.916428495845253, -21.284465392361426 ], [ 164.918439141886296, -21.282108340422131 ], [ 164.91621242845315, -21.281974553359664 ], [ 164.915567, -21.2792231 ], [ 164.91370868800729, -21.279953454272071 ], [ 164.9094389, -21.2762221 ], [ 164.910896330268855, -21.270349679785753 ], [ 164.901155298732533, -21.263781996292696 ], [ 164.9014827, -21.2600031 ], [ 164.895387405421189, -21.249756958588581 ], [ 164.89389832261628, -21.243811686290265 ], [ 164.890394886934189, -21.242624171406725 ], [ 164.883884849422628, -21.232894230231999 ], [ 164.8851224, -21.2356087 ], [ 164.880347699999987, -21.231956899999965 ], [ 164.867500044573973, -21.227437807934376 ], [ 164.865375299999982, -21.223439599999949 ], [ 164.86600879464018, -21.220987861664415 ], [ 164.861923605577573, -21.214022396812812 ], [ 164.863694442510024, -21.214701712246349 ], [ 164.864891862232753, -21.213541625366062 ], [ 164.865534910507364, -21.215674496259101 ], [ 164.865261216204914, -21.209661187135374 ], [ 164.862663464271122, -21.21301125959587 ], [ 164.861028511317613, -21.208374745635449 ], [ 164.868197993473188, -21.209714437664353 ], [ 164.866352600000027, -21.208501 ], [ 164.8679162, -21.206528 ], [ 164.865916692484461, -21.206693567021333 ], [ 164.861255024809424, -21.202674356091734 ], [ 164.851964600000031, -21.20081579999998 ], [ 164.8546135, -21.201226900000023 ], [ 164.848739300000034, -21.195435499999977 ], [ 164.8502709, -21.194707699999981 ], [ 164.849525197166997, -21.191979894112265 ], [ 164.847808079387391, -21.194932367619959 ], [ 164.843906149519682, -21.192096571718064 ], [ 164.839240334139078, -21.183650532305425 ], [ 164.8429922, -21.179084800000034 ], [ 164.843044176134526, -21.172831246372954 ], [ 164.8448329, -21.1746272 ], [ 164.846469343790829, -21.17306251825266 ], [ 164.843657425973134, -21.171945138377438 ], [ 164.8438003, -21.1675409 ], [ 164.842611509859324, -21.169966088058985 ], [ 164.8403959, -21.1676397 ], [ 164.840808774744801, -21.171721374714668 ], [ 164.838089577982458, -21.173995665071381 ], [ 164.832324760931527, -21.176126880537144 ], [ 164.828872738688716, -21.174700637055075 ], [ 164.832038, -21.1719769 ], [ 164.8294534, -21.171846599999984 ], [ 164.829774, -21.1666261 ], [ 164.831413371535291, -21.168406333396355 ], [ 164.834015424179995, -21.163847733188518 ], [ 164.832828739776232, -21.157236774155468 ], [ 164.838176299999986, -21.1529285 ], [ 164.837053544479517, -21.152376469125951 ], [ 164.8398573, -21.149057899999985 ], [ 164.846796473428213, -21.147276233553409 ], [ 164.849489641927875, -21.144622512197941 ], [ 164.851472365685964, -21.147758722170966 ], [ 164.858560897623335, -21.141912448795836 ], [ 164.859106995888425, -21.1440883478014 ], [ 164.861598, -21.14491670000001 ], [ 164.860291218181771, -21.143090394784068 ], [ 164.861696199999983, -21.1438563 ], [ 164.861161012856797, -21.13875607981953 ], [ 164.8574399, -21.139112 ], [ 164.861377238299326, -21.138333326608699 ], [ 164.862087027324662, -21.13431934196424 ], [ 164.857404431609581, -21.132393624397345 ], [ 164.860558130334368, -21.130900004237205 ], [ 164.8608217, -21.1321186 ], [ 164.8649806, -21.1319107 ], [ 164.864750839569297, -21.130638855397589 ], [ 164.8610359, -21.129699499999983 ], [ 164.859885517561821, -21.130325342937894 ] ], [ [ 164.861909123209188, -21.140906086995919 ], [ 164.864488795589892, -21.138825477735466 ], [ 164.862891239109871, -21.137755145327151 ], [ 164.867014620744044, -21.138251092829677 ], [ 164.869072185536936, -21.136616328326109 ], [ 164.868007053085051, -21.134570153437707 ], [ 164.867223472934739, -21.137762114253601 ], [ 164.865913180948638, -21.137423214148065 ], [ 164.867901639593839, -21.134180516920512 ], [ 164.863908770248116, -21.137727990721533 ], [ 164.865292073532686, -21.135699693073324 ], [ 164.862315501443248, -21.135459615355664 ], [ 164.861909123209188, -21.140906086995919 ] ] ], [ [ [ 164.860940962486154, -21.212346824086193 ], [ 164.8598907, -21.210555899999974 ], [ 164.8604795, -21.2094922 ], [ 164.860940962486154, -21.212346824086193 ] ] ], [ [ [ 164.8590164, -21.126849099999983 ], [ 164.8588844, -21.124037 ], [ 164.862123699999984, -21.123680599999986 ], [ 164.8590164, -21.126849099999983 ] ] ], [ [ [ 164.836166224228691, -21.181400768678127 ], [ 164.83876859999998, -21.1830647 ], [ 164.835564385452898, -21.182819160495569 ], [ 164.836166224228691, -21.181400768678127 ] ] ], [ [ [ 164.825950161120375, -21.157673865649294 ], [ 164.814323178378913, -21.159518362344709 ], [ 164.8196212, -21.154961 ], [ 164.818589284604457, -21.148905019665836 ], [ 164.828464814969607, -21.15235922048112 ], [ 164.826701500000013, -21.1528171 ], [ 164.825950161120375, -21.157673865649294 ] ] ] ] } },
{ "type": "Feature", "properties": { "province": "Province Nord", "commune": "Bélep" }, "geometry": { "type": "MultiPolygon", "coordinates": [ [ [ [ 163.695348199392868, -19.770364989940887 ], [ 163.691814896346784, -19.769492782114227 ], [ 163.688673384530006, -19.765964482644428 ], [ 163.682806136514245, -19.767558558839923 ], [ 163.6792925, -19.7713614 ], [ 163.679158202500361, -19.787436890182875 ], [ 163.675891930121395, -19.787370764169399 ], [ 163.6750626, -19.782449699999958 ], [ 163.670883299999986, -19.77815170000002 ], [ 163.672949, -19.777318200000039 ], [ 163.672974041609621, -19.771391907246144 ], [ 163.663818099999986, -19.7658581 ], [ 163.6639236, -19.762378799999986 ], [ 163.659857175194816, -19.757439250626913 ], [ 163.653500518343606, -19.754665409600388 ], [ 163.652565741260474, -19.737553748945896 ], [ 163.642247199999986, -19.7277824 ], [ 163.64004493953766, -19.721840382843126 ], [ 163.645975411765136, -19.713659054086364 ], [ 163.644543440907057, -19.711616678692671 ], [ 163.63788844989682, -19.709663603727545 ], [ 163.6327236, -19.710481099999985 ], [ 163.6350632, -19.7085826 ], [ 163.635431447232946, -19.705197683243011 ], [ 163.630735245540052, -19.696817209915029 ], [ 163.6319971, -19.693931700000014 ], [ 163.629351899999989, -19.689021 ], [ 163.638065899999987, -19.67755439999998 ], [ 163.644972948979131, -19.674471000125983 ], [ 163.646181400000017, -19.6708649 ], [ 163.6408357, -19.6619799 ], [ 163.64151750000002, -19.656480299999973 ], [ 163.638051599999983, -19.6496892 ], [ 163.6387248, -19.647590200000014 ], [ 163.62398710133732, -19.631722687740723 ], [ 163.6217743, -19.6209747 ], [ 163.6339697, -19.627004899999982 ], [ 163.645254454721936, -19.647427387830877 ], [ 163.653320777322449, -19.656082926847319 ], [ 163.659433954927749, -19.667912650750146 ], [ 163.6671642, -19.67605 ], [ 163.669930367683691, -19.683388675407649 ], [ 163.672635487662035, -19.684793884290148 ], [ 163.675806293239333, -19.70991400918621 ], [ 163.674391952782315, -19.711353957529834 ], [ 163.676153699999986, -19.716579399999983 ], [ 163.6727649, -19.723013500000015 ], [ 163.67878178439048, -19.729654943632234 ], [ 163.67744639999998, -19.731245099999978 ], [ 163.680313377408851, -19.728550039614536 ], [ 163.681658256658892, -19.729135926812624 ], [ 163.6890305, -19.739002500000016 ], [ 163.69449506151966, -19.740671947106978 ], [ 163.699128092132952, -19.738345117045771 ], [ 163.7000793, -19.745356399999981 ], [ 163.7052486, -19.756212 ], [ 163.70489257563321, -19.765904765803224 ], [ 163.7036556, -19.769462 ], [ 163.695348199392868, -19.770364989940887 ] ] ], [ [ [ 163.569684230524018, -19.555135167885343 ], [ 163.571452109155388, -19.551337626051986 ], [ 163.575796401162563, -19.548298321759006 ], [ 163.575430232656743, -19.545297700353359 ], [ 163.572132, -19.54365 ], [ 163.572691409930201, -19.541614491634906 ], [ 163.577838530393734, -19.539528112669448 ], [ 163.5793908, -19.5433993 ], [ 163.581917272532337, -19.544675632463427 ], [ 163.5828333, -19.5509023 ], [ 163.587420483561573, -19.555525326271752 ], [ 163.589353499999987, -19.5626569 ], [ 163.598189599999984, -19.5681031 ], [ 163.598501316031047, -19.575606335509402 ], [ 163.605827067302783, -19.580928693351609 ], [ 163.605235859567927, -19.583479900251746 ], [ 163.609739861610763, -19.589005822493768 ], [ 163.6176394, -19.5920377 ], [ 163.6163656, -19.594113199999985 ], [ 163.613132683717566, -19.597076487937944 ], [ 163.6047855, -19.6000551 ], [ 163.602468099999982, -19.5991659 ], [ 163.597154573864231, -19.603837099938975 ], [ 163.594259744987568, -19.604045279076892 ], [ 163.592349499999983, -19.600102299999978 ], [ 163.584682744153639, -19.594963504379351 ], [ 163.583752899999979, -19.592299700000023 ], [ 163.5855439, -19.590545299999963 ], [ 163.5818764, -19.581512099999987 ], [ 163.584977712833023, -19.579337597789536 ], [ 163.587928299999987, -19.5797812 ], [ 163.59015702400572, -19.577354674502967 ], [ 163.5904325, -19.5743243 ], [ 163.5868696, -19.5695413 ], [ 163.5867735, -19.5667244 ], [ 163.5837994, -19.56679679999997 ], [ 163.5827597, -19.5706562 ], [ 163.579669977196261, -19.571380960443893 ], [ 163.569684230524018, -19.555135167885343 ] ] ], [ [ [ 163.706436211655614, -19.902053270020772 ], [ 163.705866045020258, -19.897085546968693 ], [ 163.707478399999985, -19.895693 ], [ 163.706436211655614, -19.902053270020772 ] ] ], [ [ [ 163.701914103762363, -19.880320700871373 ], [ 163.7009898, -19.8790202 ], [ 163.702934818947767, -19.876544122620313 ], [ 163.70356628749596, -19.879530063847721 ], [ 163.701914103762363, -19.880320700871373 ] ] ], [ [ [ 163.697605580222501, -19.846541064519897 ], [ 163.697356245535588, -19.839600770269374 ], [ 163.699167099999983, -19.83806160000001 ], [ 163.700781166953504, -19.840169063138106 ], [ 163.698292258243242, -19.842727906607866 ], [ 163.699313383987487, -19.845790425082654 ], [ 163.697605580222501, -19.846541064519897 ] ] ], [ [ [ 163.69546133166341, -19.833641365674708 ], [ 163.695254204510974, -19.827903386467096 ], [ 163.697350558206239, -19.827370528379824 ], [ 163.700440560408879, -19.833099951420756 ], [ 163.69546133166341, -19.833641365674708 ] ] ], [ [ [ 163.679595966244136, -19.814798633846106 ], [ 163.684130902356003, -19.809031711352123 ], [ 163.6863056, -19.816351800000032 ], [ 163.6888889, -19.8182118 ], [ 163.681458519085709, -19.825496951281224 ], [ 163.6735324, -19.827474299999981 ], [ 163.6722595, -19.8264458 ], [ 163.673004118076278, -19.822268703403932 ], [ 163.678333719868107, -19.820490412541421 ], [ 163.679595966244136, -19.814798633846106 ] ] ] ] } },
{ "type": "Feature", "properties": { "province": "Province Nord", "commune": "Touho" }, "geometry": { "type": "MultiPolygon", "coordinates": [ [ [ [ 165.169810097022662, -20.759589089029998 ], [ 165.16952188018297, -20.762066088443337 ], [ 165.167992199999986, -20.761235300000024 ], [ 165.169810097022662, -20.759589089029998 ] ] ], [ [ [ 165.169810998866978, -20.759581338249305 ], [ 165.167621386897679, -20.758817900371351 ], [ 165.160093571676072, -20.76460772094952 ], [ 165.16251440934974, -20.767139476106177 ], [ 165.157593, -20.7681149 ], [ 165.165338599999984, -20.768426200000018 ], [ 165.167076488636525, -20.767131024231997 ], [ 165.167889399999979, -20.769764199999987 ], [ 165.170600799999988, -20.770428599999988 ], [ 165.173717499999981, -20.768090500000042 ], [ 165.178307000474945, -20.768106200562109 ], [ 165.1796067, -20.777230400000011 ], [ 165.172461501291707, -20.78322892409988 ], [ 165.173895322144034, -20.782240911268453 ], [ 165.174507299999988, -20.7835043 ], [ 165.1791021, -20.780018599999959 ], [ 165.1867416, -20.781994499999989 ], [ 165.1862281, -20.777838900000013 ], [ 165.183177204000316, -20.777632274548829 ], [ 165.182958499999984, -20.7743784 ], [ 165.180929497442833, -20.774965368412207 ], [ 165.182855300000028, -20.7741138 ], [ 165.1832387, -20.7704611 ], [ 165.181799217181464, -20.770087672270591 ], [ 165.1833385, -20.7703929 ], [ 165.183659803617815, -20.767852530996176 ], [ 165.181232699999981, -20.7679666 ], [ 165.186432896951146, -20.766590343085127 ], [ 165.182098230078168, -20.767198271955259 ], [ 165.1888185, -20.7625152 ], [ 165.1846306, -20.7639261 ], [ 165.189218355186767, -20.762020038277221 ], [ 165.197258165952235, -20.761469433706182 ], [ 165.2087052, -20.7658539 ], [ 165.211552592569234, -20.770988587093935 ], [ 165.211576899999983, -20.7772051 ], [ 165.215142449134504, -20.776153085396796 ], [ 165.2119636, -20.7714879 ], [ 165.212491720005744, -20.769471506307912 ], [ 165.219181698233996, -20.765732899049787 ], [ 165.2252335, -20.7797887 ], [ 165.2235919, -20.777517499999988 ], [ 165.222600199999988, -20.780563800000053 ], [ 165.221567267393056, -20.777990264194241 ], [ 165.220119986084171, -20.780479299928288 ], [ 165.218670967790189, -20.779634485863713 ], [ 165.219047330817403, -20.781749517368386 ], [ 165.2256717, -20.7799704 ], [ 165.233637696131353, -20.780366317450675 ], [ 165.237252224964209, -20.777351642863177 ], [ 165.2393946, -20.773610700000017 ], [ 165.2379961, -20.773173199999945 ], [ 165.243409300485638, -20.774177343224078 ], [ 165.243471774666915, -20.784183672467048 ], [ 165.246896599999985, -20.788162900000021 ], [ 165.250283464810195, -20.789728945122327 ], [ 165.252082059789785, -20.787956248334954 ], [ 165.252852, -20.790073600000028 ], [ 165.254407737817672, -20.788989319176675 ], [ 165.257577199999986, -20.7911499 ], [ 165.258779332401559, -20.790358965639442 ], [ 165.255467349951772, -20.785744395080691 ], [ 165.256741179511096, -20.784877310606447 ], [ 165.263406764153814, -20.794062087818599 ], [ 165.262134134812698, -20.794867781058748 ], [ 165.259048, -20.7907323 ], [ 165.257914699999986, -20.7914384 ], [ 165.260107584921371, -20.79224307864639 ], [ 165.2626364, -20.80134 ], [ 165.26324169999998, -20.810375399999963 ], [ 165.261294460397124, -20.815000367105849 ], [ 165.25555130382071, -20.814396969008868 ], [ 165.253361283147399, -20.815823473869909 ], [ 165.259477790722514, -20.824788581523546 ], [ 165.258247399999988, -20.84346 ], [ 165.257514395560577, -20.844923163507534 ], [ 165.252953288873215, -20.845175974245855 ], [ 165.251255663397984, -20.841732485888613 ], [ 165.252749100000017, -20.848569 ], [ 165.2472181, -20.8477183 ], [ 165.25561977129135, -20.850330245828573 ], [ 165.2625416, -20.8630327 ], [ 165.26017347032024, -20.860813369349255 ], [ 165.2572495013533, -20.864257358182716 ], [ 165.252979637712173, -20.864072159815681 ], [ 165.249350599999985, -20.867856799999984 ], [ 165.2460112, -20.868393799999989 ], [ 165.246065046292159, -20.885417905750131 ], [ 165.247602375685005, -20.890285534639567 ], [ 165.246176516178167, -20.891612646676162 ], [ 165.241604730532714, -20.889513385544593 ], [ 165.231024862754964, -20.893651123700632 ], [ 165.225435935202341, -20.89051104503989 ], [ 165.221791440422891, -20.891993702334734 ], [ 165.220982809420491, -20.893621489483447 ], [ 165.224251921011245, -20.896513144090029 ], [ 165.224675153399602, -20.903491583506476 ], [ 165.215886471459072, -20.915635814547123 ], [ 165.211287349140093, -20.913523389159334 ], [ 165.20226331671725, -20.902199943477275 ], [ 165.192418615025844, -20.896292261076525 ], [ 165.175785156885183, -20.903571860813823 ], [ 165.164663096130909, -20.912501324212688 ], [ 165.163077570959217, -20.911073121103374 ], [ 165.159195681336399, -20.913686671280143 ], [ 165.157662096904261, -20.913066431102038 ], [ 165.152825585947426, -20.917582694205223 ], [ 165.148193196863105, -20.917239455382639 ], [ 165.148066755783105, -20.910547592498521 ], [ 165.143809613839863, -20.906428824489009 ], [ 165.144388678079849, -20.904547676190621 ], [ 165.146807543595969, -20.905371923301782 ], [ 165.154830254474263, -20.900858773104307 ], [ 165.159326338018104, -20.901384732581473 ], [ 165.15959472222616, -20.898011290959264 ], [ 165.163421947159549, -20.897414343055793 ], [ 165.168595549835118, -20.893659244222821 ], [ 165.172684261844324, -20.886181401479636 ], [ 165.1632610347948, -20.885541010679358 ], [ 165.157655110927976, -20.889407058603997 ], [ 165.154495823813562, -20.880761563427292 ], [ 165.151596627641482, -20.879432617414729 ], [ 165.138659528454468, -20.880626534807831 ], [ 165.123396644929358, -20.877549639698376 ], [ 165.115063647676294, -20.865981437226562 ], [ 165.117712744771637, -20.862441777140596 ], [ 165.118958694792525, -20.855339414871477 ], [ 165.115702132403158, -20.851620446934533 ], [ 165.116231290156037, -20.843952778935272 ], [ 165.113073875464863, -20.840814316829011 ], [ 165.112116737570545, -20.835161819768292 ], [ 165.093500529470845, -20.835726206314419 ], [ 165.076270366256267, -20.827651214617394 ], [ 165.06604561826623, -20.828310408192934 ], [ 165.057481847551486, -20.824238506306113 ], [ 165.053176506691017, -20.819255579831555 ], [ 165.045652528773729, -20.817819990419963 ], [ 165.043261699385312, -20.811975797811993 ], [ 165.046114749746948, -20.806942634278162 ], [ 165.048851774641037, -20.805736476291873 ], [ 165.05217256539467, -20.796124702200949 ], [ 165.04966250972771, -20.790555042519856 ], [ 165.057910150248659, -20.791159391011224 ], [ 165.064398887055432, -20.786319439159715 ], [ 165.064757367629511, -20.783851761884879 ], [ 165.061389217060366, -20.781285159186531 ], [ 165.062291268805239, -20.776991287162957 ], [ 165.060713164970423, -20.773880423957568 ], [ 165.054778274925837, -20.767018844083683 ], [ 165.043653848578515, -20.764395140840545 ], [ 165.033623560725772, -20.758950462693836 ], [ 165.025850893401213, -20.750935217165519 ], [ 165.025850041803892, -20.746951993023085 ], [ 165.032520819059897, -20.745312945680173 ], [ 165.039398236340048, -20.737875196139171 ], [ 165.035051915202502, -20.728821006961944 ], [ 165.025269232311302, -20.721071807133495 ], [ 165.026068979908388, -20.718168920193808 ], [ 165.029727439397959, -20.718634946239234 ], [ 165.030691199999978, -20.7168909 ], [ 165.036336167924702, -20.725343374589585 ], [ 165.042321170551304, -20.726948009876285 ], [ 165.042810903968928, -20.728896558500512 ], [ 165.039573680575728, -20.729586055030872 ], [ 165.0398409, -20.7310637 ], [ 165.0424741, -20.73109819999998 ], [ 165.04004189891063, -20.732331780414818 ], [ 165.040070961388608, -20.734483963762205 ], [ 165.0446383, -20.7328369 ], [ 165.0436767, -20.7359448 ], [ 165.045514378390379, -20.735497094698633 ], [ 165.043715699999979, -20.736935600000013 ], [ 165.0463283, -20.736495 ], [ 165.04746045638214, -20.739126418180089 ], [ 165.050261256028705, -20.739470243373962 ], [ 165.0501052, -20.743009199999968 ], [ 165.05127850626647, -20.741652828826719 ], [ 165.0555830184027, -20.74352844187095 ], [ 165.055921, -20.7415857 ], [ 165.059407599999986, -20.7444704 ], [ 165.0490863, -20.7313004 ], [ 165.042894, -20.727317 ], [ 165.042297083208467, -20.72463590800924 ], [ 165.046582600728016, -20.725137349270142 ], [ 165.056575604169495, -20.732968349588734 ], [ 165.070201757112471, -20.739848110383672 ], [ 165.092862977951626, -20.745386594415457 ], [ 165.1010733, -20.7500038 ], [ 165.116391099999987, -20.7548138 ], [ 165.115800399999983, -20.760739900000015 ], [ 165.117177283993328, -20.755307319934001 ], [ 165.138862083427227, -20.753039210276089 ], [ 165.169904598582775, -20.75877690353963 ], [ 165.169810998866978, -20.759581338249305 ] ] ], [ [ [ 165.255742541073914, -20.866069466140583 ], [ 165.260450729402265, -20.864382246886763 ], [ 165.2610932, -20.86549219999997 ], [ 165.255742541073914, -20.866069466140583 ] ] ], [ [ [ 165.179107485196482, -20.761594441850441 ], [ 165.179399599999982, -20.763496899999982 ], [ 165.178202222566284, -20.761498956125003 ], [ 165.179107485196482, -20.761594441850441 ] ] ], [ [ [ 165.181827255362833, -20.761881288670789 ], [ 165.182501988576121, -20.761952443899833 ], [ 165.1821611, -20.76516190000002 ], [ 165.181827255362833, -20.761881288670789 ] ] ], [ [ [ 165.14568601403036, -20.716053496191382 ], [ 165.1469684, -20.714450500000012 ], [ 165.1498091, -20.714806100000022 ], [ 165.147958938604404, -20.71726475064694 ], [ 165.14568601403036, -20.716053496191382 ] ] ], [ [ [ 165.089195430738556, -20.690050769544239 ], [ 165.088802761165084, -20.6883365294327 ], [ 165.092751099999987, -20.688408700000021 ], [ 165.089195430738556, -20.690050769544239 ] ] ] ] } },
{ "type": "Feature", "properties": { "province": "Province Nord", "commune": "Thio" }, "geometry": { "type": "MultiPolygon", "coordinates": [ ] } },
{ "type": "Feature", "properties": { "province": "Province des Iles", "commune": "Lifou" }, "geometry": { "type": "MultiPolygon", "coordinates": [ [ [ [ 167.139860408484964, -21.079046378613622 ], [ 167.127221115196591, -21.070509107726586 ], [ 167.1204047, -21.0589572 ], [ 167.112127, -21.0500655 ], [ 167.096447399999988, -21.0428317 ], [ 167.091297947742362, -21.035459588571861 ], [ 167.087011240056313, -21.014388829309315 ], [ 167.07486849999998, -21.002207399999985 ], [ 167.066936928823708, -20.998853376126544 ], [ 167.061772099999985, -20.990891200000025 ], [ 167.054394299999984, -20.987694800000018 ], [ 167.055037828733077, -20.983704830881145 ], [ 167.058016982643892, -20.982713625646205 ], [ 167.057936000599085, -20.980178711382635 ], [ 167.061745744097635, -20.977735033463247 ], [ 167.063651099999987, -20.9711229 ], [ 167.061227400027462, -20.963828154716445 ], [ 167.056424610254339, -20.95861472015968 ], [ 167.0577811, -20.955801099999984 ], [ 167.0559888, -20.952382300000018 ], [ 167.049395100000027, -20.94699719999997 ], [ 167.039114849949527, -20.94591017690091 ], [ 167.026712199364141, -20.940998899387026 ], [ 167.019496390474359, -20.933992474643112 ], [ 167.01709474522184, -20.926157010604776 ], [ 167.01102070985155, -20.918428933270576 ], [ 167.012286914197375, -20.915638726452411 ], [ 167.016168900000025, -20.913847600000011 ], [ 167.0287851, -20.915298899999982 ], [ 167.043703976537927, -20.912129841864559 ], [ 167.04620806679273, -20.912944743540784 ], [ 167.045895, -20.9175176 ], [ 167.048539799999986, -20.920281800000041 ], [ 167.0628389, -20.927596299999969 ], [ 167.071807899999982, -20.929490600000015 ], [ 167.0844463, -20.9264271 ], [ 167.092473944888638, -20.916767150617908 ], [ 167.105187308867585, -20.916141638606028 ], [ 167.113154399999985, -20.910315300000029 ], [ 167.120727665238974, -20.909564045678053 ], [ 167.1256703, -20.904392799999982 ], [ 167.129130628200926, -20.896602323173809 ], [ 167.134142813997443, -20.89280659433738 ], [ 167.1409884, -20.872879 ], [ 167.1478093, -20.8698309 ], [ 167.157706719665924, -20.860576329496297 ], [ 167.164175922709006, -20.857024476063927 ], [ 167.165428207012923, -20.851190512860153 ], [ 167.163353444502263, -20.847452050151393 ], [ 167.165470301175247, -20.842364998044957 ], [ 167.1749495, -20.836258 ], [ 167.178323402048903, -20.831435495304177 ], [ 167.177774346814033, -20.821464731977979 ], [ 167.17985371113906, -20.812189106226544 ], [ 167.175000229052699, -20.799011197310914 ], [ 167.1705346, -20.792931900000053 ], [ 167.166674644776151, -20.792219081517057 ], [ 167.157266625029195, -20.794429773037578 ], [ 167.149387721166278, -20.784205579949081 ], [ 167.1338088, -20.7800356 ], [ 167.1257522, -20.783552600000014 ], [ 167.122626939373788, -20.790920704676225 ], [ 167.120944943171708, -20.785959104446626 ], [ 167.116764141909243, -20.785330754181921 ], [ 167.117895899999979, -20.781101900000028 ], [ 167.112462148110382, -20.772102807202781 ], [ 167.1018101, -20.765365700000014 ], [ 167.0973601, -20.764822900000016 ], [ 167.090606153869658, -20.768230658973994 ], [ 167.056322, -20.7730906 ], [ 167.0387529, -20.780548599999982 ], [ 167.033747506441102, -20.777838152771025 ], [ 167.028930018139334, -20.76295808886772 ], [ 167.031349702819597, -20.761019719862936 ], [ 167.033432, -20.7615989 ], [ 167.039372248872922, -20.75156108734037 ], [ 167.039029702274377, -20.733201536277601 ], [ 167.047518732288665, -20.727570832608556 ], [ 167.04729973479499, -20.725374447543903 ], [ 167.0520776, -20.7245879 ], [ 167.061796830815183, -20.716754642720613 ], [ 167.076011699999981, -20.711942200000021 ], [ 167.079518216367148, -20.711891729299278 ], [ 167.086030676026269, -20.715337541875886 ], [ 167.094344799999988, -20.714454899999964 ], [ 167.099395806964736, -20.709665814040431 ], [ 167.1355814, -20.7247097 ], [ 167.148717855412002, -20.72343052690006 ], [ 167.158862698446598, -20.716786004590865 ], [ 167.162984300000033, -20.711980699999952 ], [ 167.163990102060581, -20.706467567320285 ], [ 167.1601856, -20.6944227 ], [ 167.161683034812455, -20.689838993116453 ], [ 167.173542486220327, -20.685796917183076 ], [ 167.183525799999984, -20.6793615 ], [ 167.211144, -20.6798207 ], [ 167.2253328, -20.6834269 ], [ 167.229078130064181, -20.687728041408025 ], [ 167.2480492, -20.695696699999974 ], [ 167.258783300000033, -20.7087561 ], [ 167.2686967, -20.7136494 ], [ 167.269836908850323, -20.721464044288382 ], [ 167.274493768643737, -20.726424801287482 ], [ 167.28583182526188, -20.729583235687041 ], [ 167.298107764419086, -20.726810019246017 ], [ 167.301433204139983, -20.73239003311987 ], [ 167.301898963511206, -20.742463399137371 ], [ 167.299873603416245, -20.747873991752193 ], [ 167.292588973009032, -20.755943189817337 ], [ 167.28042720000002, -20.757781200000011 ], [ 167.278518599999984, -20.759536499999967 ], [ 167.2746799, -20.7726546 ], [ 167.276391499999988, -20.803018100000013 ], [ 167.272823, -20.812216399999983 ], [ 167.272118799999987, -20.820776700000021 ], [ 167.275464699999986, -20.834904600000019 ], [ 167.28366029999998, -20.8481491 ], [ 167.283850801668137, -20.853112739609603 ], [ 167.289804100000026, -20.868751599999975 ], [ 167.290127499999983, -20.8760242 ], [ 167.2886924, -20.879626800000022 ], [ 167.28192245015569, -20.883272108510894 ], [ 167.266793899999982, -20.8980235 ], [ 167.259125499999982, -20.900929499999979 ], [ 167.257240860514827, -20.90448588177955 ], [ 167.258775565932041, -20.910585860257868 ], [ 167.266434957391738, -20.916838097285126 ], [ 167.275318, -20.919979099999981 ], [ 167.278205330464772, -20.919676996216708 ], [ 167.27844251820764, -20.917910397865771 ], [ 167.27879688043879, -20.919388850548163 ], [ 167.27854825449765, -20.916147248752544 ], [ 167.2800207, -20.9185612 ], [ 167.286701800000031, -20.9142367 ], [ 167.293257899999986, -20.915095800000028 ], [ 167.3018104, -20.9191499 ], [ 167.306084699999985, -20.928960699999955 ], [ 167.318105944151938, -20.936858649527064 ], [ 167.336515699999978, -20.9416774 ], [ 167.350480299999987, -20.938992 ], [ 167.370010265676115, -20.949076203471069 ], [ 167.377593187592595, -20.956077186233461 ], [ 167.3837771, -20.9717158 ], [ 167.384644899999984, -20.9832763 ], [ 167.3816932, -20.993182 ], [ 167.378559889227859, -20.996005399586387 ], [ 167.37780629772783, -21.002994900600029 ], [ 167.381411589168806, -21.015162114996979 ], [ 167.39230391154382, -21.020807509491558 ], [ 167.397839174325952, -21.026876003651743 ], [ 167.4008962, -21.026469400000028 ], [ 167.41073579032539, -21.034956219340927 ], [ 167.4194234, -21.035712 ], [ 167.423821742073812, -21.032296715618632 ], [ 167.429017200000033, -21.0342077 ], [ 167.434732075345693, -21.039104927862564 ], [ 167.438810600772399, -21.048827808538935 ], [ 167.4385073, -21.0542154 ], [ 167.440752448494806, -21.054524937160142 ], [ 167.4450302, -21.049608900000024 ], [ 167.451271040983301, -21.049171428387936 ], [ 167.457369477824244, -21.052633837908761 ], [ 167.460408460533188, -21.060186221251385 ], [ 167.4586592, -21.06618659999998 ], [ 167.45532415567007, -21.069877311675668 ], [ 167.441022362088887, -21.074175415139543 ], [ 167.4136369, -21.094311300000015 ], [ 167.4095634, -21.094432599999983 ], [ 167.410219, -21.0981816 ], [ 167.407062061171871, -21.099319020187664 ], [ 167.408474899999987, -21.1017261 ], [ 167.405591, -21.109368799999949 ], [ 167.4138903, -21.1300743 ], [ 167.411873194246652, -21.141238645021623 ], [ 167.4155188, -21.1466163 ], [ 167.413428488323717, -21.157059820616613 ], [ 167.414419368296649, -21.164001257419589 ], [ 167.395207577478885, -21.17192925201844 ], [ 167.391259702598177, -21.181106495164588 ], [ 167.387761343062323, -21.183004869867389 ], [ 167.3825697, -21.1835881 ], [ 167.375676121545155, -21.176907507186748 ], [ 167.3676409, -21.1758428 ], [ 167.36309647522225, -21.178649098804112 ], [ 167.358663899999982, -21.186605800000013 ], [ 167.3395191, -21.183058400000032 ], [ 167.331247499999989, -21.176428 ], [ 167.328472445585533, -21.170160162479 ], [ 167.322628574279804, -21.166219856779001 ], [ 167.315695235667874, -21.156506243814 ], [ 167.313951799999984, -21.151747799999988 ], [ 167.315723927110639, -21.142253470729763 ], [ 167.311725599999988, -21.1366912 ], [ 167.295223317371637, -21.131737597362676 ], [ 167.288609682414688, -21.131530960426449 ], [ 167.284912156636665, -21.127486860169942 ], [ 167.280344675707937, -21.125581588601641 ], [ 167.269603600000011, -21.127129 ], [ 167.266275340167056, -21.12080397437316 ], [ 167.270656124772103, -21.103241896323158 ], [ 167.267245589190537, -21.095467756664174 ], [ 167.2633534, -21.0917919 ], [ 167.25744049369635, -21.090213371084882 ], [ 167.2398196, -21.090658500000028 ], [ 167.229102969062637, -21.087960263941053 ], [ 167.215088020078866, -21.091357798870657 ], [ 167.192114299999986, -21.0877743 ], [ 167.1775759, -21.083422499999976 ], [ 167.165035503636659, -21.083682857646689 ], [ 167.1581828, -21.0868646 ], [ 167.139860408484964, -21.079046378613622 ] ] ], [ [ [ 167.820887699999986, -21.0917538 ], [ 167.832019699999989, -21.1116549 ], [ 167.839717, -21.118542900000016 ], [ 167.83492339999998, -21.1247573 ], [ 167.822873180198087, -21.128838050745074 ], [ 167.8213376, -21.12861 ], [ 167.815103843324152, -21.117140503682123 ], [ 167.801058599917667, -21.104788479272525 ], [ 167.793806123339692, -21.091691797878585 ], [ 167.796710919615208, -21.090284219340596 ], [ 167.798723199999984, -21.0862531 ], [ 167.803111609898849, -21.084875033972459 ], [ 167.811403399999989, -21.085328900000018 ], [ 167.820887699999986, -21.0917538 ] ] ] ] } },
{ "type": "Feature", "properties": { "province": "Province des Iles", "commune": "Maré" }, "geometry": { "type": "MultiPolygon", "coordinates": [ [ [ [ 167.958471900019191, -21.374676717791356 ], [ 167.9526304, -21.3879573 ], [ 167.9583418638355, -21.404348248787912 ], [ 167.965535991383803, -21.410541801636683 ], [ 167.9806978, -21.438635100000027 ], [ 167.999314276976804, -21.45813338865532 ], [ 168.0158164, -21.4611906 ], [ 168.01980080530592, -21.463400529875674 ], [ 168.023255877871264, -21.462715800355276 ], [ 168.029193599999985, -21.466689900000013 ], [ 168.0415754, -21.462401399999969 ], [ 168.053340802428693, -21.454760730469296 ], [ 168.084277899999989, -21.454966400000014 ], [ 168.0975071, -21.4485079 ], [ 168.098939207826646, -21.446164731157328 ], [ 168.100469799999985, -21.44692130000001 ], [ 168.1015143, -21.444366 ], [ 168.11647579863066, -21.43530413354306 ], [ 168.1333938, -21.4466255 ], [ 168.131741998145372, -21.454670001740897 ], [ 168.1265708, -21.457379099999979 ], [ 168.120522, -21.465352 ], [ 168.116948789350431, -21.484517498085602 ], [ 168.118128099999979, -21.4887599 ], [ 168.1240496, -21.4955867 ], [ 168.1238237, -21.502632 ], [ 168.122682799999978, -21.5052748 ], [ 168.117573199999981, -21.507556600000019 ], [ 168.1143137, -21.5117299 ], [ 168.111202261311092, -21.523499062576619 ], [ 168.113732060010989, -21.532151227331397 ], [ 168.114036499676843, -21.543647077379038 ], [ 168.107218587479991, -21.56527105026073 ], [ 168.107363699999979, -21.587632099999983 ], [ 168.116394796723938, -21.617594506270688 ], [ 168.116327465570748, -21.626405039885302 ], [ 168.114325469076135, -21.628522312705169 ], [ 168.103637638374238, -21.630993172433101 ], [ 168.088607547554517, -21.630408283446378 ], [ 168.0759359, -21.634802800000017 ], [ 168.071622493790272, -21.64161355285508 ], [ 168.0670805, -21.643677500000042 ], [ 168.053276806852921, -21.639906157733837 ], [ 168.0480021, -21.6419193 ], [ 168.0429318, -21.648175299999963 ], [ 168.041388, -21.656929 ], [ 168.038252610328271, -21.659258482413197 ], [ 168.026154999949824, -21.660409883177294 ], [ 168.017338509568958, -21.657925380853374 ], [ 168.01467206551871, -21.659617792073838 ], [ 168.006552411196822, -21.659119280025269 ], [ 168.001325037559184, -21.655227482072771 ], [ 167.997747799999985, -21.6548243 ], [ 167.983893166350867, -21.657431558762404 ], [ 167.979733344148627, -21.660920757978886 ], [ 167.9777421, -21.660154699999982 ], [ 167.9735794, -21.6523821 ], [ 167.9587478, -21.6496936 ], [ 167.953578428957684, -21.63685440023897 ], [ 167.9462887, -21.6346452 ], [ 167.9446843, -21.630630200000013 ], [ 167.952551534065293, -21.617246434447374 ], [ 167.945167975501533, -21.601880358495968 ], [ 167.940321398935225, -21.604751954883373 ], [ 167.935666799999979, -21.604909 ], [ 167.9203305, -21.601250800000045 ], [ 167.9153948, -21.602645 ], [ 167.908642499999985, -21.597227099999976 ], [ 167.902711861640284, -21.596781687981224 ], [ 167.889892713101489, -21.60039498645369 ], [ 167.87761039999998, -21.600527 ], [ 167.863641763214019, -21.598318584654429 ], [ 167.85863089999998, -21.601926100000018 ], [ 167.845818940939012, -21.600422702535077 ], [ 167.845037497510276, -21.597475041618459 ], [ 167.849938499999979, -21.592245199999958 ], [ 167.859275, -21.590067699999985 ], [ 167.86444429910938, -21.575388306183783 ], [ 167.868965, -21.5748031 ], [ 167.8739596, -21.5714759 ], [ 167.874055299999981, -21.567846499999973 ], [ 167.876872642726568, -21.566474000971347 ], [ 167.8752697, -21.561609199999982 ], [ 167.8776485, -21.5596718 ], [ 167.878812899999986, -21.550459899999989 ], [ 167.875181512249213, -21.547253926236447 ], [ 167.877336299339021, -21.548000429491537 ], [ 167.875880446640082, -21.543588265744987 ], [ 167.870461613809027, -21.544340179023315 ], [ 167.8643143, -21.5325176 ], [ 167.853432034417381, -21.526426143282514 ], [ 167.852100202574235, -21.5194396947238 ], [ 167.848444199999989, -21.5172058 ], [ 167.849934148037192, -21.515021867050006 ], [ 167.847757799999982, -21.515249800000017 ], [ 167.8459494, -21.512172699999983 ], [ 167.84432289999998, -21.506873899999974 ], [ 167.8461072, -21.505410899999966 ], [ 167.840752193594028, -21.498738988382371 ], [ 167.8410687, -21.496376399999985 ], [ 167.838683772593214, -21.495965764332968 ], [ 167.838464499999986, -21.493169800000015 ], [ 167.835774199663007, -21.49223497588309 ], [ 167.832275736525617, -21.481558378628627 ], [ 167.835043014931387, -21.478437030410749 ], [ 167.835471942474811, -21.468273982414122 ], [ 167.8393326, -21.4549272 ], [ 167.835270423608051, -21.44414376500454 ], [ 167.8348302, -21.437515600000015 ], [ 167.825611399999985, -21.420532300000016 ], [ 167.806941786841037, -21.405868768936163 ], [ 167.804258426308735, -21.389557941332946 ], [ 167.8003071, -21.381921599999956 ], [ 167.806213346753708, -21.379364630276513 ], [ 167.8109728, -21.379845799999988 ], [ 167.812630100042412, -21.377423500016285 ], [ 167.821590799934626, -21.373522715726775 ], [ 167.839486207097821, -21.375788005242399 ], [ 167.857638200000025, -21.389832699999989 ], [ 167.868046269951861, -21.394228319516241 ], [ 167.866045665915379, -21.393528909745431 ], [ 167.865892682841945, -21.395533693930652 ], [ 167.870837099999989, -21.398973099999989 ], [ 167.887496598684464, -21.403479224810898 ], [ 167.8918476, -21.4025555 ], [ 167.897773604625854, -21.396837697280215 ], [ 167.8992203, -21.3814989 ], [ 167.907470265227857, -21.37970345024857 ], [ 167.9188101, -21.382363199999986 ], [ 167.9261828, -21.3745539 ], [ 167.933565844056631, -21.373699003651591 ], [ 167.945957698534528, -21.36790551303325 ], [ 167.956811668436671, -21.368785922171071 ], [ 167.958461, -21.367259399999984 ], [ 167.957945300000034, -21.3638683 ], [ 167.96000978863313, -21.363310745964363 ], [ 167.968541895038868, -21.350561024905623 ], [ 167.974203099999983, -21.348340200000031 ], [ 167.97747, -21.350167699999975 ], [ 167.978914576315731, -21.357977297486741 ], [ 167.9643984, -21.367957399999987 ], [ 167.962449510483026, -21.370164313045215 ], [ 167.959180299999986, -21.373066 ], [ 167.958479308398381, -21.37465987325885 ], [ 167.957909901831385, -21.375304596202263 ], [ 167.958471900019191, -21.374676717791356 ] ] ], [ [ [ 167.737252235520231, -21.379185764282994 ], [ 167.7330321, -21.3757143 ], [ 167.735002512164897, -21.367447409849483 ], [ 167.7309256, -21.356289900000018 ], [ 167.7342739, -21.346036699999985 ], [ 167.7407432, -21.342356600000038 ], [ 167.744305362366077, -21.350506895451701 ], [ 167.7356849, -21.3604377 ], [ 167.73687526733886, -21.368831685730218 ], [ 167.738721478187159, -21.370951576903916 ], [ 167.7392063, -21.37707850000001 ], [ 167.737252235520231, -21.379185764282994 ] ] ], [ [ [ 167.5862166, -21.25799610000001 ], [ 167.5882954, -21.2548394 ], [ 167.5928908, -21.2550053 ], [ 167.595908650662409, -21.258058434339581 ], [ 167.597483499999981, -21.2645107 ], [ 167.5961878, -21.2669248 ], [ 167.5862166, -21.25799610000001 ] ] ], [ [ [ 167.568618480480239, -21.317465959583288 ], [ 167.5681935891308, -21.31342354285297 ], [ 167.572946363400092, -21.309715324278109 ], [ 167.575595080210604, -21.309912728798242 ], [ 167.576726497806618, -21.315428402643363 ], [ 167.575513, -21.317098199999982 ], [ 167.571131708826385, -21.320336399165054 ], [ 167.568618480480239, -21.317465959583288 ] ] ], [ [ [ 167.544299741534559, -21.132528870851448 ], [ 167.5435914, -21.13025169999997 ], [ 167.548700672828744, -21.129460216624338 ], [ 167.553959298381812, -21.131060617044927 ], [ 167.567056078176932, -21.143113475059369 ], [ 167.567716, -21.148395900000011 ], [ 167.562887738151602, -21.148131899354595 ], [ 167.544299741534559, -21.132528870851448 ] ] ] ] } },
{ "type": "Feature", "properties": { "province": "Province des Iles", "commune": "Ouvéa" }, "geometry": { "type": "MultiPolygon", "coordinates": [ [ [ [ 166.577270080024306, -20.407923910041447 ], [ 166.579247048723545, -20.406926426403889 ], [ 166.58439749877644, -20.400279747167275 ], [ 166.584413270367577, -20.40350111735518 ], [ 166.588046432264122, -20.403546907909373 ], [ 166.589569820292155, -20.397293929255778 ], [ 166.587161788502925, -20.402965887427783 ], [ 166.587599719936321, -20.400285933700712 ], [ 166.585031321419223, -20.397827955618762 ], [ 166.5832312, -20.4005313 ], [ 166.579067399999985, -20.400914699999987 ], [ 166.5786924, -20.404809099999969 ], [ 166.573189805780885, -20.410329377965486 ], [ 166.5766631, -20.405706 ], [ 166.570917935840185, -20.408406473118465 ], [ 166.573380940966189, -20.406558717854764 ], [ 166.57042521100945, -20.405796457025343 ], [ 166.567335774593204, -20.413547991842748 ], [ 166.567733799999985, -20.4092734 ], [ 166.563216, -20.403769300000022 ], [ 166.565520174782563, -20.412055488756661 ], [ 166.5615436, -20.4184925 ], [ 166.564059121517971, -20.412800288885837 ], [ 166.561312436521234, -20.413225056349091 ], [ 166.5610077, -20.415575100000023 ], [ 166.56074789523251, -20.412721813283177 ], [ 166.5632933, -20.4111656 ], [ 166.562116785806467, -20.410179753167302 ], [ 166.561088499999983, -20.412085900000019 ], [ 166.560132975866225, -20.407558435928468 ], [ 166.56183743829601, -20.409339329549706 ], [ 166.558142351530961, -20.403976188103531 ], [ 166.5603706, -20.4119649 ], [ 166.559490192972987, -20.414707195417737 ], [ 166.559476099999983, -20.412817500000024 ], [ 166.556289699999979, -20.4137814 ], [ 166.560257767988617, -20.41624039511181 ], [ 166.554645599999986, -20.4158944 ], [ 166.560458662218025, -20.416380390403344 ], [ 166.5592413, -20.420006 ], [ 166.561382025674135, -20.419796034497118 ], [ 166.560690426347378, -20.421204358626071 ], [ 166.551865727371649, -20.418381494361068 ], [ 166.552607728086713, -20.408933141529367 ], [ 166.550773599999985, -20.4042814 ], [ 166.5632192, -20.4011168 ], [ 166.572886311812624, -20.401624902796726 ], [ 166.578693499999986, -20.4005176 ], [ 166.580365199999989, -20.39856960000002 ], [ 166.58193188064655, -20.399494820583353 ], [ 166.5889197, -20.3918018 ], [ 166.593653, -20.3896854 ], [ 166.6036689, -20.3915974 ], [ 166.608684282115689, -20.396221223996477 ], [ 166.625085893233631, -20.428637038830033 ], [ 166.640121199999982, -20.441563 ], [ 166.6532789, -20.447705100000015 ], [ 166.66198895202669, -20.454937686199646 ], [ 166.6665595, -20.460355 ], [ 166.667375469447222, -20.463751515567566 ], [ 166.665789313639067, -20.467339666774244 ], [ 166.652345187344451, -20.478598181899464 ], [ 166.650112002141015, -20.47847619875845 ], [ 166.6461894, -20.469163699999989 ], [ 166.640615299999979, -20.466475400000011 ], [ 166.629729700000013, -20.467096499999986 ], [ 166.61928018586147, -20.471551796568807 ], [ 166.607872195726969, -20.472209390530995 ], [ 166.6031227, -20.4790325 ], [ 166.60482117442578, -20.484790906963553 ], [ 166.6035573, -20.487116400000026 ], [ 166.5899751, -20.4995342 ], [ 166.580919699999981, -20.5110856 ], [ 166.575900599999983, -20.521393700000019 ], [ 166.5761857, -20.5259905 ], [ 166.577744866753761, -20.527682620940514 ], [ 166.578794, -20.526830199999988 ], [ 166.58075401214839, -20.53015602982644 ], [ 166.581848585610715, -20.533524107613374 ], [ 166.580079992182306, -20.534726986422655 ], [ 166.5820459, -20.536908199999974 ], [ 166.57460178335711, -20.541760990413465 ], [ 166.571009874103396, -20.549519775498155 ], [ 166.573656390611063, -20.552621991542029 ], [ 166.5730586, -20.5585607 ], [ 166.5753714, -20.5632867 ], [ 166.574018099999989, -20.564512699999984 ], [ 166.576022964240195, -20.565842121530732 ], [ 166.575799678429661, -20.569642375536063 ], [ 166.569442158819896, -20.578803404997419 ], [ 166.5691789, -20.5878653 ], [ 166.572959654428161, -20.597149769003821 ], [ 166.578847299999978, -20.6032052 ], [ 166.584587025080623, -20.604538649672371 ], [ 166.595289555200708, -20.6025392152313 ], [ 166.601705803945492, -20.598879122484501 ], [ 166.61225909385692, -20.598082741947326 ], [ 166.6169025, -20.5949361 ], [ 166.618352355899532, -20.595926651598152 ], [ 166.61595199005933, -20.602762997396468 ], [ 166.610080399999987, -20.6095104 ], [ 166.6086465, -20.6172081 ], [ 166.601079674517791, -20.622792997864416 ], [ 166.596008399999988, -20.629545400000019 ], [ 166.5920458, -20.6466883 ], [ 166.579541, -20.6626037 ], [ 166.577378899999985, -20.6716511 ], [ 166.567933174318057, -20.688362231928924 ], [ 166.552201342667757, -20.691142452848986 ], [ 166.537330208344343, -20.699845097724268 ], [ 166.5282384, -20.69725170000002 ], [ 166.503697302382335, -20.706766290558896 ], [ 166.492397899999986, -20.7053768 ], [ 166.4784491, -20.708181400000022 ], [ 166.479170733843915, -20.706404690918003 ], [ 166.505501902579255, -20.698651249685209 ], [ 166.502883827682126, -20.697378409144662 ], [ 166.507961137038535, -20.693544568090655 ], [ 166.505055499163774, -20.693594698879654 ], [ 166.505047195028595, -20.692364238202515 ], [ 166.509660199999985, -20.689750799999988 ], [ 166.50945243645981, -20.692376096145743 ], [ 166.511967334352448, -20.689234362104084 ], [ 166.5056696, -20.6893322 ], [ 166.5020906, -20.6920899 ], [ 166.503588230475799, -20.689588376295475 ], [ 166.4920118, -20.7013242 ], [ 166.487435300390814, -20.701276277761387 ], [ 166.483849446141278, -20.70421365988749 ], [ 166.478461251396794, -20.699426456874868 ], [ 166.4711858, -20.699770699999981 ], [ 166.489007577151142, -20.692339732248016 ], [ 166.516586088170357, -20.670604832733037 ], [ 166.534751199999988, -20.651044399999947 ], [ 166.554444394353027, -20.618848718357011 ], [ 166.560465615813598, -20.59487258500285 ], [ 166.560066907526959, -20.567353211328854 ], [ 166.562235800000025, -20.5519811 ], [ 166.574196199999989, -20.5142405 ], [ 166.5926469, -20.484665600000035 ], [ 166.5953035, -20.456242100000036 ], [ 166.5919542, -20.44195950000001 ], [ 166.5800355, -20.4281927 ], [ 166.562356000147275, -20.419708494725423 ], [ 166.565335027617266, -20.417498849935285 ], [ 166.572375930438938, -20.420429524559228 ], [ 166.570477285270499, -20.417995036335043 ], [ 166.58017023391011, -20.422284250416542 ], [ 166.57706055920292, -20.419349375255852 ], [ 166.567498615260149, -20.41573741713772 ], [ 166.57404470000003, -20.413774499999985 ], [ 166.574203606326051, -20.417260739575937 ], [ 166.5815462, -20.4172202 ], [ 166.581883799999986, -20.4145611 ], [ 166.580093288863139, -20.41542795894205 ], [ 166.5768158, -20.412686899999979 ], [ 166.583224409435246, -20.411665875547911 ], [ 166.577694909197646, -20.410911393771883 ], [ 166.577270080024306, -20.407923910041447 ] ], [ [ 166.585396799008976, -20.430290295435785 ], [ 166.597888234466893, -20.450039912598363 ], [ 166.597328799999985, -20.443658600000035 ], [ 166.593832231515194, -20.436260021661468 ], [ 166.5862822, -20.4283904 ], [ 166.585396799008976, -20.430290295435785 ] ] ], [ [ [ 166.655157343599768, -20.478639603627602 ], [ 166.658664560992804, -20.478116634255056 ], [ 166.6569116, -20.4824482 ], [ 166.6516919, -20.483380799999988 ], [ 166.649691797930274, -20.48168819231244 ], [ 166.656434169767522, -20.481781027144397 ], [ 166.655157343599768, -20.478639603627602 ] ] ], [ [ [ 166.589436941845946, -20.434736202234145 ], [ 166.594028355890231, -20.439377834186168 ], [ 166.5945073, -20.4428677 ], [ 166.589436941845946, -20.434736202234145 ] ] ], [ [ [ 166.577926030936368, -20.414673177468799 ], [ 166.579643399999981, -20.4162772 ], [ 166.577763145080866, -20.41631257350793 ], [ 166.577926030936368, -20.414673177468799 ] ] ], [ [ [ 166.5278026, -20.400575 ], [ 166.5254794, -20.4020766 ], [ 166.5259758, -20.4049885 ], [ 166.5240278, -20.407189699999975 ], [ 166.525803199999984, -20.408870600000011 ], [ 166.5300811, -20.408580099999963 ], [ 166.5329342, -20.4127705 ], [ 166.5331234, -20.410683799999987 ], [ 166.534410307699119, -20.412056229205668 ], [ 166.535338599999989, -20.410462299999974 ], [ 166.5320743, -20.408021099999971 ], [ 166.533886300736526, -20.403787966762867 ], [ 166.532649599999985, -20.401997099999985 ], [ 166.531815699999981, -20.406368 ], [ 166.528448925632262, -20.40791675310032 ], [ 166.530018499999983, -20.405169199999978 ], [ 166.529176881700863, -20.40011664671918 ], [ 166.531548, -20.399371699999978 ], [ 166.542484600000023, -20.4031921 ], [ 166.544463923745184, -20.406432008290068 ], [ 166.547326821488099, -20.404771420135106 ], [ 166.548446778293197, -20.411531690139206 ], [ 166.5463397, -20.416791899999982 ], [ 166.52451036623944, -20.41489616216943 ], [ 166.525105599999989, -20.4103097 ], [ 166.521424517467125, -20.402945400270806 ], [ 166.5278026, -20.400575 ] ] ], [ [ [ 166.516565559312994, -20.403242382862302 ], [ 166.518600599999985, -20.4059595 ], [ 166.5169654, -20.406419499999984 ], [ 166.516565559312994, -20.403242382862302 ] ] ], [ [ [ 166.499738500000035, -20.4146913 ], [ 166.502985355103135, -20.419553177794334 ], [ 166.493966817969181, -20.415896010585431 ], [ 166.495629923975116, -20.414316313197869 ], [ 166.499738500000035, -20.4146913 ] ] ], [ [ [ 166.496045502805657, -20.413885815577846 ], [ 166.4987974, -20.4115593 ], [ 166.498495704387665, -20.414219587662416 ], [ 166.496045502805657, -20.413885815577846 ] ] ], [ [ [ 166.488363603678636, -20.423989015351069 ], [ 166.4885888, -20.422170099999974 ], [ 166.490732432100998, -20.422309335661605 ], [ 166.491546754511319, -20.425158743108408 ], [ 166.488363603678636, -20.423989015351069 ] ] ], [ [ [ 166.479284503234823, -20.430736313724783 ], [ 166.4826889, -20.4277377 ], [ 166.4832902, -20.429395400000011 ], [ 166.479284503234823, -20.430736313724783 ] ] ], [ [ [ 166.474719599258634, -20.436316194186936 ], [ 166.475518536536981, -20.433802066084191 ], [ 166.479426058324549, -20.431523315631566 ], [ 166.4782918, -20.4347809 ], [ 166.480557799999985, -20.4358898 ], [ 166.479630373308908, -20.437359256329131 ], [ 166.4777729, -20.4384251 ], [ 166.474719599258634, -20.436316194186936 ] ] ], [ [ [ 166.470681642188254, -20.440456010952676 ], [ 166.473710790121174, -20.437007626306411 ], [ 166.474698708899126, -20.439077319289368 ], [ 166.476306199999982, -20.4386401 ], [ 166.473205599144819, -20.441747178314351 ], [ 166.470681642188254, -20.440456010952676 ] ] ], [ [ [ 166.469657463525408, -20.705018091811844 ], [ 166.4720155, -20.70770229999998 ], [ 166.474826353737257, -20.707963290449563 ], [ 166.475269554720995, -20.709917995208013 ], [ 166.4626237, -20.7131628 ], [ 166.469657463525408, -20.705018091811844 ] ] ], [ [ [ 166.4694132961028, -20.444905297924745 ], [ 166.468024899999989, -20.442662299999984 ], [ 166.46898279212644, -20.446004351882276 ], [ 166.4667676, -20.445646099999983 ], [ 166.468909663855385, -20.448195589729359 ], [ 166.465765843866393, -20.448470199688106 ], [ 166.4627468, -20.446258799999978 ], [ 166.4688305, -20.4410055 ], [ 166.470615914532573, -20.440510847802614 ], [ 166.471992299999982, -20.4423411 ], [ 166.4694132961028, -20.444905297924745 ] ] ], [ [ [ 166.405726676118775, -20.729021845482457 ], [ 166.396032, -20.721926100000022 ], [ 166.389247222773804, -20.721634080119436 ], [ 166.391349167927672, -20.716066435735453 ], [ 166.395444887559222, -20.715807612826822 ], [ 166.410995234025791, -20.722159120534741 ], [ 166.426870799999989, -20.720633 ], [ 166.4530677, -20.7113782 ], [ 166.4622742, -20.705978599999963 ], [ 166.468542573485507, -20.699761921833066 ], [ 166.4702729, -20.700851600000018 ], [ 166.463730180954798, -20.705834610249113 ], [ 166.4580928, -20.7147082 ], [ 166.452032865178438, -20.71740998152552 ], [ 166.443993665990831, -20.72725465395089 ], [ 166.4284802, -20.7277762 ], [ 166.4171715, -20.734976499999981 ], [ 166.410525, -20.730079799999974 ], [ 166.405726676118775, -20.729021845482457 ] ] ], [ [ [ 166.45143632432945, -20.450916245949124 ], [ 166.452367466738735, -20.448123447559386 ], [ 166.4547422, -20.449458799999974 ], [ 166.45348869999998, -20.452102399999987 ], [ 166.45143632432945, -20.450916245949124 ] ] ], [ [ [ 166.433232541499279, -20.453316078888076 ], [ 166.441384, -20.451267300000019 ], [ 166.442546386746955, -20.452412689320123 ], [ 166.4413633, -20.454803 ], [ 166.438584257406319, -20.454433167528361 ], [ 166.437869946488888, -20.456602664840066 ], [ 166.4342629, -20.455964700000013 ], [ 166.433232541499279, -20.453316078888076 ] ] ], [ [ [ 166.419852385440834, -20.451729788695957 ], [ 166.4216265, -20.4509838 ], [ 166.422315063852153, -20.452549543681535 ], [ 166.419852385440834, -20.451729788695957 ] ] ], [ [ [ 166.397891070644761, -20.450319362878989 ], [ 166.398736570564353, -20.447748351563867 ], [ 166.408808983769688, -20.448479298494117 ], [ 166.4035843, -20.4486854 ], [ 166.4017251, -20.4523582 ], [ 166.397891070644761, -20.450319362878989 ] ] ], [ [ [ 166.399926161300357, -20.453601177955445 ], [ 166.4049765, -20.452990700000033 ], [ 166.3970855, -20.456079700000025 ], [ 166.3932867, -20.4541621 ], [ 166.395061704247524, -20.452016500982282 ], [ 166.399926161300357, -20.453601177955445 ] ] ], [ [ [ 166.3750039, -20.6814409 ], [ 166.3789691, -20.686272 ], [ 166.380201473976939, -20.690924620629765 ], [ 166.373060728114808, -20.686314808713966 ], [ 166.3750039, -20.6814409 ] ] ], [ [ [ 166.371693934630969, -20.672646719125645 ], [ 166.369141709788693, -20.668339874940923 ], [ 166.372168091290064, -20.66684240287427 ], [ 166.374779, -20.671306 ], [ 166.373753, -20.673068 ], [ 166.371693934630969, -20.672646719125645 ] ] ], [ [ [ 166.33777638896035, -20.637980257063887 ], [ 166.333342613507682, -20.634430138260161 ], [ 166.337355329554214, -20.634254430789952 ], [ 166.33777638896035, -20.637980257063887 ] ] ], [ [ [ 166.324721164045059, -20.487487302499002 ], [ 166.328229486045785, -20.485571889386769 ], [ 166.328358899999984, -20.486867800000052 ], [ 166.324721164045059, -20.487487302499002 ] ] ], [ [ [ 166.305265393231082, -20.628084700170952 ], [ 166.303667303596939, -20.626929091146014 ], [ 166.306325975927194, -20.623226901214007 ], [ 166.305265393231082, -20.628084700170952 ] ] ], [ [ [ 166.291364825910051, -20.629854063301863 ], [ 166.286530093988972, -20.625414520000344 ], [ 166.2934972, -20.627711699999963 ], [ 166.291364825910051, -20.629854063301863 ] ] ], [ [ [ 166.270610328338648, -20.619434327074689 ], [ 166.274199725252657, -20.617676625907269 ], [ 166.277235, -20.618488200000019 ], [ 166.284057073648484, -20.624280704297192 ], [ 166.2771798, -20.6253759 ], [ 166.270610328338648, -20.619434327074689 ] ] ], [ [ [ 166.226672900116057, -20.499491900049897 ], [ 166.228547099999986, -20.5030766 ], [ 166.2264724, -20.504845600000024 ], [ 166.226672900116057, -20.499491900049897 ] ] ], [ [ [ 166.135385347276724, -20.412609376289886 ], [ 166.1355994, -20.407562899999963 ], [ 166.141867892496379, -20.408429229346542 ], [ 166.150228699999985, -20.4067603 ], [ 166.135385347276724, -20.412609376289886 ] ] ] ] } },
{ "type": "Feature", "properties": { "province": "Province Sud", "commune": "Mont-Dore" }, "geometry": { "type": "MultiPolygon", "coordinates": [ [ [ [ 166.487613453473074, -22.222694126330449 ], [ 166.486889923746702, -22.220987110248974 ], [ 166.484501951438972, -22.22286576935559 ], [ 166.484884317517071, -22.21904617764843 ], [ 166.487259605870463, -22.219686617603934 ], [ 166.486856028037408, -22.217299209745232 ], [ 166.483983844907442, -22.216340619310849 ], [ 166.479868833700834, -22.203371660305773 ], [ 166.486342799778924, -22.200974926696173 ], [ 166.488764426502115, -22.189304576615864 ], [ 166.495209755712352, -22.19207961120663 ], [ 166.498072740082875, -22.189683887702145 ], [ 166.502783395707013, -22.190154971725956 ], [ 166.507597383865573, -22.18431613174722 ], [ 166.514418101868586, -22.181279216952802 ], [ 166.51665921735389, -22.168595516471626 ], [ 166.526083965265883, -22.165212510054378 ], [ 166.541015709829765, -22.163349731997624 ], [ 166.55188666585758, -22.170594948196111 ], [ 166.559674859465218, -22.170892561974764 ], [ 166.563179676446907, -22.172800726333346 ], [ 166.565778619862158, -22.169188139486966 ], [ 166.573004861874807, -22.165573903176231 ], [ 166.576276701192313, -22.165879177393599 ], [ 166.582890472597967, -22.160113383716915 ], [ 166.589963196923037, -22.159741671001317 ], [ 166.594379346340446, -22.152620212668811 ], [ 166.601269677932919, -22.152627406669701 ], [ 166.602563417251105, -22.155354314611838 ], [ 166.610867914772655, -22.160258869663245 ], [ 166.613600824043885, -22.159458157543682 ], [ 166.620903527166092, -22.161786163162059 ], [ 166.626712311869142, -22.160832728970366 ], [ 166.63926105065741, -22.167127148584356 ], [ 166.644384498420578, -22.172064264763211 ], [ 166.646458677367178, -22.179683954193628 ], [ 166.645320602677174, -22.18121083445698 ], [ 166.663367996032832, -22.193908096506188 ], [ 166.667533340686731, -22.193280336621026 ], [ 166.667633673445806, -22.18983974069906 ], [ 166.672679742902261, -22.185031846366364 ], [ 166.673206276528447, -22.181541860377244 ], [ 166.680251529123353, -22.178607398540489 ], [ 166.679999777787998, -22.172676100425502 ], [ 166.682814616041099, -22.165224046846589 ], [ 166.686479103928292, -22.164548513087322 ], [ 166.686142503286476, -22.161986396135049 ], [ 166.690185989662041, -22.157653505731048 ], [ 166.697289877509945, -22.159398854961559 ], [ 166.699291733811862, -22.16212737528204 ], [ 166.71852512751434, -22.162908402059745 ], [ 166.723655293624006, -22.166406618851124 ], [ 166.730409649050614, -22.157529259808467 ], [ 166.748174446421331, -22.167586432144951 ], [ 166.762342047984873, -22.163240224910425 ], [ 166.766422602584584, -22.165278865792921 ], [ 166.774999731213939, -22.174846178971599 ], [ 166.778342238486289, -22.182087857820537 ], [ 166.774295330688687, -22.188380438320703 ], [ 166.773167488021357, -22.196218484357711 ], [ 166.76781304494358, -22.204107177109442 ], [ 166.766613387729194, -22.207850551274937 ], [ 166.770034096812964, -22.210069358840808 ], [ 166.76809751830271, -22.213970532373619 ], [ 166.773959126664096, -22.220403195066524 ], [ 166.781359928936212, -22.222448622061545 ], [ 166.779873641592843, -22.225449149138569 ], [ 166.78167410439579, -22.226305610477191 ], [ 166.782444427207196, -22.231565470095468 ], [ 166.780850359661713, -22.23495285972637 ], [ 166.783378349198244, -22.241481494001444 ], [ 166.788353156446817, -22.246189618689378 ], [ 166.795866078811429, -22.246773239086199 ], [ 166.799040926261853, -22.244356728126956 ], [ 166.805836510928827, -22.244524722330013 ], [ 166.809001414803731, -22.246361670389295 ], [ 166.816709558947338, -22.244762866333737 ], [ 166.824919253686232, -22.253982591432802 ], [ 166.832887018155986, -22.258597320260893 ], [ 166.824425016884419, -22.264289478889378 ], [ 166.82352291738556, -22.269017159948476 ], [ 166.82575070519286, -22.270570496532272 ], [ 166.829580046159833, -22.269062078397461 ], [ 166.842853042090042, -22.271733504289049 ], [ 166.853069597639887, -22.267561158783344 ], [ 166.857253062063165, -22.264009477713934 ], [ 166.864293724010736, -22.262686061827836 ], [ 166.870256988192722, -22.26902815097197 ], [ 166.878416560406777, -22.269764052307615 ], [ 166.882739405466054, -22.27474716809342 ], [ 166.89691001616066, -22.276921475246066 ], [ 166.900423892913551, -22.279179998706695 ], [ 166.900497778122428, -22.284977823979293 ], [ 166.903909489156376, -22.289560462073077 ], [ 166.910942375622, -22.295462257212186 ], [ 166.91024988441859, -22.313096592383584 ], [ 166.918370218113125, -22.319605697151996 ], [ 166.920784655806813, -22.320287408807523 ], [ 166.927471293347708, -22.312876821479787 ], [ 166.933039976435424, -22.314075269182613 ], [ 166.938479398042858, -22.310678458432005 ], [ 166.943282471043801, -22.312618534188658 ], [ 166.95014943471574, -22.307757583638217 ], [ 166.957536169357496, -22.306970290512687 ], [ 166.955072433119881, -22.310181546173187 ], [ 166.965885497048816, -22.319984272030108 ], [ 166.974918119401593, -22.3410958912004 ], [ 166.974028292287528, -22.353097206774859 ], [ 166.971356574161774, -22.349910965110752 ], [ 166.963627299999985, -22.3481039 ], [ 166.961233048898237, -22.343218582623734 ], [ 166.962188496779646, -22.337268967315225 ], [ 166.96115879403439, -22.339934261729081 ], [ 166.9553957, -22.3413715 ], [ 166.957927750108155, -22.344742116241054 ], [ 166.956746458864956, -22.347768027025442 ], [ 166.954439415393438, -22.347942252711416 ], [ 166.952407643928012, -22.351652171457491 ], [ 166.95135642033739, -22.349920989847782 ], [ 166.9481327, -22.3506901 ], [ 166.952329, -22.351892600000014 ], [ 166.951891750901979, -22.354787293272889 ], [ 166.9482199, -22.353217300000043 ], [ 166.950109293934929, -22.354668423470471 ], [ 166.961513864450978, -22.359739229726227 ], [ 166.9617235, -22.362658599999989 ], [ 166.954733205570051, -22.364972990474698 ], [ 166.9509883, -22.3706261 ], [ 166.941462299999984, -22.3761509 ], [ 166.935383572281893, -22.386383963314003 ], [ 166.93227, -22.38738359999995 ], [ 166.9259132, -22.3947047 ], [ 166.907529899999986, -22.393557099999988 ], [ 166.906456303212224, -22.394756486268776 ], [ 166.8970315, -22.3916398 ], [ 166.8957777, -22.389472400000031 ], [ 166.8890324, -22.3905224 ], [ 166.89420819999998, -22.3852911 ], [ 166.897293966337401, -22.386552450632905 ], [ 166.9012871, -22.3836948 ], [ 166.903573, -22.3859955 ], [ 166.907931550203415, -22.38676994672036 ], [ 166.909419599999978, -22.381714600000016 ], [ 166.916335097851544, -22.383819823024954 ], [ 166.913402608417897, -22.379350074383485 ], [ 166.914218678881156, -22.377931139749975 ], [ 166.920781924577369, -22.378736331892281 ], [ 166.921289046370418, -22.377116537930789 ], [ 166.9187566, -22.3735705 ], [ 166.915588099999979, -22.3740867 ], [ 166.913089099999979, -22.370814500000026 ], [ 166.910764, -22.3745432 ], [ 166.8963049, -22.3727059 ], [ 166.888252591063377, -22.374867479125832 ], [ 166.887550222057257, -22.370489330846336 ], [ 166.893503700436185, -22.364861399675174 ], [ 166.900452554206737, -22.365180135154468 ], [ 166.9034226, -22.3628462 ], [ 166.896672810838481, -22.357999507597615 ], [ 166.8974747, -22.356432 ], [ 166.895698100393389, -22.354713099437607 ], [ 166.8986793, -22.3546373 ], [ 166.891627341524099, -22.35375662074507 ], [ 166.889462302134035, -22.347344294512421 ], [ 166.882688367302762, -22.341619565877266 ], [ 166.8778136, -22.3398766 ], [ 166.877539099999979, -22.3357299 ], [ 166.879417004164367, -22.333598584623143 ], [ 166.876566435535182, -22.330788706335753 ], [ 166.878078499999987, -22.3293237 ], [ 166.8764775, -22.324876100000036 ], [ 166.87824975753071, -22.318925661553255 ], [ 166.8723752, -22.3214368 ], [ 166.868947313605503, -22.325570889720041 ], [ 166.865447721742356, -22.324873955594395 ], [ 166.8623633, -22.320832 ], [ 166.858604395396355, -22.32233839562149 ], [ 166.855594169105586, -22.333832683562452 ], [ 166.865796768412338, -22.345941453465979 ], [ 166.8651779, -22.3474535 ], [ 166.852162415066203, -22.350366893445297 ], [ 166.850174322004449, -22.339200498347328 ], [ 166.852538609245215, -22.336147961196609 ], [ 166.851060099999984, -22.333732899999987 ], [ 166.84675033504621, -22.333525303922958 ], [ 166.8467531, -22.331812400000015 ], [ 166.8447371, -22.332301199999989 ], [ 166.8404434, -22.328356899999982 ], [ 166.842636400230248, -22.326573777191832 ], [ 166.840402207556934, -22.322529686237839 ], [ 166.8418974, -22.317567299999986 ], [ 166.839751337865266, -22.314511347919819 ], [ 166.8485187, -22.3140581 ], [ 166.850585129287794, -22.307790000168136 ], [ 166.852902699999987, -22.307965400000036 ], [ 166.8552657, -22.304435900000016 ], [ 166.860015372862421, -22.304236845556126 ], [ 166.862449336780969, -22.302261763194945 ], [ 166.8623369, -22.2973518 ], [ 166.860535, -22.299030800000036 ], [ 166.86104435246196, -22.301376522151486 ], [ 166.854339152036999, -22.300663657712146 ], [ 166.8503102, -22.304837400000025 ], [ 166.845074247355768, -22.304103634539047 ], [ 166.844905153498701, -22.300823952841476 ], [ 166.84076378732243, -22.301590262784018 ], [ 166.83875986004179, -22.299788077057173 ], [ 166.8360116, -22.301286099999974 ], [ 166.839179900000033, -22.301197099999989 ], [ 166.8394002, -22.3039416 ], [ 166.831780367580677, -22.302531152589747 ], [ 166.83741511169643, -22.304265628471622 ], [ 166.838971499999985, -22.3064948 ], [ 166.8423697, -22.303973200000016 ], [ 166.843682734508889, -22.306686043095535 ], [ 166.847797967268548, -22.307354262168076 ], [ 166.845090180597964, -22.310567085244422 ], [ 166.8372403, -22.309101699999978 ], [ 166.833547459764503, -22.316376202251341 ], [ 166.825436157381318, -22.3199864058294 ], [ 166.827559399999984, -22.324715 ], [ 166.820760994035453, -22.32865277829962 ], [ 166.8203057, -22.332841 ], [ 166.824359762443436, -22.33442552813711 ], [ 166.829054352767372, -22.332814002407588 ], [ 166.8210148, -22.345499 ], [ 166.813402429492214, -22.344137694022177 ], [ 166.811700299999984, -22.345918699999974 ], [ 166.8112844, -22.347916499999986 ], [ 166.817832196158236, -22.353409794449096 ], [ 166.81425437500917, -22.357071361711832 ], [ 166.810051, -22.357346 ], [ 166.810358080603436, -22.360222567991887 ], [ 166.808446490644485, -22.360595157177606 ], [ 166.820034814595516, -22.36137924717989 ], [ 166.8215693, -22.359026600000014 ], [ 166.8239821, -22.361193 ], [ 166.833170633195834, -22.363094033514912 ], [ 166.832686099999989, -22.365541499999978 ], [ 166.8301607, -22.3667305 ], [ 166.830856899999986, -22.3691827 ], [ 166.833145699999989, -22.3700156 ], [ 166.831968964506018, -22.372318268014922 ], [ 166.841855160600915, -22.378989078386439 ], [ 166.8432109, -22.386667 ], [ 166.83143892819956, -22.387012108889472 ], [ 166.830898499999989, -22.3835612 ], [ 166.826819799999981, -22.382287 ], [ 166.827054824073059, -22.379687085985456 ], [ 166.823348399999986, -22.376492199999987 ], [ 166.814765039726012, -22.372645859259222 ], [ 166.8095753, -22.372445699999975 ], [ 166.801044599999983, -22.3773987 ], [ 166.798209499999984, -22.376369099999984 ], [ 166.798099668625468, -22.382855513058125 ], [ 166.786131294185623, -22.389419173274153 ], [ 166.771785466985875, -22.391095176071765 ], [ 166.7673725, -22.3858666 ], [ 166.750930515116778, -22.382155774201095 ], [ 166.7426376, -22.382257099999968 ], [ 166.7301104, -22.373783899999989 ], [ 166.730580299999986, -22.363490499999976 ], [ 166.746016590009731, -22.348906315686914 ], [ 166.7574721, -22.34846270000002 ], [ 166.758028599999989, -22.3425945 ], [ 166.75687998736629, -22.34064988539259 ], [ 166.754042123597145, -22.342574488770037 ], [ 166.748322519813684, -22.339813186839436 ], [ 166.738856707275545, -22.341501894897295 ], [ 166.732915426111987, -22.344419467621595 ], [ 166.72666, -22.3446353 ], [ 166.700845099999981, -22.335286499999984 ], [ 166.7038451, -22.325959 ], [ 166.70370029999998, -22.3198715 ], [ 166.707182309537927, -22.311509747975663 ], [ 166.702959636846856, -22.308433815266007 ], [ 166.698348900000013, -22.313219200000013 ], [ 166.695776, -22.3239194 ], [ 166.683895765402781, -22.322984851827187 ], [ 166.6830319, -22.320241 ], [ 166.679625418573266, -22.318836768580937 ], [ 166.6833752, -22.316843400000018 ], [ 166.68432010467626, -22.306661485064531 ], [ 166.683133384019584, -22.308793493374484 ], [ 166.680575635460826, -22.306658656795701 ], [ 166.670625799999982, -22.3061691 ], [ 166.664240654293081, -22.297283557412168 ], [ 166.652939161181024, -22.296498384594564 ], [ 166.648993880515746, -22.294531580515716 ], [ 166.6499992, -22.292622 ], [ 166.646600199677948, -22.286408397878279 ], [ 166.640039014429362, -22.282410158746284 ], [ 166.637981978055848, -22.278268983310227 ], [ 166.6300106, -22.2741287 ], [ 166.625000546923729, -22.275404054020537 ], [ 166.6245705, -22.2701263 ], [ 166.622832599999981, -22.2841412 ], [ 166.621336062135157, -22.285607015843183 ], [ 166.5996246, -22.2927947 ], [ 166.590234385241217, -22.292333562231214 ], [ 166.585951542641084, -22.285406802069225 ], [ 166.573074, -22.2781727 ], [ 166.5717266, -22.274017 ], [ 166.56888859999998, -22.272095099999969 ], [ 166.555859224772348, -22.271101564265894 ], [ 166.557416599999982, -22.2682677 ], [ 166.55852112823851, -22.269659512085081 ], [ 166.559813153577949, -22.268118402755892 ], [ 166.557395715177506, -22.268131243176533 ], [ 166.557330431820418, -22.264556220886007 ], [ 166.562414, -22.266872700000015 ], [ 166.5637045, -22.2652278 ], [ 166.560262442578477, -22.264149255621881 ], [ 166.562247, -22.261879599999968 ], [ 166.557502752977229, -22.262650482176394 ], [ 166.5547023, -22.256599 ], [ 166.5592622, -22.256149 ], [ 166.559443099999982, -22.258879 ], [ 166.5617844, -22.2588127 ], [ 166.561113681706303, -22.255688996467025 ], [ 166.567112499999979, -22.2497374 ], [ 166.5671815, -22.2460386 ], [ 166.569015740900255, -22.246851963839283 ], [ 166.568809749605236, -22.244030208859968 ], [ 166.573043808052262, -22.245087220454781 ], [ 166.5722151, -22.2435772 ], [ 166.575074524226494, -22.240628214545396 ], [ 166.57147649959029, -22.240979535193524 ], [ 166.573422600000015, -22.2362887 ], [ 166.5695274, -22.237157900000039 ], [ 166.5688548, -22.2394385 ], [ 166.566729399999986, -22.239149800000011 ], [ 166.5687049, -22.2400913 ], [ 166.566414274594337, -22.242196361088308 ], [ 166.56341752855414, -22.239119743291532 ], [ 166.559368799999987, -22.2414583 ], [ 166.562812499999978, -22.238174800000039 ], [ 166.567768699999988, -22.2366063 ], [ 166.564411861811351, -22.2385453869597 ], [ 166.575510399999985, -22.234771900000013 ], [ 166.5799461, -22.2372001 ], [ 166.57944, -22.2361527 ], [ 166.580422132892579, -22.235864944345014 ], [ 166.5732557, -22.2336725 ], [ 166.5699591, -22.23581960000001 ], [ 166.563542647639906, -22.235876371887016 ], [ 166.559560299999987, -22.233694499999988 ], [ 166.563309903704095, -22.234417190550541 ], [ 166.564512959943755, -22.233197122280039 ], [ 166.55889708303954, -22.229904976645781 ], [ 166.556844771987357, -22.231093478863638 ], [ 166.557231100000024, -22.2338199 ], [ 166.554103904153067, -22.234303326554304 ], [ 166.552610099999981, -22.2338004 ], [ 166.553281699999985, -22.2302601 ], [ 166.551661008230298, -22.22980097112676 ], [ 166.551796439756657, -22.232053672067302 ], [ 166.549553799999984, -22.2338388 ], [ 166.551569980486363, -22.234631904854211 ], [ 166.550653499999981, -22.236867 ], [ 166.546745644591908, -22.237895913591107 ], [ 166.546959499999986, -22.2421467 ], [ 166.5426867, -22.242557799999989 ], [ 166.541513975578027, -22.240299984261824 ], [ 166.544914299999988, -22.2399282 ], [ 166.546632625779694, -22.235911229816722 ], [ 166.5443951, -22.233773100000036 ], [ 166.542282900000032, -22.23688689999998 ], [ 166.5433027, -22.2329958 ], [ 166.54168869999998, -22.2379669 ], [ 166.5387213, -22.2367935 ], [ 166.540516715482653, -22.239798029011503 ], [ 166.5359877, -22.2368146 ], [ 166.5342359, -22.2374316 ], [ 166.53697982374004, -22.235478772014154 ], [ 166.53063575092051, -22.238717406643495 ], [ 166.534546399999982, -22.233558 ], [ 166.536243538986213, -22.23563049340353 ], [ 166.5379771, -22.232492199999989 ], [ 166.5347084, -22.233387099999987 ], [ 166.542496, -22.226256 ], [ 166.536302899999981, -22.2317418 ], [ 166.536910065047067, -22.229917596184237 ], [ 166.53552817067083, -22.229541179412681 ], [ 166.533929572445317, -22.23247145439236 ], [ 166.532456299999978, -22.229459399999982 ], [ 166.529850929559615, -22.231029325341854 ], [ 166.529175932877422, -22.232123800136808 ], [ 166.531900147367253, -22.233777025469429 ], [ 166.5293077, -22.239859899999974 ], [ 166.526842608837029, -22.239992860990281 ], [ 166.5286145, -22.23800730000001 ], [ 166.5259848, -22.2326016 ], [ 166.525162931595247, -22.233749985159928 ], [ 166.522544600000032, -22.2314675 ], [ 166.5241313, -22.2321958 ], [ 166.5242299, -22.230654799999982 ], [ 166.521855938378451, -22.230651700003971 ], [ 166.522120799999982, -22.2289255 ], [ 166.52055636450649, -22.230409539848164 ], [ 166.51836499416757, -22.229517015794645 ], [ 166.519908597003109, -22.228116984213962 ], [ 166.5174946, -22.2295783 ], [ 166.5160256, -22.2277359 ], [ 166.512295699999981, -22.2284588 ], [ 166.5124701, -22.230166 ], [ 166.51206814457646, -22.226610608699623 ], [ 166.5121059, -22.230319 ], [ 166.511738399999984, -22.2289115 ], [ 166.509771199999989, -22.231531499999967 ], [ 166.5112684, -22.231920200000019 ], [ 166.507570271518546, -22.233229657008632 ], [ 166.505755125384553, -22.231344014303655 ], [ 166.5072481, -22.2255712 ], [ 166.503740100000016, -22.228382899999978 ], [ 166.5047482, -22.230002 ], [ 166.502280399999989, -22.229702300000014 ], [ 166.502961148322299, -22.228550931726211 ], [ 166.496590699999985, -22.225901100000023 ], [ 166.4990541, -22.224058499999963 ], [ 166.4970643, -22.225000100000013 ], [ 166.494517799999983, -22.2216991 ], [ 166.494680902673139, -22.223188031664773 ], [ 166.492945500000019, -22.2231104 ], [ 166.493225975483654, -22.221049991278122 ], [ 166.487613453473074, -22.222694126330449 ] ], [ [ 166.581453354467982, -22.235562798732083 ], [ 166.583621199999982, -22.234927599999985 ], [ 166.588438765725414, -22.236315168483202 ], [ 166.5838924, -22.2340817 ], [ 166.581453354467982, -22.235562798732083 ] ], [ [ 166.589183390893055, -22.236529622711696 ], [ 166.5898354, -22.2367174 ], [ 166.590079560132011, -22.235876922860388 ], [ 166.589183390893055, -22.236529622711696 ] ], [ [ 166.590961947740965, -22.232839377011636 ], [ 166.5909977, -22.232716300000014 ], [ 166.5961159, -22.23059970000002 ], [ 166.590954899999986, -22.232530499999967 ], [ 166.590961947740965, -22.232839377011636 ] ] ], [ [ [ 166.971328912093753, -22.683923488602694 ], [ 166.96628780569921, -22.684669197017673 ], [ 166.9684096, -22.683185400000031 ], [ 166.971328912093753, -22.683923488602694 ] ] ], [ [ [ 166.916836733770992, -22.722112623388224 ], [ 166.918039799497251, -22.722994774942553 ], [ 166.916437883662809, -22.723791858459528 ], [ 166.916836733770992, -22.722112623388224 ] ] ], [ [ [ 166.876880203831291, -22.846285377918718 ], [ 166.8783838, -22.8455896 ], [ 166.879074677759348, -22.847313093189179 ], [ 166.876880203831291, -22.846285377918718 ] ] ], [ [ [ 166.844458978293119, -22.378455144490768 ], [ 166.850887989061363, -22.379589445861939 ], [ 166.8558574, -22.37831880000002 ], [ 166.8540054, -22.38189 ], [ 166.844458978293119, -22.378455144490768 ] ] ], [ [ [ 166.851489025125204, -22.72380378835177 ], [ 166.849909, -22.723123699999988 ], [ 166.850974685321574, -22.720414038811459 ], [ 166.851489025125204, -22.72380378835177 ] ] ], [ [ [ 166.778635689954939, -22.46081457622056 ], [ 166.776643737423342, -22.458953668738602 ], [ 166.7805731, -22.458926199999983 ], [ 166.781693499999989, -22.455317199999985 ], [ 166.7789358, -22.4535583 ], [ 166.771878499999985, -22.441455600000019 ], [ 166.776159169976722, -22.437614732111872 ], [ 166.784918299999987, -22.4340012 ], [ 166.785959810970724, -22.428688520554541 ], [ 166.784717121301753, -22.417818861281134 ], [ 166.7772378, -22.4112875 ], [ 166.776718239331387, -22.407549438903018 ], [ 166.778573099999988, -22.4050989 ], [ 166.7828065, -22.4035622 ], [ 166.7860412, -22.3985457 ], [ 166.7949956, -22.40404479999998 ], [ 166.797945991008902, -22.408165730331721 ], [ 166.804149196476004, -22.408075402258131 ], [ 166.80640731698611, -22.402798741429912 ], [ 166.804576126251021, -22.398855194940769 ], [ 166.808380200179784, -22.39512793563269 ], [ 166.813781299999988, -22.393288299999952 ], [ 166.8181821, -22.3932319 ], [ 166.820884896153132, -22.397556848557237 ], [ 166.825326740447707, -22.394460610554173 ], [ 166.831788599999982, -22.3983191 ], [ 166.834177286432265, -22.396648745168992 ], [ 166.839257859002288, -22.397850887152078 ], [ 166.844123576478921, -22.40465145870591 ], [ 166.842853657836457, -22.407053917052249 ], [ 166.847584, -22.4154659 ], [ 166.8470168, -22.417996400000014 ], [ 166.841073789364458, -22.422452923413889 ], [ 166.841439453292395, -22.425097353335119 ], [ 166.843286, -22.425704299999982 ], [ 166.842576358869621, -22.432550084913675 ], [ 166.8282246, -22.4286544 ], [ 166.822815529209606, -22.431486365783474 ], [ 166.820688499999989, -22.437987699999965 ], [ 166.81790909999998, -22.4399887 ], [ 166.812186699999984, -22.437036 ], [ 166.803632481792619, -22.435496652738294 ], [ 166.804339579060553, -22.434244760311906 ], [ 166.7998725, -22.4379004 ], [ 166.799868990754163, -22.439763063787716 ], [ 166.800433599141513, -22.441752205183079 ], [ 166.807247099999984, -22.4475736 ], [ 166.812685800363965, -22.449463604339545 ], [ 166.811333427506582, -22.450540615741787 ], [ 166.815980588524098, -22.449250132759236 ], [ 166.816573100000028, -22.44614560000004 ], [ 166.83229220294254, -22.445653505521626 ], [ 166.832464099999981, -22.451872399999989 ], [ 166.823088151511968, -22.458816063982002 ], [ 166.817533856317056, -22.466541525540457 ], [ 166.813246050449834, -22.467653953886398 ], [ 166.8092656, -22.4677024 ], [ 166.804340514286906, -22.461355173719806 ], [ 166.7963892, -22.463325299999987 ], [ 166.778635689954939, -22.46081457622056 ] ] ], [ [ [ 166.8438562, -22.359511099999985 ], [ 166.8428879, -22.3559311 ], [ 166.839403437077067, -22.354194911390767 ], [ 166.8399301, -22.3521457 ], [ 166.846103185408083, -22.351887416719247 ], [ 166.846941559708682, -22.355655413437955 ], [ 166.8438562, -22.359511099999985 ] ] ], [ [ [ 166.831602155919711, -22.531588340998685 ], [ 166.8304163, -22.533350200000015 ], [ 166.828265199932872, -22.532715788179519 ], [ 166.831602155919711, -22.531588340998685 ] ] ], [ [ [ 166.821297202209792, -22.5402299563101 ], [ 166.8229385, -22.5384874 ], [ 166.8230786, -22.540056399999948 ], [ 166.821297202209792, -22.5402299563101 ] ] ], [ [ [ 166.813090599999981, -22.7070728 ], [ 166.812651679041551, -22.70915927700711 ], [ 166.809766135462155, -22.708880518248936 ], [ 166.813090599999981, -22.7070728 ] ] ], [ [ [ 166.812439956593693, -22.678450724071148 ], [ 166.811479599999984, -22.680229500000028 ], [ 166.809971337329443, -22.677532421699627 ], [ 166.812439956593693, -22.678450724071148 ] ] ], [ [ [ 166.8025946, -22.776360900000011 ], [ 166.80215819999998, -22.778498599999971 ], [ 166.7996522, -22.77534290000002 ], [ 166.8025946, -22.776360900000011 ] ] ], [ [ [ 166.796827966518549, -22.711074768882987 ], [ 166.794779821613901, -22.711361565082864 ], [ 166.7943186, -22.709892100000012 ], [ 166.796827966518549, -22.711074768882987 ] ] ], [ [ [ 166.768242707914084, -22.517109613866705 ], [ 166.770087499999988, -22.5162165 ], [ 166.769738694114125, -22.518812778687558 ], [ 166.768242707914084, -22.517109613866705 ] ] ], [ [ [ 166.609821826050023, -22.514993394923099 ], [ 166.612102895608757, -22.514411705716924 ], [ 166.612398500000012, -22.516818899999983 ], [ 166.609568, -22.517001200000028 ], [ 166.609821826050023, -22.514993394923099 ] ] ], [ [ [ 166.596105091751127, -22.302804780163701 ], [ 166.594927388072819, -22.297064730873164 ], [ 166.598015471713296, -22.299719279536923 ], [ 166.598223, -22.3020823 ], [ 166.596105091751127, -22.302804780163701 ] ] ], [ [ [ 166.580658493361341, -22.305378753678081 ], [ 166.576394323838429, -22.304403413929336 ], [ 166.5751602, -22.2994151 ], [ 166.577328616712521, -22.297025705606714 ], [ 166.578192799999982, -22.301142500000012 ], [ 166.58528452095311, -22.30292114427262 ], [ 166.580658493361341, -22.305378753678081 ] ] ], [ [ [ 166.569901780812359, -22.324821143491217 ], [ 166.570601700994132, -22.326212027483738 ], [ 166.569517953356723, -22.327880469499924 ], [ 166.569901780812359, -22.324821143491217 ] ] ], [ [ [ 166.566769154541959, -22.309030374928163 ], [ 166.568450499999983, -22.312186 ], [ 166.564682448857809, -22.309093728981789 ], [ 166.566769154541959, -22.309030374928163 ] ] ] ] } },
{ "type": "Feature", "properties": { "province": "Province Sud", "commune": "La Foa" }, "geometry": { "type": "MultiPolygon", "coordinates": [ [ [ [ 165.724589391983756, -21.69613615467097 ], [ 165.730337201686638, -21.693812964045261 ], [ 165.730757308576756, -21.689823388972023 ], [ 165.727666200888791, -21.688614852785044 ], [ 165.728308004446603, -21.685685374489893 ], [ 165.720813819032912, -21.679169161543591 ], [ 165.728292661602239, -21.673497859612837 ], [ 165.731840714813615, -21.674063153776711 ], [ 165.745106793062746, -21.66687431803977 ], [ 165.749521535301568, -21.668723512251557 ], [ 165.753981211055731, -21.667380202495373 ], [ 165.758530548169489, -21.669778051339463 ], [ 165.760933584120096, -21.675576355216574 ], [ 165.760396514435968, -21.67919976951919 ], [ 165.770712429291422, -21.694375588180815 ], [ 165.784002419966185, -21.69289896577023 ], [ 165.786842625663184, -21.694017985347273 ], [ 165.788619062655414, -21.684670033256584 ], [ 165.791610100596586, -21.683606829516144 ], [ 165.797431507121956, -21.685566013505113 ], [ 165.80059633076749, -21.689668687214471 ], [ 165.805941033286416, -21.68620186334007 ], [ 165.811471835498509, -21.687220968299552 ], [ 165.812884590346528, -21.685845107165168 ], [ 165.818719662544936, -21.69355927260742 ], [ 165.818976742756348, -21.696366114136097 ], [ 165.825122233380768, -21.698626932420108 ], [ 165.835853902221203, -21.689190375225806 ], [ 165.835959596495826, -21.682647482389893 ], [ 165.833059347948193, -21.677472325664787 ], [ 165.840482699617098, -21.66656364533678 ], [ 165.84446129142168, -21.664843164254165 ], [ 165.847224787477558, -21.660082869786656 ], [ 165.846950116383624, -21.656944591830595 ], [ 165.852607852014842, -21.656368235795806 ], [ 165.861342590066101, -21.660846662230149 ], [ 165.865161383842235, -21.654198984811202 ], [ 165.86473171010141, -21.644062939199497 ], [ 165.874837774599456, -21.639077455319033 ], [ 165.883416550587157, -21.632423121207157 ], [ 165.8836807540319, -21.629172925739709 ], [ 165.875303279014645, -21.619408531720186 ], [ 165.873270689878609, -21.611865592353006 ], [ 165.8847255, -21.607544 ], [ 165.8913809, -21.608997200000012 ], [ 165.894191434248228, -21.611554825396333 ], [ 165.918913496810603, -21.611538220512127 ], [ 165.921427599999987, -21.6130341 ], [ 165.927805908327457, -21.608422318782999 ], [ 165.929768120524699, -21.602693215741166 ], [ 165.9394874, -21.595335 ], [ 165.9450272, -21.5971413 ], [ 165.9498987, -21.5959655 ], [ 165.956817294627967, -21.597223429645464 ], [ 165.958659857602356, -21.601161348624537 ], [ 165.961866952290478, -21.600998603316217 ], [ 165.963677229209537, -21.603558240650592 ], [ 165.9679055, -21.602973700000021 ], [ 165.9745193, -21.612161599999986 ], [ 165.9804327, -21.61531 ], [ 165.987651975765004, -21.61537629274364 ], [ 165.992427197473404, -21.624676211935405 ], [ 165.9961347, -21.627887500000018 ], [ 165.99926929999998, -21.627216 ], [ 166.022377078046759, -21.639953440945352 ], [ 166.021886213964535, -21.643615528014145 ], [ 166.017895445510732, -21.64858898099401 ], [ 166.019352698820626, -21.651336699276538 ], [ 166.017865785152964, -21.656305078457628 ], [ 166.015577829806062, -21.656938989761841 ], [ 166.01089708100298, -21.665502370066481 ], [ 166.015763808245623, -21.679549032419303 ], [ 166.015111570012294, -21.68626563293823 ], [ 165.999263034237941, -21.690475711402858 ], [ 165.995537219680614, -21.698029797299661 ], [ 165.996336481753417, -21.702809642151429 ], [ 165.987728635695674, -21.717368276693087 ], [ 165.976241516338462, -21.71869023767632 ], [ 165.97739794733306, -21.722088050239034 ], [ 165.967934637774931, -21.724576748892851 ], [ 165.959476810625659, -21.734998727091067 ], [ 165.955322692337148, -21.736621463580601 ], [ 165.954389583521873, -21.742344998191921 ], [ 165.963780506345302, -21.756951365050547 ], [ 165.962837163893397, -21.763634103959518 ], [ 165.964194943597079, -21.766220858551627 ], [ 165.955517529228757, -21.770919534185975 ], [ 165.948803186610121, -21.77877931290065 ], [ 165.94021565490624, -21.779799272034978 ], [ 165.933985469259881, -21.782817550798548 ], [ 165.926165655747127, -21.78108156191362 ], [ 165.923124050690745, -21.785691216065413 ], [ 165.923520598121883, -21.791125114610026 ], [ 165.914895742865497, -21.798166339218184 ], [ 165.91592862983444, -21.801762401777392 ], [ 165.922325116781337, -21.806305123053775 ], [ 165.916265145907374, -21.81244488982971 ], [ 165.912096169386643, -21.822427651332823 ], [ 165.902061957277056, -21.829047668528233 ], [ 165.896367792479765, -21.826587121924501 ], [ 165.886745046485146, -21.840272298343795 ], [ 165.881092781327538, -21.844980404311727 ], [ 165.87923880425285, -21.850580331306372 ], [ 165.875474316434179, -21.851143659524837 ], [ 165.870438666026473, -21.856850617760283 ], [ 165.871031958625309, -21.862159514611932 ], [ 165.868033114260584, -21.858925330373854 ], [ 165.868413573930724, -21.853292762902711 ], [ 165.863648399999988, -21.8603365 ], [ 165.861505851266656, -21.857559570827274 ], [ 165.853321251888019, -21.856893801466402 ], [ 165.850136599999985, -21.8584171 ], [ 165.85111126961408, -21.860122204370207 ], [ 165.8475128, -21.862771600000013 ], [ 165.84750087204057, -21.865408874908699 ], [ 165.834562, -21.8653471 ], [ 165.819958103469645, -21.87294746377372 ], [ 165.818614299999979, -21.8704777 ], [ 165.820656829240846, -21.867222494725578 ], [ 165.819076948692583, -21.863597830133131 ], [ 165.812063720658188, -21.8608835061805 ], [ 165.807822423541552, -21.85706208609238 ], [ 165.810602135970782, -21.848707212920914 ], [ 165.809201306100704, -21.844949070150101 ], [ 165.811493826394553, -21.847892684456756 ], [ 165.8122788, -21.846459499999977 ], [ 165.809106059737331, -21.844693535882691 ], [ 165.808481799999981, -21.8430187 ], [ 165.809241091856308, -21.842139097207966 ], [ 165.814116701152756, -21.847971409195274 ], [ 165.8119624, -21.8490842 ], [ 165.8110725, -21.85260989999998 ], [ 165.82383249999998, -21.850127400000023 ], [ 165.826152329634965, -21.854133810320217 ], [ 165.826256149671593, -21.852652544655289 ], [ 165.829334170934317, -21.854460127234702 ], [ 165.829980399999982, -21.8531179 ], [ 165.830101, -21.854292899999987 ], [ 165.8302851, -21.8530826 ], [ 165.837999699999983, -21.8527878 ], [ 165.8392945, -21.8467592 ], [ 165.843761417993164, -21.845030774848976 ], [ 165.835316718231809, -21.845323287246149 ], [ 165.832954299999983, -21.837811599999981 ], [ 165.8366101, -21.835673500000038 ], [ 165.8343458, -21.836538899999976 ], [ 165.833954899999981, -21.834191 ], [ 165.8356071, -21.834264599999962 ], [ 165.829860299999979, -21.8332089 ], [ 165.832474815027837, -21.832354326085888 ], [ 165.830247709394541, -21.829519894673215 ], [ 165.832306499999987, -21.8289929 ], [ 165.831279767349628, -21.829642130855326 ], [ 165.833536899999984, -21.8309074 ], [ 165.8323015, -21.829087800000035 ], [ 165.834726809281477, -21.828814426510885 ], [ 165.831265243523347, -21.828808804241262 ], [ 165.830772146593205, -21.823586488226557 ], [ 165.828755808284427, -21.82408348742538 ], [ 165.828077199992038, -21.820288218423268 ], [ 165.830911621227813, -21.818868584265005 ], [ 165.826606699999985, -21.816625299999977 ], [ 165.8249936, -21.8124414 ], [ 165.827701499999989, -21.811787300000024 ], [ 165.824424000698912, -21.809873799064391 ], [ 165.823580300000032, -21.8108003 ], [ 165.8236737, -21.8092952 ], [ 165.821782099999979, -21.812634100000011 ], [ 165.819352379155021, -21.812813816409175 ], [ 165.820120468194773, -21.820584967396446 ], [ 165.813704048947841, -21.816997832664349 ], [ 165.813212386488004, -21.815028641915305 ], [ 165.815362, -21.8143041 ], [ 165.81396366694122, -21.812748161051509 ], [ 165.809806218112357, -21.814671116427487 ], [ 165.808552, -21.806660099999988 ], [ 165.803558479001907, -21.807996779835282 ], [ 165.801755709309901, -21.810594396384481 ], [ 165.7950315, -21.810818500000011 ], [ 165.800098416058802, -21.804386127422383 ], [ 165.7942358, -21.80171630000002 ], [ 165.799044908429579, -21.803741597595494 ], [ 165.801365799999985, -21.803196499999988 ], [ 165.7998543, -21.800554900000016 ], [ 165.8030167, -21.797215399999978 ], [ 165.801701614253261, -21.795304799281681 ], [ 165.8042829, -21.7956928 ], [ 165.808346885201388, -21.792342404537905 ], [ 165.8120212, -21.7931319 ], [ 165.810356541670728, -21.791348603197534 ], [ 165.8067902, -21.792664299999988 ], [ 165.804225699999989, -21.791624399999989 ], [ 165.802769352493897, -21.789164481481187 ], [ 165.798947794280195, -21.790504885850481 ], [ 165.7972188, -21.787324799999968 ], [ 165.796873690004162, -21.788910353128603 ], [ 165.7953239, -21.7871731 ], [ 165.796330765441638, -21.789008816285389 ], [ 165.795140283917135, -21.788227201119188 ], [ 165.795647799999983, -21.7897772 ], [ 165.7939697, -21.789779899999964 ], [ 165.791304742524829, -21.784227461077233 ], [ 165.7887218, -21.786817 ], [ 165.7887558, -21.7905145 ], [ 165.78513086948908, -21.787323596884519 ], [ 165.785735, -21.7888665 ], [ 165.7808154, -21.788185499999987 ], [ 165.781460560285979, -21.792342196480345 ], [ 165.778522197910462, -21.788957866872479 ], [ 165.7774598, -21.7899388 ], [ 165.7787553, -21.79084120000001 ], [ 165.777459199999981, -21.794665200000019 ], [ 165.7808239, -21.7994916 ], [ 165.779093785508707, -21.801454267423299 ], [ 165.7824699, -21.801332 ], [ 165.7837395, -21.8044384 ], [ 165.778207499999979, -21.8045349 ], [ 165.778383099999985, -21.80844549999998 ], [ 165.776660605937394, -21.809588246797652 ], [ 165.778177191524918, -21.81030935065472 ], [ 165.7758403, -21.8111925 ], [ 165.769940599999984, -21.80905669999996 ], [ 165.768683539649146, -21.803923426387875 ], [ 165.766028299999988, -21.801647100000029 ], [ 165.766487399999988, -21.8045801 ], [ 165.765392730030413, -21.804169617555726 ], [ 165.7618885, -21.7991564 ], [ 165.7633496, -21.7924603 ], [ 165.752913648748262, -21.782567275341265 ], [ 165.756820872080056, -21.781314844699079 ], [ 165.7574879, -21.783159899999983 ], [ 165.7613754, -21.783561700000018 ], [ 165.7599653, -21.7819434 ], [ 165.757575, -21.782526399999988 ], [ 165.7622226, -21.781388300000021 ], [ 165.761249334195611, -21.779165337247832 ], [ 165.7624447, -21.781063 ], [ 165.7642109, -21.778806 ], [ 165.765427876419608, -21.781581801717049 ], [ 165.769507, -21.779670599999985 ], [ 165.7709113, -21.773772900000019 ], [ 165.772516199999984, -21.774616 ], [ 165.773497148243507, -21.77144401431779 ], [ 165.7786887, -21.770451 ], [ 165.7792557, -21.7677533 ], [ 165.773293422415406, -21.769578004362298 ], [ 165.776655934130559, -21.765113700154053 ], [ 165.7750021, -21.76410850000001 ], [ 165.7713331, -21.7677715 ], [ 165.761341315212462, -21.763467400306283 ], [ 165.755952799999989, -21.7600868 ], [ 165.75585077942219, -21.758362380655004 ], [ 165.755003738311871, -21.76104195267321 ], [ 165.751681199999979, -21.7572466 ], [ 165.748799698112833, -21.757517983984915 ], [ 165.749324408832194, -21.753742183043997 ], [ 165.7449121, -21.7553063 ], [ 165.7343511, -21.751529 ], [ 165.7266985, -21.74299030000002 ], [ 165.727270299999986, -21.7397355 ], [ 165.727784499999984, -21.742392299999985 ], [ 165.729262451039574, -21.73862642183628 ], [ 165.741176016244737, -21.741870519936739 ], [ 165.745831004983529, -21.746327207898275 ], [ 165.745438399999983, -21.740098299999971 ], [ 165.749081599999982, -21.7370614 ], [ 165.742592089851001, -21.729527844748802 ], [ 165.748503978407825, -21.731980818470859 ], [ 165.7491803, -21.7352776 ], [ 165.755905682632829, -21.741242529426835 ], [ 165.759042599999987, -21.7410254 ], [ 165.758309799726817, -21.738700801104223 ], [ 165.760979699999979, -21.738973599999984 ], [ 165.7620451, -21.7367226 ], [ 165.766941329628565, -21.737094448132378 ], [ 165.7703847, -21.742143 ], [ 165.769265599999983, -21.744777 ], [ 165.7718437, -21.7471631 ], [ 165.773469326822919, -21.743947511221805 ], [ 165.776710330634302, -21.743764205873021 ], [ 165.776543946155101, -21.742259337400277 ], [ 165.7789727, -21.743537500000027 ], [ 165.7788822, -21.742142299999983 ], [ 165.786147699999987, -21.738813799999956 ], [ 165.787935073030582, -21.739704215846746 ], [ 165.793834299999986, -21.7370538 ], [ 165.795713330860906, -21.733756320712697 ], [ 165.79268320153929, -21.731452972391089 ], [ 165.7928389, -21.729614699999974 ], [ 165.798093043064256, -21.726848722266322 ], [ 165.794359012247014, -21.725477759420066 ], [ 165.792956436377182, -21.726562214252642 ], [ 165.795034865824505, -21.724147419591485 ], [ 165.7929924, -21.7249421 ], [ 165.792505399999982, -21.723513400000012 ], [ 165.795003799999989, -21.721546500000017 ], [ 165.792534599999982, -21.720875899999985 ], [ 165.7924619, -21.719192800000016 ], [ 165.789697884078748, -21.720516339331169 ], [ 165.790288318388235, -21.724921470228132 ], [ 165.788705, -21.7205392 ], [ 165.788324773931663, -21.729402809534903 ], [ 165.784332139441375, -21.732447458676358 ], [ 165.787115848745202, -21.725986928094091 ], [ 165.784687401551793, -21.725297957419755 ], [ 165.785759, -21.727230599999974 ], [ 165.782030493173238, -21.726188955775886 ], [ 165.78343048477754, -21.731852188337076 ], [ 165.776428637769271, -21.737342702472343 ], [ 165.782266241059943, -21.732702359514423 ], [ 165.778879132229946, -21.730683651368754 ], [ 165.779376318437471, -21.726707798416285 ], [ 165.777520899999985, -21.725216100000036 ], [ 165.781999282602584, -21.723653933415239 ], [ 165.78135229999998, -21.7222974 ], [ 165.7762531, -21.7161405 ], [ 165.771596099999982, -21.721999300000011 ], [ 165.762522499999989, -21.7188565 ], [ 165.761579899999987, -21.7165603 ], [ 165.749928502226709, -21.710472067759074 ], [ 165.7482556, -21.707174299999973 ], [ 165.750017, -21.703123299999987 ], [ 165.756023299999981, -21.7023467 ], [ 165.754966242004116, -21.69935209977103 ], [ 165.751112817484227, -21.701548275806527 ], [ 165.745583228717493, -21.69592048773184 ], [ 165.739477884861998, -21.696485088991246 ], [ 165.743932904112597, -21.697157725030085 ], [ 165.747511499687675, -21.701998035941106 ], [ 165.741726199999988, -21.7105916 ], [ 165.7345219, -21.705934 ], [ 165.731258199999985, -21.706089400000028 ], [ 165.729429645055234, -21.702272670447861 ], [ 165.724072899999982, -21.703063 ], [ 165.724589391983756, -21.69613615467097 ] ], [ [ 165.795729961668741, -21.723876964761143 ], [ 165.80136577884025, -21.724417461319806 ], [ 165.79778454575748, -21.720903892747778 ], [ 165.797872499999983, -21.723043300000018 ], [ 165.795729961668741, -21.723876964761143 ] ], [ [ 165.822998041935648, -21.868304449323009 ], [ 165.826756606940933, -21.865976781173018 ], [ 165.824181357698052, -21.864731583187304 ], [ 165.821385660686047, -21.867628629425155 ], [ 165.822998041935648, -21.868304449323009 ] ], [ [ 165.822892718366518, -21.865416195437792 ], [ 165.821514399999984, -21.863505499999984 ], [ 165.8199717, -21.865147399999987 ], [ 165.822892718366518, -21.865416195437792 ] ] ], [ [ [ 165.778328446153068, -21.810381267829836 ], [ 165.779962057106871, -21.811157989015467 ], [ 165.779413861440787, -21.813022636465409 ], [ 165.781671599999981, -21.81507539999998 ], [ 165.7817001, -21.8130539 ], [ 165.78189651297032, -21.816227872015165 ], [ 165.7786279, -21.8137359 ], [ 165.778328446153068, -21.810381267829836 ] ] ], [ [ [ 165.842600347255598, -21.894352491879168 ], [ 165.845601676377242, -21.891349047274876 ], [ 165.855134696346312, -21.897021828004366 ], [ 165.856285464361235, -21.899265184811789 ], [ 165.842600347255598, -21.894352491879168 ] ] ], [ [ [ 165.791485718537615, -21.810903801588694 ], [ 165.79114340486251, -21.809578636801564 ], [ 165.79443201381531, -21.80859922355399 ], [ 165.791485718537615, -21.810903801588694 ] ] ], [ [ [ 165.775207065403009, -21.740482090540883 ], [ 165.778642743422921, -21.738829401859011 ], [ 165.774582533509033, -21.738453206634293 ], [ 165.781059474998699, -21.737597818238338 ], [ 165.779585, -21.741008399999984 ], [ 165.777532400571516, -21.740976117316375 ], [ 165.7800641, -21.738302900000029 ], [ 165.775207065403009, -21.740482090540883 ] ] ], [ [ [ 165.770446013099217, -21.727397465915534 ], [ 165.769182286657156, -21.729110471769747 ], [ 165.769994799802873, -21.726882712181112 ], [ 165.770446013099217, -21.727397465915534 ] ] ], [ [ [ 165.77101588792658, -21.728047584255226 ], [ 165.772567487756589, -21.729817623755231 ], [ 165.771335893707686, -21.733111495866531 ], [ 165.771979940501382, -21.729380278244928 ], [ 165.77101588792658, -21.728047584255226 ] ] ], [ [ [ 165.76765368397929, -21.807799969925625 ], [ 165.766391107669222, -21.814480297549 ], [ 165.765352799999988, -21.8105031 ], [ 165.766228899999987, -21.8116464 ], [ 165.766252425250428, -21.807599168446121 ], [ 165.76765368397929, -21.807799969925625 ] ] ], [ [ [ 165.7606246, -21.8137774 ], [ 165.759035900000015, -21.8135652 ], [ 165.759429499999982, -21.816023899999983 ], [ 165.76320827819049, -21.816654580602815 ], [ 165.7637906, -21.820917200000022 ], [ 165.763720038885339, -21.817699465302709 ], [ 165.764418347432382, -21.819319693737615 ], [ 165.766582872234494, -21.814764430972996 ], [ 165.764797250706039, -21.818765170144051 ], [ 165.765903805079887, -21.82153000401836 ], [ 165.7668013, -21.8165009 ], [ 165.765814466076989, -21.823809601643596 ], [ 165.761744164574139, -21.827369485547948 ], [ 165.7575411, -21.822952600000011 ], [ 165.751178200663503, -21.81994910223332 ], [ 165.751446719717848, -21.817590885316495 ], [ 165.7550233, -21.816147 ], [ 165.755528029786035, -21.810170163484507 ], [ 165.7606246, -21.8137774 ] ] ], [ [ [ 165.764288419308173, -21.811207105377271 ], [ 165.7621383, -21.81414609999997 ], [ 165.764567010145271, -21.813466372659349 ], [ 165.761406036730392, -21.814786387606979 ], [ 165.764288419308173, -21.811207105377271 ] ] ], [ [ [ 165.761408370196648, -21.736724967235439 ], [ 165.759102432749074, -21.734490938872174 ], [ 165.762089469176289, -21.735787312219689 ], [ 165.761408370196648, -21.736724967235439 ] ] ], [ [ [ 165.7261551, -21.739901599999982 ], [ 165.7260066, -21.73713739999998 ], [ 165.7283952, -21.7353878 ], [ 165.7261551, -21.739901599999982 ] ] ] ] } },
{ "type": "Feature", "properties": { "province": "Province Sud", "commune": "Moindou" }, "geometry": { "type": "MultiPolygon", "coordinates": [ [ [ [ 165.677411223362697, -21.723700347907108 ], [ 165.676709708034508, -21.723953362964679 ], [ 165.6697399, -21.7219526 ], [ 165.677411223362697, -21.723700347907108 ] ] ], [ [ [ 165.678917844116881, -21.723156943075683 ], [ 165.679585693081236, -21.722587974838163 ], [ 165.678223262305181, -21.72340746558978 ], [ 165.677690110117737, -21.72359976094636 ], [ 165.6698347, -21.721749400000025 ], [ 165.6719349, -21.720129 ], [ 165.6746741, -21.721812199999981 ], [ 165.680054660205712, -21.720574127829536 ], [ 165.684878328681549, -21.715093744483433 ], [ 165.680947799999984, -21.7149104 ], [ 165.6768418, -21.717179799999982 ], [ 165.674551132945652, -21.715619230759287 ], [ 165.676930126306445, -21.713252413159367 ], [ 165.676169372863654, -21.710802753444444 ], [ 165.674437100024136, -21.711565896502648 ], [ 165.676360891641195, -21.707602251528382 ], [ 165.67353170598642, -21.709873297377833 ], [ 165.670366437150562, -21.709496809184124 ], [ 165.674443712135144, -21.707796304690834 ], [ 165.674765399999984, -21.7050879 ], [ 165.6705274, -21.7086605 ], [ 165.670901244974431, -21.704371506537473 ], [ 165.669311264516807, -21.706845758543849 ], [ 165.665694699999989, -21.707470500000014 ], [ 165.666761300861651, -21.705867561358467 ], [ 165.664261442027396, -21.701705259571288 ], [ 165.663808437180222, -21.703665764807425 ], [ 165.661472106073234, -21.703165269632674 ], [ 165.663197, -21.701190900000032 ], [ 165.66066, -21.703715 ], [ 165.657936299999989, -21.7035539 ], [ 165.659790676243801, -21.704927663827291 ], [ 165.6556496, -21.70579459999998 ], [ 165.660105246153961, -21.705278935644841 ], [ 165.659573, -21.706818399999985 ], [ 165.6639152798937, -21.705090131202805 ], [ 165.661896399999989, -21.707294800000017 ], [ 165.663440392616508, -21.712995953811738 ], [ 165.6623205, -21.7141277 ], [ 165.6586767, -21.7116059 ], [ 165.658778899999987, -21.7141873 ], [ 165.6557918, -21.715602 ], [ 165.653736872929585, -21.710931597450514 ], [ 165.653779295161655, -21.715643200793462 ], [ 165.65141017834469, -21.717162703240881 ], [ 165.657710533768324, -21.720332762390672 ], [ 165.650254339485031, -21.719953572420295 ], [ 165.643637899999987, -21.723595400000011 ], [ 165.642121540186594, -21.727619776409306 ], [ 165.640450499999986, -21.724956599999985 ], [ 165.636752299999984, -21.725696499999973 ], [ 165.6369948, -21.722825600000018 ], [ 165.635450099999986, -21.7220815 ], [ 165.6321417, -21.724194800000014 ], [ 165.633133655809388, -21.72889764144513 ], [ 165.6313319, -21.7289289 ], [ 165.631617799999987, -21.731338200000014 ], [ 165.627618, -21.73478840000001 ], [ 165.622658300000012, -21.7339662 ], [ 165.62714621738624, -21.726983050634892 ], [ 165.623710808620217, -21.719976185789186 ], [ 165.624802944432219, -21.715023863023053 ], [ 165.627122899999989, -21.714890299999976 ], [ 165.6253917, -21.712373699999976 ], [ 165.627315, -21.708449899999987 ], [ 165.616246861128189, -21.714958514728014 ], [ 165.614050766792502, -21.720360915433417 ], [ 165.609550500508192, -21.722526784482785 ], [ 165.6085953, -21.7217258 ], [ 165.612835400000023, -21.7172082 ], [ 165.61176, -21.71039889999998 ], [ 165.6158031, -21.705755 ], [ 165.613561, -21.706066199999988 ], [ 165.6136119, -21.7032602 ], [ 165.6065523, -21.708047299999972 ], [ 165.602790452307175, -21.713000366850849 ], [ 165.5996748, -21.710344899999985 ], [ 165.596024699999987, -21.7115165 ], [ 165.594762073758091, -21.709113479431142 ], [ 165.5905779, -21.7109926 ], [ 165.589760105731841, -21.709818092598621 ], [ 165.588588765723131, -21.711416567587612 ], [ 165.5902853, -21.711664699999989 ], [ 165.585392899999988, -21.716257600000045 ], [ 165.583043, -21.714403599999976 ], [ 165.583209422469963, -21.711813113638598 ], [ 165.5794271, -21.7116451 ], [ 165.579671719578272, -21.708336208745028 ], [ 165.5764689235844, -21.705773577148896 ], [ 165.572920012566556, -21.708435564542761 ], [ 165.573860699999983, -21.7050341 ], [ 165.5694054, -21.7024289 ], [ 165.5710300716853, -21.702326333419204 ], [ 165.570353540362646, -21.701385583422805 ], [ 165.563929204207852, -21.707607354755805 ], [ 165.559161, -21.7079117 ], [ 165.5573181, -21.706498299999978 ], [ 165.56116734491431, -21.700998640955397 ], [ 165.559605830038436, -21.701040191425406 ], [ 165.5601312, -21.6986015 ], [ 165.559368299999988, -21.700608899999978 ], [ 165.557799660121759, -21.698444288347563 ], [ 165.553116099999983, -21.7037176 ], [ 165.552240041184234, -21.702374379703176 ], [ 165.54288780615218, -21.702496299972648 ], [ 165.537481928222348, -21.697045880577395 ], [ 165.5388586, -21.694179699999985 ], [ 165.5372631302223, -21.694328591885139 ], [ 165.550728368693967, -21.688356076175754 ], [ 165.552020558889012, -21.683786780380235 ], [ 165.556759135057831, -21.679993584423016 ], [ 165.566146866524718, -21.678594226390938 ], [ 165.573124510472582, -21.680451182126454 ], [ 165.573621932062451, -21.67704774599413 ], [ 165.578226999618522, -21.677533814261448 ], [ 165.580142915143085, -21.675109176857202 ], [ 165.588507283503361, -21.671907457062538 ], [ 165.592442303039633, -21.667449405188929 ], [ 165.587601191986522, -21.657067557757404 ], [ 165.590011439759508, -21.655797983169339 ], [ 165.589886034459425, -21.651628899267461 ], [ 165.58541073748151, -21.647041192793218 ], [ 165.582306025250261, -21.628234701803187 ], [ 165.585072986118632, -21.62787226092496 ], [ 165.591336553072011, -21.622460913989467 ], [ 165.593544460580603, -21.623953952018031 ], [ 165.600873592549561, -21.623821970158676 ], [ 165.60353068845356, -21.627473183302794 ], [ 165.614079122796539, -21.628358194540848 ], [ 165.616017313192629, -21.626294274726401 ], [ 165.619068413042157, -21.626344277054613 ], [ 165.620485339574174, -21.624003098733542 ], [ 165.628823268808077, -21.622629522785402 ], [ 165.6370688560188, -21.617706273719023 ], [ 165.645406335829534, -21.618625110366953 ], [ 165.649452588897077, -21.614979023242327 ], [ 165.649524799267425, -21.597375788556548 ], [ 165.642693112116234, -21.589495825044541 ], [ 165.644279932296854, -21.578882680867856 ], [ 165.642240188825582, -21.573035609298071 ], [ 165.644282183129576, -21.569380350339792 ], [ 165.63721349097176, -21.551831584869028 ], [ 165.633423125011689, -21.547706660636521 ], [ 165.634908902724732, -21.546039420707409 ], [ 165.632850432944906, -21.538232101962734 ], [ 165.634207034544943, -21.535069739146255 ], [ 165.63130699561674, -21.529402402789341 ], [ 165.623989190908276, -21.523167169302766 ], [ 165.616978685503653, -21.508738155419724 ], [ 165.622412478363373, -21.506061949535699 ], [ 165.627096166476775, -21.499905826153242 ], [ 165.636714499999982, -21.501979600000031 ], [ 165.6393395, -21.507661100000011 ], [ 165.652305616933859, -21.514071337557834 ], [ 165.661551458812312, -21.523747139459079 ], [ 165.6745675, -21.514224100000014 ], [ 165.685118959658837, -21.521084098739991 ], [ 165.695129700000024, -21.5185647 ], [ 165.6991981, -21.5192209 ], [ 165.700255, -21.5157229 ], [ 165.707404073500811, -21.52117241149239 ], [ 165.709446068481014, -21.519867538470418 ], [ 165.715562315321137, -21.520520332580492 ], [ 165.722237754773261, -21.527374105814868 ], [ 165.726679852940975, -21.528510629355054 ], [ 165.732654100000019, -21.533695400000024 ], [ 165.738942572206952, -21.535917137279842 ], [ 165.7512644, -21.535220200000012 ], [ 165.7519242544208, -21.533225650377585 ], [ 165.761037587549197, -21.533704926459183 ], [ 165.7659937, -21.538165299999989 ], [ 165.771330460627951, -21.538735486367329 ], [ 165.776440592490417, -21.543894341426601 ], [ 165.776000702439319, -21.548632650428512 ], [ 165.771309601173698, -21.556606083809545 ], [ 165.773372213813218, -21.563727121463245 ], [ 165.770624788281822, -21.565914101714515 ], [ 165.772275028705451, -21.573872011627536 ], [ 165.770840269157731, -21.580273490459362 ], [ 165.772751106778287, -21.581291694698635 ], [ 165.771885632701981, -21.583401514737343 ], [ 165.774236305903827, -21.584589003940017 ], [ 165.775700845275054, -21.588966487517464 ], [ 165.773762192245755, -21.594335458155456 ], [ 165.776270811651386, -21.597161202319747 ], [ 165.774059575344324, -21.603959152556282 ], [ 165.771530523513007, -21.60573127527687 ], [ 165.771871928130054, -21.608714619680384 ], [ 165.762234808154773, -21.61268141380766 ], [ 165.75613641170375, -21.619192017702336 ], [ 165.752564045396127, -21.618095822373988 ], [ 165.750922885520339, -21.621312731464908 ], [ 165.748355400471439, -21.621004305384201 ], [ 165.744254113111538, -21.625600213884624 ], [ 165.741229741505549, -21.626347831861111 ], [ 165.740082088307787, -21.629585560373986 ], [ 165.735475859358559, -21.630224004548037 ], [ 165.731062699181109, -21.634670497121277 ], [ 165.728864563678314, -21.634002452978251 ], [ 165.727474851198536, -21.635936814534944 ], [ 165.725363189381568, -21.634917806429517 ], [ 165.724316984363838, -21.636562139366713 ], [ 165.724086553318642, -21.633099031239592 ], [ 165.718734900793862, -21.636611577596959 ], [ 165.717334574269643, -21.634900457342212 ], [ 165.715682791764152, -21.638173487956081 ], [ 165.716839691944955, -21.640874058990427 ], [ 165.714019185236594, -21.641909298241437 ], [ 165.715657282534607, -21.646925123429014 ], [ 165.719027581036841, -21.648010879168037 ], [ 165.714459149284352, -21.653098291042724 ], [ 165.72306419537955, -21.667012039922547 ], [ 165.715619685405812, -21.669464159401972 ], [ 165.720145282765429, -21.678543742189913 ], [ 165.728308004446603, -21.685685374489893 ], [ 165.727666200888791, -21.688614852785044 ], [ 165.730757308576756, -21.689823388972023 ], [ 165.730337201686638, -21.693812964045261 ], [ 165.724589391983756, -21.69613615467097 ], [ 165.7216009, -21.7074457 ], [ 165.718267085045824, -21.705642972647798 ], [ 165.711979099999979, -21.705930699999946 ], [ 165.712482981578717, -21.709041255840464 ], [ 165.709806609280264, -21.710114558993581 ], [ 165.706595763812231, -21.707486600581216 ], [ 165.707551656154976, -21.711618423816994 ], [ 165.713289357294059, -21.710798239800191 ], [ 165.718617897794985, -21.71428509502201 ], [ 165.716994557198973, -21.717124498473773 ], [ 165.713539659660739, -21.718198020620658 ], [ 165.714037758955499, -21.721186408792331 ], [ 165.709048555908367, -21.721023174156628 ], [ 165.714050990675673, -21.723440247824431 ], [ 165.7130885, -21.7256573 ], [ 165.721300144988504, -21.726268602374049 ], [ 165.7222519, -21.7254108 ], [ 165.720276841715418, -21.723398966343645 ], [ 165.724189493947449, -21.719069443718897 ], [ 165.723112176168456, -21.723785539687807 ], [ 165.727557199999978, -21.724394099999969 ], [ 165.727249086269552, -21.726013173759579 ], [ 165.7236001, -21.7255297 ], [ 165.7225182, -21.7277856 ], [ 165.719566500000013, -21.72715 ], [ 165.716368603861667, -21.735470464858494 ], [ 165.713664616888366, -21.735467352177277 ], [ 165.710528925671298, -21.739476059238001 ], [ 165.707581261384377, -21.738520057538004 ], [ 165.703588, -21.7409203 ], [ 165.7010755, -21.7509215 ], [ 165.710426551937132, -21.754127841221941 ], [ 165.699659260915496, -21.760734591465837 ], [ 165.693884499428208, -21.757776993632049 ], [ 165.69176320160048, -21.753336487846035 ], [ 165.6935843, -21.7554028 ], [ 165.695765635878303, -21.752745893445276 ], [ 165.694499313596395, -21.746751734945924 ], [ 165.697594645674627, -21.745931394016623 ], [ 165.6953364, -21.7414966 ], [ 165.6942044, -21.7409435 ], [ 165.6932521, -21.74383360000002 ], [ 165.693808415704382, -21.740914606580954 ], [ 165.6898975, -21.742246299999987 ], [ 165.688569351771037, -21.745020195771431 ], [ 165.6874531, -21.743661300000024 ], [ 165.678464765817949, -21.743629560969961 ], [ 165.6751333, -21.7452797 ], [ 165.673494201857068, -21.743659257992451 ], [ 165.67606619999998, -21.7421698 ], [ 165.674138626274299, -21.741725355205428 ], [ 165.675315032288125, -21.737694292848158 ], [ 165.6781139, -21.7351769 ], [ 165.679960221223553, -21.735539405622763 ], [ 165.675459945863992, -21.730855221067948 ], [ 165.678457352604084, -21.731408415044466 ], [ 165.684175317563472, -21.729083747745978 ], [ 165.687523267952741, -21.730116434495969 ], [ 165.689374599999979, -21.7269414 ], [ 165.681729099999984, -21.7227015 ], [ 165.677907374938286, -21.725073751853277 ], [ 165.6789748, -21.7231364 ], [ 165.678917844116881, -21.723156943075683 ] ], [ [ 165.697764895195405, -21.745918548139795 ], [ 165.7007514, -21.7463956 ], [ 165.699106299999983, -21.7450047 ], [ 165.697764895195405, -21.745918548139795 ] ] ], [ [ [ 165.6810377, -21.7791273 ], [ 165.677906820684797, -21.777152002979868 ], [ 165.683214196424842, -21.773735601202752 ], [ 165.683230074948085, -21.776323908777091 ], [ 165.687448813565197, -21.77486423101152 ], [ 165.6881364, -21.771306300000017 ], [ 165.684959, -21.771158400000015 ], [ 165.684363303877149, -21.768769980085544 ], [ 165.6889421, -21.7658866 ], [ 165.691205397544735, -21.76831548844585 ], [ 165.688572, -21.7791831 ], [ 165.6871619, -21.777125 ], [ 165.6810377, -21.7791273 ] ] ], [ [ [ 165.650611617056313, -21.726841307684541 ], [ 165.65260548032353, -21.729728401732913 ], [ 165.65046410216658, -21.73205907737356 ], [ 165.650611617056313, -21.726841307684541 ] ] ] ] } },
{ "type": "Feature", "properties": { "province": "Province Sud", "commune": "Sarraméa" }, "geometry": { "type": "Polygon", "coordinates": [ [ [ 165.775178018119647, -21.601225761266935 ], [ 165.776270811651386, -21.597161202319747 ], [ 165.773725909356074, -21.593012648266036 ], [ 165.776056069675121, -21.590183775904389 ], [ 165.774236305903827, -21.584589003940017 ], [ 165.771885632701981, -21.583401514737343 ], [ 165.772751106778287, -21.581291694698635 ], [ 165.770840269157731, -21.580273490459362 ], [ 165.772275028705451, -21.573872011627536 ], [ 165.770624788281822, -21.565914101714515 ], [ 165.773416186337442, -21.562770100565562 ], [ 165.771309601173698, -21.556606083809545 ], [ 165.773542683515046, -21.550699773316463 ], [ 165.779768599999983, -21.547112800000011 ], [ 165.791005612796283, -21.549426839852597 ], [ 165.795758757895328, -21.553531438442391 ], [ 165.801088686080789, -21.564991684976341 ], [ 165.804653135695759, -21.567512028383103 ], [ 165.807821215738642, -21.566039868800711 ], [ 165.808583391262886, -21.557391030051399 ], [ 165.81460235279016, -21.557483407037502 ], [ 165.815300409515118, -21.559831835690542 ], [ 165.817860111123679, -21.558945930633303 ], [ 165.82277426801511, -21.562085402478246 ], [ 165.843242987750386, -21.588073084451022 ], [ 165.842514759365258, -21.597141460702513 ], [ 165.839655, -21.6009789 ], [ 165.8415899, -21.6057596 ], [ 165.847566, -21.604365300000016 ], [ 165.855232954084016, -21.605912623141524 ], [ 165.8572164, -21.603385100000011 ], [ 165.867606888820916, -21.602530623511765 ], [ 165.8750431468778, -21.614867201752855 ], [ 165.875303279014645, -21.619408531720186 ], [ 165.8836807540319, -21.629172925739709 ], [ 165.88236739793598, -21.633562957847246 ], [ 165.86473171010141, -21.644062939199497 ], [ 165.865161383842235, -21.654198984811202 ], [ 165.861342590066101, -21.660846662230149 ], [ 165.852607852014842, -21.656368235795806 ], [ 165.846950116383624, -21.656944591830595 ], [ 165.847224787477558, -21.660082869786656 ], [ 165.84446129142168, -21.664843164254165 ], [ 165.840482699617098, -21.66656364533678 ], [ 165.833059347948193, -21.677472325664787 ], [ 165.835959596495826, -21.682647482389893 ], [ 165.835853902221203, -21.689190375225806 ], [ 165.825122233380768, -21.698626932420108 ], [ 165.818976742756348, -21.696366114136097 ], [ 165.818719662544936, -21.69355927260742 ], [ 165.812884590346528, -21.685845107165168 ], [ 165.811471835498509, -21.687220968299552 ], [ 165.805941033286416, -21.68620186334007 ], [ 165.80059633076749, -21.689668687214471 ], [ 165.797431507121956, -21.685566013505113 ], [ 165.788689381117365, -21.682464690640828 ], [ 165.788268960660275, -21.671474039040863 ], [ 165.78142473871651, -21.664330601853656 ], [ 165.781754937792272, -21.658590467143352 ], [ 165.788460906919084, -21.644816376947666 ], [ 165.788873038675405, -21.635933072911499 ], [ 165.786750570815258, -21.630552647463659 ], [ 165.790844709550385, -21.622905451189784 ], [ 165.799182151036149, -21.619665383320257 ], [ 165.799619349255437, -21.61768237131594 ], [ 165.791987373215591, -21.613237812047927 ], [ 165.786894033918173, -21.607054223614906 ], [ 165.782605867559425, -21.607229775785708 ], [ 165.775178018119647, -21.601225761266935 ] ] ] } },
{ "type": "Feature", "properties": { "province": "Province Sud", "commune": "Yaté" }, "geometry": { "type": "MultiPolygon", "coordinates": [ [ [ [ 167.0370479, -22.2779012 ], [ 167.03992590087438, -22.280548206995242 ], [ 167.038320199999987, -22.2868449 ], [ 167.0370479, -22.2779012 ] ] ], [ [ [ 167.028932694788182, -22.269018402228728 ], [ 167.032895319450574, -22.268985038875478 ], [ 167.0385382, -22.273256200000024 ], [ 167.036573899999979, -22.2784639 ], [ 167.02880889167929, -22.277983297497364 ], [ 167.02680851254803, -22.276021066918549 ], [ 167.027423505107095, -22.274934407717829 ], [ 167.027758899999981, -22.276378299999966 ], [ 167.030971047000691, -22.27628013247238 ], [ 167.0316201, -22.2708681 ], [ 167.028932694788182, -22.269018402228728 ] ] ], [ [ [ 167.030193120305427, -22.255678457696778 ], [ 167.034889599999985, -22.2499375 ], [ 167.03680228456497, -22.25071661166427 ], [ 167.0380614, -22.2623071 ], [ 167.03401682187112, -22.26380508970346 ], [ 167.030193120305427, -22.255678457696778 ] ] ], [ [ [ 167.017952899999983, -22.2347298 ], [ 167.024557788240259, -22.237129391082206 ], [ 167.026551226060747, -22.241386226412121 ], [ 167.031854353343277, -22.24429468524103 ], [ 167.0332157, -22.2487413 ], [ 167.026082799999983, -22.2515307 ], [ 167.0231566, -22.249847599999981 ], [ 167.024138500000021, -22.2440571 ], [ 167.0173523, -22.2374718 ], [ 167.015277800120771, -22.237471800135545 ], [ 167.013911788254575, -22.232813762668972 ], [ 167.008899025342089, -22.227774289362603 ], [ 167.008605095698869, -22.226428709985274 ], [ 167.017952899999983, -22.2347298 ] ] ], [ [ [ 167.029863396662449, -22.266444266049433 ], [ 167.0305013, -22.2684533 ], [ 167.027601417741693, -22.268238402147063 ], [ 167.029863396662449, -22.266444266049433 ] ] ], [ [ [ 167.02626189999998, -22.268332299999983 ], [ 167.02497892662052, -22.267171590825406 ], [ 167.0274336, -22.26597749999997 ], [ 167.02626189999998, -22.268332299999983 ] ] ], [ [ [ 166.5514994556126, -21.846783744674049 ], [ 166.5600345, -21.866068299999981 ], [ 166.566325599148513, -21.872097198510961 ], [ 166.5636594, -21.875495800000014 ], [ 166.563623899999982, -21.871438200000025 ], [ 166.56195958525791, -21.872841973971362 ], [ 166.5612908, -21.870976399999982 ], [ 166.560748783662916, -21.874391772411965 ], [ 166.558459327364346, -21.875456601117467 ], [ 166.5588411, -21.8755685 ], [ 166.558136843125794, -21.876506695156287 ], [ 166.563130109527378, -21.873317713615513 ], [ 166.5624569, -21.877743399999972 ], [ 166.568701468260741, -21.87671760557722 ], [ 166.57710025327205, -21.880861811594855 ], [ 166.581519899999989, -21.885690799999981 ], [ 166.5928759, -21.8883148 ], [ 166.6022194, -21.8973896 ], [ 166.613109570251225, -21.902831285226796 ], [ 166.615045129354741, -21.905443331226614 ], [ 166.620732966875465, -21.901295828877139 ], [ 166.627503199999978, -21.902068699999973 ], [ 166.6207268, -21.903404800000011 ], [ 166.615545480685086, -21.907870992665877 ], [ 166.616809575091366, -21.915344452913406 ], [ 166.621373, -21.920947599999984 ], [ 166.625595299999986, -21.921432600000024 ], [ 166.629427920691882, -21.919021029150453 ], [ 166.6452447, -21.923497699999984 ], [ 166.64573985606259, -21.924735563803022 ], [ 166.640156304231056, -21.927919763731275 ], [ 166.639766, -21.931417100000012 ], [ 166.643449193539453, -21.934546797097791 ], [ 166.650098302653191, -21.935463308661582 ], [ 166.6544088, -21.938869199999985 ], [ 166.657354663105821, -21.937255888156145 ], [ 166.663051199999984, -21.942507699999982 ], [ 166.668120820774448, -21.943971223475224 ], [ 166.6717296, -21.943369099999984 ], [ 166.673606303723517, -21.940933791080116 ], [ 166.668685117486717, -21.934534568851991 ], [ 166.669481324587167, -21.931254068074246 ], [ 166.666979199999986, -21.928765599999984 ], [ 166.66982814290256, -21.923122491537708 ], [ 166.6745982, -21.923648 ], [ 166.6841861, -21.930789599999965 ], [ 166.6878333, -21.9371386 ], [ 166.705111501877695, -21.945091407773692 ], [ 166.720056754362389, -21.958390572392602 ], [ 166.7156503, -21.963841500000012 ], [ 166.7094909, -21.961364399999972 ], [ 166.7068481, -21.964641199999978 ], [ 166.7040284, -21.9639662 ], [ 166.703486905843533, -21.962195674203453 ], [ 166.696953790927012, -21.962806060725459 ], [ 166.699474399999986, -21.967143499999985 ], [ 166.696851899999984, -21.9675069 ], [ 166.696686699999987, -21.9701065 ], [ 166.69429787822358, -21.970698198851029 ], [ 166.695639303839499, -21.972480875574462 ], [ 166.692511903793047, -21.974331962818859 ], [ 166.693325583476593, -21.976459013278816 ], [ 166.691065499999979, -21.9780564 ], [ 166.687764099999981, -21.9764844 ], [ 166.683613636381068, -21.977312892634185 ], [ 166.6822396, -21.973574099999965 ], [ 166.679772136393382, -21.974074083275852 ], [ 166.678578095992776, -21.971825457088173 ], [ 166.6774584, -21.9728188 ], [ 166.677538799999979, -21.970826699999982 ], [ 166.6757714, -21.970975299999974 ], [ 166.678956440618748, -21.967356686323214 ], [ 166.67538909052854, -21.968173563016084 ], [ 166.675541877199009, -21.970729875299646 ], [ 166.672883271559101, -21.967118200277739 ], [ 166.673660697317757, -21.970793631866879 ], [ 166.677203202524339, -21.974556761958201 ], [ 166.676416667484773, -21.974897020466582 ], [ 166.6774189, -21.975637800000026 ], [ 166.6741764, -21.98072590000001 ], [ 166.676210823767832, -21.978546739790005 ], [ 166.675841199999979, -21.9805747 ], [ 166.677511918511186, -21.981206234171303 ], [ 166.682023183224743, -21.976800401134124 ], [ 166.6809068, -21.98216919999998 ], [ 166.690717983335276, -21.989027033792798 ], [ 166.68936979999998, -21.987287799999983 ], [ 166.698317674724422, -21.984151614262831 ], [ 166.700704, -21.9814553 ], [ 166.705508399999985, -21.98277 ], [ 166.710833017737428, -21.980266140115823 ], [ 166.715499099999988, -21.981868399999989 ], [ 166.726391951023942, -21.980848329859267 ], [ 166.7332209, -21.9860158 ], [ 166.7353455, -21.98468120000004 ], [ 166.750077809986067, -21.991442013208413 ], [ 166.7543995, -21.9914113 ], [ 166.755643207942398, -21.989463706322148 ], [ 166.754522499999979, -21.9871467 ], [ 166.759750758996745, -21.985080318329661 ], [ 166.761048075822998, -21.988503718606207 ], [ 166.758641186064807, -21.992461219871469 ], [ 166.759850787982032, -21.99644416914024 ], [ 166.757589756998101, -21.99957316283643 ], [ 166.759181399999989, -22.0027552 ], [ 166.756949094174587, -22.005928177271986 ], [ 166.758786499999985, -22.009621799999984 ], [ 166.755776494985071, -22.010211161702454 ], [ 166.757185599999985, -22.0136668 ], [ 166.755582, -22.013285699999969 ], [ 166.752735664523641, -22.021258203982857 ], [ 166.749599303687035, -22.023904555889683 ], [ 166.750868515490396, -22.025384941288387 ], [ 166.753491039726725, -22.023584170884313 ], [ 166.758606286997093, -22.013745316420408 ], [ 166.769245383688656, -22.010358043670909 ], [ 166.7746961, -22.012161100000021 ], [ 166.7777446, -22.015754200000011 ], [ 166.791470899999979, -22.015177 ], [ 166.812292884705641, -22.020343595299607 ], [ 166.8217958, -22.0262895 ], [ 166.836941567619135, -22.026539328397977 ], [ 166.844213999640431, -22.029174038545218 ], [ 166.842456145867544, -22.028835066286597 ], [ 166.840096422901524, -22.031264351533498 ], [ 166.8426421, -22.029461199999968 ], [ 166.844820112486019, -22.029886238449144 ], [ 166.843239543719022, -22.029032336426937 ], [ 166.85118675876609, -22.030639026614885 ], [ 166.853357806570955, -22.029713198748695 ], [ 166.852890799999983, -22.0280229 ], [ 166.856901066759519, -22.028988842622489 ], [ 166.856578982879228, -22.030982214140394 ], [ 166.869239960495122, -22.038569930073958 ], [ 166.871367995388397, -22.037956024136676 ], [ 166.874260354133668, -22.042697663819901 ], [ 166.878734682307567, -22.0443836334005 ], [ 166.8822969, -22.048448 ], [ 166.887075142972037, -22.050468812944654 ], [ 166.888114799999983, -22.047163199999982 ], [ 166.890882276652235, -22.051313459044621 ], [ 166.886819399999979, -22.056359600000032 ], [ 166.891209899999978, -22.052810399999967 ], [ 166.899506699999989, -22.0584838 ], [ 166.899624499999987, -22.0606208 ], [ 166.900409299999978, -22.058784199999984 ], [ 166.902470870671323, -22.059673214924185 ], [ 166.907763700000032, -22.0693804 ], [ 166.9160999, -22.074094399999989 ], [ 166.9197632, -22.07741590000002 ], [ 166.9183435, -22.0785857 ], [ 166.9197871, -22.07756119999998 ], [ 166.9276602, -22.08244939999998 ], [ 166.931780879658135, -22.082702849118565 ], [ 166.9362246, -22.0929397 ], [ 166.941705330404773, -22.095191549765854 ], [ 166.943702978736638, -22.094204335303765 ], [ 166.947755500000028, -22.100327500000024 ], [ 166.946125288068629, -22.105270450733332 ], [ 166.942351264766984, -22.10790669572366 ], [ 166.9482205, -22.104514 ], [ 166.947967159067844, -22.108503217965772 ], [ 166.9515149, -22.1183942 ], [ 166.9478685, -22.118702600000017 ], [ 166.945172174632887, -22.12253221245345 ], [ 166.946700288396073, -22.126632383071261 ], [ 166.9456137, -22.12920979999998 ], [ 166.946956267003628, -22.129659785541069 ], [ 166.945443883134544, -22.131168406186941 ], [ 166.947838471785133, -22.133241233830496 ], [ 166.945377086376055, -22.137204740664195 ], [ 166.9478589, -22.142782 ], [ 166.947213875071469, -22.148520576429803 ], [ 166.9432137, -22.1481058 ], [ 166.941440799999981, -22.145972699999987 ], [ 166.9303721, -22.153700399999984 ], [ 166.9231226, -22.1522082 ], [ 166.918315449733569, -22.155233671401852 ], [ 166.9098649, -22.151199299999956 ], [ 166.908454299999988, -22.147712199999965 ], [ 166.908890281840712, -22.150981873934676 ], [ 166.916499964420552, -22.156918535385159 ], [ 166.9236934, -22.154447700000016 ], [ 166.9277151, -22.1547089 ], [ 166.9273033, -22.1558917 ], [ 166.9300862, -22.156726399999979 ], [ 166.93601297069111, -22.156016703711277 ], [ 166.934410899999989, -22.1583403 ], [ 166.930599003818941, -22.158841152286559 ], [ 166.924095511290602, -22.163378829869007 ], [ 166.931331199999988, -22.1591888 ], [ 166.9364472, -22.158825699999962 ], [ 166.937178009592486, -22.156935207654573 ], [ 166.944612299999989, -22.157669 ], [ 166.947175, -22.1562275 ], [ 166.9491966, -22.157463500000016 ], [ 166.95240839300277, -22.155760498607215 ], [ 166.953244576536889, -22.159739069520398 ], [ 166.957934199999983, -22.163460899999951 ], [ 166.9599882, -22.168629699999979 ], [ 166.963525593621171, -22.168881423954744 ], [ 166.966576815765194, -22.173148124220088 ], [ 166.970942978574811, -22.17491721743199 ], [ 166.97195145005287, -22.178875640730009 ], [ 166.973910102569221, -22.178742525133742 ], [ 166.972305704296787, -22.182212223908351 ], [ 166.9834645, -22.1977694 ], [ 166.98746348184531, -22.200142117249634 ], [ 166.9883073, -22.1983493 ], [ 166.9894512, -22.198960899999967 ], [ 166.989190894699504, -22.203501227129163 ], [ 166.992227499999984, -22.202729899999984 ], [ 166.9900304, -22.205942300000014 ], [ 166.992842194558904, -22.208528597029144 ], [ 166.992590161998891, -22.211255595454034 ], [ 166.9977113, -22.214268899999983 ], [ 167.0008752, -22.221952500000018 ], [ 167.011807069423043, -22.234925668820093 ], [ 167.012768599999987, -22.2605055 ], [ 167.012462590144793, -22.259173769588411 ], [ 167.009710776465909, -22.259859579167131 ], [ 167.0083277, -22.257112300000014 ], [ 167.00405805521163, -22.257832552905366 ], [ 167.019102052030433, -22.264240400882162 ], [ 167.0233443, -22.277237699999969 ], [ 167.013052169238478, -22.293595553986609 ], [ 167.014549188791278, -22.293773825219702 ], [ 167.01395325074742, -22.299362125748281 ], [ 167.009455463308029, -22.309882365641567 ], [ 167.0124133, -22.318280900000012 ], [ 167.005505019296095, -22.323711258531183 ], [ 167.0077782, -22.325792899999986 ], [ 167.006932, -22.3280526 ], [ 167.002832879605592, -22.329762264596649 ], [ 167.003614874039329, -22.335066387707592 ], [ 167.001485688809026, -22.338845476225867 ], [ 166.997332910863264, -22.33929556196113 ], [ 166.995905, -22.342001299999989 ], [ 166.991238685998297, -22.340607766639234 ], [ 166.989335462349288, -22.343257564197497 ], [ 166.985391621065872, -22.339204174245534 ], [ 166.987916643998403, -22.335133940993416 ], [ 166.980615904859633, -22.329296878095324 ], [ 166.986852470796208, -22.336635990831677 ], [ 166.985296408779476, -22.337628976466601 ], [ 166.982843475883811, -22.335567454183195 ], [ 166.978836773375377, -22.337954279456053 ], [ 166.975835099999983, -22.352034599999975 ], [ 166.9740994, -22.353132100000018 ], [ 166.974918119401593, -22.3410958912004 ], [ 166.965885497048816, -22.319984272030108 ], [ 166.955072433119881, -22.310181546173187 ], [ 166.957536169357496, -22.306970290512687 ], [ 166.95014943471574, -22.307757583638217 ], [ 166.943282471043801, -22.312618534188658 ], [ 166.938479398042858, -22.310678458432005 ], [ 166.933039976435424, -22.314075269182613 ], [ 166.927471293347708, -22.312876821479787 ], [ 166.920784655806813, -22.320287408807523 ], [ 166.918370218113125, -22.319605697151996 ], [ 166.91024988441859, -22.313096592383584 ], [ 166.910942375622, -22.295462257212186 ], [ 166.903909489156376, -22.289560462073077 ], [ 166.900497778122428, -22.284977823979293 ], [ 166.900423892913551, -22.279179998706695 ], [ 166.89691001616066, -22.276921475246066 ], [ 166.882739405466054, -22.27474716809342 ], [ 166.878416560406777, -22.269764052307615 ], [ 166.870256988192722, -22.26902815097197 ], [ 166.864293724010736, -22.262686061827836 ], [ 166.857253062063165, -22.264009477713934 ], [ 166.853069597639887, -22.267561158783344 ], [ 166.842853042090042, -22.271733504289049 ], [ 166.829580046159833, -22.269062078397461 ], [ 166.82575070519286, -22.270570496532272 ], [ 166.82352291738556, -22.269017159948476 ], [ 166.824425016884419, -22.264289478889378 ], [ 166.832887018155986, -22.258597320260893 ], [ 166.824919253686232, -22.253982591432802 ], [ 166.816709558947338, -22.244762866333737 ], [ 166.809001414803731, -22.246361670389295 ], [ 166.805836510928827, -22.244524722330013 ], [ 166.799040926261853, -22.244356728126956 ], [ 166.795866078811429, -22.246773239086199 ], [ 166.788353156446817, -22.246189618689378 ], [ 166.783378349198244, -22.241481494001444 ], [ 166.780850359661713, -22.23495285972637 ], [ 166.782444427207196, -22.231565470095468 ], [ 166.78167410439579, -22.226305610477191 ], [ 166.779873641592843, -22.225449149138569 ], [ 166.781359928936212, -22.222448622061545 ], [ 166.773959126664096, -22.220403195066524 ], [ 166.76809751830271, -22.213970532373619 ], [ 166.770034096812964, -22.210069358840808 ], [ 166.766613387729194, -22.207850551274937 ], [ 166.76781304494358, -22.204107177109442 ], [ 166.770762572806177, -22.201229375162306 ], [ 166.774295330688687, -22.188380438320703 ], [ 166.778348618228392, -22.182195437439905 ], [ 166.776094640725688, -22.176397522825674 ], [ 166.766422602584584, -22.165278865792921 ], [ 166.760443725251577, -22.162923745423775 ], [ 166.756368492797037, -22.166155156714126 ], [ 166.748174446421331, -22.167586432144951 ], [ 166.730409649050614, -22.157529259808467 ], [ 166.723655293624006, -22.166406618851124 ], [ 166.71852512751434, -22.162908402059745 ], [ 166.699291733811862, -22.16212737528204 ], [ 166.697289877509945, -22.159398854961559 ], [ 166.690185989662041, -22.157653505731048 ], [ 166.686142503286476, -22.161986396135049 ], [ 166.686479103928292, -22.164548513087322 ], [ 166.682814616041099, -22.165224046846589 ], [ 166.679999777787998, -22.172676100425502 ], [ 166.680251529123353, -22.178607398540489 ], [ 166.673206276528447, -22.181541860377244 ], [ 166.672679742902261, -22.185031846366364 ], [ 166.667633673445806, -22.18983974069906 ], [ 166.667533340686731, -22.193280336621026 ], [ 166.662824267089576, -22.193909900257268 ], [ 166.645320602677174, -22.18121083445698 ], [ 166.646458677367178, -22.179683954193628 ], [ 166.644384498420578, -22.172064264763211 ], [ 166.63926105065741, -22.167127148584356 ], [ 166.626712311869142, -22.160832728970366 ], [ 166.620903527166092, -22.161786163162059 ], [ 166.613600824043885, -22.159458157543682 ], [ 166.610867914772655, -22.160258869663245 ], [ 166.602563417251105, -22.155354314611838 ], [ 166.601269677932919, -22.152627406669701 ], [ 166.596600655960117, -22.151735321171468 ], [ 166.592806157288607, -22.143495684614411 ], [ 166.59785225964086, -22.138151233815201 ], [ 166.606135573979941, -22.13562435849212 ], [ 166.604115999200701, -22.131141027702469 ], [ 166.605373827927025, -22.12886028416542 ], [ 166.603120823836605, -22.118736067317649 ], [ 166.60544878225349, -22.114217418589302 ], [ 166.603618113688185, -22.104201083289926 ], [ 166.593526176248218, -22.10082933094548 ], [ 166.591555567339412, -22.096143858793226 ], [ 166.585859295229852, -22.090897137554474 ], [ 166.574589207838557, -22.088518309824895 ], [ 166.563585060858486, -22.090540032440796 ], [ 166.554521171185854, -22.087038383618793 ], [ 166.545353198403745, -22.071123813504865 ], [ 166.534411864238848, -22.071145903966606 ], [ 166.527806360677005, -22.064637165518956 ], [ 166.525013794754472, -22.058275827001669 ], [ 166.512317939467096, -22.054352598654237 ], [ 166.506452537579747, -22.055889527223393 ], [ 166.504080587020553, -22.050677621595209 ], [ 166.499520614554967, -22.046586871311622 ], [ 166.482471842311213, -22.045470177265756 ], [ 166.475581498129259, -22.042104100229697 ], [ 166.468842965681802, -22.043214898729826 ], [ 166.465952638903588, -22.037725547690631 ], [ 166.467324165907655, -22.030493526784326 ], [ 166.472406852917402, -22.02649433368579 ], [ 166.472441375555491, -22.016313247937084 ], [ 166.461978235400096, -22.008534106783223 ], [ 166.45711575685192, -22.002265720187342 ], [ 166.453161229823593, -21.992563506661405 ], [ 166.454353387219157, -21.987770597489142 ], [ 166.449178534993735, -21.983686741395982 ], [ 166.447051311724238, -21.9771529822034 ], [ 166.437326320367276, -21.972572483540812 ], [ 166.439465389885328, -21.967316199806291 ], [ 166.439391509155257, -21.960357379479099 ], [ 166.425652778432436, -21.946328160114078 ], [ 166.428133043431899, -21.942899016687008 ], [ 166.425344699241236, -21.938896772653717 ], [ 166.424546569754739, -21.933511377386665 ], [ 166.427834878079949, -21.922729614879895 ], [ 166.42112865267967, -21.909526647513715 ], [ 166.422983867307323, -21.902663541876283 ], [ 166.425837295845469, -21.898917047553283 ], [ 166.433501941149672, -21.90193226644136 ], [ 166.442939636666125, -21.901525390056968 ], [ 166.46408836591317, -21.891532098550478 ], [ 166.4676074247119, -21.881637173745126 ], [ 166.469766623220977, -21.879013809714849 ], [ 166.478094756340312, -21.875320433860292 ], [ 166.479394081902484, -21.872846513999537 ], [ 166.481048449912919, -21.865513995764843 ], [ 166.478086380186113, -21.860510617594095 ], [ 166.49008342392645, -21.857201990014065 ], [ 166.493758199861617, -21.852782499464208 ], [ 166.508018739702521, -21.850317680952212 ], [ 166.509871090550206, -21.847154734390081 ], [ 166.515426606275213, -21.850122435339735 ], [ 166.518996780756709, -21.847692810858941 ], [ 166.521961448047193, -21.85173522135549 ], [ 166.524722235039917, -21.851236895302126 ], [ 166.524665329064106, -21.853583260133654 ], [ 166.528617869007519, -21.857070848130107 ], [ 166.533415438334288, -21.853934868574139 ], [ 166.54280385528682, -21.852050591246634 ], [ 166.5514994556126, -21.846783744674049 ] ], [ [ 166.837211941838234, -22.033307382627772 ], [ 166.833400200250622, -22.032131590155846 ], [ 166.836598380450567, -22.033741944254636 ], [ 166.837211941838234, -22.033307382627772 ] ], [ [ 166.672574072897078, -21.965656349928462 ], [ 166.6741189, -21.9639282 ], [ 166.672083004096692, -21.96333457906772 ], [ 166.672574072897078, -21.965656349928462 ] ], [ [ 166.556605084044691, -21.874913101113894 ], [ 166.5560863, -21.874653199999987 ], [ 166.556054064197184, -21.874751586120492 ], [ 166.556605084044691, -21.874913101113894 ] ], [ [ 166.673205656845482, -21.971348213099898 ], [ 166.674421183749018, -21.974983247800939 ], [ 166.675923467248168, -21.975011952647176 ], [ 166.6745884, -21.978641100000015 ], [ 166.676244823872565, -21.974824501085184 ], [ 166.673205656845482, -21.971348213099898 ] ] ] ] } },
{ "type": "Feature", "properties": { "province": "Province Sud", "commune": "Païta" }, "geometry": { "type": "MultiPolygon", "coordinates": [ [ [ [ 166.172733869481903, -22.07630724881281 ], [ 166.16840694922692, -22.078019600457036 ], [ 166.168842008516435, -22.072762164754213 ], [ 166.167295519836216, -22.071190853992267 ], [ 166.164584489979916, -22.071630281029112 ], [ 166.163331312159698, -22.070185278145399 ], [ 166.1644399, -22.069026899999972 ], [ 166.163218237696015, -22.070083462763197 ], [ 166.163781199999988, -22.067015 ], [ 166.1609071, -22.0647501 ], [ 166.1609914, -22.060253 ], [ 166.1566329, -22.057784600000023 ], [ 166.156269399999985, -22.0562935 ], [ 166.163787, -22.0532321 ], [ 166.163658925148212, -22.050846380813034 ], [ 166.161464937602148, -22.050139270561044 ], [ 166.164208799999983, -22.050761 ], [ 166.163425249683115, -22.047015138077956 ], [ 166.161775399999982, -22.0466812 ], [ 166.1633919, -22.0459344 ], [ 166.156412, -22.0416555 ], [ 166.1504167, -22.0407864 ], [ 166.145945486291026, -22.042191186636238 ], [ 166.14456033064684, -22.0407283692421 ], [ 166.146532277054519, -22.038675692764375 ], [ 166.145190404661548, -22.039374800992441 ], [ 166.145376935422831, -22.036833185480852 ], [ 166.136723599999982, -22.037588900000028 ], [ 166.1310355, -22.040256400000029 ], [ 166.1274654, -22.03770880000004 ], [ 166.119209499999982, -22.036548900000025 ], [ 166.114853336410334, -22.031858893770945 ], [ 166.11771908847291, -22.030634724842127 ], [ 166.117777497053766, -22.028531160191992 ], [ 166.114929321896426, -22.027335458425618 ], [ 166.117078599999985, -22.0250601 ], [ 166.1205534, -22.0285914 ], [ 166.128345698220983, -22.031011025567231 ], [ 166.136526394023946, -22.037445599496934 ], [ 166.1415581, -22.036149899999984 ], [ 166.1453976, -22.030708399999973 ], [ 166.147824710298949, -22.033747240973998 ], [ 166.1495206827787, -22.032209437969819 ], [ 166.1523483, -22.0332596 ], [ 166.1592406, -22.0395085 ], [ 166.1653541, -22.0384674 ], [ 166.167356709023096, -22.035096900570551 ], [ 166.170233999007166, -22.035685936392404 ], [ 166.1722026, -22.0401376 ], [ 166.1738581, -22.039202200000016 ], [ 166.1705967, -22.0347762 ], [ 166.171498057366932, -22.033377695774803 ], [ 166.175739250803161, -22.036127241727222 ], [ 166.176452590955023, -22.040987037905474 ], [ 166.1859019, -22.0400137 ], [ 166.1902078, -22.043037400000014 ], [ 166.191361780477365, -22.041609802382073 ], [ 166.1940122, -22.046415899999978 ], [ 166.195540199999982, -22.046076199999966 ], [ 166.194758569036594, -22.048118176099049 ], [ 166.196274, -22.049263 ], [ 166.1960143, -22.0469119 ], [ 166.197455, -22.0495631 ], [ 166.195918399999982, -22.0441955 ], [ 166.202997245055258, -22.045535749188101 ], [ 166.1978713, -22.043472299999976 ], [ 166.199616221741593, -22.040877052818903 ], [ 166.198374322468879, -22.039276503963961 ], [ 166.2031728, -22.037670399999961 ], [ 166.202837, -22.036238299999951 ], [ 166.2073155, -22.0389252 ], [ 166.208367123169069, -22.037348706428237 ], [ 166.2130843, -22.037903599999989 ], [ 166.209944885880219, -22.037175256809324 ], [ 166.210274338120229, -22.035854871694283 ], [ 166.207210984884739, -22.03821818674032 ], [ 166.204248407230011, -22.033301620249677 ], [ 166.209830899999986, -22.0360074 ], [ 166.2113086, -22.0354091 ], [ 166.206172515714144, -22.034089372243479 ], [ 166.207436617863294, -22.032694100386671 ], [ 166.212920131482065, -22.035251849694461 ], [ 166.2168158, -22.034330700000012 ], [ 166.2159341, -22.0327108 ], [ 166.20939071619344, -22.032581100677501 ], [ 166.210708499999981, -22.028377399999968 ], [ 166.2088417, -22.0257864 ], [ 166.207871627551583, -22.030340475143326 ], [ 166.203740579377694, -22.030007670411269 ], [ 166.20185304780685, -22.025695901985696 ], [ 166.199037, -22.026091899999987 ], [ 166.197964029762772, -22.021956804763736 ], [ 166.198382482806096, -22.021854314939016 ], [ 166.196812099999988, -22.021298299999952 ], [ 166.197384199999988, -22.0242502 ], [ 166.196224602027996, -22.020808621487955 ], [ 166.198979118464507, -22.017929316982411 ], [ 166.196484838954177, -22.014900384488172 ], [ 166.197044113970691, -22.011911060843051 ], [ 166.1918456, -22.007248500000035 ], [ 166.196661799999987, -22.012097600000033 ], [ 166.195941076508859, -22.014679804335636 ], [ 166.198275482412328, -22.01723543571406 ], [ 166.1957272, -22.020612599999989 ], [ 166.1968066, -22.027442499999982 ], [ 166.193494, -22.027712199999968 ], [ 166.19497579999998, -22.0253366 ], [ 166.192901299999988, -22.02762 ], [ 166.1939916, -22.0245223 ], [ 166.192947299999986, -22.026083699999983 ], [ 166.19078589999998, -22.0235366 ], [ 166.19594189999998, -22.024288700000021 ], [ 166.191778199999987, -22.023100899999982 ], [ 166.1945169, -22.021802500000028 ], [ 166.19068919999998, -22.019363800000036 ], [ 166.1890709, -22.0243327 ], [ 166.188716199999988, -22.021391199999961 ], [ 166.1830387, -22.0306601 ], [ 166.187127709436453, -22.023901303888405 ], [ 166.183743199999981, -22.024186900000025 ], [ 166.186284115208991, -22.021164195757432 ], [ 166.1847847, -22.021442400000012 ], [ 166.1842236, -22.0172714 ], [ 166.1769129, -22.0172565 ], [ 166.177062799999987, -22.019329 ], [ 166.173816933746878, -22.021200182276164 ], [ 166.1703742, -22.014522400000011 ], [ 166.1708916, -22.015683899999988 ], [ 166.165377, -22.016431300000011 ], [ 166.1656262, -22.0190654 ], [ 166.163764998015893, -22.019591394715036 ], [ 166.160566297061536, -22.015891312440846 ], [ 166.1651587, -22.0154209 ], [ 166.165915499999983, -22.01118290000003 ], [ 166.164359656364013, -22.01077776301662 ], [ 166.166237199999983, -22.00941 ], [ 166.160871755910676, -22.010456470517436 ], [ 166.158067857715395, -22.008728762629662 ], [ 166.153850311885776, -22.015324886242848 ], [ 166.149427426820012, -22.016754346281083 ], [ 166.149314382079353, -22.010018780495976 ], [ 166.150974640331413, -22.007605547233329 ], [ 166.1501356, -22.0053514 ], [ 166.146542499999981, -22.0043165 ], [ 166.147299747065688, -22.001854174389944 ], [ 166.152496043651439, -22.000664733028096 ], [ 166.1585528, -21.9957163 ], [ 166.1624881, -21.9947017 ], [ 166.167628353731203, -21.987903029192221 ], [ 166.179776238488586, -21.982190981778921 ], [ 166.182470724967629, -21.975852517885372 ], [ 166.185050700889292, -21.974085097490118 ], [ 166.193083426169267, -21.973300643117181 ], [ 166.198612249333763, -21.979721947152562 ], [ 166.205482779490069, -21.975202134129418 ], [ 166.212480836900653, -21.96618471839998 ], [ 166.221066809542066, -21.96931122682069 ], [ 166.230367713408299, -21.969404230632204 ], [ 166.245672984160137, -21.961476818733882 ], [ 166.249409593207645, -21.962926875082076 ], [ 166.250770507955139, -21.966509178393288 ], [ 166.252860393175553, -21.967039582336692 ], [ 166.266431976676472, -21.958046528893817 ], [ 166.277091845421126, -21.956161646929296 ], [ 166.28321863320997, -21.950231637394126 ], [ 166.290313038022333, -21.9499178100594 ], [ 166.291530184383333, -21.947448531528664 ], [ 166.285655794542663, -21.940174638890181 ], [ 166.286869426940967, -21.937554610274656 ], [ 166.294386482697917, -21.942587863881954 ], [ 166.297223970061708, -21.942367256860354 ], [ 166.299610546798675, -21.938844760209165 ], [ 166.315473766199716, -21.930991635096831 ], [ 166.316955778214151, -21.92791334897716 ], [ 166.325654529044698, -21.926800053327391 ], [ 166.32828445033519, -21.922570533543119 ], [ 166.335753462799858, -21.918813562366591 ], [ 166.331772806304258, -21.912643295624438 ], [ 166.333886786517581, -21.90707848460907 ], [ 166.329602943977676, -21.903813394402363 ], [ 166.336332976431322, -21.896153847759525 ], [ 166.335445726959193, -21.892080912681195 ], [ 166.340922689838067, -21.88763534290981 ], [ 166.349316897295722, -21.886656528532207 ], [ 166.360701009835509, -21.889529189097967 ], [ 166.363189641465368, -21.888058400190388 ], [ 166.375706586754632, -21.88732512171018 ], [ 166.389253927076226, -21.900520090120871 ], [ 166.391037528870839, -21.898154529210277 ], [ 166.390649817983046, -21.894706515197324 ], [ 166.398994500859516, -21.883395483726169 ], [ 166.398453194649449, -21.88101355442566 ], [ 166.403624796842394, -21.882438151172071 ], [ 166.410166566312711, -21.879853930917697 ], [ 166.41235780671181, -21.88260829621932 ], [ 166.414642538814974, -21.882711434592576 ], [ 166.420886018144984, -21.879042512172923 ], [ 166.422626462392031, -21.879920323994995 ], [ 166.420969200781229, -21.884586049883197 ], [ 166.423848978820587, -21.896463821202325 ], [ 166.426548934105909, -21.898388497800532 ], [ 166.423052806116885, -21.902516083143869 ], [ 166.42112865267967, -21.909526647513715 ], [ 166.427834878079949, -21.922729614879895 ], [ 166.424546569754739, -21.933511377386665 ], [ 166.425344699241236, -21.938896772653717 ], [ 166.428133043431899, -21.942899016687008 ], [ 166.425652778432436, -21.946328160114078 ], [ 166.439391509155257, -21.960357379479099 ], [ 166.439465389885328, -21.967316199806291 ], [ 166.437326320367276, -21.972572483540812 ], [ 166.44755706245212, -21.977816902307417 ], [ 166.449178534993735, -21.983686741395982 ], [ 166.454353387219157, -21.987770597489142 ], [ 166.453161229823593, -21.992563506661405 ], [ 166.455354152613467, -21.9994529140921 ], [ 166.460495558456842, -22.007146252198766 ], [ 166.472441375555491, -22.016313247937084 ], [ 166.473198978761019, -22.022152124677142 ], [ 166.472406852917402, -22.02649433368579 ], [ 166.467324165907655, -22.030493526784326 ], [ 166.466393128382379, -22.039679148072519 ], [ 166.459080385237769, -22.041653343183025 ], [ 166.451503396723695, -22.046825899951347 ], [ 166.451153830396095, -22.053644618203425 ], [ 166.446477659557388, -22.057422011322991 ], [ 166.449315235532197, -22.066424593541523 ], [ 166.440945904945863, -22.076499298341087 ], [ 166.436837166907054, -22.073675418064319 ], [ 166.427200483780354, -22.073610679738007 ], [ 166.422002673526919, -22.070423305420103 ], [ 166.420357135722298, -22.07249652880585 ], [ 166.414297489992379, -22.085444091201364 ], [ 166.414831740583139, -22.090526787903102 ], [ 166.412329578044904, -22.093956198206424 ], [ 166.413918111306515, -22.095553929537346 ], [ 166.409436443761564, -22.102979626127382 ], [ 166.410683312721915, -22.107303647479906 ], [ 166.400073017052591, -22.11589930204202 ], [ 166.4090734684751, -22.122387589749277 ], [ 166.412459440630641, -22.121948359309055 ], [ 166.414086479492312, -22.119906716118482 ], [ 166.422979030992309, -22.123716096013446 ], [ 166.418867643885079, -22.128350428325003 ], [ 166.422555347660335, -22.134849055480615 ], [ 166.416314349884374, -22.145209537550109 ], [ 166.417913338826622, -22.150563241566768 ], [ 166.415259297375087, -22.151936938104221 ], [ 166.406735122799603, -22.148510298645331 ], [ 166.402017499261518, -22.150451448393149 ], [ 166.400079154571443, -22.149681685102482 ], [ 166.39920908155139, -22.151808122956858 ], [ 166.396133331481138, -22.152220418674343 ], [ 166.396384733189365, -22.161058225441536 ], [ 166.392118453989951, -22.166886658299962 ], [ 166.392464428226759, -22.169400168615493 ], [ 166.387620835158458, -22.173063462698778 ], [ 166.390283600000032, -22.1709296 ], [ 166.3885271, -22.170283900000012 ], [ 166.39076811229711, -22.170237116713317 ], [ 166.386759524466299, -22.168934404295442 ], [ 166.385521669067344, -22.165461718005659 ], [ 166.383532777146712, -22.168421624752728 ], [ 166.377988540526246, -22.162056635407616 ], [ 166.376301, -22.1640332 ], [ 166.380283307570096, -22.16945141149704 ], [ 166.3670937, -22.1680104 ], [ 166.366487799999987, -22.1709383 ], [ 166.3689425, -22.1725388 ], [ 166.367501299999986, -22.173974299999976 ], [ 166.368180099999989, -22.1767409 ], [ 166.3740061, -22.1811338 ], [ 166.3800512, -22.190794899999982 ], [ 166.3775542, -22.1941277 ], [ 166.3779669, -22.198782500000014 ], [ 166.373752336200738, -22.20088296764461 ], [ 166.371816199999984, -22.207009599999981 ], [ 166.3677342, -22.204559099999983 ], [ 166.366993399999984, -22.201217900000024 ], [ 166.375746099999986, -22.193760799999982 ], [ 166.3743055, -22.1869072 ], [ 166.373187, -22.18895430000001 ], [ 166.3701941, -22.188359099999982 ], [ 166.365819752236888, -22.192680948962995 ], [ 166.366371921551092, -22.195444373091142 ], [ 166.3673119, -22.1919576 ], [ 166.366447827546295, -22.195861838430929 ], [ 166.3612951, -22.200375499999982 ], [ 166.357503785724049, -22.199767885236984 ], [ 166.353897099999983, -22.2020986 ], [ 166.3530117, -22.204706399999978 ], [ 166.3569201, -22.210311700000016 ], [ 166.3551516, -22.21855930000001 ], [ 166.350367251451075, -22.218395789839249 ], [ 166.3461446, -22.2206777 ], [ 166.343788495976355, -22.22428530527786 ], [ 166.344658415168993, -22.226610926818939 ], [ 166.343200344833946, -22.226552787469871 ], [ 166.340953498926183, -22.223578956932563 ], [ 166.334720388736429, -22.221923961881966 ], [ 166.335715645627232, -22.220160057892542 ], [ 166.331325938151082, -22.215722447313652 ], [ 166.334265091215286, -22.21246593647481 ], [ 166.341702924434401, -22.213482224009685 ], [ 166.3460149, -22.2090491 ], [ 166.347538599999979, -22.2064679 ], [ 166.3472012, -22.19476359999998 ], [ 166.3453949, -22.192095 ], [ 166.344147699999979, -22.1929079 ], [ 166.3455903, -22.193332499999961 ], [ 166.339445499999982, -22.194516 ], [ 166.3393355, -22.192056599999979 ], [ 166.3390733, -22.196537099999976 ], [ 166.33373210000002, -22.1976034 ], [ 166.331589, -22.191527900000022 ], [ 166.32060047142113, -22.185381699843518 ], [ 166.323141787345065, -22.183185834330892 ], [ 166.327619054402504, -22.183999591437072 ], [ 166.3290073, -22.1818385 ], [ 166.325219822943296, -22.174958584097549 ], [ 166.317497415967949, -22.172391785346115 ], [ 166.313999699999982, -22.1752479 ], [ 166.311740497493616, -22.171841227177165 ], [ 166.3060853, -22.169957099999952 ], [ 166.307963368484764, -22.167028250807942 ], [ 166.3218934, -22.169822300000014 ], [ 166.325076324378131, -22.16665022825109 ], [ 166.320794749319163, -22.158744266499447 ], [ 166.3253861, -22.1602988 ], [ 166.330831513426318, -22.158342003519124 ], [ 166.3321094, -22.1537279 ], [ 166.3338748, -22.159280099999979 ], [ 166.337248599999981, -22.159372799999979 ], [ 166.337473065616877, -22.161519784794745 ], [ 166.341760599999986, -22.1603942 ], [ 166.34709684383165, -22.164645560226457 ], [ 166.348112412789419, -22.163065983942687 ], [ 166.3516592, -22.1655489 ], [ 166.355210299999982, -22.165524500000018 ], [ 166.3561953, -22.1671023 ], [ 166.35669679999998, -22.166048 ], [ 166.3564949, -22.167574500000036 ], [ 166.359385913723145, -22.166483648688097 ], [ 166.359819017821735, -22.167846551219551 ], [ 166.359941582182699, -22.166227040166742 ], [ 166.361411597997574, -22.167354740050417 ], [ 166.360335079461805, -22.166203138388727 ], [ 166.36391550320559, -22.16373368356756 ], [ 166.360104361795749, -22.160513764091284 ], [ 166.362331373287248, -22.160634914736058 ], [ 166.362781781941123, -22.159132183939203 ], [ 166.361667899999986, -22.1600615 ], [ 166.362893097011835, -22.156932112211141 ], [ 166.36101069999998, -22.157369400000043 ], [ 166.358944, -22.155028600000019 ], [ 166.354330762594515, -22.156458707151703 ], [ 166.353393439709549, -22.158856369942548 ], [ 166.34963190000002, -22.1550666 ], [ 166.346209044059606, -22.154397503957167 ], [ 166.349622463696591, -22.153340483983047 ], [ 166.346713, -22.15195380000003 ], [ 166.349087335144759, -22.149408867036129 ], [ 166.345229489120044, -22.148161210476143 ], [ 166.345698199999987, -22.1461599 ], [ 166.349496357188144, -22.14627764546162 ], [ 166.349811638315657, -22.138275091866099 ], [ 166.353331409911959, -22.135337227498241 ], [ 166.349933599999986, -22.135441900000021 ], [ 166.352837382840107, -22.133933272610093 ], [ 166.352259986885116, -22.132291628775548 ], [ 166.350915386833947, -22.131363492023706 ], [ 166.3490022, -22.133636900000024 ], [ 166.347359899999987, -22.131517 ], [ 166.3466933, -22.1346626 ], [ 166.344729495857848, -22.133862450078887 ], [ 166.346602349513489, -22.134771275111625 ], [ 166.345103605104214, -22.138566498205037 ], [ 166.344045720330342, -22.136563948698807 ], [ 166.3396478, -22.1371162 ], [ 166.3408593, -22.139968 ], [ 166.338760799999989, -22.143157 ], [ 166.3410485, -22.1440749 ], [ 166.339625768906558, -22.146123673164272 ], [ 166.3353148, -22.142131 ], [ 166.338404699999984, -22.1367709 ], [ 166.338216586365036, -22.132703253932057 ], [ 166.335131099999984, -22.129553499999989 ], [ 166.3327447, -22.130063799999984 ], [ 166.335076599999979, -22.1296208 ], [ 166.337917079573913, -22.133320312930465 ], [ 166.337249076899099, -22.135063039166216 ], [ 166.336658137399581, -22.133753442072361 ], [ 166.331786699999981, -22.1393623 ], [ 166.3257499, -22.140852299999949 ], [ 166.328202799999985, -22.143206 ], [ 166.3239485, -22.1455737 ], [ 166.328771359700283, -22.148112210261687 ], [ 166.324162400000034, -22.149147700000029 ], [ 166.323471126750405, -22.152594844622133 ], [ 166.317190237645804, -22.152129300598833 ], [ 166.3132909, -22.154262099999979 ], [ 166.3094035, -22.151343900000022 ], [ 166.305762981496912, -22.153509578742042 ], [ 166.303627969177143, -22.151532734310173 ], [ 166.306755805715909, -22.156479547135067 ], [ 166.3053127, -22.159562499999979 ], [ 166.301018442011241, -22.161073117909552 ], [ 166.297970000528551, -22.157611755941137 ], [ 166.297430962438654, -22.153081994114263 ], [ 166.29446556054171, -22.151688425503949 ], [ 166.293135066774454, -22.14547982662755 ], [ 166.288840199999981, -22.1449133 ], [ 166.285496199999983, -22.1415602 ], [ 166.283697922789941, -22.143190070073199 ], [ 166.282608316929043, -22.141996241295303 ], [ 166.283344289010159, -22.1438552405344 ], [ 166.281643985096053, -22.14243526702715 ], [ 166.282938746743326, -22.149083285398028 ], [ 166.287071869302139, -22.151372177575428 ], [ 166.286681626907949, -22.154840876998293 ], [ 166.290622099999979, -22.1582463 ], [ 166.289219, -22.162734 ], [ 166.292879940446142, -22.167414746930998 ], [ 166.2891919, -22.1647025 ], [ 166.2851029, -22.1679774 ], [ 166.28144474694119, -22.165517973206889 ], [ 166.2789903, -22.166728800000033 ], [ 166.2787122, -22.164522699999985 ], [ 166.2811667, -22.1630314 ], [ 166.278616, -22.1613102 ], [ 166.279555, -22.163728599999974 ], [ 166.276098499999989, -22.162105400000023 ], [ 166.2780506, -22.1640855 ], [ 166.275635, -22.1640091 ], [ 166.278355374399553, -22.165837112344231 ], [ 166.276044895288095, -22.168725335412812 ], [ 166.273769099999981, -22.168084500000038 ], [ 166.269371881686112, -22.170147382418566 ], [ 166.263704947481472, -22.162839164299506 ], [ 166.254575505304189, -22.160006806466789 ], [ 166.2554447, -22.157649599999989 ], [ 166.2581597, -22.1574718 ], [ 166.255362, -22.156970200000011 ], [ 166.2582042, -22.1560041 ], [ 166.2554265, -22.1557061 ], [ 166.2587706, -22.15381 ], [ 166.255897375827914, -22.154335012636846 ], [ 166.2537715, -22.1559046 ], [ 166.255006412714835, -22.157080331549416 ], [ 166.252104921734059, -22.15755651135461 ], [ 166.2550273, -22.1575591 ], [ 166.254662626352882, -22.159476259850006 ], [ 166.2459931, -22.164644 ], [ 166.245553595793154, -22.159176415483746 ], [ 166.247292989832118, -22.155161453596165 ], [ 166.2432612, -22.149233500000026 ], [ 166.238182, -22.1478459 ], [ 166.2382395, -22.1463108 ], [ 166.237847607910766, -22.147916293228324 ], [ 166.2346096, -22.147723599999981 ], [ 166.229679843445581, -22.144593196421177 ], [ 166.218784199999988, -22.143411900000014 ], [ 166.222066399999989, -22.139364700000016 ], [ 166.2214572, -22.1337312 ], [ 166.222427899999985, -22.132589699999986 ], [ 166.223774699999979, -22.134552399999983 ], [ 166.225223435813632, -22.133754750867944 ], [ 166.224300539021073, -22.1314437771297 ], [ 166.222931515792766, -22.132711293011013 ], [ 166.221622346821022, -22.127824608675294 ], [ 166.198321199999981, -22.1106605 ], [ 166.184758642815723, -22.10769055713121 ], [ 166.18262953238434, -22.105331558343313 ], [ 166.1702731, -22.1036988 ], [ 166.170648699999987, -22.096731 ], [ 166.1722651, -22.102973200000012 ], [ 166.175368946476027, -22.101740035273174 ], [ 166.173891699999984, -22.099494100000015 ], [ 166.175272799999988, -22.097320299999986 ], [ 166.1732036, -22.096632299999985 ], [ 166.1726237, -22.0937908 ], [ 166.1705122, -22.096202399999964 ], [ 166.162904387342763, -22.084697358601552 ], [ 166.150123409207168, -22.082929783593094 ], [ 166.1403263, -22.0894423 ], [ 166.137768698936071, -22.098269700500911 ], [ 166.1268732, -22.100153299999981 ], [ 166.1250628, -22.099091300000016 ], [ 166.125916800000027, -22.095528 ], [ 166.123487752386978, -22.091866284226533 ], [ 166.1253395, -22.090598700000015 ], [ 166.119210205114285, -22.090578699428427 ], [ 166.114896038901378, -22.088576585617101 ], [ 166.1157522, -22.0862719 ], [ 166.12517219999998, -22.0795027 ], [ 166.126436327894822, -22.076161603045318 ], [ 166.1255534, -22.070438 ], [ 166.120900536893998, -22.067018471435979 ], [ 166.121299541404426, -22.063435131382978 ], [ 166.111855099999985, -22.062614399999973 ], [ 166.117065599999989, -22.0595854 ], [ 166.12961439999998, -22.062127 ], [ 166.1309741, -22.063351900000033 ], [ 166.128784599999989, -22.069968 ], [ 166.132981469499697, -22.071729547951374 ], [ 166.137927785044354, -22.068845722413357 ], [ 166.142976863727483, -22.072391399174727 ], [ 166.141977299999979, -22.07516 ], [ 166.1478545, -22.0760263 ], [ 166.147364899999985, -22.0788596 ], [ 166.1501892, -22.0780267 ], [ 166.148521100000011, -22.074813400000018 ], [ 166.146951288025576, -22.074882642835263 ], [ 166.147822068353378, -22.073909831369892 ], [ 166.157549499999988, -22.0766766 ], [ 166.162898899999988, -22.072247200000039 ], [ 166.161368270519233, -22.075382130450635 ], [ 166.163781352348963, -22.077141973598746 ], [ 166.163030265213848, -22.080973446722215 ], [ 166.166499885950458, -22.087476907437701 ], [ 166.166930940201837, -22.08521920562124 ], [ 166.173093411005141, -22.087647890259465 ], [ 166.173495, -22.0864953 ], [ 166.170366898440022, -22.085721885158609 ], [ 166.171366799999987, -22.084679800000021 ], [ 166.169584130387165, -22.082349947199894 ], [ 166.1749477, -22.080893899999971 ], [ 166.1715782, -22.0803755 ], [ 166.175086599999986, -22.0779378 ], [ 166.172412399999985, -22.077496500000024 ], [ 166.172733869481903, -22.07630724881281 ] ], [ [ 166.199737277559194, -22.021522482970731 ], [ 166.2079678, -22.01950630000001 ], [ 166.202439728383666, -22.010544982327108 ], [ 166.196221, -22.009602900000012 ], [ 166.200505800078929, -22.017151135451261 ], [ 166.2001933, -22.013453899999973 ], [ 166.203210499999983, -22.0147251 ], [ 166.203367011007913, -22.019430270740209 ], [ 166.199737277559194, -22.021522482970731 ] ], [ [ 166.36298707877765, -22.158960901853568 ], [ 166.365722883767717, -22.160424904092046 ], [ 166.363595600000025, -22.1584532 ], [ 166.36298707877765, -22.158960901853568 ] ], [ [ 166.365753287801596, -22.160441173681864 ], [ 166.3660344, -22.160591599999986 ], [ 166.3698899, -22.1571221 ], [ 166.365753287801596, -22.160441173681864 ] ], [ [ 166.191546425057396, -22.017092025921695 ], [ 166.19378169312094, -22.017016228653791 ], [ 166.192592599999983, -22.013035200000029 ], [ 166.191546425057396, -22.017092025921695 ] ], [ [ 166.126740600000034, -22.095862799999981 ], [ 166.129070853998769, -22.095839742560379 ], [ 166.1292125, -22.0934391 ], [ 166.1314185, -22.09222 ], [ 166.129373812965326, -22.092212709029429 ], [ 166.129271241980263, -22.090517598186612 ], [ 166.13178329505493, -22.087269075268512 ], [ 166.1257477, -22.0899516 ], [ 166.126740600000034, -22.095862799999981 ] ] ], [ [ [ 166.282288781089107, -22.176349760583442 ], [ 166.285167132944792, -22.170760605517401 ], [ 166.2847875, -22.174750299999982 ], [ 166.2868018, -22.178495899999977 ], [ 166.2923386, -22.183775599999972 ], [ 166.288358700000032, -22.1860082 ], [ 166.282288781089107, -22.176349760583442 ] ] ], [ [ [ 166.227262332286585, -22.243978653491499 ], [ 166.224830254421079, -22.244696050192335 ], [ 166.224097986920185, -22.241956992181713 ], [ 166.227130484344258, -22.241253804706709 ], [ 166.227262332286585, -22.243978653491499 ] ] ], [ [ [ 166.202120865954328, -22.214227410353928 ], [ 166.205758299999985, -22.2201533 ], [ 166.201523459145051, -22.219039856181318 ], [ 166.198603832029107, -22.213989693751721 ], [ 166.202120865954328, -22.214227410353928 ] ] ], [ [ [ 166.199340282627134, -22.034071108581543 ], [ 166.202614499999981, -22.0326643 ], [ 166.204018499999989, -22.035795400000016 ], [ 166.199340282627134, -22.034071108581543 ] ] ], [ [ [ 166.195304995294606, -22.029750647254133 ], [ 166.2012427, -22.026019 ], [ 166.1984668, -22.029214 ], [ 166.2005173, -22.0309728 ], [ 166.195304995294606, -22.029750647254133 ] ] ], [ [ [ 166.189211198566539, -22.036223302059177 ], [ 166.192539399999987, -22.0365918 ], [ 166.193027110320628, -22.040202285616459 ], [ 166.189211198566539, -22.036223302059177 ] ] ], [ [ [ 166.160130207819719, -22.11866686781843 ], [ 166.1615444, -22.117694299999975 ], [ 166.16435580000001, -22.120116600000031 ], [ 166.163014976222144, -22.121132454437483 ], [ 166.160130207819719, -22.11866686781843 ] ] ], [ [ [ 166.1531137, -22.1142447 ], [ 166.155305499217377, -22.118097300016526 ], [ 166.146873700289916, -22.1148065979704 ], [ 166.1531137, -22.1142447 ] ] ], [ [ [ 166.147434992905886, -22.026853277543307 ], [ 166.141203842016097, -22.026814386758623 ], [ 166.144391, -22.0241514 ], [ 166.147434992905886, -22.026853277543307 ] ] ], [ [ [ 166.136127229187281, -22.110724820305148 ], [ 166.138160225897167, -22.109690110395459 ], [ 166.139118199999984, -22.110884300000027 ], [ 166.136127229187281, -22.110724820305148 ] ] ], [ [ [ 166.116669385427315, -22.10202237828905 ], [ 166.11872, -22.1019196 ], [ 166.1173091, -22.097529500000036 ], [ 166.120152331296879, -22.095641943516235 ], [ 166.1206366708833, -22.105214160902261 ], [ 166.116862711574981, -22.104339072130667 ], [ 166.116669385427315, -22.10202237828905 ] ] ], [ [ [ 166.110502902629605, -22.07920642058717 ], [ 166.114311134815551, -22.08045504487108 ], [ 166.11018, -22.0830875 ], [ 166.109875, -22.086942600000022 ], [ 166.105852589990377, -22.092834656847373 ], [ 166.104089309179585, -22.093732377299339 ], [ 166.09065529999998, -22.0908498 ], [ 166.090930817871481, -22.087068629297363 ], [ 166.098764789952696, -22.086608608176476 ], [ 166.110502902629605, -22.07920642058717 ] ] ], [ [ [ 166.109657423556115, -22.023351911894657 ], [ 166.11242672267781, -22.020209522763189 ], [ 166.110924688723458, -22.024272304926637 ], [ 166.109657423556115, -22.023351911894657 ] ] ], [ [ [ 166.097816699999981, -22.050783500000037 ], [ 166.099865692775495, -22.049935827062242 ], [ 166.109795573219998, -22.051027137745603 ], [ 166.106123199999985, -22.052512 ], [ 166.1008751, -22.0515577 ], [ 166.0978254, -22.054846 ], [ 166.097816699999981, -22.050783500000037 ] ] ], [ [ [ 166.080776102710303, -22.052421983534899 ], [ 166.089375099999984, -22.0459003 ], [ 166.092549853947077, -22.046691943990581 ], [ 166.085640181284617, -22.056826652469404 ], [ 166.086070598895901, -22.058865950831144 ], [ 166.084672602602382, -22.054212761021752 ], [ 166.080776102710303, -22.052421983534899 ] ] ] ] } },
{ "type": "Feature", "properties": { "province": "Province Sud", "commune": "Nouméa" }, "geometry": { "type": "MultiPolygon", "coordinates": [ [ [ [ 166.503228902785196, -22.272973262730858 ], [ 166.504896731024786, -22.274262628049229 ], [ 166.503363842918645, -22.276841706468542 ], [ 166.503228902785196, -22.272973262730858 ] ] ], [ [ [ 166.456258783995054, -22.233195464101513 ], [ 166.4558189, -22.2308873 ], [ 166.458455599999979, -22.228351699999976 ], [ 166.458112136418436, -22.226378509255316 ], [ 166.460536746205179, -22.226209009147169 ], [ 166.459313760048929, -22.224313880297206 ], [ 166.468096707953606, -22.227603799869406 ], [ 166.476941052736095, -22.225840573286071 ], [ 166.479413378250655, -22.219264458484808 ], [ 166.486532472932282, -22.216655659030437 ], [ 166.487259605870463, -22.219686617603934 ], [ 166.484884317517071, -22.21904617764843 ], [ 166.484501951438972, -22.22286576935559 ], [ 166.486889923746702, -22.220987110248974 ], [ 166.489325159762046, -22.22347052731353 ], [ 166.492496036261429, -22.224580307195431 ], [ 166.492828817141913, -22.223390473857375 ], [ 166.493618364395815, -22.225304760412907 ], [ 166.491414, -22.227142 ], [ 166.4953684, -22.2258152 ], [ 166.4926046, -22.2313937 ], [ 166.504066199999983, -22.240856600000043 ], [ 166.496555299999983, -22.2387492 ], [ 166.492731824439687, -22.240373017499664 ], [ 166.487942361627063, -22.234990226345776 ], [ 166.4857619, -22.2373302 ], [ 166.488856849451139, -22.239506184870677 ], [ 166.4859588, -22.2389722 ], [ 166.487351102731367, -22.240604137539133 ], [ 166.4857867, -22.2411297 ], [ 166.4828153, -22.238840800000027 ], [ 166.4834788, -22.242489500000016 ], [ 166.490478100000018, -22.241993099999988 ], [ 166.48816260000001, -22.2443977 ], [ 166.492174653097294, -22.243617531438012 ], [ 166.490291044613713, -22.245494154285947 ], [ 166.493472, -22.24628430000001 ], [ 166.493175399999984, -22.2485442 ], [ 166.4961185, -22.250122200000011 ], [ 166.493257791235038, -22.250903218405043 ], [ 166.489197583227508, -22.245900846411512 ], [ 166.483806976561681, -22.247349259297426 ], [ 166.489017027148549, -22.248062837125801 ], [ 166.487226199999981, -22.250264599999973 ], [ 166.4906604, -22.249716799999987 ], [ 166.4896623, -22.2521309 ], [ 166.493944799715422, -22.253482309974366 ], [ 166.49211649999998, -22.2552564 ], [ 166.491384106285551, -22.254932116258054 ], [ 166.493482865088566, -22.256893610795988 ], [ 166.490594734076751, -22.259795694861964 ], [ 166.488659899999988, -22.2597453 ], [ 166.489593099999979, -22.2576076 ], [ 166.486736197304396, -22.252045103132794 ], [ 166.4867538, -22.253707300000027 ], [ 166.485748799999982, -22.252117800000018 ], [ 166.4836886, -22.252497799999983 ], [ 166.48639056681273, -22.253975088738894 ], [ 166.4866489, -22.256113300000017 ], [ 166.4848495, -22.2565665 ], [ 166.487134283052598, -22.256716755519189 ], [ 166.48590530391175, -22.258846406826628 ], [ 166.48255039999998, -22.256971400000019 ], [ 166.480436699999984, -22.2576659 ], [ 166.4831312, -22.2545016 ], [ 166.4807351, -22.252682400000015 ], [ 166.478089899999986, -22.253410099999975 ], [ 166.4784512, -22.25590979999998 ], [ 166.47675345760706, -22.255784380139207 ], [ 166.4797164767769, -22.256850088188582 ], [ 166.475937, -22.258888300000017 ], [ 166.475093789739276, -22.257109530866128 ], [ 166.475828462603772, -22.258985393268109 ], [ 166.47197183185321, -22.267350676155441 ], [ 166.475454623591332, -22.268676867288423 ], [ 166.475602423526709, -22.271159969008039 ], [ 166.480691356923046, -22.276925518059343 ], [ 166.478237, -22.279450799999985 ], [ 166.478766493467418, -22.280091255597632 ], [ 166.4765477, -22.2793353 ], [ 166.4769881, -22.2808909 ], [ 166.474105495780492, -22.282888143001806 ], [ 166.4748683, -22.28442 ], [ 166.4727543, -22.283284500000011 ], [ 166.468340899999987, -22.2861562 ], [ 166.466192332574479, -22.285774025045271 ], [ 166.466508, -22.2826018 ], [ 166.4701794, -22.282694 ], [ 166.472311711284533, -22.280768667664955 ], [ 166.472907323719141, -22.28110941923763 ], [ 166.476255053895642, -22.277800571027147 ], [ 166.469941799999987, -22.27905950000002 ], [ 166.4726167, -22.2756076 ], [ 166.474731785191125, -22.275499925821986 ], [ 166.4725791, -22.275549399999981 ], [ 166.4729906, -22.272157400000019 ], [ 166.471987745656861, -22.271518028801896 ], [ 166.471123799999987, -22.27369830000001 ], [ 166.469931902074734, -22.270649274773522 ], [ 166.4687907, -22.2805742 ], [ 166.460935399999983, -22.2792782 ], [ 166.458225699999986, -22.2817371 ], [ 166.4591649, -22.2846044 ], [ 166.4574643, -22.2864173 ], [ 166.459510229838656, -22.292446672758768 ], [ 166.45750959999998, -22.3010633 ], [ 166.4621272, -22.3066412 ], [ 166.456046396657172, -22.311811387099183 ], [ 166.4497364, -22.3112497 ], [ 166.448263200000014, -22.3124628 ], [ 166.447002699999985, -22.3043079 ], [ 166.4410016, -22.302680299999981 ], [ 166.434397, -22.303703200000033 ], [ 166.437715557873588, -22.301002742610958 ], [ 166.438037706879186, -22.296837975209034 ], [ 166.4306814, -22.2938106 ], [ 166.436608087503714, -22.291470796484472 ], [ 166.437919599999987, -22.2941272 ], [ 166.438858692233509, -22.292546876549473 ], [ 166.4365587, -22.289799900000013 ], [ 166.4392656, -22.2900259 ], [ 166.439418164367424, -22.288461043462558 ], [ 166.442389782959054, -22.289758785797627 ], [ 166.444184087008125, -22.288071762905936 ], [ 166.443614800488092, -22.28408110589557 ], [ 166.439974799999987, -22.2841732 ], [ 166.440197265876719, -22.286020053328969 ], [ 166.439852321528861, -22.283672655559794 ], [ 166.432446989511504, -22.283610871392831 ], [ 166.436807289718274, -22.279256903968829 ], [ 166.435029473395588, -22.279869793582407 ], [ 166.436320195230138, -22.276673895245807 ], [ 166.437164856071462, -22.279262430745359 ], [ 166.441036525939211, -22.277180534673509 ], [ 166.440896519546726, -22.275570437917438 ], [ 166.435798, -22.276330199999972 ], [ 166.438017413378333, -22.274841336361479 ], [ 166.436953680236371, -22.268365143284107 ], [ 166.427204599999982, -22.2683637 ], [ 166.4246915, -22.2663458 ], [ 166.426516599999985, -22.2632468 ], [ 166.4391392, -22.265564800000018 ], [ 166.443368531200946, -22.261695530911599 ], [ 166.4410015, -22.2591676 ], [ 166.438580299999984, -22.2618022 ], [ 166.433290659663896, -22.254773683182517 ], [ 166.4283443, -22.2534863 ], [ 166.427263607226564, -22.249954955867207 ], [ 166.4294119, -22.246012399999987 ], [ 166.431762521715683, -22.244696901041582 ], [ 166.443376518899612, -22.248065919091989 ], [ 166.448474495237178, -22.251384566758894 ], [ 166.447397403555499, -22.249645674724402 ], [ 166.449590540586314, -22.248912304654443 ], [ 166.442427937398833, -22.246798477304367 ], [ 166.438932745223326, -22.242674098701148 ], [ 166.435332616868493, -22.244738322879442 ], [ 166.434447024584927, -22.242749165481314 ], [ 166.4291633, -22.2403875 ], [ 166.423282199999989, -22.2418895 ], [ 166.4268119, -22.2464675 ], [ 166.424367075006558, -22.248905151249041 ], [ 166.418946054665668, -22.243634697740237 ], [ 166.414772203530504, -22.247827740048034 ], [ 166.4167139, -22.238766900000016 ], [ 166.413095299999981, -22.23945590000001 ], [ 166.4106222, -22.243302699999983 ], [ 166.406495796076257, -22.240172858811789 ], [ 166.4089429, -22.23703749999995 ], [ 166.407685099999981, -22.234617199999985 ], [ 166.399132400000013, -22.235081599999987 ], [ 166.393876299999988, -22.230631 ], [ 166.395078899999987, -22.229287900000021 ], [ 166.3989478, -22.2305912 ], [ 166.402705928506293, -22.227444909988193 ], [ 166.409197899999981, -22.233351 ], [ 166.414938889260043, -22.228528420702975 ], [ 166.4186962, -22.227822 ], [ 166.420970499999981, -22.2299239 ], [ 166.4235961, -22.228704299999972 ], [ 166.424927632325989, -22.231122224430376 ], [ 166.428045286238842, -22.231851385645427 ], [ 166.4301595, -22.228199 ], [ 166.428222299999987, -22.228054599999982 ], [ 166.4284798, -22.2230602 ], [ 166.426599399999986, -22.2231574 ], [ 166.429241499999989, -22.222145700000027 ], [ 166.4302482, -22.2246961 ], [ 166.4351485, -22.2253304 ], [ 166.432479622413439, -22.228727017539821 ], [ 166.4381769, -22.232499900000018 ], [ 166.438609099999979, -22.224981 ], [ 166.44787464207451, -22.226018327737421 ], [ 166.438821499999989, -22.224602199999985 ], [ 166.43914625835788, -22.222572737868219 ], [ 166.442488409308169, -22.222390491505458 ], [ 166.446120556332346, -22.224716718855156 ], [ 166.447027030136752, -22.2232348045039 ], [ 166.453328753703488, -22.22582355428554 ], [ 166.4538044, -22.228276799999989 ], [ 166.447922399999982, -22.22619790000001 ], [ 166.4541913, -22.228914800000041 ], [ 166.456258783995054, -22.233195464101513 ] ], [ [ 166.453872375237211, -22.246942190437661 ], [ 166.45051220574328, -22.248866938746222 ], [ 166.453064103098114, -22.249122196995582 ], [ 166.453872375237211, -22.246942190437661 ] ], [ [ 166.453985751406663, -22.246877245026273 ], [ 166.45454353380407, -22.248452583817567 ], [ 166.458235848193027, -22.244336335861618 ], [ 166.461480502756928, -22.244357093580138 ], [ 166.461292599999979, -22.245518499999989 ], [ 166.462108793493996, -22.24437943497211 ], [ 166.4639939, -22.2482579 ], [ 166.463820799999979, -22.246744899999989 ], [ 166.464159098377252, -22.247931956259009 ], [ 166.4664372, -22.2469372 ], [ 166.463665560402291, -22.245491168022326 ], [ 166.4673038, -22.244562799999979 ], [ 166.466841599999981, -22.2434663 ], [ 166.477559505007434, -22.244594742105392 ], [ 166.474607296377457, -22.242021742263102 ], [ 166.467064, -22.2430987 ], [ 166.467318945333517, -22.239460943927707 ], [ 166.469912431378475, -22.237458916048755 ], [ 166.468328340928309, -22.236529495940264 ], [ 166.471517827518937, -22.238204200290077 ], [ 166.4698017, -22.2352068 ], [ 166.4661701, -22.2381632 ], [ 166.4669361, -22.234598199999983 ], [ 166.463274821036578, -22.242202624279223 ], [ 166.461996569251284, -22.244079785496844 ], [ 166.4581622, -22.2441012 ], [ 166.456938823164791, -22.24279732177779 ], [ 166.458128724719984, -22.24242677411328 ], [ 166.455635995160662, -22.242150593777971 ], [ 166.4577057, -22.2407872 ], [ 166.456793015566291, -22.235998587364634 ], [ 166.4564586, -22.24077430000002 ], [ 166.454943940073974, -22.241502089572535 ], [ 166.448519670061472, -22.235641402949817 ], [ 166.4554134, -22.241953499999983 ], [ 166.453617962509611, -22.242903927019093 ], [ 166.455291826576513, -22.242276440538369 ], [ 166.454499675109673, -22.246582851770583 ], [ 166.453985751406663, -22.246877245026273 ] ], [ [ 166.490968586867098, -22.254748133637811 ], [ 166.489998280870282, -22.254318498180613 ], [ 166.490372800000017, -22.256052699999969 ], [ 166.490968586867098, -22.254748133637811 ] ], [ [ 166.474182676202247, -22.254783083796447 ], [ 166.47720080000002, -22.251983900000024 ], [ 166.47398, -22.251229400000035 ], [ 166.4769681, -22.249426900000014 ], [ 166.472630293726468, -22.250819026617908 ], [ 166.474182676202247, -22.254783083796447 ] ] ], [ [ [ 166.479873553574379, -22.281430290224538 ], [ 166.4814046, -22.2832821 ], [ 166.478828258788951, -22.283404763832763 ], [ 166.4780743, -22.281419 ], [ 166.479452465688667, -22.280920970988245 ], [ 166.479743576870618, -22.281273079756321 ], [ 166.480022, -22.282561299999955 ], [ 166.479873553574379, -22.281430290224538 ] ] ], [ [ [ 166.498182152746722, -22.250778872195248 ], [ 166.500032773204765, -22.253085748048353 ], [ 166.49906740000003, -22.257061099999973 ], [ 166.501934200000022, -22.2599714 ], [ 166.497029742045072, -22.258430930071903 ], [ 166.498846544363857, -22.257250682856771 ], [ 166.498182152746722, -22.250778872195248 ] ] ], [ [ [ 166.479074394898873, -22.310449344926621 ], [ 166.476620719873978, -22.30665492393128 ], [ 166.482432895117995, -22.304038243964591 ], [ 166.4834433, -22.299766 ], [ 166.4815097, -22.297438599999978 ], [ 166.4827247, -22.296434699999988 ], [ 166.4811311, -22.289631899999986 ], [ 166.476926807874293, -22.289322972569401 ], [ 166.480181712987076, -22.286957332898723 ], [ 166.480702600000029, -22.288976400000028 ], [ 166.4835056, -22.288067 ], [ 166.48359541606635, -22.291448667802868 ], [ 166.4862196, -22.2924298 ], [ 166.485713299999986, -22.2967537 ], [ 166.4885716, -22.297708599999989 ], [ 166.482898964722892, -22.309434082480408 ], [ 166.479074394898873, -22.310449344926621 ] ] ], [ [ [ 166.472639499999985, -22.3159105 ], [ 166.471518, -22.3128038 ], [ 166.474053593695459, -22.310803926079082 ], [ 166.475500325873099, -22.314951904105747 ], [ 166.478992903447988, -22.312945826271001 ], [ 166.481156766363227, -22.314684467076809 ], [ 166.472639499999985, -22.3159105 ] ] ], [ [ [ 166.466666923154577, -22.477395190566558 ], [ 166.468555899999984, -22.475872100000014 ], [ 166.4697449, -22.4768382 ], [ 166.4675589, -22.4787546 ], [ 166.466666923154577, -22.477395190566558 ] ] ], [ [ [ 166.463295160025638, -22.281178419171155 ], [ 166.4634896, -22.282461399999985 ], [ 166.4608777, -22.282186500000037 ], [ 166.463295160025638, -22.281178419171155 ] ] ], [ [ [ 166.427916975130159, -22.292033937386041 ], [ 166.430536239279775, -22.293801294926801 ], [ 166.426130299999983, -22.292406 ], [ 166.424723034090675, -22.287818137549134 ], [ 166.428495699999985, -22.289456300000019 ], [ 166.427916975130159, -22.292033937386041 ] ] ], [ [ [ 166.421320765969455, -22.27093587956746 ], [ 166.417648395947879, -22.27060611926575 ], [ 166.416548455895651, -22.272906381957359 ], [ 166.414898699999981, -22.269446500000019 ], [ 166.412776899999983, -22.2690211 ], [ 166.410456, -22.2708197 ], [ 166.4101168, -22.273942 ], [ 166.409068199999979, -22.271150799999987 ], [ 166.3985792803511, -22.270186572504858 ], [ 166.386548398170561, -22.259044744909652 ], [ 166.389585580419009, -22.260601491725204 ], [ 166.391414618900825, -22.258778307140396 ], [ 166.385765463601189, -22.252559311799992 ], [ 166.387190100000026, -22.2483149 ], [ 166.392005406308499, -22.247192274219227 ], [ 166.4006604, -22.2583573 ], [ 166.403201535749702, -22.258473518240059 ], [ 166.4037683, -22.26124 ], [ 166.409688515896534, -22.262145108585518 ], [ 166.413522900000032, -22.2668607 ], [ 166.41657792733713, -22.264343488936095 ], [ 166.426629153936801, -22.26829321236324 ], [ 166.428342599999979, -22.2715122 ], [ 166.426615655414736, -22.28265134032975 ], [ 166.424038600000017, -22.280131 ], [ 166.425616025601215, -22.273912990815017 ], [ 166.421320765969455, -22.27093587956746 ] ] ], [ [ [ 166.407615234309958, -22.336025406572038 ], [ 166.411976399999986, -22.331193 ], [ 166.40898679999998, -22.3368288 ], [ 166.407615234309958, -22.336025406572038 ] ] ], [ [ [ 166.389394596415599, -22.22665896240521 ], [ 166.387588199999982, -22.2272473 ], [ 166.386966699999988, -22.224833100000012 ], [ 166.3891716, -22.2242926 ], [ 166.389394596415599, -22.22665896240521 ] ] ] ] } },
{ "type": "Feature", "properties": { "province": "Province Sud", "commune": "Canala" }, "geometry": { "type": "MultiPolygon", "coordinates": [ ] } },
{ "type": "Feature", "properties": { "province": "Province Sud", "commune": "Farino" }, "geometry": { "type": "Polygon", "coordinates": [ [ [ 165.775342161521195, -21.601480306305277 ], [ 165.782605867559425, -21.607229775785708 ], [ 165.786894033918173, -21.607054223614906 ], [ 165.791987373215591, -21.613237812047927 ], [ 165.799625598760542, -21.617783946232166 ], [ 165.799182151036149, -21.619665383320257 ], [ 165.790844709550385, -21.622905451189784 ], [ 165.786750570815258, -21.630552647463659 ], [ 165.788873038675405, -21.635933072911499 ], [ 165.788460906919084, -21.644816376947666 ], [ 165.781754937792272, -21.658590467143352 ], [ 165.78142473871651, -21.664330601853656 ], [ 165.788268960660275, -21.671474039040863 ], [ 165.788689381117365, -21.682464690640828 ], [ 165.793403683274619, -21.684574056034105 ], [ 165.790071149729215, -21.683507840344635 ], [ 165.788619062655414, -21.684670033256584 ], [ 165.786842625663184, -21.694017985347273 ], [ 165.782501910952391, -21.692945484553182 ], [ 165.772289246911015, -21.694705782535124 ], [ 165.767822843302241, -21.690936596203024 ], [ 165.768504102122705, -21.689213189778549 ], [ 165.760396514435968, -21.67919976951919 ], [ 165.760933584120096, -21.675576355216574 ], [ 165.758530548169489, -21.669778051339463 ], [ 165.753981211055731, -21.667380202495373 ], [ 165.749521535301568, -21.668723512251557 ], [ 165.744890960351114, -21.666914950160372 ], [ 165.731840714813615, -21.674063153776711 ], [ 165.728292661602239, -21.673497859612837 ], [ 165.725584544735142, -21.676590954298291 ], [ 165.720237679657004, -21.678655889153053 ], [ 165.715673068064945, -21.669092578842019 ], [ 165.72306419537955, -21.667012039922547 ], [ 165.714459149284352, -21.653098291042724 ], [ 165.719027581036841, -21.648010879168037 ], [ 165.715657282534607, -21.646925123429014 ], [ 165.714017638242836, -21.641914369932241 ], [ 165.716839691944955, -21.640874058990427 ], [ 165.715682791764152, -21.638173487956081 ], [ 165.717334574269643, -21.634900457342212 ], [ 165.718734900793862, -21.636611577596959 ], [ 165.724086553318642, -21.633099031239592 ], [ 165.724316984363838, -21.636562139366713 ], [ 165.725363189381568, -21.634917806429517 ], [ 165.727474851198536, -21.635936814534944 ], [ 165.728864563678314, -21.634002452978251 ], [ 165.731062699181109, -21.634670497121277 ], [ 165.735475859358559, -21.630224004548037 ], [ 165.740082088307787, -21.629585560373986 ], [ 165.741229741505549, -21.626347831861111 ], [ 165.744254113111538, -21.625600213884624 ], [ 165.748355400471439, -21.621004305384201 ], [ 165.750922885520339, -21.621312731464908 ], [ 165.752564045396127, -21.618095822373988 ], [ 165.75613641170375, -21.619192017702336 ], [ 165.762234808154773, -21.61268141380766 ], [ 165.770357026826105, -21.609888863034971 ], [ 165.775342161521195, -21.601480306305277 ] ] ] } },
{ "type": "Feature", "properties": { "province": "Province Sud", "commune": "Île-des-Pins" }, "geometry": { "type": "MultiPolygon", "coordinates": [ [ [ [ 167.419332212363713, -22.639353184594047 ], [ 167.417240617626476, -22.638882877849465 ], [ 167.41880541254659, -22.635533206777172 ], [ 167.427212828288191, -22.633730427738477 ], [ 167.4290843, -22.6301048 ], [ 167.426479926521125, -22.625422575206798 ], [ 167.423350299999981, -22.6261984 ], [ 167.420831515750706, -22.624506902252268 ], [ 167.425329920927567, -22.620390102194641 ], [ 167.421947305841883, -22.612811097335445 ], [ 167.417131, -22.6126235 ], [ 167.420055316314347, -22.609967075575014 ], [ 167.4194354, -22.60672 ], [ 167.4151616, -22.606756699999977 ], [ 167.413169111818178, -22.604601686705237 ], [ 167.4225674, -22.598041399999985 ], [ 167.424801745609784, -22.592812346972728 ], [ 167.424643299999985, -22.5874328 ], [ 167.4192847, -22.5792239 ], [ 167.415684249640037, -22.564216756895807 ], [ 167.416494315961501, -22.556393443440765 ], [ 167.419620499999979, -22.5520119 ], [ 167.425392039601007, -22.548477225113583 ], [ 167.4290344, -22.548836199999961 ], [ 167.431031647755958, -22.546554139586252 ], [ 167.429788029143879, -22.537230805832348 ], [ 167.435642996734515, -22.538229736078964 ], [ 167.434657222799984, -22.541257738694558 ], [ 167.437449278234595, -22.540546096727823 ], [ 167.438432006442184, -22.543437109985447 ], [ 167.442296, -22.54468450000001 ], [ 167.444905675795638, -22.547958937725163 ], [ 167.446331000773256, -22.544078867996184 ], [ 167.443310133572794, -22.543653497830398 ], [ 167.445964899999979, -22.5435104 ], [ 167.4434453, -22.5383965 ], [ 167.444324077786888, -22.535094203780016 ], [ 167.4487426, -22.538728700000025 ], [ 167.466449801829071, -22.542557400956834 ], [ 167.473949709533429, -22.548416242084745 ], [ 167.479967794706852, -22.549970837749306 ], [ 167.483998599999978, -22.5544948 ], [ 167.486830799999979, -22.5550599 ], [ 167.4883351, -22.553589500000012 ], [ 167.489807583374613, -22.556882389486436 ], [ 167.49486, -22.559454199999973 ], [ 167.510513680612831, -22.557267342986052 ], [ 167.510954, -22.559633100000017 ], [ 167.5086139, -22.561986 ], [ 167.5107869, -22.563668100000033 ], [ 167.510565669395532, -22.568647849763231 ], [ 167.516382473531024, -22.573995471933905 ], [ 167.51819085546137, -22.581416011484926 ], [ 167.519948155846464, -22.581349931207992 ], [ 167.518246299999987, -22.580337699999987 ], [ 167.517416434750373, -22.577832026691102 ], [ 167.524856065068946, -22.577145696367207 ], [ 167.524245399999984, -22.580842 ], [ 167.524687251504616, -22.581344169045558 ], [ 167.525094635539205, -22.574760989516548 ], [ 167.527583352734212, -22.576224405592239 ], [ 167.5295789, -22.583511 ], [ 167.52502394899696, -22.581726826223679 ], [ 167.526783297686535, -22.583726283665353 ], [ 167.525323699068252, -22.583917094810396 ], [ 167.5299628, -22.5842145 ], [ 167.536669713493922, -22.590878614322037 ], [ 167.5442559, -22.593411699999951 ], [ 167.547127705933406, -22.596354638196232 ], [ 167.547086891332867, -22.601671549055006 ], [ 167.552120799999983, -22.60526 ], [ 167.557832866139819, -22.616383071080122 ], [ 167.555979883286369, -22.625531982244166 ], [ 167.558236199999982, -22.6305166 ], [ 167.555413954066609, -22.630995335316545 ], [ 167.549808, -22.6418302 ], [ 167.552361604077902, -22.642098911744291 ], [ 167.5529588, -22.646412 ], [ 167.550704676302473, -22.645051898212369 ], [ 167.5423042, -22.647722200000018 ], [ 167.541354944788083, -22.645987318454306 ], [ 167.546866626643862, -22.636522634162876 ], [ 167.546438199999983, -22.6342653 ], [ 167.543833051629576, -22.629517157644834 ], [ 167.536905189964784, -22.631427664529049 ], [ 167.536537797730801, -22.626776909509015 ], [ 167.539148446617816, -22.627241722128947 ], [ 167.53870268763518, -22.624699172987761 ], [ 167.532872595726701, -22.622765671716994 ], [ 167.529289232639371, -22.623496419438812 ], [ 167.5283313, -22.6195863 ], [ 167.533419243248744, -22.608253880953871 ], [ 167.5339167, -22.602457 ], [ 167.529728399999982, -22.5991666 ], [ 167.525513, -22.601885 ], [ 167.518383251200873, -22.613224195710046 ], [ 167.514851800000031, -22.634020100000011 ], [ 167.515821790776698, -22.637262041713644 ], [ 167.520784966931444, -22.637385598145656 ], [ 167.522137794873402, -22.639646295647243 ], [ 167.5209069, -22.642194099999987 ], [ 167.5232301, -22.644252699999985 ], [ 167.5229368, -22.6510969 ], [ 167.519652799999989, -22.6555271 ], [ 167.5082794, -22.65884220000002 ], [ 167.503422799999981, -22.66582559999998 ], [ 167.503878499999985, -22.670149 ], [ 167.4994869, -22.6705652 ], [ 167.493342605498611, -22.675068396803127 ], [ 167.481754192004274, -22.674638097591966 ], [ 167.4645126, -22.667944900000013 ], [ 167.453137699999985, -22.665725400000017 ], [ 167.45086685437488, -22.666053716117812 ], [ 167.4482482, -22.669740500000014 ], [ 167.446681832224328, -22.664490177656393 ], [ 167.448161, -22.663123900000027 ], [ 167.445932584263375, -22.661615353343148 ], [ 167.441794970649937, -22.662716351351499 ], [ 167.441769760202305, -22.668968861892239 ], [ 167.440489139240981, -22.669240373140752 ], [ 167.434577049897598, -22.663592554909403 ], [ 167.436105603287388, -22.661533500347051 ], [ 167.441960410450093, -22.661837229260762 ], [ 167.443366799999978, -22.6589368 ], [ 167.442371527228175, -22.654278137950136 ], [ 167.439730674777479, -22.652812062885907 ], [ 167.4356982, -22.654835 ], [ 167.4278511, -22.648329199999989 ], [ 167.424919099999983, -22.6489002 ], [ 167.4253192, -22.65085 ], [ 167.419782799999979, -22.652346 ], [ 167.421614926450559, -22.646625106787468 ], [ 167.421086115963959, -22.644887782226593 ], [ 167.418018322985347, -22.644593187029272 ], [ 167.4207456, -22.6423936 ], [ 167.419332212363713, -22.639353184594047 ] ], [ [ 167.524136541608669, -22.583840967337245 ], [ 167.520231291786729, -22.581518331949479 ], [ 167.520692131816702, -22.583620043805205 ], [ 167.524136541608669, -22.583840967337245 ] ] ], [ [ [ 167.505217546230853, -22.688442540971081 ], [ 167.511277219981736, -22.686062891954705 ], [ 167.512360290755055, -22.683450533517568 ], [ 167.516740699999986, -22.684031 ], [ 167.518294699999984, -22.6859175 ], [ 167.5319911, -22.687702199999965 ], [ 167.535276096778091, -22.682427135659328 ], [ 167.544769928781818, -22.679301038298888 ], [ 167.552325331815837, -22.674275321334605 ], [ 167.5482001, -22.665614100000049 ], [ 167.5450629, -22.664062600000022 ], [ 167.540062299387017, -22.665619474146226 ], [ 167.533530542722616, -22.670809861467625 ], [ 167.524693899999988, -22.673707900000011 ], [ 167.521763714499826, -22.684474666928224 ], [ 167.521407131278465, -22.678198214310711 ], [ 167.517834934360508, -22.677338920412961 ], [ 167.515330418704934, -22.672257900817993 ], [ 167.510465422815969, -22.668012692354459 ], [ 167.512271799999979, -22.666868599999987 ], [ 167.511671100600154, -22.664926226220143 ], [ 167.513169799999986, -22.664990700000011 ], [ 167.516560799999979, -22.666540799999979 ], [ 167.514611223457564, -22.666809570815374 ], [ 167.5150821, -22.6683756 ], [ 167.518443199999979, -22.669662599999985 ], [ 167.5159558, -22.6678089 ], [ 167.5189935, -22.664732300000018 ], [ 167.519799844461346, -22.657190080273509 ], [ 167.5244801, -22.652465 ], [ 167.528002900000018, -22.6428627 ], [ 167.531124692937794, -22.644039732768356 ], [ 167.5305124, -22.645933300000021 ], [ 167.5340229, -22.6496224 ], [ 167.540226164415287, -22.651428522653127 ], [ 167.542330199999981, -22.6540591 ], [ 167.545402771412824, -22.652820205568926 ], [ 167.549610299999983, -22.6550283 ], [ 167.5548375, -22.661066300000012 ], [ 167.5552448, -22.665362900000023 ], [ 167.557883870762566, -22.666963060372357 ], [ 167.557309999596384, -22.671104500551081 ], [ 167.550565594782825, -22.681575486655312 ], [ 167.548951099999982, -22.690758600000013 ], [ 167.5459832, -22.695075 ], [ 167.518900799999983, -22.691252499999987 ], [ 167.507747, -22.692125899999986 ], [ 167.505217546230853, -22.688442540971081 ] ] ], [ [ [ 167.551606161634794, -22.6558533211774 ], [ 167.553232251686694, -22.656151263148043 ], [ 167.551782491937303, -22.657321557956489 ], [ 167.551606161634794, -22.6558533211774 ] ] ], [ [ [ 167.534430499999985, -22.63729619999997 ], [ 167.537459300840084, -22.636333005735068 ], [ 167.538640895460901, -22.64055957672586 ], [ 167.536822275403011, -22.64202683862386 ], [ 167.5387852, -22.643558399999989 ], [ 167.537427004129341, -22.646437476834873 ], [ 167.533761076135193, -22.646423586859868 ], [ 167.534430499999985, -22.63729619999997 ] ] ], [ [ [ 167.514772922983269, -22.562138248703587 ], [ 167.5195841, -22.5619215 ], [ 167.518946174253244, -22.568203703533893 ], [ 167.5153661, -22.566364600000011 ], [ 167.514772922983269, -22.562138248703587 ] ] ], [ [ [ 167.512568540512518, -22.567517736273455 ], [ 167.5188488, -22.5692396 ], [ 167.515295899999984, -22.570933799999974 ], [ 167.512568540512518, -22.567517736273455 ] ] ], [ [ [ 167.512349178947602, -22.559901041889756 ], [ 167.514122266850251, -22.558840727257827 ], [ 167.514030233233797, -22.560776964793856 ], [ 167.512349178947602, -22.559901041889756 ] ] ], [ [ [ 167.4623412, -22.7044112 ], [ 167.467134499999986, -22.705215 ], [ 167.466790065625219, -22.707467060667383 ], [ 167.461040800188272, -22.711498699920593 ], [ 167.455281487305626, -22.711393967867487 ], [ 167.453924418628645, -22.70724873859098 ], [ 167.4623412, -22.7044112 ] ] ], [ [ [ 167.45705095357539, -22.672411581960262 ], [ 167.459835199999986, -22.6724466 ], [ 167.460283193228719, -22.67385278459686 ], [ 167.456791, -22.673795 ], [ 167.45705095357539, -22.672411581960262 ] ] ], [ [ [ 167.442404025986576, -22.540272434886329 ], [ 167.444579769188749, -22.542003301731004 ], [ 167.442625549934235, -22.54252059959741 ], [ 167.442404025986576, -22.540272434886329 ] ] ], [ [ [ 167.4401804, -22.5342803 ], [ 167.441857795949971, -22.53549874113698 ], [ 167.43932698599636, -22.538705072963282 ], [ 167.4401804, -22.5342803 ] ] ], [ [ [ 167.42910694733709, -22.527702805432863 ], [ 167.431476375586328, -22.527071272781029 ], [ 167.430761, -22.5313562 ], [ 167.42910694733709, -22.527702805432863 ] ] ], [ [ [ 167.425719149844582, -22.52652815899102 ], [ 167.428121399999981, -22.5272259 ], [ 167.427962799999989, -22.5320286 ], [ 167.425719149844582, -22.52652815899102 ] ] ], [ [ [ 167.424775035398454, -22.535886662815461 ], [ 167.426321272545408, -22.534627437304014 ], [ 167.4258079, -22.53720830000001 ], [ 167.424775035398454, -22.535886662815461 ] ] ], [ [ [ 167.420867104861912, -22.670700704607658 ], [ 167.42369427036121, -22.6690463268583 ], [ 167.4263947, -22.671579100000027 ], [ 167.423005256905867, -22.673143682255212 ], [ 167.420867104861912, -22.670700704607658 ] ] ], [ [ [ 167.419390099999987, -22.5238759 ], [ 167.423532376346344, -22.525870480331413 ], [ 167.41925894678073, -22.528961086908311 ], [ 167.419390099999987, -22.5238759 ] ] ], [ [ [ 167.416762150328537, -22.532841268134451 ], [ 167.418586388402218, -22.532050848145968 ], [ 167.421021562289809, -22.535416691216358 ], [ 167.416930396392786, -22.535121761523037 ], [ 167.416762150328537, -22.532841268134451 ] ] ], [ [ [ 167.416185893667659, -22.6166991250286 ], [ 167.4180404, -22.617040100000025 ], [ 167.417652899999979, -22.6187123 ], [ 167.416185893667659, -22.6166991250286 ] ] ], [ [ [ 167.412735046565132, -22.53154412985058 ], [ 167.416140578655245, -22.529383238058518 ], [ 167.415644483837866, -22.531485603817437 ], [ 167.412735046565132, -22.53154412985058 ] ] ], [ [ [ 167.409437115036411, -22.539687809928669 ], [ 167.412062068967344, -22.534803637458591 ], [ 167.41583, -22.534880200000035 ], [ 167.411923625062485, -22.539893864941774 ], [ 167.409437115036411, -22.539687809928669 ] ] ], [ [ [ 167.409745348953834, -22.620931453455373 ], [ 167.408790226594334, -22.616840758736693 ], [ 167.411598900506135, -22.614107011134557 ], [ 167.411384763600125, -22.617078390438621 ], [ 167.415878492982671, -22.618373974820575 ], [ 167.410043699999989, -22.6241582 ], [ 167.4081084, -22.623809400000017 ], [ 167.409745348953834, -22.620931453455373 ] ] ], [ [ [ 167.412330780853353, -22.638516298190272 ], [ 167.4156348, -22.640493 ], [ 167.414379727553808, -22.644336875435982 ], [ 167.413106300186143, -22.642339589100906 ], [ 167.4143033, -22.640622800000024 ], [ 167.412330780853353, -22.638516298190272 ] ] ], [ [ [ 167.412537844503078, -22.607455701495244 ], [ 167.413509399999981, -22.606452800000017 ], [ 167.4143206, -22.607614399999978 ], [ 167.412537844503078, -22.607455701495244 ] ] ], [ [ [ 167.411462327014164, -22.514853425460945 ], [ 167.413119099999989, -22.516188299999985 ], [ 167.4129251, -22.5187526 ], [ 167.411462327014164, -22.514853425460945 ] ] ], [ [ [ 167.393847606673233, -22.649732802379216 ], [ 167.39552411352912, -22.649014423986984 ], [ 167.397181499999988, -22.651076400000022 ], [ 167.393585500939764, -22.654090399438587 ], [ 167.393847606673233, -22.649732802379216 ] ] ] ] } },
{ "type": "Feature", "properties": { "province": "Province Sud", "commune": "Poya" }, "geometry": { "type": "MultiPolygon", "coordinates": [ [ [ [ 165.351383556184174, -21.362576733158051 ], [ 165.352606530927147, -21.364071207691627 ], [ 165.355667499999981, -21.362756699999984 ], [ 165.360324156140024, -21.365610213867306 ], [ 165.36078691596947, -21.368892432556972 ], [ 165.3633266, -21.370407799999988 ], [ 165.3639143, -21.37700730000001 ], [ 165.370652573026888, -21.383133127913535 ], [ 165.371774862533897, -21.390934504822507 ], [ 165.374117759073528, -21.39361692986493 ], [ 165.37476809878666, -21.399106190830132 ], [ 165.373018700000017, -21.4022583 ], [ 165.374484176442621, -21.411863422152134 ], [ 165.363924595836465, -21.417868457647337 ], [ 165.346238270201241, -21.412700121259935 ], [ 165.328010458481117, -21.417383430186227 ], [ 165.325451571122585, -21.4239727219719 ], [ 165.320891450307698, -21.427078848832686 ], [ 165.308244793388809, -21.44598733321352 ], [ 165.304626869436419, -21.447493660725058 ], [ 165.301375522721372, -21.456291798697407 ], [ 165.299154275257337, -21.456221028867425 ], [ 165.299157734077568, -21.454277262641881 ], [ 165.297067717443383, -21.45603187167946 ], [ 165.291120563175895, -21.456516833498561 ], [ 165.292414715010011, -21.459680654708531 ], [ 165.288050788250104, -21.46014336032577 ], [ 165.287779118842252, -21.463681346312352 ], [ 165.284663710421825, -21.462361563432236 ], [ 165.283613365966744, -21.466623958026105 ], [ 165.290452222923875, -21.47000153264867 ], [ 165.291615846313675, -21.472819848329664 ], [ 165.288840523892134, -21.478498031199646 ], [ 165.281277068275784, -21.479659935111322 ], [ 165.274915881325342, -21.478243234661484 ], [ 165.27155824281769, -21.484768670143826 ], [ 165.266516886702362, -21.487751220598792 ], [ 165.2661963775939, -21.489761364935703 ], [ 165.263408615784016, -21.489601690154824 ], [ 165.262307800929676, -21.491363250209591 ], [ 165.260037035452456, -21.489992022626616 ], [ 165.254563209549218, -21.493050290240021 ], [ 165.251732799489304, -21.491419361998279 ], [ 165.247634731636083, -21.494711783359378 ], [ 165.246863497622428, -21.492598435273241 ], [ 165.241798838838207, -21.490125516017109 ], [ 165.239781649452596, -21.490996343102683 ], [ 165.240584025025356, -21.492164539053238 ], [ 165.238741299999987, -21.491305900000011 ], [ 165.235681584376181, -21.493226692147616 ], [ 165.239748235732065, -21.490134082284111 ], [ 165.2375572, -21.4912384 ], [ 165.238097042386642, -21.489484911184363 ], [ 165.233597799999984, -21.4892508 ], [ 165.2323738, -21.49223 ], [ 165.2277719, -21.4935259 ], [ 165.223616273146064, -21.497685495325335 ], [ 165.225022270473715, -21.498263202975668 ], [ 165.224351119595184, -21.500182574510561 ], [ 165.216859081853187, -21.502485401320261 ], [ 165.213567899999987, -21.501227099999987 ], [ 165.2127923, -21.502537100000026 ], [ 165.2126807, -21.4950296 ], [ 165.2165412, -21.489514 ], [ 165.2200236, -21.489657200000025 ], [ 165.2194902, -21.488326799999989 ], [ 165.215496699999989, -21.487942399999987 ], [ 165.211594800647902, -21.49223448930999 ], [ 165.2063292, -21.4931974 ], [ 165.204697942602905, -21.490632472692504 ], [ 165.1999611, -21.489144899999975 ], [ 165.2006786, -21.48646830000002 ], [ 165.1982674, -21.4844882 ], [ 165.1890142, -21.4873156 ], [ 165.183399, -21.485005600000015 ], [ 165.181745300000017, -21.480550799999989 ], [ 165.183463700000033, -21.4782289 ], [ 165.1776788, -21.47845079999998 ], [ 165.1715628, -21.473743099999982 ], [ 165.171000835598676, -21.470440964325334 ], [ 165.169781364145251, -21.472360034956619 ], [ 165.1721015, -21.4777133 ], [ 165.16892101468963, -21.477171307467543 ], [ 165.165988308140442, -21.473908501025534 ], [ 165.165284880228683, -21.476514677618201 ], [ 165.163543635508802, -21.476265771023577 ], [ 165.159192147054313, -21.470952917476556 ], [ 165.163671133609, -21.471052229466959 ], [ 165.160845916590375, -21.470955490548068 ], [ 165.1610648, -21.4691416 ], [ 165.160147028243557, -21.4704505591768 ], [ 165.1584163, -21.468451299999959 ], [ 165.158864959331822, -21.471280156265266 ], [ 165.1526767, -21.46418449999998 ], [ 165.155473049455935, -21.46235910287448 ], [ 165.1522029, -21.46376039999998 ], [ 165.1478081, -21.460656300000029 ], [ 165.149507, -21.4571855 ], [ 165.1461208, -21.458226299999989 ], [ 165.1447273, -21.453734300000029 ], [ 165.145970299999988, -21.451058900000017 ], [ 165.143906, -21.451626599999976 ], [ 165.137000918223265, -21.444138717376561 ], [ 165.137514, -21.43752 ], [ 165.135545409994023, -21.436966499899242 ], [ 165.1376285, -21.4371764 ], [ 165.1372285, -21.4322622 ], [ 165.139085417686687, -21.430766415110142 ], [ 165.145279599999981, -21.4308866 ], [ 165.147287224932199, -21.427611903753178 ], [ 165.1453996, -21.428375399999982 ], [ 165.144485862989541, -21.426465573134191 ], [ 165.143257690149255, -21.429742383379729 ], [ 165.139298, -21.429057799999946 ], [ 165.137775531465394, -21.428360004290024 ], [ 165.138329439322717, -21.424112076892513 ], [ 165.136228754036011, -21.427823128913818 ], [ 165.1377091, -21.4283375 ], [ 165.1335919, -21.427813600000015 ], [ 165.137686422834065, -21.420262414626361 ], [ 165.129496036790584, -21.419921361462844 ], [ 165.1266182, -21.421861900000014 ], [ 165.1237385, -21.4189608 ], [ 165.123627498373054, -21.413970411046879 ], [ 165.126549720684864, -21.409618915652814 ], [ 165.1243129, -21.4045079 ], [ 165.122199533163723, -21.405795778631166 ], [ 165.119726223726985, -21.404436875892966 ], [ 165.111238807140069, -21.40469382086545 ], [ 165.111826247322597, -21.400487272841147 ], [ 165.118294599999984, -21.398886199999975 ], [ 165.124564737294946, -21.392129100325629 ], [ 165.123293100213061, -21.39264855319681 ], [ 165.123633899999987, -21.389625 ], [ 165.12678219999998, -21.389295200000021 ], [ 165.128198419139636, -21.386670829778986 ], [ 165.13345389317459, -21.389041033639128 ], [ 165.1364356, -21.3926762 ], [ 165.15214732530228, -21.384363578417233 ], [ 165.1480817, -21.3847869 ], [ 165.151731899999987, -21.379107900000012 ], [ 165.1485279, -21.378845200000022 ], [ 165.1472833, -21.380649 ], [ 165.144752911743154, -21.379557601962141 ], [ 165.145788128671683, -21.377452459457597 ], [ 165.143074213781432, -21.374664696258193 ], [ 165.145857220548521, -21.369179313140311 ], [ 165.1508575, -21.366028 ], [ 165.151311, -21.3613699 ], [ 165.15311939999998, -21.359877600000029 ], [ 165.1579566, -21.3591061 ], [ 165.1604092, -21.3604312 ], [ 165.167564199999987, -21.355805400000033 ], [ 165.1744268, -21.3560378 ], [ 165.177016, -21.3577476 ], [ 165.176630599999982, -21.35626929999998 ], [ 165.194741599999986, -21.350778599999966 ], [ 165.1967531, -21.353445800000042 ], [ 165.2019685, -21.3553733 ], [ 165.200236599999982, -21.3588003 ], [ 165.205568100000022, -21.36259780000001 ], [ 165.2104991, -21.361191 ], [ 165.2162485, -21.362716100000014 ], [ 165.2197602, -21.360088700000027 ], [ 165.2227145, -21.361808499999984 ], [ 165.2309367, -21.3618222 ], [ 165.236236900000023, -21.3646664 ], [ 165.236917799999986, -21.3673927 ], [ 165.2428424, -21.369037500000019 ], [ 165.2635522, -21.3693652 ], [ 165.2673101, -21.367627499999966 ], [ 165.276263199999988, -21.357583200000015 ], [ 165.2772411, -21.354110700000017 ], [ 165.285786699999989, -21.3505861 ], [ 165.2876707, -21.3454867 ], [ 165.2956284, -21.343386 ], [ 165.303882499999986, -21.3467184 ], [ 165.3073023, -21.351168 ], [ 165.3115128, -21.349154300000016 ], [ 165.3166584, -21.354301300000017 ], [ 165.323020099999979, -21.3558277 ], [ 165.326152899999983, -21.360854 ], [ 165.33295769999998, -21.3647903 ], [ 165.336865, -21.365894800000017 ], [ 165.3361927, -21.362594799999982 ], [ 165.342328899999984, -21.3610871 ], [ 165.351383556184174, -21.362576733158051 ] ], [ [ 165.219975295980987, -21.488861831456855 ], [ 165.221496145107267, -21.488496956530582 ], [ 165.221691199999981, -21.4857378 ], [ 165.219975295980987, -21.488861831456855 ] ] ], [ [ [ 165.169743383546518, -21.478915472729767 ], [ 165.167664280549133, -21.479289991357895 ], [ 165.165708401959705, -21.476537811723766 ], [ 165.169743383546518, -21.478915472729767 ] ] ] ] } },
{ "type": "Feature", "properties": { "province": "Province Sud", "commune": "Dumbéa" }, "geometry": { "type": "MultiPolygon", "coordinates": [ [ [ [ 166.406997378478621, -22.171512245279747 ], [ 166.4053992, -22.173930699999968 ], [ 166.397040222429752, -22.174126444370849 ], [ 166.392930294950531, -22.171444976317161 ], [ 166.389733026190953, -22.172287900492286 ], [ 166.389083339727932, -22.174328543732795 ], [ 166.387779807301456, -22.173285771318849 ], [ 166.392464428226759, -22.169400168615493 ], [ 166.392118453989951, -22.166886658299962 ], [ 166.396384733189365, -22.161058225441536 ], [ 166.396133331481138, -22.152220418674343 ], [ 166.39920908155139, -22.151808122956858 ], [ 166.400079154571443, -22.149681685102482 ], [ 166.402017499261518, -22.150451448393149 ], [ 166.406735122799603, -22.148510298645331 ], [ 166.415259297375087, -22.151936938104221 ], [ 166.417913338826622, -22.150563241566768 ], [ 166.416314349884374, -22.145209537550109 ], [ 166.422555347660335, -22.134849055480615 ], [ 166.418867643885079, -22.128350428325003 ], [ 166.422979030992309, -22.123716096013446 ], [ 166.414086479492312, -22.119906716118482 ], [ 166.412459440630641, -22.121948359309055 ], [ 166.4090734684751, -22.122387589749277 ], [ 166.400073017052591, -22.11589930204202 ], [ 166.410683312721915, -22.107303647479906 ], [ 166.409436443761564, -22.102979626127382 ], [ 166.413918111306515, -22.095553929537346 ], [ 166.412329578044904, -22.093956198206424 ], [ 166.414831740583139, -22.090526787903102 ], [ 166.414297489992379, -22.085444091201364 ], [ 166.420357135722298, -22.07249652880585 ], [ 166.422002673526919, -22.070423305420103 ], [ 166.427200483780354, -22.073610679738007 ], [ 166.436837166907054, -22.073675418064319 ], [ 166.440945904945863, -22.076499298341087 ], [ 166.449315235532197, -22.066424593541523 ], [ 166.446477659557388, -22.057422011322991 ], [ 166.451153830396095, -22.053644618203425 ], [ 166.451503396723695, -22.046825899951347 ], [ 166.459080385237769, -22.041653343183025 ], [ 166.466393128382379, -22.039679148072519 ], [ 166.469474568594194, -22.043777426499588 ], [ 166.475581498129259, -22.042104100229697 ], [ 166.482471842311213, -22.045470177265756 ], [ 166.497765897531366, -22.045919695616305 ], [ 166.503856236337612, -22.05039012837204 ], [ 166.506452537579747, -22.055889527223393 ], [ 166.512317939467096, -22.054352598654237 ], [ 166.525013794754472, -22.058275827001669 ], [ 166.527806360677005, -22.064637165518956 ], [ 166.534411864238848, -22.071145903966606 ], [ 166.545353198403745, -22.071123813504865 ], [ 166.554683275388641, -22.087113220036979 ], [ 166.563585060858486, -22.090540032440796 ], [ 166.574589207838557, -22.088518309824895 ], [ 166.586214601713522, -22.091050085521236 ], [ 166.593047006909075, -22.098093152791009 ], [ 166.593526176248218, -22.10082933094548 ], [ 166.603618113688185, -22.104201083289926 ], [ 166.605014440799238, -22.106583380721059 ], [ 166.60544878225349, -22.114217418589302 ], [ 166.603120823836605, -22.118736067317649 ], [ 166.605373827927025, -22.12886028416542 ], [ 166.604115999200701, -22.131141027702469 ], [ 166.606135573979941, -22.13562435849212 ], [ 166.59785225964086, -22.138151233815201 ], [ 166.592806157288607, -22.143495684614411 ], [ 166.596822967623297, -22.150807730304798 ], [ 166.59232724809749, -22.154062369706722 ], [ 166.5900169001861, -22.159699856514376 ], [ 166.582890472597967, -22.160113383716915 ], [ 166.576276701192313, -22.165879177393599 ], [ 166.573004861874807, -22.165573903176231 ], [ 166.565778619862158, -22.169188139486966 ], [ 166.563419722321015, -22.172739188897229 ], [ 166.559674859465218, -22.170892561974764 ], [ 166.55188666585758, -22.170594948196111 ], [ 166.541015709829765, -22.163349731997624 ], [ 166.526083965265883, -22.165212510054378 ], [ 166.51679450751331, -22.168510499680959 ], [ 166.513551072372053, -22.179591315729471 ], [ 166.514418101868586, -22.181279216952802 ], [ 166.507597383865573, -22.18431613174722 ], [ 166.502783395707013, -22.190154971725956 ], [ 166.498072740082875, -22.189683887702145 ], [ 166.495209755712352, -22.19207961120663 ], [ 166.488764426502115, -22.189304576615864 ], [ 166.486342799778924, -22.200974926696173 ], [ 166.479868833700834, -22.203371660305773 ], [ 166.484346029463438, -22.216726124483454 ], [ 166.479413378250655, -22.219264458484808 ], [ 166.476941052736095, -22.225840573286071 ], [ 166.468096707953606, -22.227603799869406 ], [ 166.459457823898845, -22.224202002981706 ], [ 166.461583898742418, -22.224289121348168 ], [ 166.461522536733412, -22.222228398405289 ], [ 166.463631517163066, -22.223882344353211 ], [ 166.464710199999985, -22.222576599999986 ], [ 166.467361693743896, -22.223641509418364 ], [ 166.468169003702826, -22.222586947566697 ], [ 166.464712099999986, -22.221114899999979 ], [ 166.468504000506726, -22.218862691121966 ], [ 166.467494781990496, -22.216619889700475 ], [ 166.461043949474458, -22.218207297379635 ], [ 166.4641258, -22.2174373 ], [ 166.463264810414358, -22.215468916452068 ], [ 166.46477, -22.214147099999984 ], [ 166.462198299999983, -22.215402099999988 ], [ 166.460410498253935, -22.212477403231077 ], [ 166.4599795, -22.214046199999984 ], [ 166.455766, -22.215041900000024 ], [ 166.45727071805041, -22.21069078443351 ], [ 166.4551961, -22.209564 ], [ 166.450660947962149, -22.212450868803 ], [ 166.4508018, -22.209567 ], [ 166.447295199999985, -22.206679699999981 ], [ 166.447095904040907, -22.211144341413142 ], [ 166.444577592951163, -22.211373254334696 ], [ 166.444801974311645, -22.20980644314697 ], [ 166.440585182064353, -22.207951119294922 ], [ 166.441484763871728, -22.211863722499245 ], [ 166.439279199999987, -22.212050799999965 ], [ 166.421911397449151, -22.200156995166019 ], [ 166.432062875429892, -22.200600027243048 ], [ 166.437729, -22.206150899999969 ], [ 166.436910132402829, -22.202836773603227 ], [ 166.4408894, -22.203558800000014 ], [ 166.438788837760541, -22.20103759955072 ], [ 166.442369497307595, -22.197574758842993 ], [ 166.436241058687727, -22.199527107607029 ], [ 166.435826600000013, -22.195763900000014 ], [ 166.4291576, -22.1963621 ], [ 166.42321560000002, -22.1937807 ], [ 166.4262718, -22.1906093 ], [ 166.4285525, -22.194718499999986 ], [ 166.432807911814308, -22.192065143404875 ], [ 166.439432899999986, -22.19368 ], [ 166.4420529, -22.192520200000015 ], [ 166.431497819199421, -22.182990828815104 ], [ 166.425791390167547, -22.181815225139644 ], [ 166.4263848, -22.1777763 ], [ 166.4310242, -22.1816867 ], [ 166.433996600000029, -22.1809348 ], [ 166.433037803838005, -22.177846509351138 ], [ 166.434240243453104, -22.179323512986361 ], [ 166.435858825653156, -22.17855838607711 ], [ 166.437433307945469, -22.182210272008909 ], [ 166.4438487, -22.181855399999989 ], [ 166.447076077727814, -22.179592329493914 ], [ 166.450651988208477, -22.180921027217039 ], [ 166.450036085728243, -22.177719837185432 ], [ 166.447264624644049, -22.177966677365852 ], [ 166.448802847527901, -22.176675208017954 ], [ 166.438494699999978, -22.1762087 ], [ 166.443296, -22.175842600000024 ], [ 166.4451518, -22.1741021 ], [ 166.446806, -22.1685122 ], [ 166.4448811, -22.1717846 ], [ 166.4462684, -22.1608935 ], [ 166.4499607, -22.160028500000013 ], [ 166.452936, -22.161334499999985 ], [ 166.44977369999998, -22.1586012 ], [ 166.4451295, -22.1591752 ], [ 166.444680799999986, -22.158028899999977 ], [ 166.448252755256533, -22.156134856459463 ], [ 166.4443465, -22.157560299999989 ], [ 166.4448664, -22.1598528 ], [ 166.4492109, -22.159753699999989 ], [ 166.4440985, -22.159964 ], [ 166.443365699999987, -22.155874899999986 ], [ 166.4423722, -22.158793300000017 ], [ 166.4451808, -22.1618704 ], [ 166.442746052135107, -22.173300118658247 ], [ 166.441054043082374, -22.173390723016549 ], [ 166.442073076015788, -22.172210666619513 ], [ 166.437854625412598, -22.172477160281048 ], [ 166.440927, -22.1703133 ], [ 166.439673199999987, -22.1673139 ], [ 166.434843299999983, -22.167374 ], [ 166.429812538002011, -22.161926027039396 ], [ 166.426682010276352, -22.162483285894556 ], [ 166.426101909223775, -22.165727794578611 ], [ 166.420247500000016, -22.1707651 ], [ 166.421396499999986, -22.1732632 ], [ 166.4198116, -22.1733554 ], [ 166.4199073, -22.1756341 ], [ 166.418722699999989, -22.173243799999963 ], [ 166.4165917, -22.173306500000013 ], [ 166.4151679, -22.177563200000023 ], [ 166.416413399999982, -22.1817543 ], [ 166.4136638, -22.1838073 ], [ 166.4133176, -22.1795451 ], [ 166.409156604124462, -22.176776876748907 ], [ 166.406997378478621, -22.171512245279747 ] ], [ [ 166.450237865655566, -22.15508218907577 ], [ 166.4544578931567, -22.152844256657573 ], [ 166.4531802, -22.152894600000018 ], [ 166.4527009, -22.1517324 ], [ 166.450237865655566, -22.15508218907577 ] ], [ [ 166.460273960536369, -22.152614970065983 ], [ 166.463220899999982, -22.152702700000017 ], [ 166.4652663, -22.1484801 ], [ 166.4622962, -22.1525352 ], [ 166.460273960536369, -22.152614970065983 ] ] ], [ [ [ 166.442730778748398, -22.173371812376168 ], [ 166.4423295, -22.1752554 ], [ 166.440429473786196, -22.174204303058751 ], [ 166.442730778748398, -22.173371812376168 ] ] ], [ [ [ 166.43196665007244, -22.174759340854706 ], [ 166.435186499999986, -22.172167199999965 ], [ 166.431938, -22.1670899 ], [ 166.437580560472469, -22.171711426352051 ], [ 166.4349569, -22.174129900000011 ], [ 166.43196665007244, -22.174759340854706 ] ] ], [ [ [ 166.425919247905853, -22.175591648505119 ], [ 166.4248675, -22.1763476 ], [ 166.421493, -22.173317099999984 ], [ 166.425919247905853, -22.175591648505119 ] ] ], [ [ [ 166.401810499999982, -22.21289650000001 ], [ 166.4052576, -22.21010519999998 ], [ 166.409154199999989, -22.2172735 ], [ 166.40486501965961, -22.216624665086663 ], [ 166.402186248224012, -22.218172390499912 ], [ 166.395879018891662, -22.211717687173984 ], [ 166.401810499999982, -22.21289650000001 ] ] ], [ [ [ 166.397511748226862, -22.176737833210744 ], [ 166.399062098087825, -22.179817553715093 ], [ 166.396788, -22.1779763 ], [ 166.397511748226862, -22.176737833210744 ] ] ] ] } },
{ "type": "Feature", "properties": { "province": "Province Sud", "commune": "Bourail" }, "geometry": { "type": "MultiPolygon", "coordinates": [ [ [ [ 165.268452780131952, -21.553961442899599 ], [ 165.264871206100793, -21.549427999729861 ], [ 165.261874400000011, -21.549697700000014 ], [ 165.262851811522211, -21.546058019116305 ], [ 165.260749310726226, -21.537986500893851 ], [ 165.262355617792139, -21.536527811728035 ], [ 165.260410899999982, -21.537722399999989 ], [ 165.2592707, -21.53367 ], [ 165.2619129, -21.530006 ], [ 165.261766027772182, -21.52618800877827 ], [ 165.2626852, -21.528110499999968 ], [ 165.264463171012466, -21.526312348805725 ], [ 165.2628374, -21.5312999 ], [ 165.268105099999985, -21.530748 ], [ 165.283532440161139, -21.521191622393143 ], [ 165.284014499999984, -21.518016899999974 ], [ 165.277715937491479, -21.518408519162314 ], [ 165.280108626329593, -21.5166667608583 ], [ 165.2747038, -21.512270300000019 ], [ 165.269441799999981, -21.515090199999982 ], [ 165.2656068, -21.5145624 ], [ 165.26329, -21.5168601 ], [ 165.262211422578872, -21.513894695728681 ], [ 165.265555899999981, -21.508981200000012 ], [ 165.256388099999981, -21.507191399999986 ], [ 165.255113273283683, -21.50955480320237 ], [ 165.2490975, -21.5087556 ], [ 165.25160149591207, -21.512118701544946 ], [ 165.2505947, -21.513638100000041 ], [ 165.240151775274541, -21.511184564522569 ], [ 165.232335990153985, -21.514989188131288 ], [ 165.233257899999984, -21.50935830000002 ], [ 165.2331428, -21.5124106 ], [ 165.234065099999981, -21.511523700000026 ], [ 165.233707899999985, -21.508114800000012 ], [ 165.231968199999983, -21.508329399999987 ], [ 165.2333935, -21.5060595 ], [ 165.231065299999983, -21.501576 ], [ 165.231953299999986, -21.4984377 ], [ 165.2371493, -21.4962879 ], [ 165.237016693881799, -21.493125841225602 ], [ 165.2422311, -21.49388470000001 ], [ 165.239246107761943, -21.491764691522874 ], [ 165.241734397729033, -21.490119317091267 ], [ 165.246863497622428, -21.492598435273241 ], [ 165.247634731636083, -21.494711783359378 ], [ 165.251732799489304, -21.491419361998279 ], [ 165.254563209549218, -21.493050290240021 ], [ 165.260037035452456, -21.489992022626616 ], [ 165.262307800929676, -21.491363250209591 ], [ 165.263408615784016, -21.489601690154824 ], [ 165.266112039737322, -21.489808315975377 ], [ 165.266516886702362, -21.487751220598792 ], [ 165.27155824281769, -21.484768670143826 ], [ 165.274915881325342, -21.478243234661484 ], [ 165.281277068275784, -21.479659935111322 ], [ 165.288960159522162, -21.478404778025951 ], [ 165.291615846313675, -21.472819848329664 ], [ 165.290452222923875, -21.47000153264867 ], [ 165.283613365966744, -21.466623958026105 ], [ 165.284663710421825, -21.462361563432236 ], [ 165.287779118842252, -21.463681346312352 ], [ 165.288050788250104, -21.46014336032577 ], [ 165.292414715010011, -21.459680654708531 ], [ 165.291120563175895, -21.456516833498561 ], [ 165.297067717443383, -21.45603187167946 ], [ 165.299157734077568, -21.454277262641881 ], [ 165.299154275257337, -21.456221028867425 ], [ 165.301375522721372, -21.456291798697407 ], [ 165.304626869436419, -21.447493660725058 ], [ 165.308244793388809, -21.44598733321352 ], [ 165.320891450307698, -21.427078848832686 ], [ 165.325451571122585, -21.4239727219719 ], [ 165.327719225412125, -21.417574601717462 ], [ 165.341588573883229, -21.412912151277855 ], [ 165.346238270201241, -21.412700121259935 ], [ 165.363678079140698, -21.417886992515179 ], [ 165.374512034740093, -21.411793512214111 ], [ 165.378224890089399, -21.412797297746827 ], [ 165.383591621416002, -21.418132137512973 ], [ 165.390557972095536, -21.419603010284121 ], [ 165.397166472896885, -21.418802297103724 ], [ 165.400679155597714, -21.421837007529376 ], [ 165.414956727568324, -21.427005128449732 ], [ 165.4173652, -21.434301600000019 ], [ 165.424978761508612, -21.436797723416994 ], [ 165.42751888236873, -21.441186108642114 ], [ 165.435337827471841, -21.444232034494572 ], [ 165.442659444742645, -21.431739834431578 ], [ 165.450546200000019, -21.43295250000001 ], [ 165.456344799999982, -21.4305797 ], [ 165.458461199999988, -21.426822099999988 ], [ 165.465806923665298, -21.423964747279616 ], [ 165.466699142409198, -21.419510314436426 ], [ 165.470562941162655, -21.417937921173632 ], [ 165.470921835013513, -21.415187179240704 ], [ 165.480012700000032, -21.4066634 ], [ 165.486884899999978, -21.412540600000035 ], [ 165.491046399999988, -21.4101611 ], [ 165.500063473343147, -21.412931502920806 ], [ 165.5044686, -21.422679 ], [ 165.510329400000018, -21.425764300000026 ], [ 165.513565667476371, -21.430219527085534 ], [ 165.521859899999981, -21.4281923 ], [ 165.522861307534924, -21.423372828959216 ], [ 165.5263076, -21.420974899999969 ], [ 165.53302269923509, -21.421680006637686 ], [ 165.5342038, -21.4195154 ], [ 165.540216766800881, -21.420359912716133 ], [ 165.540234454891817, -21.421806926786889 ], [ 165.5440519, -21.424062499999977 ], [ 165.54561310310001, -21.423041821459726 ], [ 165.5490595, -21.426868 ], [ 165.55648069999998, -21.428163800000018 ], [ 165.557472, -21.4306268 ], [ 165.556038199999989, -21.432546699999985 ], [ 165.56125546903408, -21.433334509775232 ], [ 165.559902099999988, -21.4380542 ], [ 165.562120541199533, -21.444162046622317 ], [ 165.565871811828771, -21.441543422028829 ], [ 165.571022480650242, -21.443228848900205 ], [ 165.573329756294953, -21.446800973595888 ], [ 165.572922489794678, -21.450647771342826 ], [ 165.567611555775244, -21.454646061584974 ], [ 165.56658977267162, -21.458458997346671 ], [ 165.564321257857955, -21.457786792810008 ], [ 165.562828510651656, -21.461229970809438 ], [ 165.565807398649355, -21.467113802782631 ], [ 165.568908171455547, -21.467247029074581 ], [ 165.571471568993076, -21.472332537787821 ], [ 165.575517581562593, -21.471159640247748 ], [ 165.582718799999981, -21.47451779999998 ], [ 165.58744919999998, -21.47371470000002 ], [ 165.591159687196864, -21.470287438181725 ], [ 165.598777781581873, -21.471877532367255 ], [ 165.5982381, -21.474305099999949 ], [ 165.600497700000034, -21.4770015 ], [ 165.612134936438054, -21.482385942753083 ], [ 165.619387996957215, -21.488371700810198 ], [ 165.622895984153217, -21.493221899810706 ], [ 165.622753677674524, -21.497663707087568 ], [ 165.627096166476775, -21.499905826153242 ], [ 165.622412478363373, -21.506061949535699 ], [ 165.616978685503653, -21.508738155419724 ], [ 165.623989190908276, -21.523167169302766 ], [ 165.63130699561674, -21.529402402789341 ], [ 165.634207034544943, -21.535069739146255 ], [ 165.632850432944906, -21.538232101962734 ], [ 165.634908902724732, -21.546039420707409 ], [ 165.633423125011689, -21.547706660636521 ], [ 165.63721349097176, -21.551831584869028 ], [ 165.644282183129576, -21.569380350339792 ], [ 165.642240188825582, -21.573035609298071 ], [ 165.644279932296854, -21.578882680867856 ], [ 165.642693112116234, -21.589495825044541 ], [ 165.649524799267425, -21.597375788556548 ], [ 165.648659968514551, -21.610142334383863 ], [ 165.650234630018161, -21.612319647071686 ], [ 165.645406335829534, -21.618625110366953 ], [ 165.6370688560188, -21.617706273719023 ], [ 165.628823268808077, -21.622629522785402 ], [ 165.620485339574174, -21.624003098733542 ], [ 165.619068413042157, -21.626344277054613 ], [ 165.616017313192629, -21.626294274726401 ], [ 165.614079122796539, -21.628358194540848 ], [ 165.60353068845356, -21.627473183302794 ], [ 165.600873592549561, -21.623821970158676 ], [ 165.593544460580603, -21.623953952018031 ], [ 165.591336553072011, -21.622460913989467 ], [ 165.585072986118632, -21.62787226092496 ], [ 165.582306025250261, -21.628234701803187 ], [ 165.58541073748151, -21.647041192793218 ], [ 165.589886034459425, -21.651628899267461 ], [ 165.590011439759508, -21.655797983169339 ], [ 165.587601191986522, -21.657067557757404 ], [ 165.592442303039633, -21.667449405188929 ], [ 165.588507283503361, -21.671907457062538 ], [ 165.580142915143085, -21.675109176857202 ], [ 165.578226999618522, -21.677533814261448 ], [ 165.573621932062451, -21.67704774599413 ], [ 165.573124510472582, -21.680451182126454 ], [ 165.566146866524718, -21.678594226390938 ], [ 165.556759135057831, -21.679993584423016 ], [ 165.552020558889012, -21.683786780380235 ], [ 165.550728368693967, -21.688356076175754 ], [ 165.541614152732535, -21.69290772123712 ], [ 165.5358182, -21.693615600000037 ], [ 165.530456228406905, -21.688712416886695 ], [ 165.532073132209632, -21.685873732076494 ], [ 165.529641408219106, -21.688084051653099 ], [ 165.524645900000024, -21.683714599999988 ], [ 165.524604229452706, -21.681547659756266 ], [ 165.524293009752967, -21.684110089906845 ], [ 165.521639, -21.6851047 ], [ 165.523315, -21.682937 ], [ 165.5219313, -21.683298499999985 ], [ 165.5193214, -21.686268 ], [ 165.5024694, -21.675117200000027 ], [ 165.497007015461236, -21.677082467972962 ], [ 165.503077526973669, -21.674775256931241 ], [ 165.496925897085561, -21.676844993946919 ], [ 165.5024996, -21.674694899999984 ], [ 165.4968446, -21.6728058 ], [ 165.490708499999982, -21.6629576 ], [ 165.485215, -21.6624745 ], [ 165.478725163657202, -21.654457663983884 ], [ 165.471431699999982, -21.649991400000015 ], [ 165.469929542073032, -21.650557404058979 ], [ 165.469830281380126, -21.648660334382971 ], [ 165.47289590776586, -21.648352368795681 ], [ 165.469212113062611, -21.648670290518524 ], [ 165.4676321, -21.643872899999977 ], [ 165.473423699999984, -21.639827 ], [ 165.4786312, -21.6402952 ], [ 165.480467169885287, -21.643265238470544 ], [ 165.483677244659646, -21.643576412048152 ], [ 165.485008500000021, -21.64239820000002 ], [ 165.482354687752974, -21.64242117863731 ], [ 165.482595805890639, -21.641091002963517 ], [ 165.4883772, -21.6371369 ], [ 165.492744343011253, -21.637023824429882 ], [ 165.498548, -21.6409726 ], [ 165.5040946, -21.639111199999981 ], [ 165.503437381288308, -21.642312598614975 ], [ 165.506994599999985, -21.6412333 ], [ 165.508925226853933, -21.645074426785531 ], [ 165.510615699999988, -21.6430229 ], [ 165.509283240860924, -21.639917810182055 ], [ 165.5113452, -21.639676300000019 ], [ 165.512187, -21.636913900000025 ], [ 165.50872773145926, -21.635807845989511 ], [ 165.512285950818267, -21.636839312574963 ], [ 165.512423543420056, -21.637519165178663 ], [ 165.5125243, -21.6366893 ], [ 165.5064212, -21.6332599 ], [ 165.506014099999987, -21.630719900000024 ], [ 165.500656806712612, -21.628682073824592 ], [ 165.495889754394199, -21.629418954394186 ], [ 165.495601599999986, -21.627367099999979 ], [ 165.49099511698455, -21.626973588834915 ], [ 165.4877904, -21.623284299999987 ], [ 165.484687961114957, -21.626528351587886 ], [ 165.4830136, -21.622878799999985 ], [ 165.481342800000021, -21.628031 ], [ 165.47721696376351, -21.628382958347157 ], [ 165.470931583985816, -21.632500959733473 ], [ 165.46729911663752, -21.631296126062907 ], [ 165.468982442299762, -21.632268464633601 ], [ 165.460014832346332, -21.631783708344905 ], [ 165.458714880042123, -21.623959125799235 ], [ 165.472018185151171, -21.621218618589648 ], [ 165.474524134960603, -21.617291124529181 ], [ 165.476714099999981, -21.6179459 ], [ 165.477179299999989, -21.6141866 ], [ 165.475595690720894, -21.612779966118168 ], [ 165.476790099999988, -21.6158253 ], [ 165.475040911454556, -21.616449170364817 ], [ 165.474629709910232, -21.610130760715361 ], [ 165.477357399999988, -21.6074853 ], [ 165.475249, -21.608941900000012 ], [ 165.476091308519187, -21.607078350587049 ], [ 165.478804085001116, -21.607306149984332 ], [ 165.476017899999988, -21.606912800000011 ], [ 165.479576930659334, -21.60566732132969 ], [ 165.477741634617701, -21.605688028984304 ], [ 165.478940902683092, -21.604107150370474 ], [ 165.4825483, -21.603171900000014 ], [ 165.479647646821007, -21.603192800888412 ], [ 165.4831705, -21.60170159999997 ], [ 165.486847635502812, -21.604080995397261 ], [ 165.483432199999982, -21.601528900000012 ], [ 165.48836559999998, -21.6032969 ], [ 165.4920377, -21.600714 ], [ 165.4813618, -21.600908 ], [ 165.474956073345879, -21.602984685392826 ], [ 165.4737022, -21.6053715 ], [ 165.463118542781899, -21.603691775001817 ], [ 165.457735899999989, -21.605112799999969 ], [ 165.459349351043414, -21.607601810496774 ], [ 165.462143699999984, -21.6063813 ], [ 165.462457962281036, -21.608601641332342 ], [ 165.469028899999984, -21.611677400000037 ], [ 165.4705725, -21.618648399999969 ], [ 165.4646579, -21.620965 ], [ 165.4636236, -21.613453299999986 ], [ 165.457681253461885, -21.606503056659605 ], [ 165.456761347958093, -21.60876778933758 ], [ 165.450906219603013, -21.605006971832495 ], [ 165.447805482753012, -21.606686256561503 ], [ 165.443505400117488, -21.602952893617704 ], [ 165.436330294655761, -21.606755772060623 ], [ 165.434989751357705, -21.606380148186695 ], [ 165.433431361276291, -21.611360209144486 ], [ 165.434354700000029, -21.6101869 ], [ 165.436331560598319, -21.616592235975435 ], [ 165.425907918571937, -21.619715301365606 ], [ 165.38292243978924, -21.609274313055206 ], [ 165.374302942005556, -21.604275405220196 ], [ 165.368013291333767, -21.603024576641342 ], [ 165.360475486235771, -21.598092756676209 ], [ 165.341667912596108, -21.593370786396385 ], [ 165.338413878797979, -21.590201152179546 ], [ 165.3428825, -21.592287199999962 ], [ 165.345403889297216, -21.590804076393471 ], [ 165.341947799999986, -21.5916783 ], [ 165.337218799999988, -21.5877022 ], [ 165.335890282053469, -21.587348306491396 ], [ 165.338477103625024, -21.589899687978068 ], [ 165.286648800000023, -21.57314449999997 ], [ 165.26718719219528, -21.556812287464069 ], [ 165.2667442, -21.553803399999975 ], [ 165.268452780131952, -21.553961442899599 ] ], [ [ 165.269274191827691, -21.554037416773934 ], [ 165.2713598, -21.5542303 ], [ 165.271219308004476, -21.55365355994703 ], [ 165.269274191827691, -21.554037416773934 ] ], [ [ 165.270797638962478, -21.551922518971057 ], [ 165.270740126484441, -21.551686414743912 ], [ 165.273886541711903, -21.554212235998705 ], [ 165.272689049949349, -21.552612679024676 ], [ 165.270634799999982, -21.5515868 ], [ 165.270797638962478, -21.551922518971057 ] ], [ [ 165.375351188059454, -21.604483845760296 ], [ 165.384841583271339, -21.607935342795511 ], [ 165.377149471191046, -21.605000060372877 ], [ 165.378366607103175, -21.603195399910756 ], [ 165.380540815573596, -21.604586810989172 ], [ 165.378282, -21.6027982 ], [ 165.376712131497214, -21.60475445452067 ], [ 165.375351188059454, -21.604483845760296 ] ], [ [ 165.512538320601834, -21.638086280556603 ], [ 165.51358398933391, -21.643252733096677 ], [ 165.515694329880034, -21.641466196234287 ], [ 165.5131666, -21.639207299999978 ], [ 165.515168339708197, -21.638219024388846 ], [ 165.512943899999982, -21.638886299999989 ], [ 165.512782273134832, -21.637070679966005 ], [ 165.512538320601834, -21.638086280556603 ] ], [ [ 165.466782722912598, -21.6309978357903 ], [ 165.469579705523273, -21.629472748818831 ], [ 165.466910397315161, -21.627635695305091 ], [ 165.466292113344821, -21.630714436889807 ], [ 165.466782722912598, -21.6309978357903 ] ] ], [ [ [ 165.4567159, -21.6585017 ], [ 165.458674, -21.6571174 ], [ 165.46163385750944, -21.659291586976547 ], [ 165.4567159, -21.6585017 ] ] ] ] } },
{ "type": "Feature", "properties": { "province": "Province Sud", "commune": "Kouaoua" }, "geometry": { "type": "MultiPolygon", "coordinates": [ ] } },
{ "type": "Feature", "properties": { "province": "Province Sud", "commune": "Houaïlou" }, "geometry": { "type": "MultiPolygon", "coordinates": [ ] } },
{ "type": "Feature", "properties": { "province": "Province Sud", "commune": "Boulouparis" }, "geometry": { "type": "MultiPolygon", "coordinates": [ [ [ [ 165.875474316434179, -21.851143659524837 ], [ 165.87923880425285, -21.850580331306372 ], [ 165.881092781327538, -21.844980404311727 ], [ 165.886745046485146, -21.840272298343795 ], [ 165.896367792479765, -21.826587121924501 ], [ 165.902061957277056, -21.829047668528233 ], [ 165.912096169386643, -21.822427651332823 ], [ 165.916265145907374, -21.81244488982971 ], [ 165.922325116781337, -21.806305123053775 ], [ 165.91592862983444, -21.801762401777392 ], [ 165.914895742865497, -21.798166339218184 ], [ 165.923520598121883, -21.791125114610026 ], [ 165.923124050690745, -21.785691216065413 ], [ 165.926165655747127, -21.78108156191362 ], [ 165.933985469259881, -21.782817550798548 ], [ 165.94021565490624, -21.779799272034978 ], [ 165.948803186610121, -21.77877931290065 ], [ 165.955517529228757, -21.770919534185975 ], [ 165.964194943597079, -21.766220858551627 ], [ 165.962837163893397, -21.763634103959518 ], [ 165.963780506345302, -21.756951365050547 ], [ 165.954389583521873, -21.742344998191921 ], [ 165.955322692337148, -21.736621463580601 ], [ 165.959476810625659, -21.734998727091067 ], [ 165.967934637774931, -21.724576748892851 ], [ 165.97739794733306, -21.722088050239034 ], [ 165.976241516338462, -21.71869023767632 ], [ 165.987728635695674, -21.717368276693087 ], [ 165.996336481753417, -21.702809642151429 ], [ 165.995537219680614, -21.698029797299661 ], [ 165.999263034237941, -21.690475711402858 ], [ 166.014351277968814, -21.686222351663012 ], [ 166.014912690729403, -21.689872077054787 ], [ 166.018756915500944, -21.692623062045662 ], [ 166.020714445279111, -21.698121599383136 ], [ 166.019355470361177, -21.707672644875036 ], [ 166.02447415081707, -21.708446309018971 ], [ 166.030183571000862, -21.706221023883668 ], [ 166.034884043021094, -21.711732155360906 ], [ 166.046875691724694, -21.714805906231973 ], [ 166.051028216257293, -21.720759576938963 ], [ 166.05543555202874, -21.720872381551143 ], [ 166.060304948648479, -21.714360960760029 ], [ 166.064321060183119, -21.714885931966794 ], [ 166.068207998897492, -21.708592253281314 ], [ 166.076338710077835, -21.712520028579018 ], [ 166.090461805832661, -21.705234729394423 ], [ 166.090735482400419, -21.710500007227939 ], [ 166.086303655769512, -21.710681013875828 ], [ 166.079630993351202, -21.731225424945055 ], [ 166.086560515890454, -21.736317815673218 ], [ 166.090578877815631, -21.747084727875368 ], [ 166.082305934472998, -21.747801007360533 ], [ 166.083043035948833, -21.750409318298324 ], [ 166.079938855826299, -21.756788967713021 ], [ 166.078182654549551, -21.753964564189843 ], [ 166.074348658945638, -21.759188904300355 ], [ 166.068229331684563, -21.760671941500231 ], [ 166.065376116054949, -21.769547614921471 ], [ 166.067680326710132, -21.770726004731671 ], [ 166.067795754509916, -21.774053287805007 ], [ 166.062121340435368, -21.777520942929776 ], [ 166.061957007019743, -21.782640020211261 ], [ 166.066071475862174, -21.782564068680291 ], [ 166.069391976153213, -21.784924837103478 ], [ 166.07901077446661, -21.784046996656954 ], [ 166.08495852943679, -21.788168731473981 ], [ 166.087094621946449, -21.794758572741578 ], [ 166.090574806906744, -21.796903618289537 ], [ 166.103937906831646, -21.795929582669299 ], [ 166.10829824067676, -21.79906543196552 ], [ 166.112788731856114, -21.798897344312575 ], [ 166.114727728710363, -21.795916827809211 ], [ 166.118714145622874, -21.796692785281621 ], [ 166.135130686918501, -21.793590091146104 ], [ 166.144501840945821, -21.798644746782397 ], [ 166.146692717524161, -21.794311783137953 ], [ 166.157565959589419, -21.787755838195636 ], [ 166.160309632635375, -21.782841909549251 ], [ 166.166238162361736, -21.782365203883867 ], [ 166.1709578506279, -21.779190735741324 ], [ 166.175679823385195, -21.770619829362111 ], [ 166.171097347945761, -21.760393066727961 ], [ 166.246678575420646, -21.805355937872935 ], [ 166.25310223237409, -21.807499435832245 ], [ 166.258998559267013, -21.81799990779616 ], [ 166.266801090681213, -21.824748437668962 ], [ 166.281368199980591, -21.823987102028926 ], [ 166.290689172700411, -21.82818467005994 ], [ 166.297531197359746, -21.82913199524431 ], [ 166.303521877483689, -21.827819115115005 ], [ 166.312809664861618, -21.839216392663346 ], [ 166.320207946369749, -21.840550260672668 ], [ 166.328837961377388, -21.847804187715653 ], [ 166.328900284703167, -21.850814817969823 ], [ 166.336599087034472, -21.858434370801032 ], [ 166.344179175472959, -21.855917842702144 ], [ 166.351820056537122, -21.855703631481411 ], [ 166.361430236560921, -21.851284845188943 ], [ 166.36569887399375, -21.850684084863349 ], [ 166.371718496485727, -21.852964818929387 ], [ 166.374545545950042, -21.859184099322569 ], [ 166.382508727650645, -21.862772139631595 ], [ 166.380898199158082, -21.865828905601919 ], [ 166.381732482657981, -21.869104214549914 ], [ 166.39152085640734, -21.877241634416563 ], [ 166.39634979788633, -21.878400983243242 ], [ 166.399035719192312, -21.883231649633228 ], [ 166.390649817983046, -21.894706515197324 ], [ 166.391037528870839, -21.898154529210277 ], [ 166.389253927076226, -21.900520090120871 ], [ 166.375706586754632, -21.88732512171018 ], [ 166.363189641465368, -21.888058400190388 ], [ 166.360701009835509, -21.889529189097967 ], [ 166.349316897295722, -21.886656528532207 ], [ 166.340922689838067, -21.88763534290981 ], [ 166.335445726959193, -21.892080912681195 ], [ 166.336332976431322, -21.896153847759525 ], [ 166.329602943977676, -21.903813394402363 ], [ 166.333886786517581, -21.90707848460907 ], [ 166.331772806304258, -21.912643295624438 ], [ 166.335753462799858, -21.918813562366591 ], [ 166.32828445033519, -21.922570533543119 ], [ 166.325654529044698, -21.926800053327391 ], [ 166.316955778214151, -21.92791334897716 ], [ 166.315473766199716, -21.930991635096831 ], [ 166.299610546798675, -21.938844760209165 ], [ 166.297223970061708, -21.942367256860354 ], [ 166.294386482697917, -21.942587863881954 ], [ 166.286869426940967, -21.937554610274656 ], [ 166.285655794542663, -21.940174638890181 ], [ 166.291530184383333, -21.947448531528664 ], [ 166.290313038022333, -21.9499178100594 ], [ 166.28321863320997, -21.950231637394126 ], [ 166.277091845421126, -21.956161646929296 ], [ 166.266431976676472, -21.958046528893817 ], [ 166.252860393175553, -21.967039582336692 ], [ 166.250770507955139, -21.966509178393288 ], [ 166.249409593207645, -21.962926875082076 ], [ 166.245672984160137, -21.961476818733882 ], [ 166.230367713408299, -21.969404230632204 ], [ 166.221066809542066, -21.96931122682069 ], [ 166.212480836900653, -21.96618471839998 ], [ 166.205482779490069, -21.975202134129418 ], [ 166.198612249333763, -21.979721947152562 ], [ 166.193083426169267, -21.973300643117181 ], [ 166.185050700889292, -21.974085097490118 ], [ 166.182470724967629, -21.975852517885372 ], [ 166.179933549879649, -21.98207321415974 ], [ 166.167628353731203, -21.987903029192221 ], [ 166.161887351777665, -21.993720886922162 ], [ 166.161224799999985, -21.9926924 ], [ 166.147940399999982, -21.9977217 ], [ 166.1456354, -21.996700399999984 ], [ 166.145331199999987, -21.9938905 ], [ 166.14809525519496, -21.996502400610041 ], [ 166.149353811915091, -21.992623759676743 ], [ 166.148014698864813, -21.991640704740444 ], [ 166.150746140348673, -21.991077890706666 ], [ 166.151020593482457, -21.987601342006027 ], [ 166.156028885972205, -21.988772548462126 ], [ 166.1570587, -21.987141799999982 ], [ 166.1597717, -21.987590099999984 ], [ 166.160836326122364, -21.984004405930982 ], [ 166.163153, -21.985078 ], [ 166.163959299999988, -21.9742891 ], [ 166.169718599999982, -21.9750218 ], [ 166.167424499999981, -21.97282160000001 ], [ 166.168971321718828, -21.970744079902346 ], [ 166.162151944376944, -21.966586197462615 ], [ 166.1543814, -21.96544410000002 ], [ 166.150801299999983, -21.96116540000002 ], [ 166.143511492187343, -21.962218176317176 ], [ 166.139604585356125, -21.959120461017562 ], [ 166.1379383, -21.9599434 ], [ 166.1396331, -21.9577803 ], [ 166.139444633065182, -21.952745425801957 ], [ 166.1315749, -21.947868899999964 ], [ 166.1236432, -21.947925500000032 ], [ 166.124165413212012, -21.946343642459098 ], [ 166.124426443016119, -21.946379683446956 ], [ 166.123012496812521, -21.941594298566379 ], [ 166.124951183094282, -21.943259447694832 ], [ 166.124509394392049, -21.946391136646053 ], [ 166.133114464405764, -21.947579016278883 ], [ 166.133432, -21.94570610000001 ], [ 166.126265335071082, -21.945816568245 ], [ 166.1252059, -21.9414639 ], [ 166.120014575272876, -21.939228966182746 ], [ 166.121871891362474, -21.93776108258988 ], [ 166.119347129836456, -21.939087778008787 ], [ 166.120188015162682, -21.93778532343169 ], [ 166.118869477012396, -21.938534871297243 ], [ 166.115580300000033, -21.933139600000022 ], [ 166.113302097361185, -21.93313237095342 ], [ 166.113239, -21.934800100000022 ], [ 166.115459099999981, -21.93475859999997 ], [ 166.1145871, -21.936798099999958 ], [ 166.1107816, -21.9374442 ], [ 166.108967493410034, -21.934729483102139 ], [ 166.105592567372724, -21.935782823880242 ], [ 166.106270340291957, -21.933631390752776 ], [ 166.1040621, -21.9355324 ], [ 166.102595399999984, -21.9430248 ], [ 166.0976878010527, -21.945361268165989 ], [ 166.101906331917235, -21.942311522026536 ], [ 166.0993283, -21.9422221 ], [ 166.101503499999978, -21.941905 ], [ 166.098903629475728, -21.939107543487189 ], [ 166.100252899999987, -21.937999399999981 ], [ 166.102197, -21.939649199999977 ], [ 166.1031189, -21.938022199999981 ], [ 166.101906899999989, -21.93895170000004 ], [ 166.0983118, -21.935770399999953 ], [ 166.10540229999998, -21.931174299999977 ], [ 166.10036481393638, -21.932115512898772 ], [ 166.10680050000002, -21.9308502 ], [ 166.102635360228987, -21.931391268693371 ], [ 166.101509796285427, -21.929926227685751 ], [ 166.104079200000029, -21.931122400000028 ], [ 166.101383928850879, -21.928157453521585 ], [ 166.099967099999986, -21.9305966 ], [ 166.102438888278726, -21.931486108000261 ], [ 166.0981452, -21.930905700000025 ], [ 166.100284340414277, -21.924984869185458 ], [ 166.097102716489246, -21.929612066266337 ], [ 166.089220621276439, -21.928815853155047 ], [ 166.090327002781038, -21.929934265281251 ], [ 166.0889123, -21.930798099999983 ], [ 166.0869362, -21.9254656 ], [ 166.0846656, -21.9275899 ], [ 166.0890398, -21.93389470000001 ], [ 166.086795602888799, -21.936828786397541 ], [ 166.080621799999989, -21.93683 ], [ 166.0784069, -21.9412118 ], [ 166.077838196281789, -21.93969138022176 ], [ 166.078260509456385, -21.940964263947567 ], [ 166.074724, -21.9412857 ], [ 166.074570665422385, -21.945163992580152 ], [ 166.07222059999998, -21.945990099999975 ], [ 166.072354644015888, -21.940711845673619 ], [ 166.0701549, -21.9378234 ], [ 166.070871236633963, -21.930629567118395 ], [ 166.077965999686967, -21.93415584301745 ], [ 166.077034795048633, -21.937118949584907 ], [ 166.0808806, -21.9363265 ], [ 166.079652399999986, -21.9326752 ], [ 166.082862630152505, -21.929938827604698 ], [ 166.081809739958743, -21.926870121774098 ], [ 166.084425, -21.9236523 ], [ 166.078395945699441, -21.913358154004285 ], [ 166.073759022806968, -21.914159166380546 ], [ 166.076866553126905, -21.907622560331706 ], [ 166.073031564218013, -21.910412551714902 ], [ 166.074446978868565, -21.911440578023566 ], [ 166.071880292647847, -21.911164765890348 ], [ 166.07056109262038, -21.912928797839424 ], [ 166.0722994, -21.913153800000011 ], [ 166.069451499999985, -21.9141627 ], [ 166.06534929999998, -21.9111112 ], [ 166.0653855, -21.907837500000021 ], [ 166.0633253, -21.9062983 ], [ 166.065207611972056, -21.905751724272548 ], [ 166.066687243359837, -21.900401111587783 ], [ 166.065114199999982, -21.8964052 ], [ 166.066482074046831, -21.900318964061576 ], [ 166.062836402894249, -21.906502807923307 ], [ 166.0654245, -21.9005993 ], [ 166.064566904238347, -21.897410140923135 ], [ 166.0666219, -21.889177499999985 ], [ 166.067980550269709, -21.88989754865942 ], [ 166.069467, -21.887038499999985 ], [ 166.068057, -21.886353 ], [ 166.06856004493352, -21.883277003385857 ], [ 166.066041399999989, -21.882829200000021 ], [ 166.068802299999987, -21.8802331 ], [ 166.06615298127403, -21.881862888601574 ], [ 166.0625124, -21.878845 ], [ 166.059149660688945, -21.879961054421088 ], [ 166.059982099999985, -21.8765816 ], [ 166.05918, -21.8780137 ], [ 166.054820336254323, -21.875614259014878 ], [ 166.053065052300894, -21.877934192492209 ], [ 166.058922699999982, -21.8867526 ], [ 166.053935791846158, -21.879773264263086 ], [ 166.05226159999998, -21.8820508 ], [ 166.05108100362645, -21.879889867050672 ], [ 166.051427284339184, -21.881763299245808 ], [ 166.047843683662222, -21.883334493134477 ], [ 166.0512789, -21.8843156 ], [ 166.0486415, -21.884862300000012 ], [ 166.049946689126671, -21.886836778073008 ], [ 166.047629, -21.885611 ], [ 166.047051629587685, -21.890208069689042 ], [ 166.046598985225671, -21.887260366446117 ], [ 166.04658932982943, -21.887301855779064 ], [ 166.040705299999985, -21.888125 ], [ 166.045466221699996, -21.885560116780557 ], [ 166.0430783, -21.883901200000011 ], [ 166.0425181, -21.8854761 ], [ 166.0415729, -21.8841749 ], [ 166.039767430471869, -21.88525940245426 ], [ 166.04086049999998, -21.882488500000012 ], [ 166.039284864410376, -21.880595554685865 ], [ 166.0369379, -21.881918799999958 ], [ 166.0322338, -21.880000900000024 ], [ 166.033436898998787, -21.882965403748219 ], [ 166.032614662435719, -21.885462856276458 ], [ 166.029787199999987, -21.88642930000001 ], [ 166.03180039999998, -21.887726299999976 ], [ 166.030891352231151, -21.890087258269208 ], [ 166.025761971144476, -21.892272381610116 ], [ 166.021750811168232, -21.889543461842198 ], [ 166.023842, -21.892248 ], [ 166.022739647350761, -21.893636950477834 ], [ 166.024376287997285, -21.891975500656827 ], [ 166.024927315279996, -21.893561839565177 ], [ 166.027731752763827, -21.892489801489212 ], [ 166.027385160821666, -21.893994838098795 ], [ 166.0296444, -21.891809 ], [ 166.028171988689962, -21.893495483389671 ], [ 166.030807054866443, -21.893946075265184 ], [ 166.030812559107204, -21.895731083537143 ], [ 166.032883432443498, -21.894342249160026 ], [ 166.034656951810064, -21.8964157983307 ], [ 166.034486, -21.8950187 ], [ 166.036226895777048, -21.895216993524457 ], [ 166.0357182, -21.897090800000012 ], [ 166.030204199999986, -21.8974248 ], [ 166.036429699999985, -21.8984501 ], [ 166.035677151470935, -21.9000034818947 ], [ 166.0306185, -21.8980906 ], [ 166.029298979065885, -21.90123923392839 ], [ 166.030207, -21.902515400000016 ], [ 166.032378174991692, -21.900326644023668 ], [ 166.030503878804183, -21.90414798840326 ], [ 166.027504713170913, -21.902761352799825 ], [ 166.026116800000011, -21.903198700000019 ], [ 166.02664435235269, -21.905783203276318 ], [ 166.025598595653207, -21.903969065011687 ], [ 166.026134584747723, -21.905892963743639 ], [ 166.024857699999984, -21.9044533 ], [ 166.026051833260851, -21.902598844015486 ], [ 166.0274765, -21.9022229 ], [ 166.027958529835018, -21.900396985705047 ], [ 166.027228204335927, -21.902034569161053 ], [ 166.022761, -21.899096 ], [ 166.020003800000012, -21.9003638 ], [ 166.023302481828438, -21.899861179079799 ], [ 166.023483184032585, -21.902501361566515 ], [ 166.0221295, -21.901507800000012 ], [ 166.023552200000012, -21.905344299999971 ], [ 166.020439563310191, -21.907080032917928 ], [ 166.024990041296974, -21.906681721320414 ], [ 166.027201296888165, -21.908211320517751 ], [ 166.02822089999998, -21.9129578 ], [ 166.027053379695815, -21.914080856714847 ], [ 166.0278907, -21.9125231 ], [ 166.026423008267045, -21.913697067576127 ], [ 166.025261799999981, -21.9124428 ], [ 166.025578492511897, -21.915487894748377 ], [ 166.028738398070828, -21.920592106399805 ], [ 166.0280874, -21.9170577 ], [ 166.030031608075859, -21.918701108477844 ], [ 166.027892499064592, -21.916365178018363 ], [ 166.028615304342708, -21.914627339549863 ], [ 166.03140559848697, -21.921345495724005 ], [ 166.031095756930711, -21.926459312850969 ], [ 166.0362902, -21.9302262 ], [ 166.0334944, -21.934377200000018 ], [ 166.0349688, -21.9391655 ], [ 166.032922837261282, -21.941605952151193 ], [ 166.030190740286088, -21.941831002919809 ], [ 166.023714143597886, -21.937290924210497 ], [ 166.0230894, -21.9290984 ], [ 166.024110899999982, -21.9323186 ], [ 166.02655810454965, -21.929106261485998 ], [ 166.024904018119798, -21.925559280948814 ], [ 166.0178158, -21.928987900000024 ], [ 166.0181215, -21.9314774 ], [ 166.014149899999978, -21.9311818 ], [ 166.008978600000034, -21.9338384 ], [ 166.006254497819185, -21.937057354001002 ], [ 166.0056971, -21.945320799999987 ], [ 166.008419740885529, -21.944807121897959 ], [ 166.0108176, -21.9469828 ], [ 166.0108971, -21.9445437 ], [ 166.0136975, -21.948222 ], [ 166.008622937835156, -21.955741962037134 ], [ 166.0063198, -21.955992699999964 ], [ 166.0050252, -21.9538672 ], [ 166.002103762668611, -21.955851891912584 ], [ 166.003115881061092, -21.959035762068194 ], [ 165.999793, -21.9611239 ], [ 166.00430369999998, -21.9679929 ], [ 165.995647514285849, -21.964138072438178 ], [ 165.990458, -21.959112600000015 ], [ 165.9975076, -21.9586634 ], [ 166.0014922, -21.956267300000018 ], [ 166.002409699999987, -21.9515324 ], [ 166.004666916540373, -21.950403717811287 ], [ 166.002508403446598, -21.946684977306489 ], [ 165.998165836768351, -21.946944386111188 ], [ 165.9939659, -21.9406277 ], [ 165.9865288, -21.9372747 ], [ 165.9828056, -21.9394832 ], [ 165.984595282297789, -21.947499159516486 ], [ 165.982065193100198, -21.945603876706663 ], [ 165.979099099999985, -21.9460264 ], [ 165.977608711713117, -21.94204958901641 ], [ 165.9754973, -21.942256 ], [ 165.9782127, -21.9419358 ], [ 165.976704034384056, -21.940701832700018 ], [ 165.9778466, -21.937506 ], [ 165.9801598, -21.940493399999987 ], [ 165.9824806, -21.9371543 ], [ 165.981011200571174, -21.932684502797972 ], [ 165.9825955, -21.931183200000032 ], [ 165.97869880274007, -21.928441871341047 ], [ 165.975128519387084, -21.929891676611003 ], [ 165.975502914714554, -21.931617752581719 ], [ 165.9732316, -21.9288307 ], [ 165.971253893540677, -21.929642468235301 ], [ 165.965685900506145, -21.926393650700504 ], [ 165.963324699999987, -21.9231757 ], [ 165.956935561818, -21.922900497304468 ], [ 165.949214844924427, -21.925363005218546 ], [ 165.9454601, -21.92271580000002 ], [ 165.9457471, -21.921023100000017 ], [ 165.949172799999985, -21.923186 ], [ 165.949690324525022, -21.922035437195419 ], [ 165.9454379, -21.917133499999984 ], [ 165.941581309368189, -21.920280995908797 ], [ 165.937416334882755, -21.915961776272173 ], [ 165.9436986, -21.916421700000026 ], [ 165.944969124888814, -21.91319038074667 ], [ 165.941900048512281, -21.907271813176362 ], [ 165.944113701467955, -21.905836058716762 ], [ 165.938837780339327, -21.905642761572341 ], [ 165.937381099409322, -21.900800896342719 ], [ 165.9356962, -21.901967 ], [ 165.934128499999986, -21.8957246 ], [ 165.929922001352622, -21.893062068213183 ], [ 165.92810393085955, -21.887335780841497 ], [ 165.9233218, -21.882415700000013 ], [ 165.9243152, -21.88096319999995 ], [ 165.922158699999983, -21.8818156 ], [ 165.921194586864942, -21.879972089863099 ], [ 165.914107783771925, -21.877139352649962 ], [ 165.913167043429013, -21.875787669742422 ], [ 165.915884622582183, -21.873862459854752 ], [ 165.914023311338781, -21.874892267580105 ], [ 165.914941614199734, -21.87394619748726 ], [ 165.911606802761497, -21.873322111336677 ], [ 165.913654813530428, -21.872051251954346 ], [ 165.911091199999987, -21.8729404 ], [ 165.9062558, -21.8712126 ], [ 165.8999551, -21.8662992 ], [ 165.888610900000032, -21.865339699999968 ], [ 165.886927667827308, -21.863378578071966 ], [ 165.8871014900636, -21.864859754784835 ], [ 165.884113873101057, -21.865258654255999 ], [ 165.883903514376954, -21.863485489334359 ], [ 165.883845282176509, -21.865212854517075 ], [ 165.8780218, -21.8670151 ], [ 165.8755812, -21.8643929 ], [ 165.878659835894098, -21.861716525850575 ], [ 165.876973534288823, -21.859000913961342 ], [ 165.876651399999986, -21.859582 ], [ 165.875405699999988, -21.8578969 ], [ 165.8715607, -21.859195 ], [ 165.87244561569284, -21.860743829392142 ], [ 165.873994499999981, -21.860114399999986 ], [ 165.8711424, -21.862194199999966 ], [ 165.870209532112085, -21.857880693501436 ], [ 165.875474316434179, -21.851143659524837 ] ], [ [ 166.029252691171649, -21.901174178476104 ], [ 166.029579499999983, -21.8996159 ], [ 166.027954, -21.8993489 ], [ 166.029252691171649, -21.901174178476104 ] ], [ [ 166.148139466696762, -21.996544177229268 ], [ 166.148694992590976, -21.997069105287487 ], [ 166.15216430112406, -21.991721414120281 ], [ 166.1552202, -21.993810499999984 ], [ 166.154497209286177, -21.991763097961545 ], [ 166.1581741, -21.992140599999988 ], [ 166.1521608, -21.991498800000048 ], [ 166.148139466696762, -21.996544177229268 ] ], [ [ 166.107961460450326, -21.93217550124502 ], [ 166.109704223368198, -21.931277302009793 ], [ 166.109652205199041, -21.931264382549891 ], [ 166.111947, -21.9165861 ], [ 166.117404633592344, -21.914901668793057 ], [ 166.11155548506261, -21.916675670882888 ], [ 166.109180089512421, -21.931126351552965 ], [ 166.107961460450326, -21.93217550124502 ] ], [ [ 166.110358065366455, -21.931439691490858 ], [ 166.112976742913389, -21.933355620931238 ], [ 166.1146003, -21.93101189999998 ], [ 166.118116527493896, -21.930908843684062 ], [ 166.1158825, -21.929783699999984 ], [ 166.1174222, -21.927455 ], [ 166.115470817997533, -21.926850193953783 ], [ 166.1111601, -21.929424099999984 ], [ 166.111553370672908, -21.931736552313261 ], [ 166.110358065366455, -21.931439691490858 ] ], [ [ 166.088928511000603, -21.928520562383511 ], [ 166.089050039330544, -21.924831235433729 ], [ 166.0879239, -21.927505 ], [ 166.088928511000603, -21.928520562383511 ] ], [ [ 166.089612337387706, -21.923496144964012 ], [ 166.091176668478766, -21.920603543246024 ], [ 166.091513293015566, -21.918982419215226 ], [ 166.089612337387706, -21.923496144964012 ] ], [ [ 166.091525037576673, -21.918925858818657 ], [ 166.091555199999988, -21.918780599999987 ], [ 166.088812, -21.915251800000032 ], [ 166.0925624, -21.912732900000016 ], [ 166.0896718, -21.913372199999969 ], [ 166.08595219999998, -21.9074474 ], [ 166.085886599999981, -21.910854200000045 ], [ 166.082832897110109, -21.912347119849823 ], [ 166.0840038, -21.91433929999998 ], [ 166.086313891917598, -21.913931213608294 ], [ 166.085788899999983, -21.917221300000019 ], [ 166.0884206, -21.91679 ], [ 166.091525037576673, -21.918925858818657 ] ], [ [ 166.046103757732908, -21.884035213807636 ], [ 166.046070619532259, -21.883819397143547 ], [ 166.047695, -21.8800275 ], [ 166.045695298759625, -21.8837231838307 ], [ 166.046103757732908, -21.884035213807636 ] ], [ [ 166.045616965450108, -21.883663343180288 ], [ 166.0458338, -21.881282800000019 ], [ 166.044249696303297, -21.880966591771042 ], [ 166.044260519645377, -21.882627108720591 ], [ 166.045616965450108, -21.883663343180288 ] ], [ [ 166.044107076305551, -21.882509886570826 ], [ 166.041649084899404, -21.879906886775974 ], [ 166.041688451079295, -21.880662147968373 ], [ 166.044107076305551, -21.882509886570826 ] ] ], [ [ [ 166.030558588739353, -21.904173282271724 ], [ 166.034068899511283, -21.901948635512781 ], [ 166.032100178153428, -21.904885989335721 ], [ 166.030558588739353, -21.904173282271724 ] ] ], [ [ [ 166.105518635924739, -21.936017498059726 ], [ 166.108721668788604, -21.938074410588257 ], [ 166.1057382, -21.9373822 ], [ 166.105255383410565, -21.941273516281669 ], [ 166.108830868665621, -21.941501182071658 ], [ 166.103739, -21.941666199999986 ], [ 166.105518635924739, -21.936017498059726 ] ] ], [ [ [ 165.936892773198309, -21.915923435628457 ], [ 165.93171481258787, -21.917745177725664 ], [ 165.931857143219389, -21.913606058799012 ], [ 165.933158838082903, -21.912281817071946 ], [ 165.933873299999988, -21.913584299999979 ], [ 165.935251796258171, -21.91118693087536 ], [ 165.933324699999986, -21.915662100000013 ], [ 165.936892773198309, -21.915923435628457 ] ] ], [ [ [ 166.147246591848472, -21.97672159663367 ], [ 166.144110843634081, -21.97605828003358 ], [ 166.142742091779382, -21.973475848570882 ], [ 166.147246591848472, -21.97672159663367 ] ] ], [ [ [ 166.146062121963809, -21.998061342496058 ], [ 166.1464489, -21.9983243 ], [ 166.1421943, -22.0002914 ], [ 166.146062121963809, -21.998061342496058 ] ] ], [ [ [ 166.118704019845438, -21.940457626226365 ], [ 166.113431726352729, -21.937865822567247 ], [ 166.118850113310089, -21.938655013805676 ], [ 166.118704019845438, -21.940457626226365 ] ] ], [ [ [ 166.1119946, -21.983277 ], [ 166.108673399999986, -21.985473899999985 ], [ 166.1090022, -21.982431399999967 ], [ 166.1053365, -21.9803747 ], [ 166.108652, -21.979662800000032 ], [ 166.1119946, -21.983277 ] ] ], [ [ [ 166.101981315641098, -21.9444656313302 ], [ 166.10215119999998, -21.9472282 ], [ 166.1010186, -21.9454885 ], [ 166.101981315641098, -21.9444656313302 ] ] ], [ [ [ 166.102104037742947, -21.9443352397778 ], [ 166.1039672, -21.942355599999981 ], [ 166.109703914230892, -21.942226255045085 ], [ 166.1039044, -21.945038699999948 ], [ 166.102104037742947, -21.9443352397778 ] ] ], [ [ [ 166.104104804430563, -21.996198133424247 ], [ 166.108911899999981, -22.000523300000012 ], [ 166.1078899, -22.004032100000011 ], [ 166.104834, -22.004446100000013 ], [ 166.101969928178448, -22.000159476992966 ], [ 166.104104804430563, -21.996198133424247 ] ] ], [ [ [ 166.099697033311003, -21.945860023010429 ], [ 166.101852675320345, -21.947250395182838 ], [ 166.097008207545599, -21.948099400715201 ], [ 166.099697033311003, -21.945860023010429 ] ] ], [ [ [ 166.10169812173703, -21.98386795421921 ], [ 166.09809442438879, -21.986889403914251 ], [ 166.094305927944902, -21.981768982366329 ], [ 166.1010795, -21.9823491 ], [ 166.10169812173703, -21.98386795421921 ] ] ], [ [ [ 166.084054444098712, -21.974461739676091 ], [ 166.0887237, -21.966173700000013 ], [ 166.091163699999981, -21.9649487 ], [ 166.089959319971541, -21.960476275009029 ], [ 166.083165128493022, -21.959744067178601 ], [ 166.083309610506859, -21.95766157971088 ], [ 166.089867, -21.9584978 ], [ 166.091029411128545, -21.956335123433458 ], [ 166.0894597, -21.954486099999968 ], [ 166.0927338, -21.9538278 ], [ 166.095553494185964, -21.955892671760378 ], [ 166.0935303, -21.956731400000027 ], [ 166.092876599999983, -21.9596332 ], [ 166.100853098255925, -21.963948427207267 ], [ 166.093746899999985, -21.9681639 ], [ 166.094387172906835, -21.974605618642226 ], [ 166.0928051, -21.977365700000028 ], [ 166.094134663206944, -21.978472614097925 ], [ 166.083918399999988, -21.982340299999979 ], [ 166.084671700369711, -21.985894799183864 ], [ 166.080841766806458, -21.985176774738232 ], [ 166.076396, -21.9871113 ], [ 166.074484037578287, -21.98327900091245 ], [ 166.076907018021984, -21.977873900903816 ], [ 166.075760121814625, -21.976032992588635 ], [ 166.084054444098712, -21.974461739676091 ] ] ], [ [ [ 166.093794606477047, -21.946676297084554 ], [ 166.093959335059139, -21.944948233136071 ], [ 166.093938899999984, -21.9466344 ], [ 166.097056759015743, -21.945940609819583 ], [ 166.093794606477047, -21.946676297084554 ] ] ], [ [ [ 166.094817118016408, -21.93018521389045 ], [ 166.096409102086824, -21.931462864294897 ], [ 166.094051899999982, -21.932791499999951 ], [ 166.094817118016408, -21.93018521389045 ] ] ], [ [ [ 166.089801961551672, -21.931525689672693 ], [ 166.09118368299815, -21.929322309713079 ], [ 166.093275799999986, -21.93255379999998 ], [ 166.089801961551672, -21.931525689672693 ] ] ], [ [ [ 166.092729987638336, -21.933708287176863 ], [ 166.0908178, -21.934338599999986 ], [ 166.089248625827167, -21.932231048803413 ], [ 166.092729987638336, -21.933708287176863 ] ] ], [ [ [ 166.09174362698846, -21.945598318405477 ], [ 166.088039746325109, -21.943179669023696 ], [ 166.088654566630112, -21.939376937814608 ], [ 166.088318776230295, -21.942081587969888 ], [ 166.091043396098087, -21.94158449996954 ], [ 166.09174362698846, -21.945598318405477 ] ] ], [ [ [ 166.062596357399286, -22.011345208569068 ], [ 166.067352588359597, -22.014497456784529 ], [ 166.053373900000025, -22.0057802 ], [ 166.051939094803799, -22.007029106751546 ], [ 166.052764873689512, -22.012443281717193 ], [ 166.047743199999985, -22.0124474 ], [ 166.0468487, -22.010662099999987 ], [ 166.045189, -22.0223073 ], [ 166.030414611522417, -22.027532892316884 ], [ 166.022994634131834, -22.010029231857764 ], [ 166.025341602629624, -22.002146183180844 ], [ 166.020767147320413, -22.00109918220431 ], [ 166.025753920936808, -22.000144016804803 ], [ 166.019366340024817, -21.984868420524037 ], [ 166.0222828, -21.9841062 ], [ 166.044242, -21.9909523 ], [ 166.0476036, -21.9958088 ], [ 166.045286399999981, -22.001665 ], [ 166.049208313055999, -22.003428816755278 ], [ 166.0518861, -22.0030865 ], [ 166.052579590701583, -21.999226828246222 ], [ 166.055686271258452, -21.999238946969378 ], [ 166.05384189332355, -21.998849790304128 ], [ 166.0538891, -21.996921599999986 ], [ 166.056443699999988, -21.992743900000036 ], [ 166.06920279363942, -21.995246697931844 ], [ 166.068908262407575, -21.999834092192611 ], [ 166.071807424964561, -22.001035343907233 ], [ 166.0709118, -22.003480899999982 ], [ 166.0732595, -22.004852 ], [ 166.064206099999979, -22.0032461 ], [ 166.061785, -22.003569200000022 ], [ 166.062596357399286, -22.011345208569068 ] ], [ [ 166.029677129080966, -22.011828334195936 ], [ 166.031902921614119, -22.015367965016061 ], [ 166.032982423939785, -22.013007901992793 ], [ 166.03728415000694, -22.013803305027995 ], [ 166.036299078436457, -22.00952792357057 ], [ 166.031956236606305, -22.007961840706724 ], [ 166.032069046203617, -22.006554783069912 ], [ 166.029677129080966, -22.011828334195936 ] ] ], [ [ [ 166.067816131496073, -21.944436119623386 ], [ 166.067251051983504, -21.947712778944158 ], [ 166.065357200000022, -21.944191199999967 ], [ 166.067816131496073, -21.944436119623386 ] ] ], [ [ [ 166.063939, -21.981014199999976 ], [ 166.063565797731144, -21.977660824448243 ], [ 166.067169681644572, -21.977923845690853 ], [ 166.067819300347878, -21.980171397268506 ], [ 166.063939, -21.981014199999976 ] ] ], [ [ [ 166.052899760404216, -22.044554893114 ], [ 166.056023386137014, -22.049377870041276 ], [ 166.053303683713551, -22.054705452957887 ], [ 166.051420011034423, -22.052634776092106 ], [ 166.0532973, -22.0533918 ], [ 166.053379399999983, -22.0514049 ], [ 166.046685470477627, -22.052449315549726 ], [ 166.04860845393867, -22.052939577669129 ], [ 166.045743499999986, -22.0550037 ], [ 166.045131199999986, -22.059022 ], [ 166.048234672121907, -22.065689863155054 ], [ 166.050366199999985, -22.0656889 ], [ 166.054303076838721, -22.072015778572119 ], [ 166.062396888536114, -22.075493797213657 ], [ 166.063815, -22.078232 ], [ 166.0606525, -22.07607819999998 ], [ 166.0508178, -22.0748683 ], [ 166.045507710635007, -22.071323796652607 ], [ 166.040786, -22.066207 ], [ 166.037222, -22.053757300000012 ], [ 166.031027867761026, -22.05170987000611 ], [ 166.027200599999986, -22.045856399999984 ], [ 166.0298846, -22.040464400000022 ], [ 166.0331894, -22.0410453 ], [ 166.03972859293512, -22.036928218033061 ], [ 166.042987424096168, -22.027413034225933 ], [ 166.049845974985431, -22.02846634622286 ], [ 166.0543585, -22.0324796 ], [ 166.052899760404216, -22.044554893114 ] ] ], [ [ [ 166.05376920705578, -21.890987611716273 ], [ 166.0584255, -21.889497599999981 ], [ 166.062928380091194, -21.89178821022756 ], [ 166.059404985453796, -21.891317501457369 ], [ 166.060536056976815, -21.894145798596394 ], [ 166.059107582028361, -21.894197362857579 ], [ 166.0587904, -21.8913392 ], [ 166.055357441863151, -21.891217346035663 ], [ 166.0595716, -21.891112499999984 ], [ 166.05376920705578, -21.890987611716273 ] ] ], [ [ [ 166.05357220751452, -21.985123890620397 ], [ 166.053561, -21.9828979 ], [ 166.055071362309747, -21.98443942721784 ], [ 166.05357220751452, -21.985123890620397 ] ] ], [ [ [ 166.05003571707914, -21.889103596260021 ], [ 166.0538257, -21.8888838 ], [ 166.050371672214879, -21.889865972423227 ], [ 166.052415832760914, -21.891380660921072 ], [ 166.047852005318873, -21.892001568682058 ], [ 166.05003571707914, -21.889103596260021 ] ] ], [ [ [ 166.043122880051442, -21.898967138275765 ], [ 166.049702977367616, -21.898508137199979 ], [ 166.044546490096565, -21.900367864728921 ], [ 166.043122880051442, -21.898967138275765 ] ] ], [ [ [ 166.034502569800679, -21.903496492544619 ], [ 166.0397452, -21.902687 ], [ 166.040134199999983, -21.9010359 ], [ 166.040188096117816, -21.902628789263876 ], [ 166.03209180032789, -21.906735200139327 ], [ 166.034502569800679, -21.903496492544619 ] ] ], [ [ [ 166.036105513799839, -21.900944808391415 ], [ 166.0370759, -21.8988418 ], [ 166.0400554, -21.89895839999997 ], [ 166.036105513799839, -21.900944808391415 ] ] ], [ [ [ 166.034591252265614, -21.949086498338914 ], [ 166.034388399999983, -21.9538751 ], [ 166.026949626602402, -21.955350667044254 ], [ 166.028707422986315, -21.951149945389812 ], [ 166.034591252265614, -21.949086498338914 ] ] ], [ [ [ 166.028517771431837, -21.907449607060379 ], [ 166.0300272, -21.9082568 ], [ 166.028259662810655, -21.908699954125446 ], [ 166.028517771431837, -21.907449607060379 ] ] ], [ [ [ 166.027267677383321, -21.904382034772222 ], [ 166.02883538498287, -21.904955726858478 ], [ 166.027907799988697, -21.906282400001039 ], [ 166.027267677383321, -21.904382034772222 ] ] ], [ [ [ 165.97164000036517, -21.966046189176183 ], [ 165.972247935049637, -21.962345992633633 ], [ 165.980444799999987, -21.962281300000011 ], [ 165.9835426, -21.965331 ], [ 165.994831692042482, -21.966461200991862 ], [ 165.9976941, -21.97125170000005 ], [ 166.006967209347323, -21.973174004553126 ], [ 166.014794680368738, -21.979086540256667 ], [ 166.003348499999987, -21.984040799999971 ], [ 166.000874061860827, -21.988571511100439 ], [ 165.9899996, -21.9897686 ], [ 165.995603928957621, -21.988841840771187 ], [ 165.995332582900488, -21.987460514722823 ], [ 165.997552499999983, -21.988545300000016 ], [ 165.986082899999985, -21.9801855 ], [ 165.983671099999981, -21.9759293 ], [ 165.97164000036517, -21.966046189176183 ] ] ], [ [ [ 166.008376227207378, -21.968251235760984 ], [ 166.011213477204336, -21.967520002003159 ], [ 166.0128757, -21.969951399999985 ], [ 166.008376227207378, -21.968251235760984 ] ] ], [ [ [ 165.968379, -21.980948800000021 ], [ 165.964084599999978, -21.981834 ], [ 165.9594267, -21.9793366 ], [ 165.9584955, -21.9761139 ], [ 165.950527291546422, -21.975265785039618 ], [ 165.9437165, -21.963266599999979 ], [ 165.946814251923968, -21.965006850448201 ], [ 165.948450571696611, -21.96353721605244 ], [ 165.952562319488351, -21.963758305336693 ], [ 165.957487499999985, -21.966218 ], [ 165.961368570719713, -21.964093509485146 ], [ 165.963994338443058, -21.964624247062343 ], [ 165.968137607729972, -21.969943138077593 ], [ 165.968379, -21.980948800000021 ] ] ], [ [ [ 165.944737042139963, -22.009100105181574 ], [ 165.936935600000027, -22.0110093 ], [ 165.935537499999981, -22.0073632 ], [ 165.944737042139963, -22.009100105181574 ] ] ], [ [ [ 165.929654606091418, -21.918715022343417 ], [ 165.928289958292424, -21.925500255652942 ], [ 165.9259782, -21.921858799999981 ], [ 165.929654606091418, -21.918715022343417 ] ] ], [ [ [ 165.915740199999988, -21.9422409 ], [ 165.917065700522329, -21.937633534956213 ], [ 165.921196675017228, -21.941268163066514 ], [ 165.924276962405514, -21.949285614058873 ], [ 165.915740199999988, -21.9422409 ] ] ], [ [ [ 165.914853, -21.936157900000012 ], [ 165.910747203212509, -21.935729800685056 ], [ 165.910799027690928, -21.932921887576487 ], [ 165.914853, -21.936157900000012 ] ] ], [ [ [ 165.910022708197886, -21.933147266552517 ], [ 165.907010603803911, -21.934914690920397 ], [ 165.904395528128646, -21.930727071228354 ], [ 165.899229803782816, -21.927927718652768 ], [ 165.902280099999984, -21.9266566 ], [ 165.910022708197886, -21.933147266552517 ] ] ] ] } },
{ "type": "Feature", "properties": { "province": "Province Sud", "commune": "Thio" }, "geometry": { "type": "MultiPolygon", "coordinates": [ [ [ [ 166.161085470261895, -21.551382973792428 ], [ 166.1725832, -21.565828 ], [ 166.17817359999998, -21.566285399999984 ], [ 166.1835883, -21.572895500000016 ], [ 166.188947798536674, -21.572035810073462 ], [ 166.199133, -21.5776383 ], [ 166.208977683638096, -21.587848307426739 ], [ 166.20244317031981, -21.587980845264184 ], [ 166.208781478409918, -21.588343605863699 ], [ 166.207446588398994, -21.588490664406194 ], [ 166.209013893764194, -21.589286214191652 ], [ 166.207460199999986, -21.5915871 ], [ 166.214766279679139, -21.595902548876296 ], [ 166.219565656129618, -21.60186291238152 ], [ 166.216930299232843, -21.608111939632956 ], [ 166.221663872259256, -21.607728024314262 ], [ 166.2163612, -21.612588300000017 ], [ 166.225296945411998, -21.607869302306806 ], [ 166.22980827726434, -21.602586235775917 ], [ 166.228851699999979, -21.6055232 ], [ 166.225898383741821, -21.607321130768856 ], [ 166.227439899999979, -21.607196 ], [ 166.226409685925091, -21.608047985706865 ], [ 166.229026038025069, -21.611584567792882 ], [ 166.228096005753287, -21.607421611013862 ], [ 166.231379899999979, -21.6062537 ], [ 166.230301199999985, -21.609526 ], [ 166.233856344909327, -21.606262311004517 ], [ 166.2308847, -21.6054932 ], [ 166.232222299999989, -21.6036303 ], [ 166.231236805000606, -21.600926732084481 ], [ 166.234882955541821, -21.606359954522706 ], [ 166.235181472146991, -21.610422014951233 ], [ 166.238731699999988, -21.6139684 ], [ 166.247602703043128, -21.614395519654099 ], [ 166.25463195340086, -21.617053720836651 ], [ 166.263131367655603, -21.623448822082498 ], [ 166.271718665993774, -21.625691107115468 ], [ 166.270933572042878, -21.627779710464818 ], [ 166.272147589005868, -21.626451037013261 ], [ 166.283108483519811, -21.632119013604413 ], [ 166.285137400000025, -21.635790900000014 ], [ 166.295963497019585, -21.639838140130479 ], [ 166.3001435, -21.638245 ], [ 166.303911299999982, -21.643724499999987 ], [ 166.323546185403217, -21.648777912057756 ], [ 166.327398820770981, -21.644036918881742 ], [ 166.327520049498474, -21.641070566959296 ], [ 166.329648403258489, -21.6404719414627 ], [ 166.333939507609387, -21.644528403964024 ], [ 166.337530171681266, -21.644218617394149 ], [ 166.343832911234898, -21.651245030167928 ], [ 166.349771508607063, -21.649706047525861 ], [ 166.3515171, -21.6521548 ], [ 166.356379771347719, -21.653515813978654 ], [ 166.361109911899121, -21.661234255047805 ], [ 166.358825699999983, -21.662471 ], [ 166.351384904858776, -21.660786152942595 ], [ 166.3498117, -21.665185299999944 ], [ 166.332862435082006, -21.656147283255226 ], [ 166.33072845785685, -21.656239814077566 ], [ 166.329286299999978, -21.6589411 ], [ 166.3239568, -21.654819099999976 ], [ 166.329435065936053, -21.659686947452144 ], [ 166.32860030176974, -21.661994646744336 ], [ 166.3343947, -21.666055499999977 ], [ 166.337723458078273, -21.674606745218025 ], [ 166.3436362, -21.67468090000003 ], [ 166.341407899999979, -21.677556500000012 ], [ 166.343473297071142, -21.681752577229517 ], [ 166.341103969948904, -21.682363814095044 ], [ 166.342207324430802, -21.683404507894387 ], [ 166.343434265482443, -21.682239542707482 ], [ 166.342925799999989, -21.683359500000019 ], [ 166.34503377753461, -21.681475926685746 ], [ 166.3462983, -21.682964800000015 ], [ 166.338270525774902, -21.686861140020639 ], [ 166.3484359, -21.683680800000019 ], [ 166.34979337414623, -21.68567029710572 ], [ 166.347761283018144, -21.684659597953168 ], [ 166.345852252812676, -21.686100617892532 ], [ 166.352678799999978, -21.6858371 ], [ 166.36214699172649, -21.69027919518253 ], [ 166.374548173791339, -21.70098110159962 ], [ 166.385712646841938, -21.701349434601028 ], [ 166.397927175333393, -21.70595632402943 ], [ 166.405481811392178, -21.703544650505741 ], [ 166.4100115, -21.696918 ], [ 166.412416691060628, -21.705345700241946 ], [ 166.4254166, -21.720605499999966 ], [ 166.419917662382858, -21.720717474484353 ], [ 166.422529051886471, -21.721335638052384 ], [ 166.419326263979087, -21.722486892158138 ], [ 166.422672369761017, -21.721554599826359 ], [ 166.420175374171833, -21.72354330467946 ], [ 166.4141133, -21.72297660000001 ], [ 166.407363182084907, -21.716419356746453 ], [ 166.406570073426678, -21.716680071119359 ], [ 166.406721100000027, -21.716632800000014 ], [ 166.407726207266705, -21.717486570024732 ], [ 166.4027264, -21.71892 ], [ 166.4089701, -21.718134100000022 ], [ 166.407002155716754, -21.718639173672088 ], [ 166.409512382392677, -21.718929410869961 ], [ 166.4121811, -21.7232975 ], [ 166.4176982, -21.72522 ], [ 166.422233389508136, -21.725028725643327 ], [ 166.4265279, -21.721870600000024 ], [ 166.4255785, -21.7232647 ], [ 166.4272162602131, -21.723676389352065 ], [ 166.426713477734694, -21.727150265840407 ], [ 166.428129679938365, -21.729393744693869 ], [ 166.431686467108392, -21.728435201282252 ], [ 166.435899294494874, -21.731023333056147 ], [ 166.4408609, -21.7308327 ], [ 166.444188887487854, -21.73260609392041 ], [ 166.4652592, -21.749187 ], [ 166.472335499999986, -21.7594256 ], [ 166.474952166655072, -21.760742480136749 ], [ 166.472970888646387, -21.76525342034407 ], [ 166.474871057714012, -21.769257735008214 ], [ 166.469039526587636, -21.77137597077181 ], [ 166.4654899, -21.7699664 ], [ 166.462451, -21.7731338 ], [ 166.4642993, -21.77255089999997 ], [ 166.4624919, -21.776237500000011 ], [ 166.4571135, -21.77345070000003 ], [ 166.448005987419378, -21.774113090058702 ], [ 166.438692239423517, -21.770642743632472 ], [ 166.446523087774352, -21.775208426909067 ], [ 166.4569256, -21.7748801 ], [ 166.4593262, -21.776698 ], [ 166.4548337, -21.7775723 ], [ 166.460517617691664, -21.778113341037233 ], [ 166.464173682877743, -21.776733624418895 ], [ 166.4665355108352, -21.773156945915837 ], [ 166.468307154347031, -21.773924597552263 ], [ 166.468362072077184, -21.773986172991105 ], [ 166.4670107173215, -21.771925493914068 ], [ 166.470575072049712, -21.774201418420034 ], [ 166.469655838941208, -21.775436763512456 ], [ 166.470270678891154, -21.776126117388358 ], [ 166.470959120920924, -21.7740997206662 ], [ 166.477709282804824, -21.776176186700621 ], [ 166.4793563, -21.7805146 ], [ 166.483898900000014, -21.784182600000019 ], [ 166.482883577436354, -21.786537989030666 ], [ 166.477381399999985, -21.781584899999988 ], [ 166.476518500000026, -21.7794473 ], [ 166.478770813076295, -21.780268912919666 ], [ 166.4747243, -21.777197 ], [ 166.4756337, -21.7799347 ], [ 166.470734692891455, -21.776646360486993 ], [ 166.473674305638411, -21.779942077446382 ], [ 166.466090556202204, -21.7798431243091 ], [ 166.474846295532245, -21.780166596728957 ], [ 166.4761901, -21.7842681 ], [ 166.4812428, -21.785621799999987 ], [ 166.482344600000033, -21.7925016 ], [ 166.4841749, -21.7917785 ], [ 166.494640020289637, -21.796367230603543 ], [ 166.5053093, -21.8062066 ], [ 166.510474673812979, -21.806710670094944 ], [ 166.509922089432962, -21.809667191910396 ], [ 166.503826501494444, -21.811825878286022 ], [ 166.495273869174895, -21.809286817417547 ], [ 166.494352371113735, -21.815064908818215 ], [ 166.4956579, -21.81388 ], [ 166.495981699999987, -21.8158455 ], [ 166.4936974, -21.816450300000024 ], [ 166.492715393342849, -21.815943032433598 ], [ 166.492182297066904, -21.817455022870352 ], [ 166.4964305, -21.8160898 ], [ 166.496389371364643, -21.809941812405587 ], [ 166.504423799999984, -21.8145549 ], [ 166.507974199999978, -21.8111183 ], [ 166.508377834815008, -21.815938044688355 ], [ 166.5158049, -21.8173473 ], [ 166.518966189628173, -21.819759332379121 ], [ 166.523626, -21.819502499999988 ], [ 166.526818486925066, -21.822509744540827 ], [ 166.5279056, -21.8287914 ], [ 166.5339981, -21.830774 ], [ 166.536821804050902, -21.834643129535905 ], [ 166.543742756512927, -21.838435575505788 ], [ 166.546343368000521, -21.843563017655114 ], [ 166.551070204591412, -21.846719429565912 ], [ 166.550559750775705, -21.848009911076211 ], [ 166.528617869007519, -21.857070848130107 ], [ 166.524665329064106, -21.853583260133654 ], [ 166.524722235039917, -21.851236895302126 ], [ 166.521961448047193, -21.85173522135549 ], [ 166.518996780756709, -21.847692810858941 ], [ 166.515426606275213, -21.850122435339735 ], [ 166.509871090550206, -21.847154734390081 ], [ 166.508018739702521, -21.850317680952212 ], [ 166.493758199861617, -21.852782499464208 ], [ 166.49008342392645, -21.857201990014065 ], [ 166.478086380186113, -21.860510617594095 ], [ 166.481048449912919, -21.865513995764843 ], [ 166.479394081902484, -21.872846513999537 ], [ 166.478094756340312, -21.875320433860292 ], [ 166.469766623220977, -21.879013809714849 ], [ 166.4676074247119, -21.881637173745126 ], [ 166.46408836591317, -21.891532098550478 ], [ 166.442939636666125, -21.901525390056968 ], [ 166.433501941149672, -21.90193226644136 ], [ 166.426421350455485, -21.899762233573341 ], [ 166.424050946965451, -21.896883991278841 ], [ 166.420969200781229, -21.884586049883197 ], [ 166.422626462392031, -21.879920323994995 ], [ 166.420660372633336, -21.879080717580877 ], [ 166.414642538814974, -21.882711434592576 ], [ 166.41235780671181, -21.88260829621932 ], [ 166.410166566312711, -21.879853930917697 ], [ 166.403624796842394, -21.882438151172071 ], [ 166.399663528021392, -21.881982224812692 ], [ 166.381732482657981, -21.869104214549914 ], [ 166.380898199158082, -21.865828905601919 ], [ 166.382508727650645, -21.862772139631595 ], [ 166.375929273017164, -21.860202292585434 ], [ 166.372353954808972, -21.853501983265424 ], [ 166.365935789848123, -21.850741883728894 ], [ 166.355940710742203, -21.852971268962268 ], [ 166.351820056537122, -21.855703631481411 ], [ 166.344179175472959, -21.855917842702144 ], [ 166.336599087034472, -21.858434370801032 ], [ 166.328900284703167, -21.850814817969823 ], [ 166.328837961377388, -21.847804187715653 ], [ 166.320207946369749, -21.840550260672668 ], [ 166.312809664861618, -21.839216392663346 ], [ 166.303521877483689, -21.827819115115005 ], [ 166.297531197359746, -21.82913199524431 ], [ 166.290689172700411, -21.82818467005994 ], [ 166.281368199980591, -21.823987102028926 ], [ 166.266801090681213, -21.824748437668962 ], [ 166.258998559267013, -21.81799990779616 ], [ 166.25310223237409, -21.807499435832245 ], [ 166.246678575420646, -21.805355937872935 ], [ 166.171097347945761, -21.760393066727961 ], [ 166.175679823385195, -21.770619829362111 ], [ 166.1709578506279, -21.779190735741324 ], [ 166.166238162361736, -21.782365203883867 ], [ 166.160309632635375, -21.782841909549251 ], [ 166.157565959589419, -21.787755838195636 ], [ 166.146692717524161, -21.794311783137953 ], [ 166.144501840945821, -21.798644746782397 ], [ 166.135130686918501, -21.793590091146104 ], [ 166.118714145622874, -21.796692785281621 ], [ 166.114727728710363, -21.795916827809211 ], [ 166.112788731856114, -21.798897344312575 ], [ 166.10829824067676, -21.79906543196552 ], [ 166.103937906831646, -21.795929582669299 ], [ 166.090574806906744, -21.796903618289537 ], [ 166.087094621946449, -21.794758572741578 ], [ 166.08495852943679, -21.788168731473981 ], [ 166.07901077446661, -21.784046996656954 ], [ 166.069391976153213, -21.784924837103478 ], [ 166.066071475862174, -21.782564068680291 ], [ 166.061957007019743, -21.782640020211261 ], [ 166.062121340435368, -21.777520942929776 ], [ 166.067795754509916, -21.774053287805007 ], [ 166.067680326710132, -21.770726004731671 ], [ 166.065376116054949, -21.769547614921471 ], [ 166.068229331684563, -21.760671941500231 ], [ 166.074348658945638, -21.759188904300355 ], [ 166.078182654549551, -21.753964564189843 ], [ 166.079938855826299, -21.756788967713021 ], [ 166.083043035948833, -21.750409318298324 ], [ 166.082305934472998, -21.747801007360533 ], [ 166.090578877815631, -21.747084727875368 ], [ 166.086560515890454, -21.736317815673218 ], [ 166.079630993351202, -21.731225424945055 ], [ 166.086303655769512, -21.710681013875828 ], [ 166.090735482400419, -21.710500007227939 ], [ 166.090461805832661, -21.705234729394423 ], [ 166.076338710077835, -21.712520028579018 ], [ 166.068207998897492, -21.708592253281314 ], [ 166.064321060183119, -21.714885931966794 ], [ 166.060273208804063, -21.714376782082081 ], [ 166.05543555202874, -21.720872381551143 ], [ 166.053000490801622, -21.721019028972929 ], [ 166.049246361993966, -21.719647183609229 ], [ 166.046875691724694, -21.714805906231973 ], [ 166.034829305072691, -21.711701632650321 ], [ 166.030183571000862, -21.706221023883668 ], [ 166.02447415081707, -21.708446309018971 ], [ 166.019355470361177, -21.707672644875036 ], [ 166.020714445279111, -21.698121599383136 ], [ 166.018756915500944, -21.692623062045662 ], [ 166.014886558975604, -21.689798184291003 ], [ 166.015807301257183, -21.679767913098178 ], [ 166.01089708100298, -21.665502370066481 ], [ 166.015577829806062, -21.656938989761841 ], [ 166.017865785152964, -21.656305078457628 ], [ 166.019352698820626, -21.651336699276538 ], [ 166.017895445510732, -21.64858898099401 ], [ 166.021886213964535, -21.643615528014145 ], [ 166.022377078046759, -21.639953440945352 ], [ 166.027530499999983, -21.641632699999981 ], [ 166.033087, -21.640457299999973 ], [ 166.0376349, -21.637850899999989 ], [ 166.038796099999985, -21.634626199999975 ], [ 166.044133044360933, -21.630376394737183 ], [ 166.04914290039099, -21.629483712064008 ], [ 166.055197531858198, -21.624841927289815 ], [ 166.052952743707891, -21.597561757758118 ], [ 166.06106258712046, -21.584395041773448 ], [ 166.0653342, -21.5827315 ], [ 166.066691699999978, -21.580208 ], [ 166.0752363, -21.581943699999982 ], [ 166.075869909379691, -21.580503508686739 ], [ 166.0873786, -21.5786309 ], [ 166.093604299999981, -21.57453730000001 ], [ 166.0990477, -21.5742781 ], [ 166.10012, -21.5691664 ], [ 166.104971399999982, -21.563392900000025 ], [ 166.10325012119921, -21.559357396669704 ], [ 166.107382509574904, -21.559253311262083 ], [ 166.108417600000024, -21.55564279999998 ], [ 166.112404239698549, -21.552723582276396 ], [ 166.130057500000021, -21.549250900000015 ], [ 166.131504399999983, -21.550433900000048 ], [ 166.1342061, -21.547920200000011 ], [ 166.137339139887274, -21.548109739001031 ], [ 166.1419819, -21.543505100000051 ], [ 166.148420840652847, -21.542090946994037 ], [ 166.161085470261895, -21.551382973792428 ] ], [ [ 166.229134321728878, -21.612069245139992 ], [ 166.2252125, -21.612001 ], [ 166.229374619954882, -21.613144807005622 ], [ 166.229134321728878, -21.612069245139992 ] ], [ [ 166.399180157701608, -21.718992900619497 ], [ 166.394941095269218, -21.713908652553723 ], [ 166.398676854418284, -21.719150405390906 ], [ 166.399180157701608, -21.718992900619497 ] ] ], [ [ [ 166.427260012457566, -21.723374083843726 ], [ 166.426423344014665, -21.720985961560096 ], [ 166.4276299, -21.7208183 ], [ 166.427260012457566, -21.723374083843726 ] ] ], [ [ [ 166.472152810062909, -21.772146980433153 ], [ 166.475750068450481, -21.769262645760119 ], [ 166.4769593, -21.773951300000014 ], [ 166.472152810062909, -21.772146980433153 ] ] ], [ [ [ 166.439180014711241, -21.688957150159098 ], [ 166.443103068233683, -21.699776958496798 ], [ 166.4469923, -21.704372700000015 ], [ 166.4433746, -21.7063725 ], [ 166.440182321356474, -21.70564831974734 ], [ 166.4380237, -21.7002004 ], [ 166.434559, -21.7010221 ], [ 166.432353799999987, -21.704441399999975 ], [ 166.4271483, -21.7011388 ], [ 166.422941399999985, -21.702056700000011 ], [ 166.413462715117362, -21.699477852258408 ], [ 166.4031664, -21.6889372 ], [ 166.405377896699889, -21.687586125757043 ], [ 166.410442599999982, -21.6914946 ], [ 166.422951708937092, -21.69132141538266 ], [ 166.426655024707344, -21.688493519663528 ], [ 166.423216590229572, -21.682107526935162 ], [ 166.427180278984395, -21.681183102496899 ], [ 166.4307365, -21.684920400000031 ], [ 166.439180014711241, -21.688957150159098 ] ] ], [ [ [ 166.382596474593555, -21.674885926059936 ], [ 166.388337795481277, -21.670464607236134 ], [ 166.396321196505795, -21.672505991471166 ], [ 166.3894281, -21.6776733 ], [ 166.384202296104036, -21.677015887488995 ], [ 166.3829089, -21.67891 ], [ 166.3711424, -21.675330099999989 ], [ 166.37252540846265, -21.672372528988138 ], [ 166.382596474593555, -21.674885926059936 ] ] ], [ [ [ 166.209528169090987, -21.58784843839728 ], [ 166.219286776051604, -21.598587222222857 ], [ 166.228594676366953, -21.602084385111027 ], [ 166.22476548800779, -21.605938609028353 ], [ 166.225848499999984, -21.605685499999989 ], [ 166.224292199999979, -21.6072375 ], [ 166.221282164288795, -21.607017060277165 ], [ 166.217120507650264, -21.608059006095854 ], [ 166.219682823285723, -21.60188119162839 ], [ 166.214921799999985, -21.5958277 ], [ 166.20763313859706, -21.591510928763835 ], [ 166.209370432741053, -21.589951709534887 ], [ 166.211305718199839, -21.59068292126625 ], [ 166.209528169090987, -21.58784843839728 ] ] ] ] } }
]
}
