{
"type": "FeatureCollection",
"name": "provinces",
"crs": { "type": "name", "properties": { "name": "urn:ogc:def:crs:OGC:1.3:CRS84" } },
"features": [
{ "type": "Feature", "properties": { "province": "Province Nord" }, "geometry": { "type": "MultiPolygon", "coordinates": [ [ [ [ 164.05602115888027, -20.144327812857846 ], [ 164.0542107, -20.14471169999997 ], [ 164.0502013, -20.1399477 ], [ 164.0468745, -20.140916499999957 ], [ 164.048030499999982, -20.1384299 ], [ 164.0534389, -20.140238 ], [ 164.054638, -20.137270099999984 ], [ 164.0492997, -20.138264400000033 ], [ 164.047483299999982, -20.131430899999977 ], [ 164.045591299999984, -20.134621 ], [ 164.0415679, -20.1339728 ], [ 164.043483499999979, -20.1251095 ], [ 164.0404881, -20.1246424 ], [ 164.040091099999984, -20.127097599999988 ], [ 164.033297, -20.12458980000001 ], [ 164.0376689, -20.1250108 ], [ 164.0381114, -20.119377300000014 ], [ 164.0316205, -20.122921700000013 ], [ 164.032768500000032, -20.1244744 ], [ 164.0305233, -20.1246302 ], [ 164.0302441, -20.12138340000001 ], [ 164.0288099, -20.12314970000001 ], [ 164.0311261, -20.12557030000001 ], [ 164.023709299999979, -20.1322017 ], [ 164.025636, -20.1458427 ], [ 164.0173591, -20.144282 ], [ 164.016211, -20.135 ], [ 164.0184572, -20.1326874 ], [ 164.0212118, -20.1339137 ], [ 164.0223967, -20.129981799999989 ], [ 164.01936, -20.130781099999972 ], [ 164.0192314, -20.127967 ], [ 164.017720699999984, -20.132849 ], [ 164.0125301, -20.1326353 ], [ 164.0121335, -20.1282987 ], [ 164.0202477, -20.125578600000029 ], [ 164.0224599, -20.116536899999989 ], [ 164.0233854, -20.1192086 ], [ 164.0252007, -20.116227100000017 ], [ 164.0238038, -20.1216095 ], [ 164.0279821, -20.119408300000014 ], [ 164.027154, -20.1166256 ], [ 164.030469399999987, -20.1124945 ], [ 164.0279358, -20.111508200000024 ], [ 164.031565, -20.108310899999974 ], [ 164.0237804, -20.107426600000011 ], [ 164.0230541, -20.11079550000002 ], [ 164.0182796, -20.112441800000013 ], [ 164.0259857, -20.102459100000015 ], [ 164.023913199999981, -20.102993500000014 ], [ 164.0231277, -20.1001074 ], [ 164.0198196, -20.1015381 ], [ 164.0202536, -20.096438400000025 ], [ 164.0233958, -20.096347599999969 ], [ 164.019656700000013, -20.0933325 ], [ 164.015956499999987, -20.0977055 ], [ 164.016955699999983, -20.0998828 ], [ 164.0127187, -20.099347100000017 ], [ 164.0159107, -20.1023612 ], [ 164.0105405, -20.102964 ], [ 164.013404899999983, -20.104923900000031 ], [ 164.00280859999998, -20.112848 ], [ 164.0007951, -20.1047352 ], [ 163.995552299999986, -20.103692199999983 ], [ 163.9962727, -20.0977939 ], [ 163.998901099999983, -20.095998500000025 ], [ 164.00030529999998, -20.097984 ], [ 163.9976025, -20.101667500000048 ], [ 164.000911699999989, -20.0994494 ], [ 164.000164899999987, -20.1028947 ], [ 164.0085389, -20.105391 ], [ 164.0097898, -20.099517699999979 ], [ 164.0167463, -20.095499800000024 ], [ 164.017855699999984, -20.09014220000001 ], [ 164.0125612, -20.092200899999984 ], [ 164.0150849, -20.0839348 ], [ 164.012448299999988, -20.08260289999998 ], [ 164.009235, -20.085174100000014 ], [ 164.007803, -20.081092500000029 ], [ 164.0035245, -20.085351600000038 ], [ 164.001669099999987, -20.081365300000027 ], [ 163.998772300000013, -20.084445100000011 ], [ 164.0029604, -20.0758466 ], [ 164.0193849, -20.082674799999975 ], [ 164.031923899999981, -20.077969099999979 ], [ 164.035882499999985, -20.088057700000014 ], [ 164.042674799999986, -20.088731199999977 ], [ 164.0490297, -20.1019662 ], [ 164.0536975, -20.101274800000024 ], [ 164.053540699999985, -20.106160499999977 ], [ 164.05643139999998, -20.10823809999998 ], [ 164.051014399999985, -20.10785880000001 ], [ 164.051739, -20.111182599999985 ], [ 164.0551145, -20.111240899999988 ], [ 164.053861499999982, -20.1153001 ], [ 164.056931099999986, -20.1085595 ], [ 164.0592566, -20.112414099999988 ], [ 164.0616942, -20.111957699999977 ], [ 164.061560499999985, -20.108673 ], [ 164.0567064, -20.1076932 ], [ 164.0598283, -20.106016099999987 ], [ 164.0601, -20.101657600000031 ], [ 164.0632525, -20.1031411 ], [ 164.0725798, -20.123823 ], [ 164.07762409999998, -20.1281422 ], [ 164.0717185, -20.125514299999974 ], [ 164.0693717, -20.126853899999979 ], [ 164.0749875, -20.132427 ], [ 164.0756075, -20.1290087 ], [ 164.076878, -20.132675 ], [ 164.0771368, -20.129077099999989 ], [ 164.0836381, -20.139078400000031 ], [ 164.0840418, -20.144623 ], [ 164.0914166, -20.146719500000028 ], [ 164.0954099, -20.1591035 ], [ 164.0995419, -20.1580526 ], [ 164.098967099999982, -20.1616082 ], [ 164.100355799999988, -20.159276299999988 ], [ 164.1031064, -20.160601900000014 ], [ 164.1002603, -20.1677214 ], [ 164.1030012, -20.164934299999974 ], [ 164.103939, -20.16892170000002 ], [ 164.103389, -20.161547700000011 ], [ 164.1146014, -20.1681287 ], [ 164.113603, -20.172106 ], [ 164.115848199999988, -20.170253399999989 ], [ 164.132736599999987, -20.174885400000029 ], [ 164.1320594, -20.1800427 ], [ 164.136111, -20.1826834 ], [ 164.1372767, -20.187709 ], [ 164.1452607, -20.192761799999982 ], [ 164.1490636, -20.2024846 ], [ 164.163663499999984, -20.2172999 ], [ 164.163429899999983, -20.2255987 ], [ 164.1700741, -20.2340803 ], [ 164.1697375, -20.2373355 ], [ 164.1750973, -20.2382478 ], [ 164.1750051, -20.2404522 ], [ 164.1761419, -20.2376713 ], [ 164.182109699999984, -20.244444100000035 ], [ 164.1976525, -20.2450667 ], [ 164.197838099999984, -20.2496571 ], [ 164.201986799999986, -20.2514629 ], [ 164.200027399999982, -20.24639280000002 ], [ 164.202278299999989, -20.2442551 ], [ 164.2035435, -20.253990799999954 ], [ 164.2042749, -20.25046690000001 ], [ 164.206741199999982, -20.2548069 ], [ 164.207186400000012, -20.252038799999969 ], [ 164.2090433, -20.255194299999985 ], [ 164.2094453, -20.2531213 ], [ 164.219519599999984, -20.267552799999983 ], [ 164.2251794, -20.2704946 ], [ 164.230110299999978, -20.2693469 ], [ 164.233300899999989, -20.2764714 ], [ 164.247748799999982, -20.2836617 ], [ 164.2493055, -20.2824309 ], [ 164.251945399999983, -20.28827380000001 ], [ 164.2587346, -20.2901457 ], [ 164.2551077, -20.29341269999998 ], [ 164.2569331, -20.295758900000038 ], [ 164.263676, -20.2923246 ], [ 164.260342799999989, -20.295703100000047 ], [ 164.2627707, -20.298274100000015 ], [ 164.2643999, -20.2958707 ], [ 164.267762299999987, -20.297236900000026 ], [ 164.2675222, -20.292182199999974 ], [ 164.272657, -20.2970731 ], [ 164.271171899999985, -20.29251810000002 ], [ 164.2745444, -20.289516 ], [ 164.269721299999986, -20.292430899999985 ], [ 164.2683281, -20.289856699999987 ], [ 164.272606599999989, -20.2858033 ], [ 164.2703056, -20.285267799999989 ], [ 164.267439599999989, -20.28927 ], [ 164.267374, -20.2845676 ], [ 164.277697500000016, -20.2822802 ], [ 164.2786284, -20.286868799999962 ], [ 164.2842374, -20.2844169 ], [ 164.286932, -20.289232799999986 ], [ 164.295008, -20.283060599999981 ], [ 164.3012478, -20.2873101 ], [ 164.299367200000034, -20.2892057 ], [ 164.297107, -20.286379700000023 ], [ 164.292651299999989, -20.2889703 ], [ 164.295892, -20.293412100000033 ], [ 164.2915328, -20.294771 ], [ 164.2939668, -20.298389699999966 ], [ 164.2998474, -20.2960877 ], [ 164.298277899999988, -20.304222899999974 ], [ 164.304741600000028, -20.2998138 ], [ 164.3090082, -20.309343099999985 ], [ 164.3054414, -20.309150400000018 ], [ 164.306601, -20.311919399999965 ], [ 164.303214199999985, -20.3116939 ], [ 164.3021853, -20.3149724 ], [ 164.3002792, -20.311918500000015 ], [ 164.291121799999985, -20.3129567 ], [ 164.2866391, -20.3090351 ], [ 164.2884738, -20.311469599999981 ], [ 164.285997, -20.314951200000024 ], [ 164.289514699999984, -20.3147334 ], [ 164.2913207, -20.319061 ], [ 164.293475, -20.3179221 ], [ 164.2940366, -20.322097299999989 ], [ 164.296937, -20.3196022 ], [ 164.2942333, -20.322972399999962 ], [ 164.2962967, -20.3221124 ], [ 164.298449, -20.325287799999984 ], [ 164.2968003, -20.328010899999956 ], [ 164.3046558, -20.326910500000015 ], [ 164.3027736, -20.320423300000027 ], [ 164.3079803, -20.3179601 ], [ 164.304450799999984, -20.32315709999996 ], [ 164.306779299999988, -20.3224476 ], [ 164.307151299999987, -20.3264613 ], [ 164.3078927, -20.3214017 ], [ 164.3091593, -20.322935100000013 ], [ 164.3109072, -20.3206697 ], [ 164.3073344, -20.328065 ], [ 164.309402899999981, -20.329317700000011 ], [ 164.3112027, -20.32536779999997 ], [ 164.311440299999987, -20.327570300000019 ], [ 164.3130074, -20.325585199999974 ], [ 164.3151743, -20.3274254 ], [ 164.312708099999981, -20.323954499999964 ], [ 164.315754699999985, -20.323720100000024 ], [ 164.311963, -20.3192039 ], [ 164.317889654529012, -20.315507054719887 ], [ 164.3175066, -20.320347599999984 ], [ 164.319208697896272, -20.323188520658551 ], [ 164.3129672, -20.3322883 ], [ 164.3164909, -20.332312399999982 ], [ 164.3203867, -20.3274665 ], [ 164.3191085, -20.332305399999971 ], [ 164.3216209, -20.32907 ], [ 164.3204915, -20.325331599999984 ], [ 164.3240147, -20.3257324 ], [ 164.319834499999985, -20.3328483 ], [ 164.321938099999983, -20.3330599 ], [ 164.318138, -20.3361984 ], [ 164.321934, -20.33536740000001 ], [ 164.3185298, -20.34073739999997 ], [ 164.3229998, -20.3409863 ], [ 164.324170899999984, -20.336274300000017 ], [ 164.3267013, -20.3370672 ], [ 164.3254229, -20.34134370000001 ], [ 164.3272169, -20.3411368 ], [ 164.3281897, -20.328766100000013 ], [ 164.3302607, -20.330510099999987 ], [ 164.3281972, -20.335296299999989 ], [ 164.3298327, -20.3386262 ], [ 164.3314392, -20.3321098 ], [ 164.3325499, -20.337133900000037 ], [ 164.335417399999983, -20.3319506 ], [ 164.335690299999982, -20.337618 ], [ 164.330698399999989, -20.340153399999977 ], [ 164.334333099999981, -20.3385903 ], [ 164.3344741, -20.341105399999972 ], [ 164.3386985, -20.338582899999984 ], [ 164.3386146, -20.341159900000015 ], [ 164.340422, -20.3400375 ], [ 164.339212354552558, -20.332219068882388 ], [ 164.341502, -20.3393613 ], [ 164.33950489999998, -20.3440614 ], [ 164.333813099999986, -20.3426635 ], [ 164.335783300000031, -20.346824800000014 ], [ 164.339621099999988, -20.345685299999989 ], [ 164.3384767, -20.3510813 ], [ 164.341530899999981, -20.350465599999989 ], [ 164.340955, -20.346838299999984 ], [ 164.3436213, -20.348050100000048 ], [ 164.3410001, -20.34371359999998 ], [ 164.3443523, -20.341912699999963 ], [ 164.3447281, -20.3379325 ], [ 164.346593099999978, -20.339040199999982 ], [ 164.343725799999987, -20.336248199999975 ], [ 164.347216, -20.3379787 ], [ 164.3457483, -20.343428399999972 ], [ 164.3490994, -20.3399666 ], [ 164.34814129999998, -20.34572630000001 ], [ 164.352103799999981, -20.342473099999957 ], [ 164.3528177, -20.346436099999959 ], [ 164.35416170000002, -20.3427973 ], [ 164.3559372, -20.343549300000014 ], [ 164.3545997525855, -20.347268603798415 ], [ 164.356058, -20.349083 ], [ 164.3587619, -20.3473251 ], [ 164.3525991, -20.353136299999974 ], [ 164.3546974, -20.3545768 ], [ 164.3584022, -20.351533 ], [ 164.353556699999984, -20.3570636 ], [ 164.356185, -20.3555793 ], [ 164.356032299999981, -20.3583152 ], [ 164.358664, -20.3585351 ], [ 164.3568828, -20.354671899999989 ], [ 164.3610311, -20.3545954 ], [ 164.359200499999986, -20.353419599999949 ], [ 164.3607308, -20.350898 ], [ 164.3653421, -20.3556133 ], [ 164.365520899999979, -20.353366200000032 ], [ 164.3678215, -20.354539299999971 ], [ 164.3683409, -20.352494400000015 ], [ 164.359010499999982, -20.348200199999972 ], [ 164.3627352, -20.3476358 ], [ 164.3568938, -20.340624100000028 ], [ 164.3600625, -20.3415789 ], [ 164.3586506, -20.339308200000016 ], [ 164.354111, -20.34128520000003 ], [ 164.3572518, -20.3391836 ], [ 164.3508036, -20.3355847 ], [ 164.359029199999981, -20.338667099999963 ], [ 164.365588399999979, -20.351140499999968 ], [ 164.3774154, -20.351351500000028 ], [ 164.3769888, -20.357678899999989 ], [ 164.3808483, -20.3562636 ], [ 164.3805346, -20.3624082 ], [ 164.382732399999981, -20.3627038 ], [ 164.3839845, -20.357043500000017 ], [ 164.387946299999982, -20.3605031 ], [ 164.385284099999978, -20.35354 ], [ 164.38273719999998, -20.352434400000021 ], [ 164.3793593, -20.355206799999962 ], [ 164.378455799999983, -20.3483931 ], [ 164.3683589, -20.3498005 ], [ 164.372573599999981, -20.348598 ], [ 164.3681005, -20.34739 ], [ 164.3650533, -20.34308679999997 ], [ 164.372376624811722, -20.344546622837587 ], [ 164.3633748, -20.340632 ], [ 164.3618591, -20.3377162 ], [ 164.366449218473861, -20.339289425621001 ], [ 164.3691586, -20.3352062 ], [ 164.3667532, -20.3361536 ], [ 164.366451399999988, -20.333429900000013 ], [ 164.3652563, -20.3354681 ], [ 164.3668817, -20.3310292 ], [ 164.364945299999988, -20.3296719 ], [ 164.362732500000021, -20.333686900000039 ], [ 164.36238849999998, -20.3253876 ], [ 164.3613564, -20.333190500000015 ], [ 164.3603559, -20.331513 ], [ 164.3567984, -20.3334916 ], [ 164.360653499999984, -20.335417699999979 ], [ 164.3575266, -20.3362047 ], [ 164.351053399999984, -20.3336468 ], [ 164.344309899999985, -20.3349786 ], [ 164.347978, -20.331289799999972 ], [ 164.356282599999986, -20.334543 ], [ 164.3507294, -20.3319147 ], [ 164.3523749, -20.3277614 ], [ 164.3491632, -20.32942969999996 ], [ 164.3480385, -20.327124 ], [ 164.3460125, -20.3285169 ], [ 164.3393797, -20.326038 ], [ 164.3409548, -20.3226082 ], [ 164.3387553, -20.3252192 ], [ 164.3369339, -20.3215809 ], [ 164.334220499999986, -20.3246607 ], [ 164.321350699999982, -20.3219409 ], [ 164.3203336, -20.318197099999981 ], [ 164.322447399999987, -20.3209759 ], [ 164.324235499999986, -20.318723199999983 ], [ 164.3261724, -20.3227551 ], [ 164.324657799999983, -20.3191377 ], [ 164.3300031, -20.321158600000047 ], [ 164.335037, -20.319157599999986 ], [ 164.332697599999989, -20.318041499999982 ], [ 164.3322418, -20.3118762 ], [ 164.3352366, -20.305546299999989 ], [ 164.3215744, -20.292234800000017 ], [ 164.3213771, -20.2890082 ], [ 164.3183387, -20.288539199999985 ], [ 164.3124387, -20.2751075 ], [ 164.3139816, -20.273721700000014 ], [ 164.311322599999983, -20.2730953 ], [ 164.3130979, -20.2658517 ], [ 164.3090291, -20.2642986 ], [ 164.305083299999978, -20.2570508 ], [ 164.3076003, -20.246775400000015 ], [ 164.304194599999988, -20.2387611 ], [ 164.3066451, -20.235926400000015 ], [ 164.301484599999981, -20.234196 ], [ 164.3018941, -20.2297304 ], [ 164.3127053, -20.233859799999969 ], [ 164.318120599999986, -20.2311469 ], [ 164.3269666, -20.2326965 ], [ 164.340114199999988, -20.239162699999959 ], [ 164.3462639, -20.237811499999975 ], [ 164.3403994, -20.2394562 ], [ 164.3471614, -20.2446762 ], [ 164.351670899999988, -20.2402835 ], [ 164.35780170000001, -20.2428263 ], [ 164.357486199999983, -20.240224100000013 ], [ 164.360325, -20.2433045 ], [ 164.3582314, -20.24427 ], [ 164.359256, -20.247392 ], [ 164.365017699999981, -20.2520624 ], [ 164.3660243, -20.256412199999989 ], [ 164.3714819, -20.256589 ], [ 164.371514099999985, -20.253919600000028 ], [ 164.372768799999989, -20.2556142 ], [ 164.3716244, -20.2520818 ], [ 164.377435199999979, -20.2581994 ], [ 164.3886138, -20.259507 ], [ 164.389853, -20.263454699999979 ], [ 164.3903694, -20.26075389999998 ], [ 164.390204, -20.262718599999982 ], [ 164.391224699999981, -20.2603548 ], [ 164.397001900000021, -20.2597151 ], [ 164.414054099999987, -20.261471399999984 ], [ 164.4251243, -20.27290480000001 ], [ 164.420670400000034, -20.2765638 ], [ 164.4282785, -20.2733225 ], [ 164.4399544, -20.2754599 ], [ 164.455878, -20.281626199999987 ], [ 164.463501799999989, -20.2884127 ], [ 164.461577799999986, -20.2900117 ], [ 164.463959800000026, -20.2885339 ], [ 164.4716671, -20.2934963 ], [ 164.4700082, -20.2966638 ], [ 164.472365, -20.2935628 ], [ 164.4772456, -20.295518800000018 ], [ 164.484820899999988, -20.293385700000016 ], [ 164.4894914, -20.296210799999987 ], [ 164.486758399999985, -20.2975017 ], [ 164.4874901, -20.302009300000016 ], [ 164.491645299999988, -20.300057099999989 ], [ 164.4928118, -20.303676 ], [ 164.498681299999987, -20.304335600000023 ], [ 164.4996851, -20.3069882 ], [ 164.5014779, -20.30366 ], [ 164.5021803, -20.308532699999986 ], [ 164.5069748, -20.309373099999974 ], [ 164.516017799999986, -20.3170792 ], [ 164.5242314, -20.3189952 ], [ 164.525910499999981, -20.325928699999977 ], [ 164.535005399999989, -20.3317618 ], [ 164.5364492, -20.3283798 ], [ 164.536022299999985, -20.334019300000026 ], [ 164.538296799999983, -20.337339300000028 ], [ 164.5438663, -20.3381087 ], [ 164.5426378, -20.341780299999986 ], [ 164.5480853, -20.344461399999989 ], [ 164.5534692, -20.3427618 ], [ 164.5513281, -20.348269899999988 ], [ 164.560521099999988, -20.3549616 ], [ 164.558160499999985, -20.3577915 ], [ 164.564153399999981, -20.3567213 ], [ 164.5685139, -20.3615284 ], [ 164.5660632, -20.365594299999962 ], [ 164.5721945, -20.365640799999987 ], [ 164.57309859999998, -20.369709200000024 ], [ 164.5781907, -20.3714107 ], [ 164.577182, -20.3762344 ], [ 164.579000213554764, -20.374814082944091 ], [ 164.576249499999989, -20.3799691 ], [ 164.5724746, -20.376240200000048 ], [ 164.5769493, -20.3806973 ], [ 164.5749131, -20.386263 ], [ 164.5791988, -20.385625 ], [ 164.578996599999982, -20.3832676 ], [ 164.5794211, -20.385890200000013 ], [ 164.5818741, -20.385438499999989 ], [ 164.581648299999983, -20.391524299999986 ], [ 164.5870132, -20.3909015 ], [ 164.585934499999979, -20.3949652 ], [ 164.591265199999981, -20.400138500000022 ], [ 164.5896003, -20.4021486 ], [ 164.5913568, -20.400978900000023 ], [ 164.5953011, -20.406010099999985 ], [ 164.5981257, -20.4043174 ], [ 164.595485699999983, -20.408171 ], [ 164.5993383, -20.405235899999983 ], [ 164.601655199999982, -20.412005599999986 ], [ 164.6052077, -20.410751600000012 ], [ 164.6051507, -20.4077431 ], [ 164.6069038, -20.4107577 ], [ 164.6063571, -20.408356800000011 ], [ 164.6085076, -20.4090356 ], [ 164.606328599999983, -20.4081066 ], [ 164.6092913, -20.4090308 ], [ 164.6081561, -20.4121326 ], [ 164.6102692, -20.4094676 ], [ 164.6141819, -20.409739500000018 ], [ 164.6123604, -20.410661 ], [ 164.6141386, -20.4121895 ], [ 164.6163871, -20.409651199999963 ], [ 164.6188119, -20.413991800000019 ], [ 164.6152492, -20.413817399999985 ], [ 164.6161276, -20.416499199999976 ], [ 164.6184343, -20.415312300000032 ], [ 164.6188861, -20.418017499999976 ], [ 164.6217581, -20.417984 ], [ 164.6204764, -20.419400800000041 ], [ 164.626166499999982, -20.4218836 ], [ 164.632860599999987, -20.421210800000036 ], [ 164.650222, -20.4287473 ], [ 164.665649, -20.441240900000032 ], [ 164.673067799999984, -20.4525429 ], [ 164.6919111, -20.4599395 ], [ 164.7009603, -20.468929599999985 ], [ 164.730240899999984, -20.47541129999998 ], [ 164.7557876, -20.4933642 ], [ 164.767275499999982, -20.514900800000031 ], [ 164.771887, -20.516770300000019 ], [ 164.7758505, -20.5245586 ], [ 164.7898185, -20.5372853 ], [ 164.7946365, -20.5387259 ], [ 164.796479299999987, -20.5441346 ], [ 164.7946589, -20.54562790000001 ], [ 164.797647499999982, -20.544784300000021 ], [ 164.8010103, -20.554938 ], [ 164.8043591, -20.555211499999977 ], [ 164.8072238, -20.559730199999983 ], [ 164.8089869, -20.557647199999987 ], [ 164.8184488, -20.5616232 ], [ 164.825245099999989, -20.574701299999983 ], [ 164.823714, -20.575912400000036 ], [ 164.8288379, -20.5808009 ], [ 164.8288162, -20.585017 ], [ 164.839110800000014, -20.595832199999986 ], [ 164.8376221, -20.597857299999987 ], [ 164.839194, -20.596745 ], [ 164.845177, -20.604636500000016 ], [ 164.8475523, -20.611716200000011 ], [ 164.860723, -20.6246521 ], [ 164.8542462, -20.619793300000012 ], [ 164.847992799999986, -20.628057799999983 ], [ 164.832413, -20.6339818 ], [ 164.8463286, -20.6305665 ], [ 164.8558218, -20.6240276 ], [ 164.866547900000029, -20.630287799999969 ], [ 164.875069299999979, -20.626396900000014 ], [ 164.895654399999984, -20.635665 ], [ 164.907732399999986, -20.6448543 ], [ 164.913436499999989, -20.645579899999969 ], [ 164.923608100000024, -20.653967799999954 ], [ 164.92729319999998, -20.662109 ], [ 164.939214599999985, -20.671006200000029 ], [ 164.933045300000032, -20.677879900000033 ], [ 164.9199314, -20.6789806 ], [ 164.914832599999983, -20.674332099999976 ], [ 164.91172469424032, -20.676050383710525 ], [ 164.915561699999984, -20.6753957 ], [ 164.9177211, -20.6803541 ], [ 164.9331214, -20.678623699999953 ], [ 164.934903099999985, -20.680909600000025 ], [ 164.9440198, -20.6818916 ], [ 164.9462859, -20.6876847 ], [ 164.9499315, -20.688287199999952 ], [ 164.9435225, -20.690602200000011 ], [ 164.943919, -20.697957600000031 ], [ 164.932854099999986, -20.698916400000034 ], [ 164.9353792, -20.702961 ], [ 164.9402761, -20.704358700000011 ], [ 164.935281299999986, -20.699188200000034 ], [ 164.94559, -20.6994703 ], [ 164.945873299999988, -20.691041200000029 ], [ 164.9551109, -20.6903685 ], [ 164.954316899999981, -20.6838645 ], [ 164.9647984, -20.682848499999974 ], [ 164.965060699999981, -20.6796612 ], [ 164.9734598, -20.680239499999985 ], [ 164.979424099999989, -20.683775099999984 ], [ 164.981445899999983, -20.6903643 ], [ 164.966724, -20.683986900000022 ], [ 164.9797935, -20.691351899999983 ], [ 164.9828322, -20.6959918 ], [ 164.979659799999979, -20.698131399999987 ], [ 164.989831399999986, -20.6971951 ], [ 164.9935438, -20.7011358 ], [ 164.995216699999986, -20.699086 ], [ 164.9870113, -20.6957637 ], [ 164.986935099999982, -20.6930289 ], [ 164.9853813, -20.6945017 ], [ 164.980719, -20.684919400000013 ], [ 165.0301513, -20.715213299999974 ], [ 165.0229249, -20.716074299999985 ], [ 165.02265890000001, -20.7219556 ], [ 165.021356699999984, -20.7176807 ], [ 165.0184437, -20.7186776 ], [ 165.0222032, -20.7266374 ], [ 165.0262214, -20.7179707 ], [ 165.030691199999978, -20.7168909 ], [ 165.0363362, -20.7253434 ], [ 165.0423534, -20.726987699999974 ], [ 165.0428109, -20.7288966 ], [ 165.0395737, -20.729586100000017 ], [ 165.0424741, -20.73109819999998 ], [ 165.040071, -20.734484 ], [ 165.0446383, -20.7328369 ], [ 165.043715699999979, -20.736935600000013 ], [ 165.050261299999988, -20.7394702 ], [ 165.050098599999984, -20.743007299999988 ], [ 165.055583, -20.7435284 ], [ 165.055921, -20.7415857 ], [ 165.059407599999986, -20.7444704 ], [ 165.042297099999985, -20.7246359 ], [ 165.0702018, -20.739848099999961 ], [ 165.092863, -20.7453866 ], [ 165.116391099999987, -20.7548138 ], [ 165.115800399999983, -20.760739900000015 ], [ 165.11717729999998, -20.755307299999973 ], [ 165.138862099999983, -20.753039199999961 ], [ 165.167844, -20.758014300000021 ], [ 165.1708506, -20.759494499999974 ], [ 165.1695219, -20.7620661 ], [ 165.1676214, -20.758817900000018 ], [ 165.160093599999982, -20.76460770000001 ], [ 165.1625144, -20.767139500000024 ], [ 165.157593, -20.7681149 ], [ 165.167076499999979, -20.767131 ], [ 165.170600799999988, -20.770428599999988 ], [ 165.178307, -20.768106200000013 ], [ 165.1796067, -20.777230400000011 ], [ 165.1724615, -20.7832289 ], [ 165.1791021, -20.780018599999959 ], [ 165.1867416, -20.781994499999989 ], [ 165.1862281, -20.777838900000013 ], [ 165.1809295, -20.7749654 ], [ 165.183659799999987, -20.767852499999989 ], [ 165.181232699999981, -20.7679666 ], [ 165.1864329, -20.7665903 ], [ 165.182098199999984, -20.7671983 ], [ 165.189218399999987, -20.76202 ], [ 165.1972582, -20.761469399999985 ], [ 165.2087052, -20.7658539 ], [ 165.211576899999983, -20.7772051 ], [ 165.2151424, -20.7761531 ], [ 165.212491699999987, -20.7694715 ], [ 165.219181699999979, -20.76573290000001 ], [ 165.2252335, -20.7797887 ], [ 165.2235919, -20.777517499999988 ], [ 165.222600199999988, -20.780563800000053 ], [ 165.2215673, -20.777990299999971 ], [ 165.2190473, -20.781749500000021 ], [ 165.233637700000031, -20.780366300000029 ], [ 165.2379961, -20.773173199999945 ], [ 165.2434093, -20.7741773 ], [ 165.24347179999998, -20.784183700000025 ], [ 165.246896599999985, -20.788162900000021 ], [ 165.257577199999986, -20.7911499 ], [ 165.2567412, -20.784877300000019 ], [ 165.263406799999984, -20.7940621 ], [ 165.257914699999986, -20.7914384 ], [ 165.2626364, -20.80134 ], [ 165.2612945, -20.8150004 ], [ 165.2533613, -20.815823500000015 ], [ 165.259477799999985, -20.8247886 ], [ 165.258247399999988, -20.84346 ], [ 165.25295330000003, -20.845176 ], [ 165.2512557, -20.841732499999978 ], [ 165.252749100000017, -20.848569 ], [ 165.2472181, -20.8477183 ], [ 165.2556198, -20.850330200000013 ], [ 165.2625416, -20.8630327 ], [ 165.260173499999979, -20.8608134 ], [ 165.2572495, -20.8642574 ], [ 165.2529796, -20.86407220000002 ], [ 165.2460112, -20.868393799999989 ], [ 165.2450001, -20.8829634 ], [ 165.249698200000012, -20.8687602 ], [ 165.249704799999989, -20.870505599999948 ], [ 165.2511788, -20.8685928 ], [ 165.2633552, -20.8694322 ], [ 165.2629901, -20.8635036 ], [ 165.2736239, -20.87691820000002 ], [ 165.279838200000029, -20.8799677 ], [ 165.2797137, -20.883642599999988 ], [ 165.2780846, -20.879905700000048 ], [ 165.273213199999987, -20.880766500000032 ], [ 165.278453, -20.8897721 ], [ 165.291162599999979, -20.8912291 ], [ 165.293728499999986, -20.89374 ], [ 165.291689700000035, -20.891614200000028 ], [ 165.2935695, -20.891501 ], [ 165.2970373, -20.8959574 ], [ 165.298797143031692, -20.895625375021119 ], [ 165.2997145, -20.904152099999983 ], [ 165.314732699999979, -20.917556199999982 ], [ 165.318403599999982, -20.926668600000021 ], [ 165.333162, -20.9341662 ], [ 165.33602209999998, -20.9380841 ], [ 165.339754199999987, -20.9353669 ], [ 165.349357199999986, -20.935020099999956 ], [ 165.355488799999989, -20.93841979999997 ], [ 165.3721831, -20.9343877 ], [ 165.376613099999986, -20.935335899999966 ], [ 165.3784863, -20.9387099 ], [ 165.3770611, -20.9356476 ], [ 165.3877161, -20.9358827 ], [ 165.3954029, -20.9393414 ], [ 165.399617299999989, -20.9381516 ], [ 165.4141013, -20.94611740000002 ], [ 165.416192599999988, -20.955109 ], [ 165.4090473, -20.9639263 ], [ 165.4093445, -20.969166799999954 ], [ 165.4067748, -20.9755109 ], [ 165.401481599999983, -20.9796023 ], [ 165.4001237, -20.9882264 ], [ 165.4068278, -21.00499180000001 ], [ 165.404767699999979, -21.0091357 ], [ 165.397326699999979, -21.011764100000022 ], [ 165.381398099999984, -21.0119562 ], [ 165.3778371, -21.007713 ], [ 165.3699313, -21.008096399999978 ], [ 165.3706664, -21.0111445 ], [ 165.362710199999981, -21.012054499999952 ], [ 165.367532899999986, -21.0152075 ], [ 165.3626256, -21.0188197 ], [ 165.367851, -21.0208353 ], [ 165.3794114, -21.012797299999988 ], [ 165.384629, -21.0192356 ], [ 165.3808335, -21.0216436 ], [ 165.38165189999998, -21.0244676 ], [ 165.386600099999981, -21.018917600000016 ], [ 165.3849994, -21.0154076 ], [ 165.3967576, -21.0127408 ], [ 165.3969362, -21.020054 ], [ 165.401624799999979, -21.0233171 ], [ 165.404555099999982, -21.030708699999984 ], [ 165.4040391, -21.046930199999988 ], [ 165.40619, -21.05682309999996 ], [ 165.409265299999987, -21.059674100000024 ], [ 165.4071, -21.0607629 ], [ 165.416088799999983, -21.064446699999987 ], [ 165.419575, -21.0745543 ], [ 165.438735499999979, -21.089495 ], [ 165.4259218, -21.094521 ], [ 165.4276615, -21.1002125 ], [ 165.425237, -21.101833 ], [ 165.4281313, -21.100299199999988 ], [ 165.426687, -21.094792699999982 ], [ 165.4322913, -21.093729 ], [ 165.428140899999988, -21.0963184 ], [ 165.4381889, -21.092395599999978 ], [ 165.441383699999989, -21.095313900000022 ], [ 165.4401709, -21.0923042 ], [ 165.444280500000019, -21.094462799999988 ], [ 165.447136299999983, -21.1016463 ], [ 165.4625074, -21.104920300000018 ], [ 165.4818334, -21.113294 ], [ 165.490383799999989, -21.1258294 ], [ 165.483268899999985, -21.132709299999952 ], [ 165.4881792, -21.1426779 ], [ 165.482453592153547, -21.146223821437591 ], [ 165.485028199999988, -21.1463257 ], [ 165.48249210000003, -21.146964499999982 ], [ 165.482850099999979, -21.1496015 ], [ 165.4826297, -21.147112400000019 ], [ 165.4867554, -21.1474902 ], [ 165.487165799999985, -21.144102 ], [ 165.4896191, -21.143733699999984 ], [ 165.489357, -21.146198 ], [ 165.4924011, -21.1449725 ], [ 165.4901084, -21.1431422 ], [ 165.4928525, -21.144725700000013 ], [ 165.490500842288867, -21.141528965212686 ], [ 165.4940628, -21.135365300000011 ], [ 165.526705199999981, -21.130262300000044 ], [ 165.5411245, -21.134270399999956 ], [ 165.5488101, -21.139797199999951 ], [ 165.535873, -21.1485537 ], [ 165.538665399999985, -21.1535252 ], [ 165.5425083, -21.154341 ], [ 165.5476271, -21.1487368 ], [ 165.5506006, -21.1498826 ], [ 165.5586458, -21.1464259 ], [ 165.5845668, -21.170572100000012 ], [ 165.6098361, -21.1813067 ], [ 165.618998399999981, -21.2042249 ], [ 165.6101875, -21.208478299999964 ], [ 165.5998217, -21.207331899999989 ], [ 165.593497499999984, -21.2020632 ], [ 165.5820349, -21.1987968 ], [ 165.58165649999998, -21.1959331 ], [ 165.5681645, -21.193066300000027 ], [ 165.559987299999989, -21.183003399999969 ], [ 165.551572599999986, -21.181380300000022 ], [ 165.547223399999979, -21.1885438 ], [ 165.5507615, -21.189342499999977 ], [ 165.5526979, -21.1937795 ], [ 165.557473329350131, -21.19402038150497 ], [ 165.55641319999998, -21.188090200000016 ], [ 165.558863699999989, -21.190918699999962 ], [ 165.557723701822056, -21.194033006960087 ], [ 165.5590345, -21.1940991 ], [ 165.570898344263725, -21.202517814509012 ], [ 165.5734842, -21.205799 ], [ 165.5728507, -21.204108600000012 ], [ 165.601253, -21.2247869 ], [ 165.5997284, -21.2269961 ], [ 165.601538, -21.225941499999969 ], [ 165.606176299999987, -21.238212099999984 ], [ 165.614712699999984, -21.2458184 ], [ 165.6110688, -21.2494252 ], [ 165.612886690502421, -21.250607399122696 ], [ 165.6152649, -21.247297499999977 ], [ 165.6178688, -21.255231099999982 ], [ 165.6246703, -21.2609839 ], [ 165.6250785, -21.2692662 ], [ 165.625442699999979, -21.2651189 ], [ 165.627424199999979, -21.2660427 ], [ 165.6242828, -21.2708669 ], [ 165.623493506475057, -21.271221920210291 ], [ 165.624239099999983, -21.271309800000012 ], [ 165.622597122030584, -21.273453013264241 ], [ 165.6200361, -21.273522900000032 ], [ 165.620556355465993, -21.272542987805849 ], [ 165.618649299999987, -21.273400699999982 ], [ 165.6185835, -21.275353599999988 ], [ 165.624005899999986, -21.2760347 ], [ 165.62052989999998, -21.279682 ], [ 165.6325838, -21.273514800000019 ], [ 165.6354987, -21.2800248 ], [ 165.635070099999979, -21.2757466 ], [ 165.6371748, -21.2752077 ], [ 165.637884443993784, -21.277533022214694 ], [ 165.6407662, -21.273422600000021 ], [ 165.640047400000014, -21.269664500000033 ], [ 165.650835199999989, -21.278589299999989 ], [ 165.658087, -21.278828099999988 ], [ 165.672878699999984, -21.2864993 ], [ 165.6952837, -21.285790800000015 ], [ 165.703483799999987, -21.290444700000013 ], [ 165.714764399999979, -21.303766399999969 ], [ 165.736610099999979, -21.2975016 ], [ 165.7394927, -21.294209 ], [ 165.743164799999988, -21.298485 ], [ 165.759941199999986, -21.2991589 ], [ 165.781614499999989, -21.3211561 ], [ 165.785826800000024, -21.3295767 ], [ 165.78159941012413, -21.327246362012673 ], [ 165.783284499999979, -21.3308183 ], [ 165.773025099999984, -21.3306736 ], [ 165.7802412, -21.333075300000019 ], [ 165.7684184, -21.336914900000014 ], [ 165.767109315820704, -21.338789422637035 ], [ 165.7816023, -21.332688 ], [ 165.783925899999986, -21.335074900000038 ], [ 165.7854567, -21.33189609999998 ], [ 165.785812599999986, -21.334344199999986 ], [ 165.7858536, -21.329991 ], [ 165.7887251, -21.34073990000001 ], [ 165.7930945, -21.3456973 ], [ 165.8043348, -21.3444 ], [ 165.807622399999985, -21.346439 ], [ 165.800997, -21.351168 ], [ 165.798319599999985, -21.3611531 ], [ 165.801483599999983, -21.355502299999987 ], [ 165.804988, -21.357458899999976 ], [ 165.8200995, -21.3516886 ], [ 165.821515799999986, -21.356345299999965 ], [ 165.8267569, -21.355016500000023 ], [ 165.832879599999984, -21.360211199999959 ], [ 165.8217574, -21.36718350000001 ], [ 165.826733599999983, -21.376483 ], [ 165.8186306, -21.3782784 ], [ 165.822903199999985, -21.3856228 ], [ 165.818808600000011, -21.390222900000012 ], [ 165.821769599999982, -21.395329899999972 ], [ 165.823091002961348, -21.391974932702553 ], [ 165.824845293835097, -21.390506900281036 ], [ 165.824708700000031, -21.3903523 ], [ 165.8266205, -21.3880205 ], [ 165.832233299999984, -21.393537099999978 ], [ 165.8305224, -21.396932 ], [ 165.830366251091647, -21.396755287687753 ], [ 165.830510299999986, -21.397881399999985 ], [ 165.833556, -21.397724900000011 ], [ 165.8345937, -21.408560400000042 ], [ 165.843906899999979, -21.414484200000015 ], [ 165.8463399, -21.420508899999987 ], [ 165.85066759999998, -21.418352 ], [ 165.858631299999985, -21.420975699999989 ], [ 165.860340899999983, -21.417564200000015 ], [ 165.865329799999984, -21.424151899999984 ], [ 165.861382599999985, -21.4168323 ], [ 165.8573505, -21.416935400000018 ], [ 165.8455444, -21.407072299999967 ], [ 165.846946399999979, -21.4033084 ], [ 165.841395300000016, -21.396502099999978 ], [ 165.840582, -21.3907187 ], [ 165.834407699999986, -21.386539 ], [ 165.842263, -21.3826033 ], [ 165.843857, -21.373236899999974 ], [ 165.861852699999986, -21.371589400000026 ], [ 165.8717154, -21.393624900000017 ], [ 165.8843039, -21.397799699999986 ], [ 165.875603, -21.3852916 ], [ 165.8766159, -21.381728300000013 ], [ 165.8826177, -21.377798700000014 ], [ 165.8817652, -21.365642099999985 ], [ 165.871772199999981, -21.3553946 ], [ 165.884507, -21.356333300000017 ], [ 165.89609249999998, -21.3729026 ], [ 165.897497500000014, -21.379456 ], [ 165.914285399999983, -21.40045580000001 ], [ 165.9156707, -21.404487299999982 ], [ 165.9129883, -21.4114784 ], [ 165.924943499999983, -21.416242900000011 ], [ 165.9487, -21.4439116 ], [ 165.9503231, -21.4502973 ], [ 165.9474821, -21.4513114 ], [ 165.946819299999987, -21.4571375 ], [ 165.94868839999998, -21.4659509 ], [ 165.934304799999978, -21.4570028 ], [ 165.924166, -21.460182599999989 ], [ 165.9218981, -21.4583143 ], [ 165.920001, -21.466229399999971 ], [ 165.9242674, -21.466497200000017 ], [ 165.92554, -21.469682100000021 ], [ 165.932941, -21.465440399999984 ], [ 165.9335931, -21.470508200000019 ], [ 165.938421, -21.474403299999956 ], [ 165.9748726, -21.494667400000015 ], [ 165.971500099999986, -21.50116 ], [ 165.9587157, -21.4949187 ], [ 165.952371199999988, -21.4966168 ], [ 165.9583365, -21.503372600000027 ], [ 165.95556879999998, -21.5086104 ], [ 165.959997499999986, -21.507686599999953 ], [ 165.95791029999998, -21.509343700000016 ], [ 165.961964699999982, -21.510189300000036 ], [ 165.958875399999982, -21.514530300000029 ], [ 165.9611457, -21.5164011 ], [ 165.968502100000023, -21.516700800000031 ], [ 165.9695217, -21.5063496 ], [ 165.9704413, -21.51611489999998 ], [ 165.9677561, -21.517272300000013 ], [ 165.9764313, -21.5224688 ], [ 165.9726231, -21.522769600000021 ], [ 165.9723272, -21.5268571 ], [ 165.9764023, -21.526220299999988 ], [ 165.97764, -21.5210023 ], [ 165.980584025735737, -21.522815655472776 ], [ 165.9820298, -21.521311199999985 ], [ 165.977283, -21.5202928 ], [ 165.9761332, -21.5134404 ], [ 165.9888709, -21.510580899999979 ], [ 165.9895042, -21.50314590000001 ], [ 165.9950754, -21.4994638 ], [ 165.9892549, -21.493882800000026 ], [ 165.991743145573793, -21.483682220588094 ], [ 165.9909151, -21.48184890000001 ], [ 165.981437199999988, -21.47920390000003 ], [ 165.9748521, -21.473819700000014 ], [ 165.9805589, -21.469589 ], [ 165.9818702, -21.4722957 ], [ 165.986889199999979, -21.470580399999974 ], [ 165.987992599999984, -21.466998 ], [ 165.978446199999979, -21.462077700000016 ], [ 165.9746958, -21.4620523 ], [ 165.9728825, -21.4654572 ], [ 165.9694814, -21.4644566 ], [ 165.972930199999979, -21.456468 ], [ 165.9625862, -21.455625400000034 ], [ 165.967055599999981, -21.449483799999967 ], [ 165.967573, -21.4405362 ], [ 165.9621339, -21.4331289 ], [ 165.9628554, -21.4286734 ], [ 165.9573148, -21.427452199999976 ], [ 165.953212899999983, -21.413917699999974 ], [ 165.9541338, -21.4087207 ], [ 165.958885399999986, -21.4046865 ], [ 165.9755118, -21.4115767 ], [ 165.9846708, -21.4271806 ], [ 165.992627299999981, -21.4274478 ], [ 165.99102, -21.435211 ], [ 165.994650899999982, -21.4361472 ], [ 165.9983599, -21.441594099999989 ], [ 166.00687259999998, -21.440661800000015 ], [ 166.006649399999986, -21.44724229999996 ], [ 166.011561699999987, -21.4532349 ], [ 166.0166499, -21.454103699999976 ], [ 166.0213166, -21.450511500000019 ], [ 166.019656799999979, -21.4577571 ], [ 166.022770799999989, -21.4598298 ], [ 166.02848419999998, -21.4567055 ], [ 166.031009100000034, -21.460878 ], [ 166.0358005, -21.458663599999984 ], [ 166.0338501, -21.4650483 ], [ 166.03752609999998, -21.467079799999976 ], [ 166.0461999, -21.4613084 ], [ 166.050917299999981, -21.465934800000031 ], [ 166.0584356, -21.465408100000012 ], [ 166.0534926, -21.4738541 ], [ 166.0435353, -21.4768528 ], [ 166.039495599999981, -21.4840135 ], [ 166.043501, -21.488561 ], [ 166.051304, -21.4856894 ], [ 166.0582863, -21.4862456 ], [ 166.061206199999987, -21.493710600000011 ], [ 166.068680699999987, -21.4921282 ], [ 166.0637547, -21.498517199999984 ], [ 166.065594899999979, -21.5021469 ], [ 166.0621564, -21.5064136 ], [ 166.072078, -21.519600400000012 ], [ 166.0684536, -21.521355599999971 ], [ 166.070387, -21.5255064 ], [ 166.0675678, -21.5273511 ], [ 166.0570363, -21.527204300000019 ], [ 166.054232775373549, -21.528301488799091 ], [ 166.0508538, -21.5345337 ], [ 166.050671045549137, -21.533485856123207 ], [ 166.041565099999985, -21.539699 ], [ 166.042084526178712, -21.541059885684046 ], [ 166.043748599999986, -21.5389542 ], [ 166.043169899999981, -21.541815399999983 ], [ 166.0461827, -21.5434053 ], [ 166.043237799999986, -21.5417287 ], [ 166.0463364, -21.536615900000012 ], [ 166.0522478, -21.535088299999973 ], [ 166.047597299999978, -21.5388073 ], [ 166.05223669999998, -21.53761440000002 ], [ 166.0555732, -21.52847 ], [ 166.0634499, -21.531258200000043 ], [ 166.0670821, -21.528432500000022 ], [ 166.0701727, -21.533181400000014 ], [ 166.0840993, -21.529873 ], [ 166.0848771, -21.5326879 ], [ 166.084919099999979, -21.528097 ], [ 166.089597799999979, -21.5233746 ], [ 166.088598499999989, -21.513787300000011 ], [ 166.0958052, -21.5126301 ], [ 166.105828399999979, -21.516806 ], [ 166.1144086, -21.514062 ], [ 166.120065399999987, -21.515055700000012 ], [ 166.1269996, -21.520704399999964 ], [ 166.1313513, -21.5304672 ], [ 166.148293699999982, -21.541993100000042 ], [ 166.131504399999983, -21.550433900000048 ], [ 166.112404199999986, -21.552723600000043 ], [ 166.1073825, -21.559253300000044 ], [ 166.1032501, -21.5593574 ], [ 166.104971399999982, -21.563392900000025 ], [ 166.0990477, -21.5742781 ], [ 166.0752363, -21.581943699999982 ], [ 166.066691699999978, -21.580208 ], [ 166.061062599999985, -21.584395 ], [ 166.0529527, -21.5975618 ], [ 166.05519750000002, -21.624841900000021 ], [ 166.044133, -21.63037640000001 ], [ 166.0376052, -21.637875799999978 ], [ 166.027530499999983, -21.641632699999981 ], [ 165.9990824, -21.627134 ], [ 165.9961347, -21.627887500000018 ], [ 165.987652, -21.6153763 ], [ 165.9804327, -21.61531 ], [ 165.9745193, -21.612161599999986 ], [ 165.9679055, -21.602973700000021 ], [ 165.958659899999986, -21.6011613 ], [ 165.956817299999983, -21.5972234 ], [ 165.937962299999981, -21.5958851 ], [ 165.921427599999987, -21.6130341 ], [ 165.894191399999983, -21.6115548 ], [ 165.8847255, -21.607544 ], [ 165.874114, -21.6121863 ], [ 165.8656373, -21.601626099999987 ], [ 165.855233, -21.60591260000005 ], [ 165.8419715, -21.605998900000039 ], [ 165.839655, -21.6009789 ], [ 165.843243, -21.588073099999978 ], [ 165.8180132, -21.5590125 ], [ 165.8085592, -21.5574029 ], [ 165.8078212, -21.56603990000001 ], [ 165.8046531, -21.567512 ], [ 165.7910056, -21.54942680000001 ], [ 165.776181899999983, -21.5479937 ], [ 165.7764406, -21.5438943 ], [ 165.771019, -21.538556299999975 ], [ 165.7659937, -21.538165299999989 ], [ 165.7601077, -21.5335319 ], [ 165.7389426, -21.535917100000031 ], [ 165.7229647, -21.52788910000001 ], [ 165.715562299999988, -21.5205203 ], [ 165.7074041, -21.521172399999983 ], [ 165.700255, -21.5157229 ], [ 165.6991981, -21.5192209 ], [ 165.685119, -21.5210841 ], [ 165.6745675, -21.514224100000014 ], [ 165.66155150000003, -21.5237471 ], [ 165.6523056, -21.514071299999987 ], [ 165.6393395, -21.507661100000011 ], [ 165.636714499999982, -21.501979600000031 ], [ 165.6234938, -21.498726299999966 ], [ 165.619388, -21.4883717 ], [ 165.600497700000034, -21.4770015 ], [ 165.5987778, -21.471877500000012 ], [ 165.5911597, -21.470287399999979 ], [ 165.5831039, -21.4745135 ], [ 165.575517599999984, -21.4711596 ], [ 165.5714716, -21.4723325 ], [ 165.562734, -21.461616599999974 ], [ 165.5729225, -21.450647799999984 ], [ 165.573117199999984, -21.4464333 ], [ 165.5658718, -21.441543400000011 ], [ 165.5623022, -21.4443601 ], [ 165.559902099999988, -21.4380542 ], [ 165.561255499999987, -21.433334500000029 ], [ 165.556038199999989, -21.432546699999985 ], [ 165.55648069999998, -21.428163800000018 ], [ 165.5490595, -21.426868 ], [ 165.537951199999981, -21.419510500000015 ], [ 165.5263076, -21.420974899999969 ], [ 165.521859899999981, -21.4281923 ], [ 165.513565699999987, -21.430219499999978 ], [ 165.5044686, -21.422679 ], [ 165.500063499999982, -21.412931500000028 ], [ 165.491046399999988, -21.4101611 ], [ 165.486884899999978, -21.412540600000035 ], [ 165.479896699999983, -21.406679199999971 ], [ 165.4666991, -21.419510299999988 ], [ 165.4658069, -21.423964700000035 ], [ 165.458461199999988, -21.426822099999988 ], [ 165.456344799999982, -21.4305797 ], [ 165.450546200000019, -21.43295250000001 ], [ 165.442659400000025, -21.4317398 ], [ 165.435485, -21.4442384 ], [ 165.4277008, -21.4412855 ], [ 165.425093799999985, -21.436871300000021 ], [ 165.4171024, -21.434026 ], [ 165.414739, -21.426879 ], [ 165.39695949999998, -21.418742199999976 ], [ 165.383591599999988, -21.4181321 ], [ 165.374512, -21.411793499999987 ], [ 165.3741178, -21.393616899999987 ], [ 165.3704505, -21.382718699999987 ], [ 165.3639143, -21.37700730000001 ], [ 165.3633266, -21.370407799999988 ], [ 165.35937, -21.3648923 ], [ 165.3459186, -21.3607738 ], [ 165.3361927, -21.362594799999982 ], [ 165.336865, -21.365894800000017 ], [ 165.33295769999998, -21.3647903 ], [ 165.3115128, -21.349154300000016 ], [ 165.3073023, -21.351168 ], [ 165.303882499999986, -21.3467184 ], [ 165.2956284, -21.343386 ], [ 165.2876707, -21.3454867 ], [ 165.285786699999989, -21.3505861 ], [ 165.2772411, -21.354110700000017 ], [ 165.2635522, -21.3693652 ], [ 165.2428424, -21.369037500000019 ], [ 165.236917799999986, -21.3673927 ], [ 165.2309367, -21.3618222 ], [ 165.2197602, -21.360088700000027 ], [ 165.2162485, -21.362716100000014 ], [ 165.205568100000022, -21.36259780000001 ], [ 165.200236599999982, -21.3588003 ], [ 165.2019685, -21.3553733 ], [ 165.195313199999987, -21.3507171 ], [ 165.177016, -21.3577476 ], [ 165.167564199999987, -21.355805400000033 ], [ 165.1604092, -21.3604312 ], [ 165.1539847, -21.3594036 ], [ 165.1497048, -21.367623200000011 ], [ 165.1469467, -21.368138599999988 ], [ 165.1466863, -21.3613544 ], [ 165.1421914, -21.361331299999989 ], [ 165.1438407, -21.3582821 ], [ 165.1372103, -21.360151700000042 ], [ 165.140981399999987, -21.3583338 ], [ 165.137886899999984, -21.3591997 ], [ 165.139824299999987, -21.356466200000025 ], [ 165.147271800000027, -21.355559 ], [ 165.15417069999998, -21.349321600000014 ], [ 165.1576824, -21.3518498 ], [ 165.155145299999987, -21.3488255 ], [ 165.1572578, -21.3470919 ], [ 165.15522439999998, -21.3456101 ], [ 165.152986699999985, -21.3495623 ], [ 165.152855499999987, -21.346498499999988 ], [ 165.14745929999998, -21.3478339 ], [ 165.146152439983922, -21.350146301790666 ], [ 165.142383604297322, -21.348327323472077 ], [ 165.1413354, -21.350625 ], [ 165.1438087, -21.3498103 ], [ 165.144528799999989, -21.35209960000002 ], [ 165.142044199999987, -21.353273800000032 ], [ 165.1400325, -21.350022700000011 ], [ 165.137536399999988, -21.351645199999989 ], [ 165.140777599999979, -21.3452455 ], [ 165.136448200000018, -21.3463383 ], [ 165.138362, -21.341744800000019 ], [ 165.1334884, -21.3465914 ], [ 165.137853299999989, -21.340514099999961 ], [ 165.135491699999989, -21.339800799999981 ], [ 165.139073699999983, -21.3375704 ], [ 165.1278237, -21.339723200000012 ], [ 165.136789170280451, -21.336050863694759 ], [ 165.1360991, -21.3356669 ], [ 165.128264, -21.339102 ], [ 165.125904, -21.3361941 ], [ 165.129121199999986, -21.337682200000021 ], [ 165.136236, -21.33488119999998 ], [ 165.134490699999986, -21.335331100000023 ], [ 165.1359914, -21.3313898 ], [ 165.131430599999987, -21.332904199999987 ], [ 165.1329336, -21.3307504 ], [ 165.12949709999998, -21.328592 ], [ 165.124702800000023, -21.331474599999986 ], [ 165.1241389, -21.3351953 ], [ 165.124052357874632, -21.335170289575021 ], [ 165.1251275, -21.3380779 ], [ 165.121418399999982, -21.340767499999988 ], [ 165.122835800000018, -21.335223900000017 ], [ 165.119427299999984, -21.3368709 ], [ 165.1083209, -21.3350551 ], [ 165.1112482, -21.3399544 ], [ 165.1079221, -21.338827499999979 ], [ 165.115085099999988, -21.34517970000001 ], [ 165.112581899999981, -21.3464936 ], [ 165.1074614, -21.3425431 ], [ 165.1024438, -21.3425495 ], [ 165.1020264, -21.350926299999983 ], [ 165.0981961, -21.3536523 ], [ 165.1047527, -21.36304810000005 ], [ 165.1018403, -21.365441900000018 ], [ 165.104481099999987, -21.3651003 ], [ 165.0943366, -21.371450500000019 ], [ 165.0923084, -21.378652300000013 ], [ 165.087658, -21.3804415 ], [ 165.088706, -21.382582299999982 ], [ 165.083206599999983, -21.3899923 ], [ 165.0722556, -21.3912064 ], [ 165.07025729999998, -21.388327300000036 ], [ 165.071724499999988, -21.3832471 ], [ 165.068542799999989, -21.380395600000018 ], [ 165.07224309999998, -21.379188499999987 ], [ 165.0662662, -21.3786363 ], [ 165.0645552, -21.3753143 ], [ 165.0672559, -21.371326899999989 ], [ 165.0610963, -21.3727881 ], [ 165.0626456, -21.3735326 ], [ 165.059078199999988, -21.377201 ], [ 165.057103600000033, -21.3754299 ], [ 165.0614286, -21.368398699999975 ], [ 165.0590105, -21.3670333 ], [ 165.0615091, -21.3635824 ], [ 165.0590846, -21.3577818 ], [ 165.061901799999987, -21.3578252 ], [ 165.0601098, -21.353864 ], [ 165.056311199999982, -21.355865499999965 ], [ 165.055618, -21.359756 ], [ 165.0536483, -21.3587901 ], [ 165.0536836, -21.354463 ], [ 165.0571009, -21.351532399999964 ], [ 165.055083199999984, -21.34674 ], [ 165.0568849, -21.3435109 ], [ 165.0552702, -21.3452391 ], [ 165.052906299999989, -21.343026 ], [ 165.0519334, -21.346237599999988 ], [ 165.0448073, -21.343710099999981 ], [ 165.044215899999983, -21.33813020000003 ], [ 165.044377299999979, -21.344006400000016 ], [ 165.0364459, -21.342813699999983 ], [ 165.0375584, -21.337703199999982 ], [ 165.03380439999998, -21.339124699999989 ], [ 165.0352503, -21.334772400000016 ], [ 165.027548699999983, -21.330021699999985 ], [ 165.016492, -21.3454339 ], [ 165.011281699999984, -21.346511799999977 ], [ 165.0083889, -21.343572199999976 ], [ 165.008533700000015, -21.3384295 ], [ 165.020564399999984, -21.3321625 ], [ 165.0262108, -21.3166093 ], [ 165.0173608, -21.3123056 ], [ 165.0119655, -21.315993699999982 ], [ 165.0122733, -21.312116499999988 ], [ 165.010467299999988, -21.3123255 ], [ 164.9995365, -21.335684099999984 ], [ 164.994399099999981, -21.336614100000016 ], [ 164.9949058, -21.33356130000001 ], [ 164.9907509, -21.332111 ], [ 164.987621, -21.335253900000016 ], [ 164.9837785, -21.323012599999988 ], [ 164.9885084, -21.313409899999982 ], [ 164.997992899999986, -21.3103525 ], [ 165.000349299999982, -21.301837799999984 ], [ 164.995989, -21.309687699999955 ], [ 164.9917054, -21.304904199999982 ], [ 164.9922698, -21.3078228 ], [ 164.988253899999989, -21.310237500000017 ], [ 164.9843041, -21.3084104 ], [ 164.984564899999981, -21.3057171 ], [ 164.983273699999984, -21.309187 ], [ 164.977856399999979, -21.307235200000026 ], [ 164.970022699999987, -21.3238027 ], [ 164.9797322, -21.33823379999998 ], [ 164.9764328, -21.341322400000038 ], [ 164.9715651, -21.3397288 ], [ 164.971538900000013, -21.35139010000001 ], [ 164.96242490000003, -21.351828199999989 ], [ 164.9521971, -21.358047299999981 ], [ 164.9472841, -21.357068399999989 ], [ 164.9356377, -21.340951500000024 ], [ 164.9385858, -21.337160200000017 ], [ 164.94644169999998, -21.3345879 ], [ 164.947015, -21.328676 ], [ 164.9496504, -21.3299155 ], [ 164.9542324, -21.3266556 ], [ 164.9496598, -21.329038500000031 ], [ 164.9461612, -21.325391200000034 ], [ 164.9389335, -21.3262104 ], [ 164.935677799999979, -21.323618499999981 ], [ 164.946123, -21.3102831 ], [ 164.945697300000035, -21.304300599999966 ], [ 164.9503737, -21.299476199999972 ], [ 164.948881299999982, -21.2927528 ], [ 164.934917399999989, -21.290036099999984 ], [ 164.93388969999998, -21.2871429 ], [ 164.922266899999983, -21.2820275 ], [ 164.9164285, -21.28446539999997 ], [ 164.9184391, -21.2821083 ], [ 164.9094389, -21.2762221 ], [ 164.9108963, -21.2703497 ], [ 164.9011553, -21.263782 ], [ 164.893898299999989, -21.2438117 ], [ 164.8903949, -21.2426242 ], [ 164.8838848, -21.2328942 ], [ 164.8851224, -21.2356087 ], [ 164.8675, -21.227437799999983 ], [ 164.8598907, -21.210555899999974 ], [ 164.8655349, -21.2156745 ], [ 164.8652612, -21.2096612 ], [ 164.8626635, -21.21301129999997 ], [ 164.8610285, -21.2083747 ], [ 164.868198, -21.209714399999974 ], [ 164.8679162, -21.206528 ], [ 164.851964600000031, -21.20081579999998 ], [ 164.8546135, -21.201226900000023 ], [ 164.848739300000034, -21.195435499999977 ], [ 164.849525199999988, -21.1919799 ], [ 164.84780809999998, -21.1949324 ], [ 164.8439061, -21.1920966 ], [ 164.8392403, -21.183650499999988 ], [ 164.8429922, -21.179084800000034 ], [ 164.84304419999998, -21.1728312 ], [ 164.8448329, -21.1746272 ], [ 164.8464693, -21.173062499999951 ], [ 164.843657399999984, -21.1719451 ], [ 164.8438003, -21.1675409 ], [ 164.8426115, -21.169966100000021 ], [ 164.8403959, -21.1676397 ], [ 164.8408088, -21.1717214 ], [ 164.838089599999989, -21.173995700000038 ], [ 164.832324799999981, -21.1761269 ], [ 164.8288296, -21.1745738 ], [ 164.832038, -21.1719769 ], [ 164.8294534, -21.171846599999984 ], [ 164.829774, -21.1666261 ], [ 164.8314134, -21.168406299999987 ], [ 164.8340154, -21.1638477 ], [ 164.8328287, -21.157236800000032 ], [ 164.8398573, -21.149057899999985 ], [ 164.8494896, -21.1446225 ], [ 164.8514724, -21.1477587 ], [ 164.858560899999986, -21.14191240000002 ], [ 164.861598, -21.14491670000001 ], [ 164.861161, -21.1387561 ], [ 164.8574399, -21.139112 ], [ 164.8613772, -21.138333299999964 ], [ 164.862087, -21.1343193 ], [ 164.858202134273284, -21.132721677815692 ], [ 164.8568267, -21.134188499999976 ], [ 164.8529919, -21.132238199999989 ], [ 164.8598882, -21.1303368 ], [ 164.859191, -21.1273915 ], [ 164.8621967, -21.1245969 ], [ 164.8662066, -21.1228271 ], [ 164.870330699999982, -21.1244837 ], [ 164.86416330000003, -21.119023800000047 ], [ 164.8549564, -21.118162499999979 ], [ 164.8551148, -21.111242799999989 ], [ 164.8672961, -21.1073145 ], [ 164.8562193, -21.100546399999988 ], [ 164.8527665, -21.1055421 ], [ 164.8426102, -21.105599599999984 ], [ 164.841250699999989, -21.1095476 ], [ 164.8375498, -21.107813699999987 ], [ 164.8352702, -21.115377 ], [ 164.8317243, -21.1147136 ], [ 164.8322964, -21.106845599999982 ], [ 164.828299300000026, -21.1016268 ], [ 164.8183315, -21.098691399999986 ], [ 164.8145524, -21.100587300000015 ], [ 164.8127456, -21.0979336 ], [ 164.8114171, -21.1003254 ], [ 164.8144375, -21.1004597 ], [ 164.8075599, -21.102728599999981 ], [ 164.8034318, -21.1081737 ], [ 164.801901599999979, -21.106860199999986 ], [ 164.802405099999987, -21.0984047 ], [ 164.7994171, -21.096672700000031 ], [ 164.800899, -21.092902599999988 ], [ 164.8061722, -21.091851499999972 ], [ 164.8068858, -21.094582400000018 ], [ 164.8135351, -21.0941261 ], [ 164.822582499999982, -21.098962700000023 ], [ 164.8249293, -21.093401899999979 ], [ 164.8293969, -21.090981099999965 ], [ 164.828801, -21.086910700000011 ], [ 164.834759, -21.0884873 ], [ 164.830958899999985, -21.091514900000018 ], [ 164.8404219, -21.0908651 ], [ 164.841395399999982, -21.087062699999986 ], [ 164.8384456, -21.084497199999969 ], [ 164.841857399999981, -21.081214 ], [ 164.8464401, -21.0829485 ], [ 164.845586310843231, -21.081338581242164 ], [ 164.849965, -21.0815294 ], [ 164.8467306, -21.076645299999971 ], [ 164.8477341, -21.0794956 ], [ 164.845532105625125, -21.081236369659131 ], [ 164.8440569, -21.0784546 ], [ 164.838062399999984, -21.076189 ], [ 164.839224699999988, -21.0782296 ], [ 164.8344932, -21.07846 ], [ 164.8357728, -21.0761182 ], [ 164.8318937, -21.077730699999989 ], [ 164.8393591, -21.072920900000014 ], [ 164.8430263, -21.0738647 ], [ 164.839178367455702, -21.070030319303608 ], [ 164.8374519, -21.070861599999986 ], [ 164.8395102, -21.0685403 ], [ 164.836167, -21.070652799999976 ], [ 164.8406914, -21.067102899999973 ], [ 164.832584299999979, -21.069385399999959 ], [ 164.829866, -21.065601399999974 ], [ 164.8325357, -21.0614516 ], [ 164.837146599999983, -21.0635599 ], [ 164.834382799999986, -21.067154 ], [ 164.8385721, -21.066007699999989 ], [ 164.8400144, -21.060451800000028 ], [ 164.835786099999979, -21.05831849999996 ], [ 164.837350242312908, -21.058803969074958 ], [ 164.829235899999986, -21.0545959 ], [ 164.8237452, -21.0571902 ], [ 164.818338399999988, -21.0523126 ], [ 164.8063402, -21.051077699999983 ], [ 164.8039575, -21.047925299999982 ], [ 164.806241199999988, -21.0510718 ], [ 164.8027778, -21.0553811 ], [ 164.788286199999988, -21.0537013 ], [ 164.788709499999982, -21.056197600000015 ], [ 164.784237099999984, -21.0571247 ], [ 164.7820835, -21.0551262 ], [ 164.7828476, -21.062701899999986 ], [ 164.777005, -21.061483 ], [ 164.7777653, -21.0589373 ], [ 164.775401099999982, -21.063437500000013 ], [ 164.77472, -21.0570493 ], [ 164.7709686, -21.055785100000044 ], [ 164.7774053, -21.068143 ], [ 164.777997299999981, -21.076237 ], [ 164.768622199999982, -21.0849636 ], [ 164.76148, -21.0852528 ], [ 164.752832399999988, -21.078776199999972 ], [ 164.750133, -21.072266 ], [ 164.7552097, -21.061474400000012 ], [ 164.7591493, -21.05934569999998 ], [ 164.753483099999983, -21.057865400000022 ], [ 164.7577109, -21.0538834 ], [ 164.750053499999979, -21.0541521 ], [ 164.7462669, -21.047574599999979 ], [ 164.744161199999979, -21.0511694 ], [ 164.7372215, -21.050209299999985 ], [ 164.738072599999981, -21.053240699999964 ], [ 164.7359195, -21.0501191 ], [ 164.7295428, -21.0545239 ], [ 164.714927100000011, -21.0544921 ], [ 164.7147668, -21.0564014 ], [ 164.6995047, -21.042358299999982 ], [ 164.6942612, -21.043626699999983 ], [ 164.696246299999984, -21.04075550000001 ], [ 164.6917288, -21.037696800000024 ], [ 164.6910816, -21.0206146 ], [ 164.680390599999981, -21.020425400000025 ], [ 164.678463600000015, -21.0148277 ], [ 164.671003600000034, -21.013632799999982 ], [ 164.6687699, -21.009834599999941 ], [ 164.6682922, -21.00089310000001 ], [ 164.675595, -21.005984699999978 ], [ 164.6825418, -21.0014248 ], [ 164.683578, -21.003217 ], [ 164.6893082, -21.002039 ], [ 164.6912106, -21.006874499999974 ], [ 164.6893355, -21.015697300000014 ], [ 164.69185779999998, -21.017377199999981 ], [ 164.6979555, -21.012587599999978 ], [ 164.701450099999988, -21.0046591 ], [ 164.7096139, -21.0042689 ], [ 164.7081545, -20.99295620000002 ], [ 164.7120333, -20.9890073 ], [ 164.7064876, -20.9839101 ], [ 164.7096218, -20.9747543 ], [ 164.7090901, -20.9731547 ], [ 164.7038159, -20.975267599999984 ], [ 164.7089995, -20.973090699999972 ], [ 164.7084376, -20.971178799999986 ], [ 164.7026396, -20.973965200000016 ], [ 164.7025117, -20.980254800000036 ], [ 164.7001234, -20.9737851 ], [ 164.697909899999985, -20.977352700000022 ], [ 164.6941487, -20.9782159 ], [ 164.6924721, -20.976108199999981 ], [ 164.6917315, -20.9783378 ], [ 164.69393789999998, -20.9782449 ], [ 164.6901179, -20.978958800000036 ], [ 164.692825199999987, -20.981669799999974 ], [ 164.68969389999998, -20.9791952 ], [ 164.685957, -20.980025899999962 ], [ 164.689679399999989, -20.9791132 ], [ 164.6876528, -20.974452400000011 ], [ 164.684095499999984, -20.9758697 ], [ 164.680274, -20.9707886 ], [ 164.680472499999979, -20.968026199999983 ], [ 164.6841825, -20.967077499999988 ], [ 164.6811586, -20.966135 ], [ 164.6841641, -20.9654277 ], [ 164.6840393, -20.961224599999966 ], [ 164.680348399999986, -20.966189 ], [ 164.674206, -20.967185399999966 ], [ 164.676359599999984, -20.968828 ], [ 164.673548900000014, -20.976145200000012 ], [ 164.6791106, -20.9875264 ], [ 164.674808899999988, -20.985371299999986 ], [ 164.6674117, -20.987189399999988 ], [ 164.662840099999983, -20.983835399999975 ], [ 164.6567497, -20.98867 ], [ 164.6524182, -20.98121729999998 ], [ 164.657085199999983, -20.974419300000012 ], [ 164.6573109, -20.97736529999997 ], [ 164.663483499999984, -20.974822900000024 ], [ 164.6616797, -20.970796899999989 ], [ 164.6604774, -20.97304609999998 ], [ 164.656825, -20.970360599999971 ], [ 164.650188, -20.971242299999989 ], [ 164.647926, -20.9682086 ], [ 164.6638738, -20.966917400000018 ], [ 164.6675831, -20.9613898 ], [ 164.6694431, -20.9639809 ], [ 164.6763172, -20.959786399999981 ], [ 164.6707769, -20.9590194 ], [ 164.675302099999982, -20.958103300000023 ], [ 164.667601099999985, -20.954284600000012 ], [ 164.6680451, -20.9607932 ], [ 164.6669949, -20.953967699999989 ], [ 164.675928199999987, -20.958012599999989 ], [ 164.666263599999979, -20.9523572 ], [ 164.6640975, -20.9483714 ], [ 164.6658948, -20.949587099999988 ], [ 164.6657266, -20.9459665 ], [ 164.6667531, -20.948249699999952 ], [ 164.669041199999981, -20.946107399999985 ], [ 164.677562699999982, -20.9566647 ], [ 164.6810893, -20.952939099999973 ], [ 164.672936199999981, -20.950450399999976 ], [ 164.680384899999979, -20.9492239 ], [ 164.675349399999988, -20.943938200000016 ], [ 164.6819138, -20.946809800000057 ], [ 164.6828309, -20.942298199999989 ], [ 164.677264799999989, -20.936566500000016 ], [ 164.6712402, -20.9393186 ], [ 164.6701459, -20.9354611 ], [ 164.675232599999987, -20.926935300000032 ], [ 164.670394099999982, -20.914915799999989 ], [ 164.667193624717385, -20.917569776316885 ], [ 164.66813590000001, -20.918846800000015 ], [ 164.6655025, -20.9241684 ], [ 164.6668277, -20.919893899999966 ], [ 164.662535, -20.9126386 ], [ 164.6607924, -20.9162786 ], [ 164.6623095, -20.910950099999987 ], [ 164.666526120596217, -20.916665121131604 ], [ 164.6667084, -20.913361699999982 ], [ 164.664139299999988, -20.911249099999985 ], [ 164.6692706, -20.905575699999979 ], [ 164.6723491, -20.906750299999988 ], [ 164.669874599999986, -20.9043752 ], [ 164.6673468, -20.9064267 ], [ 164.6715132, -20.902355299999982 ], [ 164.664682699999986, -20.9057046 ], [ 164.6662303, -20.902236399999968 ], [ 164.6789434, -20.900151 ], [ 164.6762842, -20.899968800000032 ], [ 164.678718899999978, -20.89605 ], [ 164.6730034, -20.8998671 ], [ 164.6768371, -20.8954108 ], [ 164.672080099999988, -20.899608 ], [ 164.668768087904681, -20.898903625258882 ], [ 164.6680738, -20.899696899999984 ], [ 164.6618737, -20.898815700000025 ], [ 164.660333399999985, -20.9022874 ], [ 164.6584234, -20.900867399999957 ], [ 164.655585699999989, -20.9035822 ], [ 164.6532072, -20.901209 ], [ 164.655902699999984, -20.902063499999979 ], [ 164.657731499999983, -20.8989338 ], [ 164.655018169618529, -20.896497330817283 ], [ 164.652889, -20.8997231 ], [ 164.642101699999984, -20.904977 ], [ 164.6437679, -20.9087187 ], [ 164.649123299999985, -20.9078624 ], [ 164.6399695, -20.91689190000001 ], [ 164.645724199999989, -20.924399300000012 ], [ 164.638505, -20.9304567 ], [ 164.6384458, -20.9343683 ], [ 164.64306209999998, -20.933389700000021 ], [ 164.6407686, -20.9357749 ], [ 164.6296079, -20.936666600000017 ], [ 164.633314399999989, -20.935062800000011 ], [ 164.625087, -20.934684399999966 ], [ 164.6209582, -20.9309021 ], [ 164.627490699999981, -20.9347704 ], [ 164.6353809, -20.9323308 ], [ 164.628168, -20.9251575 ], [ 164.633948899999979, -20.918473799999976 ], [ 164.6319502, -20.9103905 ], [ 164.6252159, -20.9083833 ], [ 164.6244293, -20.911444400000025 ], [ 164.6211893, -20.91099 ], [ 164.6232013, -20.9141157 ], [ 164.6206944, -20.916925600000052 ], [ 164.6137416, -20.9091881 ], [ 164.6093041, -20.909618899999966 ], [ 164.607415299999985, -20.9130719 ], [ 164.609321599999987, -20.916223299999977 ], [ 164.6108147, -20.9147073 ], [ 164.609816699999982, -20.9244852 ], [ 164.6068641, -20.9304609 ], [ 164.604456299999981, -20.92162690000001 ], [ 164.601654419562351, -20.921621211409345 ], [ 164.6036083, -20.922563299999961 ], [ 164.6007761, -20.921940800000044 ], [ 164.5992752, -20.925960299999968 ], [ 164.59820438430873, -20.923389389370112 ], [ 164.597382900000014, -20.9242171 ], [ 164.594912699999981, -20.9245506 ], [ 164.5940496, -20.920736 ], [ 164.590439299999986, -20.923097 ], [ 164.5906861, -20.920173 ], [ 164.585801500000031, -20.9207506 ], [ 164.585295100000025, -20.9156304 ], [ 164.579919, -20.913086399999973 ], [ 164.5801807, -20.9075335 ], [ 164.576261, -20.919683 ], [ 164.5758563, -20.9033388 ], [ 164.569266, -20.889604399999953 ], [ 164.5653719, -20.8901351 ], [ 164.5652318, -20.886909599999978 ], [ 164.564802499999985, -20.890598199999975 ], [ 164.56288859999998, -20.8889761 ], [ 164.5633827, -20.8913356 ], [ 164.552657399999987, -20.897072399999963 ], [ 164.5528151, -20.893308899999987 ], [ 164.5511808, -20.8956452 ], [ 164.543677799999983, -20.895634500000018 ], [ 164.5461344, -20.8886709 ], [ 164.5421451, -20.89137 ], [ 164.5307267, -20.889689 ], [ 164.529719, -20.8918608 ], [ 164.525356099999982, -20.884498700000027 ], [ 164.5211031, -20.886482 ], [ 164.525369700000027, -20.880879500000017 ], [ 164.5192098, -20.8817798 ], [ 164.522931200000016, -20.876952499999977 ], [ 164.5211263, -20.877292900000032 ], [ 164.5212161, -20.872626499999949 ], [ 164.517961, -20.877865099999969 ], [ 164.512830399999984, -20.874310599999962 ], [ 164.513952599999982, -20.8726757 ], [ 164.5095919, -20.872700900000027 ], [ 164.511290799999983, -20.863770299999988 ], [ 164.507537899999988, -20.8602112 ], [ 164.5120259, -20.8625122 ], [ 164.5096107, -20.8576588 ], [ 164.508598899999981, -20.8597685 ], [ 164.4985687, -20.8559541 ], [ 164.4925001, -20.8581772 ], [ 164.4897983, -20.857263899999975 ], [ 164.492053500000026, -20.857198 ], [ 164.4916236, -20.8549769 ], [ 164.4858549, -20.8544152 ], [ 164.479485499999981, -20.848408199999984 ], [ 164.469179199999985, -20.850598 ], [ 164.465290399999986, -20.847888 ], [ 164.460361399999982, -20.848341200000011 ], [ 164.457274, -20.8400528 ], [ 164.4577894, -20.8309348 ], [ 164.457569399999983, -20.840457400000012 ], [ 164.460753899999986, -20.845595 ], [ 164.4609079, -20.8401073 ], [ 164.462211299999979, -20.841212899999974 ], [ 164.4656329, -20.832291299999977 ], [ 164.461991399999988, -20.8288544 ], [ 164.4648135, -20.8284888 ], [ 164.4548959, -20.824155499999982 ], [ 164.4516189, -20.826278200000012 ], [ 164.449646, -20.8220545 ], [ 164.4420222, -20.821707299999989 ], [ 164.4435862, -20.819417100000035 ], [ 164.441967, -20.8208279 ], [ 164.441173, -20.819033499999964 ], [ 164.441647499999988, -20.821539699999978 ], [ 164.437897, -20.819854499999987 ], [ 164.4315245, -20.813131599999984 ], [ 164.430316399999981, -20.803304499999975 ], [ 164.4264952, -20.8030177 ], [ 164.428912199999985, -20.805041399999975 ], [ 164.424574299999989, -20.8018794 ], [ 164.427052299999986, -20.8020142 ], [ 164.42410719999998, -20.799944800000031 ], [ 164.4251453, -20.794172899999971 ], [ 164.4198936, -20.7912329 ], [ 164.4207587, -20.789709499999965 ], [ 164.41609889999998, -20.79128 ], [ 164.4179996, -20.785923399999959 ], [ 164.4100178, -20.779006500000026 ], [ 164.4112111, -20.7769947 ], [ 164.407574499999981, -20.7791841 ], [ 164.398778199999981, -20.768902 ], [ 164.395703699999984, -20.77023 ], [ 164.3981614, -20.770734300000012 ], [ 164.3970632, -20.772122799999966 ], [ 164.3805664, -20.772144599999976 ], [ 164.3779858, -20.767505 ], [ 164.38004669999998, -20.76660189999998 ], [ 164.375753799999984, -20.7668347 ], [ 164.372783699999985, -20.758631199999979 ], [ 164.3726972, -20.7607294 ], [ 164.3692663, -20.7561056 ], [ 164.369971199999981, -20.753649 ], [ 164.3759014, -20.753172699999975 ], [ 164.3825549, -20.75889650000002 ], [ 164.390359681296189, -20.760113033798966 ], [ 164.397329899999988, -20.7591253 ], [ 164.3992954, -20.760973499999988 ], [ 164.4069418, -20.755036399999977 ], [ 164.4139026, -20.755322300000032 ], [ 164.415314599999988, -20.748029 ], [ 164.417947799999979, -20.749850700000028 ], [ 164.414870899999983, -20.7475022 ], [ 164.415598599999981, -20.744503 ], [ 164.4145375, -20.7471668 ], [ 164.4151733, -20.741909499999981 ], [ 164.421149, -20.7353925 ], [ 164.420921100000015, -20.7254944 ], [ 164.422470899999979, -20.730387299999979 ], [ 164.424062599999985, -20.725955900000027 ], [ 164.4209721, -20.7238373 ], [ 164.420497, -20.72617779999997 ], [ 164.4184043, -20.720120599999984 ], [ 164.414844499999987, -20.7185097 ], [ 164.405654299999981, -20.7212771 ], [ 164.403740699999986, -20.7160275 ], [ 164.4081308, -20.7122171 ], [ 164.4034868, -20.707879200000018 ], [ 164.4107947, -20.7020202 ], [ 164.412632299999984, -20.703077899999982 ], [ 164.413083300000011, -20.698834299999945 ], [ 164.4097937, -20.698794600000014 ], [ 164.410010199999988, -20.701698 ], [ 164.4071209, -20.6973297 ], [ 164.404725600000035, -20.699111699999971 ], [ 164.402363400000013, -20.6964945 ], [ 164.4034891, -20.699532699999988 ], [ 164.400163099999986, -20.7015564 ], [ 164.396549199999981, -20.6973871 ], [ 164.3986084, -20.6973505 ], [ 164.391554499999984, -20.69463970000001 ], [ 164.3944128, -20.692900899999984 ], [ 164.395043443616743, -20.69316725721826 ], [ 164.393909899999983, -20.6925863 ], [ 164.3912962, -20.6947395 ], [ 164.3982699, -20.700454499999985 ], [ 164.3945134, -20.701188800000018 ], [ 164.39331, -20.698986 ], [ 164.3907451, -20.702786 ], [ 164.390145, -20.6985788 ], [ 164.392438299999981, -20.6979775 ], [ 164.3881992, -20.695750799999981 ], [ 164.3900515, -20.69104780000001 ], [ 164.387045199999989, -20.693551 ], [ 164.387945299999984, -20.689363600000036 ], [ 164.3850884, -20.6923607 ], [ 164.38755519999998, -20.687329 ], [ 164.384582699999982, -20.6851383 ], [ 164.3776258, -20.693688899999977 ], [ 164.378091399999988, -20.6860599 ], [ 164.3801617, -20.68588 ], [ 164.3779251, -20.683019800000018 ], [ 164.3728396, -20.685898 ], [ 164.370148699999987, -20.683420299999977 ], [ 164.364333599999981, -20.68835840000003 ], [ 164.361694199999988, -20.6863713 ], [ 164.359976, -20.6829288 ], [ 164.3643937, -20.6877098 ], [ 164.3642959, -20.6836142 ], [ 164.36632910000003, -20.6859236 ], [ 164.370095599999985, -20.683284700000012 ], [ 164.367974899999979, -20.6741424 ], [ 164.3625596, -20.6723731 ], [ 164.355771399999981, -20.674598100000022 ], [ 164.351, -20.672375599999949 ], [ 164.3403089, -20.651088600000016 ], [ 164.3337018, -20.6481433 ], [ 164.3296747, -20.6440003 ], [ 164.332484099999988, -20.646173700000041 ], [ 164.3322813, -20.6430187 ], [ 164.325898199999983, -20.640543799999989 ], [ 164.318962699999986, -20.633022799999978 ], [ 164.3208587, -20.624113700000024 ], [ 164.3188228, -20.6169899 ], [ 164.3219143, -20.618827799999973 ], [ 164.3187935, -20.616370800000041 ], [ 164.320219899999984, -20.610568799999978 ], [ 164.3176676, -20.607090699999983 ], [ 164.3125034, -20.60602050000001 ], [ 164.3122038, -20.602079199999984 ], [ 164.308523, -20.6055848 ], [ 164.311102799999986, -20.6018744 ], [ 164.3038669, -20.593083100000019 ], [ 164.3053659, -20.5890391 ], [ 164.2993181, -20.578719700000022 ], [ 164.2859551, -20.5730502 ], [ 164.2809432, -20.5796191 ], [ 164.275117199999983, -20.5832033 ], [ 164.2727243, -20.581604799999972 ], [ 164.2749952, -20.5807527 ], [ 164.273100199999988, -20.578923799999973 ], [ 164.275661099999979, -20.577764899999988 ], [ 164.275531799999982, -20.5717187 ], [ 164.278354899999982, -20.570105700000017 ], [ 164.2763271, -20.5673361 ], [ 164.2779875, -20.565453400000013 ], [ 164.2733346, -20.5638565 ], [ 164.2737812, -20.561439700000019 ], [ 164.268856299999982, -20.561960699999979 ], [ 164.275676799999985, -20.566419899999978 ], [ 164.2689459, -20.56767 ], [ 164.2656595, -20.558743 ], [ 164.262252099999984, -20.561257699999974 ], [ 164.261123199999986, -20.55304850000001 ], [ 164.260600683180172, -20.556878997771364 ], [ 164.2573258, -20.5579819 ], [ 164.2567584, -20.55483690000003 ], [ 164.245799, -20.552827200000014 ], [ 164.2481401, -20.5435449 ], [ 164.24427, -20.544595200000028 ], [ 164.2434513, -20.5494826 ], [ 164.2396463, -20.545288199999977 ], [ 164.2413228, -20.547299100000011 ], [ 164.238170299999979, -20.551683900000018 ], [ 164.2370784, -20.533784600000015 ], [ 164.2346268, -20.5343178 ], [ 164.236153592323291, -20.538761312817893 ], [ 164.232728399999985, -20.536581099999982 ], [ 164.23256, -20.531370600000017 ], [ 164.232506699999988, -20.5368129 ], [ 164.21690049999998, -20.5278289 ], [ 164.2068784, -20.5126418 ], [ 164.210401099999984, -20.5175616 ], [ 164.2114967827562, -20.516767328451817 ], [ 164.197755799999982, -20.500680099999958 ], [ 164.190851800000019, -20.5005729 ], [ 164.1871777, -20.4965643 ], [ 164.1889142, -20.4943538 ], [ 164.1818782, -20.4924361 ], [ 164.1834235, -20.4876422 ], [ 164.173517899999979, -20.488007200000013 ], [ 164.1782934, -20.4807974 ], [ 164.1781847, -20.475604899999972 ], [ 164.1737575, -20.466679399999986 ], [ 164.171188199999989, -20.446902 ], [ 164.1645019, -20.437301800000011 ], [ 164.1611249, -20.425660900000022 ], [ 164.152604599999989, -20.4180423 ], [ 164.1392026, -20.415732300000016 ], [ 164.1361776, -20.407641300000012 ], [ 164.1259205, -20.40234950000001 ], [ 164.126393399999984, -20.39115019999997 ], [ 164.1166446, -20.3714796 ], [ 164.1185109, -20.369658599999983 ], [ 164.124541, -20.3826852 ], [ 164.1433889, -20.3878512 ], [ 164.1448433, -20.383275499999989 ], [ 164.1489889, -20.3916765 ], [ 164.1611548, -20.3985931 ], [ 164.163819599999982, -20.3963114 ], [ 164.1687485, -20.398900799999986 ], [ 164.167914700000011, -20.396848399999982 ], [ 164.1778291, -20.3943239 ], [ 164.1854581, -20.3953033 ], [ 164.1807953, -20.393920599999987 ], [ 164.1824154, -20.3909271 ], [ 164.179710699999987, -20.3884508 ], [ 164.1824336, -20.3889714 ], [ 164.1845011, -20.386058200000011 ], [ 164.1810136, -20.3829024 ], [ 164.1869252, -20.3833366 ], [ 164.187640099999982, -20.380988800000019 ], [ 164.189185635459438, -20.382043692666343 ], [ 164.190442099999984, -20.3785359 ], [ 164.187737299999981, -20.377712899999977 ], [ 164.18855, -20.373425200000035 ], [ 164.1917449, -20.3723219 ], [ 164.18664339999998, -20.3711352 ], [ 164.1843922, -20.364765800000015 ], [ 164.1811528, -20.363650100000029 ], [ 164.1862547, -20.3592014 ], [ 164.183470699999987, -20.3583676 ], [ 164.185383, -20.357857600000017 ], [ 164.1839924, -20.354326 ], [ 164.179384699999986, -20.3523657 ], [ 164.1783982, -20.348253200000027 ], [ 164.1818533, -20.347902099999974 ], [ 164.1792984, -20.345103199999976 ], [ 164.18235660000002, -20.343056699999984 ], [ 164.189788599999986, -20.344287 ], [ 164.1888391, -20.3424872 ], [ 164.1929484, -20.3420379 ], [ 164.185352, -20.340071699999989 ], [ 164.1913712, -20.335172600000018 ], [ 164.185218, -20.335315799999979 ], [ 164.1826175, -20.327413499999988 ], [ 164.184300399999984, -20.335961099999988 ], [ 164.180413, -20.3371634 ], [ 164.181979499999983, -20.3341712 ], [ 164.1780257, -20.3264434 ], [ 164.1801581, -20.3335217 ], [ 164.177802800000023, -20.335236700000035 ], [ 164.17561139999998, -20.3335436 ], [ 164.1756184, -20.3390441 ], [ 164.172836099999984, -20.337668099999988 ], [ 164.175149, -20.3356201 ], [ 164.1718847, -20.3274496 ], [ 164.169793, -20.330558800000013 ], [ 164.1690017, -20.32674 ], [ 164.1662943, -20.328006800000011 ], [ 164.168576299999984, -20.321494500000021 ], [ 164.1655764, -20.3240173 ], [ 164.165427200000011, -20.3177649 ], [ 164.163471099999981, -20.320568199999979 ], [ 164.163528, -20.3175283 ], [ 164.1586355, -20.317155100000011 ], [ 164.1641416, -20.313870800000021 ], [ 164.1617968, -20.3134779 ], [ 164.162822, -20.3105717 ], [ 164.158175400000033, -20.312597200000027 ], [ 164.1515377, -20.3099795 ], [ 164.1529342, -20.3088613 ], [ 164.149541, -20.3073274 ], [ 164.153890099999984, -20.304797799999985 ], [ 164.146796, -20.299187600000014 ], [ 164.146573599999982, -20.301624199999967 ], [ 164.1421316, -20.298934400000014 ], [ 164.137864899999983, -20.2998504 ], [ 164.1397859, -20.298917399999986 ], [ 164.137117, -20.297852599999977 ], [ 164.1399528, -20.2985469 ], [ 164.138306, -20.295672700000019 ], [ 164.1344149, -20.298368300000018 ], [ 164.134686, -20.3029564 ], [ 164.132658099999986, -20.2970986 ], [ 164.1283211, -20.2940815 ], [ 164.123844900000023, -20.2961932 ], [ 164.118422899999985, -20.292742 ], [ 164.1112939, -20.2936184 ], [ 164.110248500000012, -20.289630300000027 ], [ 164.1106677, -20.292358 ], [ 164.102311271905961, -20.29396467705946 ], [ 164.102779, -20.294629599999986 ], [ 164.0983659, -20.297646199999974 ], [ 164.0993243, -20.302045899999975 ], [ 164.0951298, -20.30033670000001 ], [ 164.096962099999985, -20.2992709 ], [ 164.0951633, -20.2966991 ], [ 164.0868357, -20.301530500000027 ], [ 164.0862745, -20.297285800000019 ], [ 164.080366799999979, -20.3015837 ], [ 164.077759599999979, -20.3001583 ], [ 164.0852356, -20.2961113 ], [ 164.0834116, -20.291159200000013 ], [ 164.089361699999984, -20.2857874 ], [ 164.0866374, -20.2814642 ], [ 164.0946817, -20.28850859999995 ], [ 164.0964468, -20.287587399999975 ], [ 164.0944759, -20.2848384 ], [ 164.100160099999982, -20.287862099999966 ], [ 164.098748200000017, -20.2820059 ], [ 164.0932325, -20.278820200000013 ], [ 164.0903227, -20.2716174 ], [ 164.0971159, -20.268520900000013 ], [ 164.097961699999985, -20.271231400000019 ], [ 164.098954699999979, -20.2694685 ], [ 164.101462400000031, -20.2718498 ], [ 164.1022864, -20.2697919 ], [ 164.0978184, -20.2679583 ], [ 164.100486099999983, -20.2655721 ], [ 164.097622799999982, -20.2674632 ], [ 164.0891676, -20.262285100000025 ], [ 164.088729299999983, -20.2563425 ], [ 164.088291799999979, -20.259699699999988 ], [ 164.08463279999998, -20.261699399999983 ], [ 164.0790697, -20.2525203 ], [ 164.0703548, -20.2514046 ], [ 164.0658282, -20.253416200000011 ], [ 164.0645399, -20.2589972 ], [ 164.069539, -20.263939899999986 ], [ 164.0684253, -20.2658296 ], [ 164.064045199999981, -20.263162 ], [ 164.062005, -20.26711250000001 ], [ 164.065748899999988, -20.2735828 ], [ 164.073151, -20.278626299999978 ], [ 164.064618, -20.2880871 ], [ 164.0395821, -20.3015252 ], [ 164.033692700000017, -20.296430300000011 ], [ 164.029491299999989, -20.2960501 ], [ 164.0277637, -20.288970799999962 ], [ 164.0370486, -20.2831782 ], [ 164.0364071, -20.277754399999981 ], [ 164.0319472, -20.27367419999997 ], [ 164.027143199999983, -20.273961300000011 ], [ 164.020234599999981, -20.2652725 ], [ 164.0121298, -20.2623746 ], [ 164.011434899999983, -20.258549100000025 ], [ 164.000075399999986, -20.248508200000014 ], [ 164.0011591, -20.244198800000017 ], [ 164.0068512, -20.235738599999987 ], [ 164.013961699999982, -20.23637020000001 ], [ 164.029938, -20.229331799999986 ], [ 164.032215399999984, -20.2257047 ], [ 164.0449954, -20.230081499999987 ], [ 164.042413399999987, -20.231422399999982 ], [ 164.044945899999988, -20.2306825 ], [ 164.0480895, -20.236253100000038 ], [ 164.056849, -20.234872800000012 ], [ 164.05731609999998, -20.243150700000019 ], [ 164.0636697, -20.2485917 ], [ 164.0641925, -20.245278400000014 ], [ 164.0686298, -20.24579970000001 ], [ 164.0730551, -20.2315289 ], [ 164.0708448, -20.2296695 ], [ 164.0730227, -20.225128899999969 ], [ 164.068061299999982, -20.220888400000042 ], [ 164.071291299999984, -20.2183835 ], [ 164.0693997, -20.216104399999978 ], [ 164.071315799999979, -20.212184600000015 ], [ 164.0681624, -20.20933849999998 ], [ 164.0656064, -20.212889400000016 ], [ 164.0631113, -20.2100587 ], [ 164.0565589, -20.20977049999998 ], [ 164.054996, -20.195341 ], [ 164.0477103, -20.194635499999986 ], [ 164.0461392, -20.18940409999998 ], [ 164.0535021, -20.190878800000036 ], [ 164.056420299999985, -20.1890463 ], [ 164.0540785, -20.191027199999983 ], [ 164.0557455, -20.192398800000035 ], [ 164.067723199999989, -20.196104 ], [ 164.074412599999988, -20.192090899999972 ], [ 164.0667858, -20.19241839999998 ], [ 164.064471699999984, -20.1884851 ], [ 164.067729499999984, -20.1890726 ], [ 164.070214199999981, -20.184167299999988 ], [ 164.0764771, -20.1861426 ], [ 164.0738036, -20.182393799999986 ], [ 164.071084500000012, -20.183974500000012 ], [ 164.070397, -20.177362599999984 ], [ 164.061646300766085, -20.179585482747459 ], [ 164.0617758, -20.1838785 ], [ 164.0598747, -20.181051299999986 ], [ 164.060862655409551, -20.179784521277917 ], [ 164.058641699999981, -20.1803486 ], [ 164.059099, -20.1753534 ], [ 164.063128899999981, -20.174128 ], [ 164.0651131, -20.1699869 ], [ 164.0666118, -20.1724471 ], [ 164.0694163, -20.1702423 ], [ 164.0677667, -20.1685893 ], [ 164.0732247, -20.1677186 ], [ 164.0679764, -20.166421500000023 ], [ 164.065035099999989, -20.1694456 ], [ 164.067130300000031, -20.1631189 ], [ 164.061737099999988, -20.1552017 ], [ 164.062996699999985, -20.1522373 ], [ 164.05602115888027, -20.144327812857846 ] ], [ [ 164.21321988412393, -20.518784321080183 ], [ 164.214541299999979, -20.522652299999962 ], [ 164.2149853, -20.5169367 ], [ 164.2132484, -20.518817700000024 ], [ 164.21321988412393, -20.518784321080183 ] ], [ [ 164.398008032965322, -20.694419329619905 ], [ 164.3984041, -20.6945866 ], [ 164.3988114, -20.6908719 ], [ 164.398008032965322, -20.694419329619905 ] ], [ [ 164.601110100213759, -20.921358754602885 ], [ 164.601113700000013, -20.919008 ], [ 164.600228406660392, -20.921321679850497 ], [ 164.600501499999979, -20.921065299999963 ], [ 164.601110100213759, -20.921358754602885 ] ], [ [ 164.59960936535262, -20.921902830470405 ], [ 164.599476030251282, -20.92186327917662 ], [ 164.599549740955581, -20.921958804974739 ], [ 164.59960936535262, -20.921902830470405 ] ], [ [ 164.598009136016856, -20.919962216894874 ], [ 164.598579514256244, -20.917842068095659 ], [ 164.596748800000029, -20.918328800000015 ], [ 164.598009136016856, -20.919962216894874 ] ], [ [ 164.599004795730764, -20.916261216492334 ], [ 164.599383599999982, -20.9148531 ], [ 164.5974661, -20.914036499999987 ], [ 164.599004795730764, -20.916261216492334 ] ], [ [ 164.838722517005067, -21.059229872692594 ], [ 164.84252, -21.0604084 ], [ 164.847927199999987, -21.057078799999967 ], [ 164.84139829999998, -21.059977899999978 ], [ 164.83966610453183, -21.058962180736675 ], [ 164.838722517005067, -21.059229872692594 ] ], [ [ 165.139491211282689, -21.33527688352185 ], [ 165.142147500202185, -21.335850958769864 ], [ 165.140554860595387, -21.333925980932342 ], [ 165.139491211282689, -21.33527688352185 ] ], [ [ 165.142289314861443, -21.331723044928879 ], [ 165.144522194549239, -21.330514862898642 ], [ 165.143238299999979, -21.3305177 ], [ 165.142289314861443, -21.331723044928879 ] ], [ [ 166.052828038377072, -21.528851223433165 ], [ 166.0500542, -21.5299367 ], [ 166.050159358592595, -21.530239511436836 ], [ 166.052828038377072, -21.528851223433165 ] ], [ [ 165.764990130583271, -21.339681433228385 ], [ 165.764192779498273, -21.339379334956423 ], [ 165.7641917, -21.34001749999997 ], [ 165.764990130583271, -21.339681433228385 ] ], [ [ 165.764194000832418, -21.338657314312758 ], [ 165.7660224, -21.3321273 ], [ 165.7642066, -21.331208600000018 ], [ 165.764194000832418, -21.338657314312758 ] ], [ [ 165.638652530912339, -21.280049760090272 ], [ 165.639407399999982, -21.28252310000002 ], [ 165.6362715, -21.282279699999968 ], [ 165.642121799999984, -21.287007799999987 ], [ 165.643786899999981, -21.2855433 ], [ 165.638652530912339, -21.280049760090272 ] ], [ [ 165.611921968574677, -21.253111186846663 ], [ 165.611266799999981, -21.2536567 ], [ 165.6141202, -21.254048899999976 ], [ 165.6105957, -21.259396299999988 ], [ 165.614218199999982, -21.2540349 ], [ 165.611921968574677, -21.253111186846663 ] ], [ [ 165.480806149277782, -21.14724402967931 ], [ 165.4796322, -21.147971 ], [ 165.4693572, -21.148102899999984 ], [ 165.481244, -21.149304100000013 ], [ 165.480806149277782, -21.14724402967931 ] ], [ [ 164.909318636501155, -20.676460865769741 ], [ 164.905541299999982, -20.673729099999964 ], [ 164.908464493028333, -20.676606576774784 ], [ 164.909318636501155, -20.676460865769741 ] ], [ [ 164.369885546574125, -20.340467094216475 ], [ 164.3726423, -20.3414118 ], [ 164.370616100000035, -20.3386112 ], [ 164.369885546574125, -20.340467094216475 ] ], [ [ 164.373174821422481, -20.344705713125784 ], [ 164.3756213, -20.345193300000012 ], [ 164.382983199999984, -20.340957100000043 ], [ 164.383757299999985, -20.3365541 ], [ 164.378481, -20.338490200000024 ], [ 164.3774071, -20.3330039 ], [ 164.375711, -20.3392377 ], [ 164.3778692, -20.342611899999984 ], [ 164.373174821422481, -20.344705713125784 ] ], [ [ 165.781175234186662, -21.327012526072444 ], [ 165.780699199999987, -21.3267501 ], [ 165.776194300000014, -21.3296115 ], [ 165.781175234186662, -21.327012526072444 ] ], [ [ 164.858828742983718, -21.13205342187663 ], [ 164.864750800000024, -21.130638899999958 ], [ 164.8610359, -21.129699499999983 ], [ 164.858828742983718, -21.13205342187663 ] ], [ [ 164.839250296808359, -21.069995685285342 ], [ 164.844656342466749, -21.072517654934398 ], [ 164.8446233, -21.0725997 ], [ 164.846879299999983, -21.073910099999981 ], [ 164.84536265333071, -21.072899125270176 ], [ 164.844931299999985, -21.072708199999973 ], [ 164.844947836629473, -21.072653632175314 ], [ 164.845102858549694, -21.072725947045463 ], [ 164.844955657932047, -21.072627823305794 ], [ 164.845742299999984, -21.070032 ], [ 164.852719399999984, -21.06433340000001 ], [ 164.846948799999979, -21.066825200000011 ], [ 164.84468471274738, -21.072447210916302 ], [ 164.84027039999998, -21.069504500000026 ], [ 164.839250296808359, -21.069995685285342 ] ], [ [ 164.8294687, -21.100272899999947 ], [ 164.831942799999979, -21.101368899999972 ], [ 164.828802199999984, -21.102151700000018 ], [ 164.832517599999989, -21.1027986 ], [ 164.831333799999982, -21.09947039999998 ], [ 164.8294687, -21.100272899999947 ] ], [ [ 164.7003856, -21.042114800000018 ], [ 164.705968399999989, -21.0473389 ], [ 164.7054291, -21.0445223 ], [ 164.7003856, -21.042114800000018 ] ], [ [ 164.2928963, -20.5686335 ], [ 164.2870639, -20.568071199999984 ], [ 164.2898466, -20.564603800000029 ], [ 164.2782508, -20.56543820000001 ], [ 164.284967699999982, -20.5703865 ], [ 164.2928963, -20.5686335 ] ] ], [ [ [ 164.236170305874566, -20.538809953699324 ], [ 164.236373499999985, -20.5394013 ], [ 164.2323285, -20.5371585 ], [ 164.236170305874566, -20.538809953699324 ] ] ], [ [ [ 165.622769440757196, -21.273448309510975 ], [ 165.6249532, -21.2725052 ], [ 165.6283463, -21.26816920000001 ], [ 165.6279084, -21.2730048 ], [ 165.630314299999981, -21.2699544 ], [ 165.6303064, -21.273242399999983 ], [ 165.622769440757196, -21.273448309510975 ] ] ], [ [ [ 164.338922389558007, -20.331314512581315 ], [ 164.330704, -20.3261693 ], [ 164.337834499999985, -20.3279207 ], [ 164.338922389558007, -20.331314512581315 ] ] ], [ [ [ 164.579141000893202, -20.374704103447257 ], [ 164.585270399999985, -20.369915699999982 ], [ 164.5833307, -20.3788807 ], [ 164.582302199999987, -20.374043900000025 ], [ 164.579141000893202, -20.374704103447257 ] ] ], [ [ [ 165.298765724697404, -20.895333327766448 ], [ 165.2947561, -20.8929806 ], [ 165.298658099999983, -20.8943329 ], [ 165.298765724697404, -20.895333327766448 ] ] ], [ [ [ 165.490341235590677, -21.141311996988442 ], [ 165.488537899999983, -21.138860500000046 ], [ 165.4909921, -21.135325 ], [ 165.490341235590677, -21.141311996988442 ] ] ], [ [ [ 166.0797598, -21.4890295 ], [ 166.069327099999981, -21.490815600000019 ], [ 166.0760292, -21.4833162 ], [ 166.0789963, -21.4849239 ], [ 166.0797598, -21.4890295 ] ] ], [ [ [ 165.780959599999989, -21.332041 ], [ 165.7844911, -21.3311566 ], [ 165.7841281, -21.3346115 ], [ 165.780959599999989, -21.332041 ] ] ], [ [ [ 165.6384903, -21.2725916 ], [ 165.635676499999988, -21.275378900000021 ], [ 165.634009, -21.2730423 ], [ 165.6384903, -21.2725916 ] ] ], [ [ [ 165.630720699999983, -21.266061100000016 ], [ 165.636572299999983, -21.2693864 ], [ 165.6333713, -21.270135199999984 ], [ 165.632001399999979, -21.267867399999982 ], [ 165.6321244, -21.2711257 ], [ 165.630720699999983, -21.266061100000016 ] ] ], [ [ [ 165.628020899177614, -21.264281756210373 ], [ 165.628232299999979, -21.267512299999975 ], [ 165.6253623, -21.261876699999959 ], [ 165.628020899177614, -21.264281756210373 ] ] ], [ [ [ 165.492880635582623, -21.129266395362194 ], [ 165.4894907, -21.130048499999958 ], [ 165.486927399999985, -21.132335399999985 ], [ 165.490732, -21.129807 ], [ 165.489664, -21.133278 ], [ 165.4940306, -21.1334074 ], [ 165.489603599999981, -21.134499899999984 ], [ 165.4874107, -21.138314 ], [ 165.484629399999989, -21.132422 ], [ 165.4910984, -21.1269694 ], [ 165.492880635582623, -21.129266395362194 ] ] ], [ [ [ 165.493029903655128, -21.129458772122057 ], [ 165.495193, -21.132246500000015 ], [ 165.491791800000016, -21.1320055 ], [ 165.493029903655128, -21.129458772122057 ] ] ], [ [ [ 165.280436, -20.884119699999982 ], [ 165.2837307, -20.8859266 ], [ 165.2834363, -20.8893371 ], [ 165.2831765, -20.885991300000011 ], [ 165.27890020000001, -20.8867169 ], [ 165.280436, -20.884119699999982 ] ] ], [ [ [ 165.179012753858558, -20.761243483764037 ], [ 165.179399599999982, -20.763496899999982 ], [ 165.1783035, -20.7611085 ], [ 165.179012753858558, -20.761243483764037 ] ] ], [ [ [ 165.181308993282954, -20.761680476972312 ], [ 165.182463099999978, -20.761900099999966 ], [ 165.1821884, -20.7645498 ], [ 165.181806699999981, -20.7618215 ], [ 165.181308993282954, -20.761680476972312 ] ] ], [ [ [ 165.038009, -21.369895100000015 ], [ 165.053611, -21.379880600000032 ], [ 165.046641, -21.38964 ], [ 165.0402244, -21.3935498 ], [ 165.037283, -21.385498 ], [ 165.0420066, -21.387249900000011 ], [ 165.0447154, -21.3828675 ], [ 165.0408812, -21.384899499999971 ], [ 165.0373531, -21.381888199999977 ], [ 165.038677799999988, -21.3849556 ], [ 165.0301354, -21.383854500000023 ], [ 165.030698199999989, -21.380269399999978 ], [ 165.036761499999983, -21.3764094 ], [ 165.038009, -21.369895100000015 ] ] ], [ [ [ 165.0516964, -20.66455770000001 ], [ 165.049599299999983, -20.661817099999986 ], [ 165.05431729999998, -20.663182599999985 ], [ 165.0516964, -20.66455770000001 ] ] ], [ [ [ 165.0244342, -21.37003960000003 ], [ 165.019330699999983, -21.3767893 ], [ 165.0169716, -21.37150410000001 ], [ 165.0244342, -21.37003960000003 ] ] ], [ [ [ 164.9842855, -21.3574431 ], [ 164.990597399999984, -21.3491353 ], [ 164.9966088, -21.3492131 ], [ 165.0100893, -21.359208299999988 ], [ 165.004403299999979, -21.365668400000018 ], [ 165.003722499999981, -21.3711727 ], [ 164.992831699999982, -21.3720246 ], [ 164.9842855, -21.3574431 ] ] ], [ [ [ 164.9896147, -20.64683 ], [ 164.9863412, -20.6471331 ], [ 164.9843703, -20.642597 ], [ 164.9896147, -20.64683 ] ] ], [ [ [ 164.944288799999981, -20.671958799999981 ], [ 164.9470293, -20.674823199999953 ], [ 164.9402379, -20.6741422 ], [ 164.944288799999981, -20.671958799999981 ] ] ], [ [ [ 164.934484, -20.6254297 ], [ 164.9409906, -20.621979 ], [ 164.936556, -20.6265661 ], [ 164.934484, -20.6254297 ] ] ], [ [ [ 164.862123699999984, -21.123680599999986 ], [ 164.8590164, -21.126849099999983 ], [ 164.8588844, -21.124037 ], [ 164.862123699999984, -21.123680599999986 ] ] ], [ [ [ 164.834115699999984, -21.0739063 ], [ 164.829995, -21.078122599999983 ], [ 164.8336258, -21.074100200000014 ], [ 164.831204099999979, -21.069491899999985 ], [ 164.834115699999984, -21.0739063 ] ] ], [ [ [ 164.8259876, -21.1571112 ], [ 164.814236199999982, -21.159285 ], [ 164.8196212, -21.154961 ], [ 164.8186489, -21.148885 ], [ 164.8284648, -21.1523592 ], [ 164.8259876, -21.1571112 ] ] ], [ [ [ 164.6546047, -20.9041826 ], [ 164.6581244, -20.903146700000011 ], [ 164.662404878715478, -20.909437046305186 ], [ 164.6586117, -20.9019818 ], [ 164.6631564, -20.9040468 ], [ 164.6642101, -20.9022838 ], [ 164.6610964, -20.902442300000036 ], [ 164.662645799999979, -20.9001264 ], [ 164.666563699999983, -20.900309299999964 ], [ 164.663729099999983, -20.905149199999983 ], [ 164.6668589, -20.9073166 ], [ 164.6636825, -20.905735599999989 ], [ 164.6630041, -20.9106147 ], [ 164.662474352464983, -20.909573584614957 ], [ 164.659663099999989, -20.9069933 ], [ 164.6585988, -20.911404699999988 ], [ 164.658896699999985, -20.905406300000021 ], [ 164.6546047, -20.9041826 ] ] ], [ [ [ 164.6633352, -20.9302519 ], [ 164.6636283, -20.9322357 ], [ 164.6588926, -20.932062899999984 ], [ 164.6633352, -20.9302519 ] ] ], [ [ [ 164.658331073621866, -20.942062695296663 ], [ 164.661307699999981, -20.945565 ], [ 164.653523799999988, -20.9415981 ], [ 164.658331073621866, -20.942062695296663 ] ] ], [ [ [ 164.6480286, -20.906500500000018 ], [ 164.651832099999979, -20.9017916 ], [ 164.654435100000029, -20.9038293 ], [ 164.6512711, -20.9028315 ], [ 164.6480286, -20.906500500000018 ] ] ], [ [ [ 164.647385, -20.976061400000017 ], [ 164.643775799999986, -20.9745004 ], [ 164.6481133, -20.974288200000025 ], [ 164.647385, -20.976061400000017 ] ] ], [ [ [ 164.574098200498128, -20.919323076529576 ], [ 164.5725431, -20.9181086 ], [ 164.5735603, -20.9146597 ], [ 164.574098200498128, -20.919323076529576 ] ] ], [ [ [ 164.403911, -20.701836199999981 ], [ 164.40195319999998, -20.7019307 ], [ 164.4059072, -20.6995012 ], [ 164.4073137, -20.70219759999997 ], [ 164.4016083, -20.7033626 ], [ 164.403911, -20.701836199999981 ] ] ], [ [ [ 164.365097599999984, -20.6892265 ], [ 164.3664712, -20.693355400000037 ], [ 164.365226, -20.6892541 ], [ 164.368061100000034, -20.6908841 ], [ 164.3749574, -20.6872854 ], [ 164.377923400000014, -20.6886618 ], [ 164.3729018, -20.693266500000014 ], [ 164.375144200000022, -20.698370800000014 ], [ 164.3660203, -20.694929299999988 ], [ 164.365097599999984, -20.6892265 ] ] ], [ [ [ 164.365878246820017, -20.702560997133606 ], [ 164.370094599999987, -20.7027069 ], [ 164.367890499999987, -20.701220399999986 ], [ 164.369964399999986, -20.698952100000017 ], [ 164.3707174, -20.7047661 ], [ 164.367494721533973, -20.704735629279561 ], [ 164.366504275832227, -20.703403199017629 ], [ 164.3698149, -20.704360599999983 ], [ 164.366119692827482, -20.702885817808081 ], [ 164.365878246820017, -20.702560997133606 ] ] ], [ [ [ 164.367833873767353, -20.70519187832933 ], [ 164.374857300000031, -20.707359 ], [ 164.369232899999986, -20.707073899999987 ], [ 164.367833873767353, -20.70519187832933 ] ] ], [ [ [ 164.3192828, -20.3072054 ], [ 164.322721, -20.3060086 ], [ 164.321054500000031, -20.316563100000021 ], [ 164.3192828, -20.3072054 ] ] ], [ [ [ 164.312428399999988, -20.304488700000036 ], [ 164.317089, -20.302093 ], [ 164.322510699999981, -20.304723100000022 ], [ 164.317317799999984, -20.3064844 ], [ 164.312428399999988, -20.304488700000036 ] ] ], [ [ [ 164.298464199999984, -20.252473800000011 ], [ 164.3000302, -20.260168 ], [ 164.297249, -20.262492599999984 ], [ 164.2960324, -20.2608299 ], [ 164.2957174, -20.266155699999981 ], [ 164.29002509999998, -20.260564599999974 ], [ 164.2875521, -20.249356300000027 ], [ 164.283693699999986, -20.2458071 ], [ 164.2829643, -20.2359552 ], [ 164.27792789999998, -20.2311691 ], [ 164.2787687, -20.2256542 ], [ 164.2820592, -20.225513499999987 ], [ 164.281153599999982, -20.2196925 ], [ 164.288032499999986, -20.222821400000022 ], [ 164.287419, -20.2282832 ], [ 164.2913795, -20.238167900000018 ], [ 164.294767, -20.2403256 ], [ 164.2925699, -20.2418108 ], [ 164.294973199999987, -20.2431433 ], [ 164.293356599999981, -20.248095799999973 ], [ 164.298464199999984, -20.252473800000011 ] ] ], [ [ [ 164.2483437, -20.162466 ], [ 164.2471778, -20.166733 ], [ 164.2447994, -20.164387699999981 ], [ 164.2483437, -20.162466 ] ] ], [ [ [ 164.1698877, -20.059351099999947 ], [ 164.177244421301822, -20.068733537992436 ], [ 164.1821871, -20.068799899999984 ], [ 164.1831196, -20.080883100000026 ], [ 164.193942599999986, -20.088396799999959 ], [ 164.196317, -20.0947753 ], [ 164.207739799999985, -20.0999784 ], [ 164.2130292, -20.1053564 ], [ 164.2124263, -20.1080433 ], [ 164.216181799999987, -20.109547499999977 ], [ 164.2158168, -20.1148433 ], [ 164.213265, -20.1118826 ], [ 164.2122157, -20.1140437 ], [ 164.2194972, -20.117529200000025 ], [ 164.2174396, -20.1222093 ], [ 164.2192158, -20.120582 ], [ 164.219937099999981, -20.12541520000002 ], [ 164.2246376, -20.127803 ], [ 164.231126599999982, -20.1384977 ], [ 164.2313684, -20.143351599999967 ], [ 164.2368075, -20.1476093 ], [ 164.235416099999981, -20.154747699999987 ], [ 164.220556200000033, -20.1425234 ], [ 164.2105487, -20.142044299999988 ], [ 164.2147468, -20.139907 ], [ 164.2129845, -20.1380113 ], [ 164.2077041, -20.1378195 ], [ 164.207785, -20.1415524 ], [ 164.2101853, -20.1420094 ], [ 164.2084582, -20.1443111 ], [ 164.19953529999998, -20.138170299999985 ], [ 164.2013632, -20.137812599999982 ], [ 164.1994202, -20.135254699999987 ], [ 164.1986895, -20.1370279 ], [ 164.196236199999987, -20.135728399999984 ], [ 164.1978081, -20.137812500000013 ], [ 164.1885245, -20.130147399999963 ], [ 164.193304499999982, -20.1327013 ], [ 164.190892199999979, -20.130958 ], [ 164.1928309, -20.131692100000016 ], [ 164.1929853, -20.129466699999973 ], [ 164.1906179, -20.130194100000015 ], [ 164.18062759999998, -20.123359100000012 ], [ 164.176278699999983, -20.1171897 ], [ 164.176310566149567, -20.115932265486293 ], [ 164.174366, -20.1146741 ], [ 164.1700103, -20.1061781 ], [ 164.1737918, -20.107760599999988 ], [ 164.171775613912473, -20.106597484170013 ], [ 164.168517499999979, -20.09906730000003 ], [ 164.1682248, -20.0936592 ], [ 164.1696284, -20.0961602 ], [ 164.172153899999984, -20.093899500000017 ], [ 164.1699768, -20.095499 ], [ 164.163929599999989, -20.088059100000027 ], [ 164.167689, -20.0925904 ], [ 164.165846, -20.0878864 ], [ 164.1699346, -20.0899375 ], [ 164.168332699999979, -20.084387 ], [ 164.1663271, -20.084546599999982 ], [ 164.169037399999979, -20.0796623 ], [ 164.1665674, -20.079580900000011 ], [ 164.166247699999985, -20.072100600000031 ], [ 164.1634708, -20.0824585 ], [ 164.1660435, -20.082321199999974 ], [ 164.165604299999984, -20.086232799999948 ], [ 164.163070299999987, -20.0829818 ], [ 164.159732199999979, -20.086175099999988 ], [ 164.1609867, -20.087551499999947 ], [ 164.1566943, -20.0876522 ], [ 164.1560934, -20.0853902 ], [ 164.1628754, -20.0814375 ], [ 164.1653618, -20.0750214 ], [ 164.1615889, -20.0699501 ], [ 164.1652646, -20.068315099999985 ], [ 164.165115899999989, -20.0641719 ], [ 164.162121099999979, -20.063109300000022 ], [ 164.1647591, -20.0507228 ], [ 164.1692904, -20.0531178 ], [ 164.1698877, -20.059351099999947 ] ], [ [ 164.176320501017443, -20.115540232486914 ], [ 164.176438499999989, -20.110883800000014 ], [ 164.173501499999986, -20.1098587 ], [ 164.176320501017443, -20.115540232486914 ] ], [ [ 164.1752007854179, -20.068706056309093 ], [ 164.1717572, -20.0674884 ], [ 164.1716089, -20.070659099999986 ], [ 164.1785136, -20.0716311 ], [ 164.1751966, -20.068706 ], [ 164.1752007854179, -20.068706056309093 ] ] ], [ [ [ 164.178307599999982, -20.377024500000019 ], [ 164.180472700000024, -20.371807 ], [ 164.1862698, -20.376760699999988 ], [ 164.178307599999982, -20.377024500000019 ] ] ], [ [ [ 164.1700444, -20.3570711 ], [ 164.1727381, -20.3551858 ], [ 164.1725545, -20.358617599999985 ], [ 164.1732448, -20.3556507 ], [ 164.1802476, -20.3605706 ], [ 164.173795, -20.363144 ], [ 164.1700444, -20.3570711 ] ] ], [ [ [ 164.1755823, -20.23783630000003 ], [ 164.171350499999988, -20.237247 ], [ 164.1705462, -20.234652799999985 ], [ 164.1755823, -20.23783630000003 ] ] ], [ [ [ 164.1610044, -20.3344196 ], [ 164.1648075, -20.334203 ], [ 164.162374699999987, -20.337035699999952 ], [ 164.1610044, -20.3344196 ] ] ], [ [ [ 164.1063077, -20.359829 ], [ 164.103238600000026, -20.362734 ], [ 164.1025152, -20.3594697 ], [ 164.1063077, -20.359829 ] ] ], [ [ [ 164.093116, -20.3302374 ], [ 164.085071, -20.3279272 ], [ 164.085257, -20.3181661 ], [ 164.0888445, -20.31834450000003 ], [ 164.0880757, -20.320119100000017 ], [ 164.09117329999998, -20.3172019 ], [ 164.090111799999988, -20.322987400000031 ], [ 164.095255899999984, -20.325573300000034 ], [ 164.0925086, -20.3224847 ], [ 164.0945418, -20.317753400000015 ], [ 164.091956100000033, -20.318230899999989 ], [ 164.0927184, -20.3147022 ], [ 164.096510099999989, -20.3169564 ], [ 164.09298, -20.312428500000017 ], [ 164.095854399999979, -20.312352700000023 ], [ 164.09544, -20.3099259 ], [ 164.092720400000019, -20.311105699999988 ], [ 164.0883225, -20.3081216 ], [ 164.0925474, -20.30265850000001 ], [ 164.1000368, -20.313668299999986 ], [ 164.0956737, -20.3202581 ], [ 164.099075699999986, -20.3272018 ], [ 164.093116, -20.3302374 ] ] ], [ [ [ 164.081752, -20.3688066 ], [ 164.0849801, -20.3655013 ], [ 164.0845833, -20.3684913 ], [ 164.081752, -20.3688066 ] ] ], [ [ [ 164.07099119999998, -20.320901 ], [ 164.066049099999987, -20.3153051 ], [ 164.0701925, -20.317229799999982 ], [ 164.077326, -20.3141578 ], [ 164.0819548, -20.319108399999962 ], [ 164.07099119999998, -20.320901 ] ] ], [ [ [ 164.066026099999988, -20.2142351 ], [ 164.0687433, -20.212016 ], [ 164.068459, -20.216154099999969 ], [ 164.066026099999988, -20.2142351 ] ] ], [ [ [ 164.0413048, -20.178817300000013 ], [ 164.042314299999987, -20.1728362 ], [ 164.047638899999981, -20.1764509 ], [ 164.0413048, -20.178817300000013 ] ] ], [ [ [ 164.0372693, -20.4042892 ], [ 164.039957499999986, -20.4069748 ], [ 164.032631899999984, -20.405705 ], [ 164.0372693, -20.4042892 ] ] ], [ [ [ 164.0216192, -20.2218993 ], [ 164.01669830000003, -20.2230459 ], [ 164.011874, -20.220623299999975 ], [ 164.0034057, -20.210151 ], [ 164.0228323, -20.2172459 ], [ 164.0216192, -20.2218993 ] ] ], [ [ [ 164.0216566, -20.170364699999979 ], [ 164.0195866, -20.1698825 ], [ 164.0180021, -20.159625199999972 ], [ 164.0232221, -20.161289800000013 ], [ 164.0216566, -20.170364699999979 ] ] ], [ [ [ 164.002950799999979, -20.1518724 ], [ 163.9940466, -20.153175699999956 ], [ 163.9936071, -20.1501085 ], [ 164.001083599999987, -20.147262099999978 ], [ 164.002950799999979, -20.1518724 ] ] ], [ [ [ 163.959429028923807, -20.003497393551271 ], [ 163.959299, -20.003495800000032 ], [ 163.9641973, -20.0003566 ], [ 163.975413799999984, -20.009749699999979 ], [ 163.983701699999983, -20.0413399 ], [ 163.981789699999979, -20.0419404 ], [ 163.986994399999986, -20.041453599999965 ], [ 163.997241799999983, -20.048961800000029 ], [ 163.9961855, -20.053960900000011 ], [ 163.999236900000028, -20.063371100000015 ], [ 163.9985874, -20.0709839 ], [ 163.9948148, -20.0706502 ], [ 163.996093, -20.072023600000051 ], [ 163.9869831, -20.082527499999959 ], [ 163.9836204, -20.081483100000025 ], [ 163.986000599999983, -20.0819048 ], [ 163.984336, -20.079772799999986 ], [ 163.98037979999998, -20.081826300000017 ], [ 163.981063579278754, -20.078827284649254 ], [ 163.983791599999989, -20.076704600000014 ], [ 163.9826377, -20.0717803 ], [ 163.984098499999988, -20.076515100000034 ], [ 163.985149400000012, -20.0731439 ], [ 163.9853221, -20.076687 ], [ 163.990528399999988, -20.073056599999969 ], [ 163.9919256, -20.074332399999985 ], [ 163.9906795, -20.0696027 ], [ 163.9876485, -20.071398 ], [ 163.987991099999988, -20.0673609 ], [ 163.9934443, -20.061882700000023 ], [ 163.995816, -20.063548799999985 ], [ 163.9915483, -20.0536272 ], [ 163.9920421, -20.057424800000014 ], [ 163.9869981, -20.058835100000024 ], [ 163.9878855, -20.0616567 ], [ 163.9813239, -20.0569438 ], [ 163.980531300000024, -20.060904 ], [ 163.9772557, -20.060210099999956 ], [ 163.9799227, -20.062856500000052 ], [ 163.9785977, -20.06544969999997 ], [ 163.9816471, -20.063827500000013 ], [ 163.9780671, -20.067411100000015 ], [ 163.980888, -20.0702917 ], [ 163.976830299999989, -20.0687151 ], [ 163.975475599999982, -20.0644273 ], [ 163.971202799999986, -20.064428399999958 ], [ 163.9701015, -20.067584699999987 ], [ 163.9732712, -20.066183 ], [ 163.9745802, -20.06876029999998 ], [ 163.971382899999981, -20.068115 ], [ 163.973678799999988, -20.070362199999959 ], [ 163.969231, -20.070391199999985 ], [ 163.971552, -20.070885600000015 ], [ 163.962198199999989, -20.078554 ], [ 163.9609549, -20.074556299999976 ], [ 163.951783, -20.0686482 ], [ 163.95239909999998, -20.060665100000019 ], [ 163.9585217, -20.0577 ], [ 163.9581806, -20.0560404 ], [ 163.9529709, -20.058406700000027 ], [ 163.9555092, -20.0473013 ], [ 163.9573795, -20.0496503 ], [ 163.954785499999986, -20.0459856 ], [ 163.9589667, -20.0396266 ], [ 163.9587506, -20.0464944 ], [ 163.961307, -20.0450024 ], [ 163.964979299999982, -20.047105300000048 ], [ 163.9650355, -20.043017 ], [ 163.959983, -20.038438799999987 ], [ 163.9573476, -20.040132 ], [ 163.950444799999985, -20.0384906 ], [ 163.945336199999986, -20.0321759 ], [ 163.94616, -20.028396 ], [ 163.9556311, -20.037235599999978 ], [ 163.965000299999986, -20.035266 ], [ 163.961532, -20.0320123 ], [ 163.9626073, -20.027782299999959 ], [ 163.9590359, -20.028140599999983 ], [ 163.9629272, -20.0257042 ], [ 163.9585864, -20.0248939 ], [ 163.9590886, -20.020799 ], [ 163.959919099999979, -20.023427299999963 ], [ 163.9639149, -20.021309399999961 ], [ 163.9674651, -20.026260200000014 ], [ 163.973171899999983, -20.027785099999967 ], [ 163.9677926, -20.020756699999982 ], [ 163.9681752, -20.018461 ], [ 163.973003, -20.019668900000042 ], [ 163.970673299999987, -20.0179419 ], [ 163.9723468, -20.0136111 ], [ 163.966847300000012, -20.014684 ], [ 163.963270599999987, -20.011094299999986 ], [ 163.9618027, -20.016176399999981 ], [ 163.9571492, -20.0128568 ], [ 163.959536499999984, -20.018962100000014 ], [ 163.952422099999978, -20.014946699999982 ], [ 163.9545851, -20.0116017 ], [ 163.952810199999988, -20.007478100000039 ], [ 163.959429028923807, -20.003497393551271 ] ], [ [ 163.960552414371847, -20.00351115678593 ], [ 163.960536099999985, -20.005921400000023 ], [ 163.9629699, -20.0049353 ], [ 163.9596014, -20.0095295 ], [ 163.964437800000013, -20.0035587 ], [ 163.960552414371847, -20.00351115678593 ] ] ], [ [ [ 163.979056499999984, -20.1147891 ], [ 163.984421699999984, -20.113853900000013 ], [ 163.9936884, -20.106371500000044 ], [ 163.9847086, -20.117954 ], [ 163.979056499999984, -20.1147891 ] ] ], [ [ [ 163.9830279, -20.201261099999972 ], [ 163.9864072, -20.1960783 ], [ 163.985702, -20.201177900000019 ], [ 163.9830279, -20.201261099999972 ] ] ], [ [ [ 163.9620008, -20.0932864 ], [ 163.9634141, -20.0862754 ], [ 163.9666388, -20.089394399999989 ], [ 163.9657086, -20.0870107 ], [ 163.9701844, -20.0832681 ], [ 163.971858699999984, -20.085418199999985 ], [ 163.977115699999985, -20.084025600000015 ], [ 163.974875199999985, -20.09101610000004 ], [ 163.9779328, -20.097023700000012 ], [ 163.9620008, -20.0932864 ] ] ], [ [ [ 163.962431, -19.9984801 ], [ 163.9609371, -19.9995163 ], [ 163.9589269, -19.9962812 ], [ 163.962431, -19.9984801 ] ] ], [ [ [ 163.9287468, -20.1616206 ], [ 163.92241180000002, -20.1491943 ], [ 163.910516, -20.1431663 ], [ 163.9136354, -20.132138 ], [ 163.9218875, -20.144053 ], [ 163.929439, -20.1473917 ], [ 163.934275499999984, -20.157174300000012 ], [ 163.9414007, -20.1619437 ], [ 163.9469024, -20.170506799999984 ], [ 163.938613899999979, -20.166400199999977 ], [ 163.92678, -20.166874400000026 ], [ 163.9254263, -20.1643127 ], [ 163.9287468, -20.1616206 ] ] ], [ [ [ 163.931605599999983, -20.003973 ], [ 163.935392899999982, -20.0125865 ], [ 163.9334954, -20.020062399999979 ], [ 163.9279109, -20.016194099999964 ], [ 163.931605599999983, -20.003973 ] ] ], [ [ [ 163.9347874, -20.0261021 ], [ 163.9322402, -20.0299941 ], [ 163.9325457, -20.025445500000028 ], [ 163.9347874, -20.0261021 ] ] ], [ [ [ 163.9329631, -19.973308 ], [ 163.9341887, -19.979043 ], [ 163.9297058, -19.9794021 ], [ 163.9253147, -19.9752291 ], [ 163.9329631, -19.973308 ] ] ], [ [ [ 163.830303099999981, -20.046273600000021 ], [ 163.8234388, -20.0501022 ], [ 163.8199573, -20.056514 ], [ 163.82797549999998, -20.072302800000017 ], [ 163.826121799999981, -20.0780252 ], [ 163.822471, -20.0786997 ], [ 163.813836899999984, -20.074157499999973 ], [ 163.813409299999989, -20.0670603 ], [ 163.807033099999984, -20.0603312 ], [ 163.789464399999986, -20.0506413 ], [ 163.7906774, -20.038224099999972 ], [ 163.799319, -20.033865599999988 ], [ 163.8006933, -20.029685 ], [ 163.803483600000021, -20.031367200000012 ], [ 163.8053713, -20.0289895 ], [ 163.8103123, -20.03062850000002 ], [ 163.8141508, -20.028710899999982 ], [ 163.828125300000011, -20.038421 ], [ 163.830303099999981, -20.046273600000021 ] ] ], [ [ [ 163.671084, -19.7787657 ], [ 163.6726928, -19.770990399999977 ], [ 163.663818099999986, -19.7658581 ], [ 163.66308, -19.761021799999984 ], [ 163.652992399999988, -19.7535417 ], [ 163.6525657, -19.7375537 ], [ 163.642247199999986, -19.7277824 ], [ 163.6400449, -19.721840399999984 ], [ 163.6461012, -19.715232 ], [ 163.6450623, -19.7121087 ], [ 163.6325798, -19.710144700000011 ], [ 163.635431399999987, -19.705197699999985 ], [ 163.629354399999983, -19.68897879999998 ], [ 163.646221600000018, -19.6710807 ], [ 163.6408357, -19.6619799 ], [ 163.6387248, -19.647590200000014 ], [ 163.6239871, -19.6317227 ], [ 163.621794599999987, -19.620967399999973 ], [ 163.6339697, -19.627004899999982 ], [ 163.6452545, -19.6474274 ], [ 163.672635500000013, -19.6847939 ], [ 163.676153699999986, -19.716579399999983 ], [ 163.6727387, -19.7229185 ], [ 163.6787818, -19.729654899999971 ], [ 163.67744639999998, -19.731245099999978 ], [ 163.6804248, -19.728554299999988 ], [ 163.6890305, -19.739002500000016 ], [ 163.694495099999983, -19.7406719 ], [ 163.6990377, -19.738246799999974 ], [ 163.700068, -19.740189 ], [ 163.7052486, -19.756212 ], [ 163.7036556, -19.769462 ], [ 163.695348199999984, -19.770365 ], [ 163.6886734, -19.765964499999981 ], [ 163.681915799999985, -19.76820050000002 ], [ 163.6792925, -19.7713614 ], [ 163.6790843, -19.787493699999985 ], [ 163.675803, -19.787311699999989 ], [ 163.6750626, -19.782449699999958 ], [ 163.671084, -19.7787657 ] ] ], [ [ [ 163.6977847, -19.846642299999989 ], [ 163.699167099999983, -19.83806160000001 ], [ 163.7007812, -19.840169100000033 ], [ 163.6977847, -19.846642299999989 ] ] ], [ [ [ 163.695615799999985, -19.8339651 ], [ 163.6952542, -19.8279034 ], [ 163.6973506, -19.8273705 ], [ 163.700440599999979, -19.8331 ], [ 163.695615799999985, -19.8339651 ] ] ], [ [ [ 163.6724712, -19.826453799999985 ], [ 163.673004099999986, -19.8222687 ], [ 163.6783337, -19.8204904 ], [ 163.6788181, -19.8149531 ], [ 163.6842594, -19.8091089 ], [ 163.688775, -19.817662700000035 ], [ 163.687383499999981, -19.820665299999948 ], [ 163.681448, -19.825501599999985 ], [ 163.6724712, -19.826453799999985 ] ] ], [ [ [ 163.58245549999998, -19.582502799999951 ], [ 163.58993940000002, -19.5783979 ], [ 163.590429299999983, -19.574317 ], [ 163.586267599999985, -19.5664226 ], [ 163.5796066, -19.571350599999985 ], [ 163.5696845, -19.555178800000014 ], [ 163.5757964, -19.5482983 ], [ 163.5726914, -19.541614500000033 ], [ 163.57689929999998, -19.5394051 ], [ 163.5819009, -19.54464259999996 ], [ 163.58943, -19.5627606 ], [ 163.598199199999982, -19.5681157 ], [ 163.5985356, -19.5756511 ], [ 163.6058271, -19.5809287 ], [ 163.6097399, -19.5890058 ], [ 163.617660199999989, -19.59226049999997 ], [ 163.6131327, -19.5970765 ], [ 163.602468099999982, -19.5991659 ], [ 163.594749899999982, -19.604371700000037 ], [ 163.5889113, -19.5964938 ], [ 163.5846621, -19.59493729999998 ], [ 163.58245549999998, -19.582502799999951 ] ] ] ] } },
{ "type": "Feature", "properties": { "province": "Province des Iles" }, "geometry": { "type": "MultiPolygon", "coordinates": [ [ [ [ 167.980201199999982, -21.660837 ], [ 167.9733143, -21.652245 ], [ 167.9587478, -21.6496936 ], [ 167.9535784, -21.636854399999983 ], [ 167.9462887, -21.6346452 ], [ 167.9446843, -21.630630200000013 ], [ 167.9525515, -21.617246399999985 ], [ 167.945168, -21.601880400000042 ], [ 167.935666799999979, -21.604909 ], [ 167.9203305, -21.601250800000045 ], [ 167.9153948, -21.602645 ], [ 167.908642499999985, -21.597227099999976 ], [ 167.902711899999986, -21.5967817 ], [ 167.889892700000019, -21.600395 ], [ 167.863641799999982, -21.598318600000027 ], [ 167.85863089999998, -21.601926100000018 ], [ 167.845818899999983, -21.6004227 ], [ 167.845037499999989, -21.597475 ], [ 167.849938499999979, -21.592245199999958 ], [ 167.859275, -21.590067699999985 ], [ 167.8644443, -21.5753883 ], [ 167.8739596, -21.5714759 ], [ 167.878812899999986, -21.550459899999989 ], [ 167.8751815, -21.5472539 ], [ 167.8773363, -21.5480004 ], [ 167.8758804, -21.5435883 ], [ 167.8704616, -21.5443402 ], [ 167.8643143, -21.5325176 ], [ 167.853432, -21.5264261 ], [ 167.8521002, -21.5194397 ], [ 167.848444199999989, -21.5172058 ], [ 167.849934099999984, -21.515021900000047 ], [ 167.8459494, -21.512172699999983 ], [ 167.84432289999998, -21.506873899999974 ], [ 167.8461072, -21.505410899999966 ], [ 167.8357742, -21.492235 ], [ 167.8322757, -21.481558399999976 ], [ 167.835043, -21.478437 ], [ 167.8393326, -21.4549272 ], [ 167.8348302, -21.437515600000015 ], [ 167.825611399999985, -21.420532300000016 ], [ 167.806941800000033, -21.4058688 ], [ 167.800684599999983, -21.3815063 ], [ 167.8109728, -21.379845799999988 ], [ 167.8215908, -21.373522699999988 ], [ 167.839486199999982, -21.375788 ], [ 167.857638200000025, -21.389832699999989 ], [ 167.868046300000032, -21.394228299999963 ], [ 167.865892699999989, -21.39553369999998 ], [ 167.870837099999989, -21.398973099999989 ], [ 167.8874966, -21.403479200000014 ], [ 167.8977736, -21.39683770000001 ], [ 167.8992203, -21.3814989 ], [ 167.9074703, -21.379703399999979 ], [ 167.9188101, -21.382363199999986 ], [ 167.9261828, -21.3745539 ], [ 167.94595769999998, -21.367905500000031 ], [ 167.9568117, -21.3687859 ], [ 167.957945300000034, -21.3638683 ], [ 167.9685419, -21.350561 ], [ 167.974203099999983, -21.348340200000031 ], [ 167.97747, -21.350167699999975 ], [ 167.9789146, -21.3579773 ], [ 167.958047099999987, -21.374630499999988 ], [ 167.9526406, -21.3878088 ], [ 167.9535555, -21.3938914 ], [ 167.9806978, -21.438635100000027 ], [ 167.99931429999998, -21.4581334 ], [ 168.023255899999981, -21.4627158 ], [ 168.02968930000003, -21.466648299999946 ], [ 168.0533408, -21.454760699999962 ], [ 168.084277899999989, -21.454966400000014 ], [ 168.116475799999989, -21.435304100000018 ], [ 168.133416499999981, -21.446659 ], [ 168.131742, -21.45467 ], [ 168.120522, -21.465352 ], [ 168.116948799999989, -21.484517500000031 ], [ 168.1240496, -21.4955867 ], [ 168.1238237, -21.502632 ], [ 168.1143137, -21.5117299 ], [ 168.111195399999986, -21.5235678 ], [ 168.1140365, -21.543647099999973 ], [ 168.107218599999982, -21.565271 ], [ 168.107421499999987, -21.589274 ], [ 168.1163709, -21.6174636 ], [ 168.116009099999985, -21.627165300000037 ], [ 168.1091745, -21.630328200000022 ], [ 168.0886075, -21.630408299999988 ], [ 168.077792499999987, -21.633934799999988 ], [ 168.0670805, -21.643677500000042 ], [ 168.0532768, -21.6399062 ], [ 168.0480021, -21.6419193 ], [ 168.0382526, -21.6592585 ], [ 168.0065524, -21.659119299999976 ], [ 167.9980726, -21.654823100000012 ], [ 167.983893199999983, -21.65743160000002 ], [ 167.980201199999982, -21.660837 ] ] ], [ [ [ 167.839631, -21.1190569 ], [ 167.83492339999998, -21.1247573 ], [ 167.821393, -21.1286528 ], [ 167.815350099999989, -21.117416100000014 ], [ 167.8009921, -21.1047016 ], [ 167.7938557, -21.091301600000023 ], [ 167.8031116, -21.084875 ], [ 167.8149513, -21.087049300000015 ], [ 167.82081119999998, -21.0916399 ], [ 167.832019699999989, -21.1116549 ], [ 167.839631, -21.1190569 ] ] ], [ [ [ 167.7374151, -21.3792265 ], [ 167.7330321, -21.3757143 ], [ 167.735002499999979, -21.36744740000001 ], [ 167.7309256, -21.356289900000018 ], [ 167.7342739, -21.346036699999985 ], [ 167.7407432, -21.342356600000038 ], [ 167.7443054, -21.3505069 ], [ 167.7356849, -21.3604377 ], [ 167.7387215, -21.3709516 ], [ 167.7374151, -21.3792265 ] ] ], [ [ [ 167.5943145, -21.2663668 ], [ 167.5862166, -21.25799610000001 ], [ 167.5882861, -21.254843499999975 ], [ 167.5959087, -21.2580584 ], [ 167.597483499999981, -21.2645107 ], [ 167.5943145, -21.2663668 ] ] ], [ [ [ 167.5711317, -21.320336400000013 ], [ 167.5681936, -21.31342350000002 ], [ 167.575595099999987, -21.309912700000012 ], [ 167.575513, -21.317098199999982 ], [ 167.5711317, -21.320336400000013 ] ] ], [ [ [ 167.5628877, -21.1481319 ], [ 167.5435914, -21.13025169999997 ], [ 167.5548308, -21.1317066 ], [ 167.5670561, -21.1431135 ], [ 167.567716, -21.148395900000011 ], [ 167.5628877, -21.1481319 ] ] ], [ [ [ 167.034248599999984, -20.7786448 ], [ 167.0289709, -20.762862 ], [ 167.033432, -20.7615989 ], [ 167.0393776, -20.7515421 ], [ 167.039029699999986, -20.7332015 ], [ 167.0596774, -20.7179118 ], [ 167.075865, -20.71195430000002 ], [ 167.086030699999981, -20.715337499999983 ], [ 167.094344799999988, -20.714454899999964 ], [ 167.0993958, -20.7096658 ], [ 167.1355814, -20.7247097 ], [ 167.14871789999998, -20.723430499999957 ], [ 167.162984300000033, -20.711980699999952 ], [ 167.1605443, -20.691050599999986 ], [ 167.183525799999984, -20.6793615 ], [ 167.2079219, -20.679436 ], [ 167.2253328, -20.6834269 ], [ 167.2290781, -20.687728 ], [ 167.2480492, -20.695696699999974 ], [ 167.258783300000033, -20.7087561 ], [ 167.2686237, -20.713581 ], [ 167.2698369, -20.721464 ], [ 167.274493799999988, -20.726424800000025 ], [ 167.285831799999983, -20.729583200000029 ], [ 167.298731299999986, -20.727194599999983 ], [ 167.3017773, -20.7353611 ], [ 167.300733899999983, -20.7464494 ], [ 167.292589, -20.7559432 ], [ 167.278518599999984, -20.759536499999967 ], [ 167.2746799, -20.7726546 ], [ 167.276391499999988, -20.803018100000013 ], [ 167.272118799999987, -20.820776700000021 ], [ 167.275464699999986, -20.834904600000019 ], [ 167.28366029999998, -20.8481491 ], [ 167.290127499999983, -20.8760242 ], [ 167.266793899999982, -20.8980235 ], [ 167.259125499999982, -20.900929499999979 ], [ 167.2573041, -20.907448600000038 ], [ 167.2615476, -20.9138857 ], [ 167.2745592, -20.919841 ], [ 167.2787969, -20.9193888 ], [ 167.278522400000014, -20.9161575 ], [ 167.280123, -20.9185405 ], [ 167.288621, -20.9139095 ], [ 167.2993186, -20.9176113 ], [ 167.30629829999998, -20.929182600000029 ], [ 167.3201841, -20.93763030000002 ], [ 167.336515699999978, -20.9416774 ], [ 167.350480299999987, -20.938992 ], [ 167.3700103, -20.949076200000039 ], [ 167.377593199999978, -20.956077199999982 ], [ 167.3837771, -20.9717158 ], [ 167.384644899999984, -20.9832763 ], [ 167.3778063, -21.002994899999983 ], [ 167.381411599999979, -21.0151621 ], [ 167.4107358, -21.0349562 ], [ 167.4194234, -21.035712 ], [ 167.4240001, -21.032292199999969 ], [ 167.432246, -21.0361711 ], [ 167.4382733, -21.0473724 ], [ 167.4390386, -21.054550399999986 ], [ 167.449555799999985, -21.049027 ], [ 167.4591471, -21.055487299999989 ], [ 167.4603229, -21.06065580000001 ], [ 167.45610019999998, -21.069267200000034 ], [ 167.44102239999998, -21.074175399999973 ], [ 167.4136369, -21.094311300000015 ], [ 167.4095634, -21.094432599999983 ], [ 167.410219, -21.0981816 ], [ 167.4070621, -21.099319 ], [ 167.408474899999987, -21.1017261 ], [ 167.405591, -21.109368799999949 ], [ 167.4138903, -21.1300743 ], [ 167.4118588, -21.140224099999969 ], [ 167.4155188, -21.1466163 ], [ 167.414314499999989, -21.1640937 ], [ 167.3952076, -21.1719293 ], [ 167.391259700000035, -21.181106499999974 ], [ 167.3877613, -21.1830049 ], [ 167.3823372, -21.18348660000003 ], [ 167.371177599999982, -21.175568800000011 ], [ 167.363096499999983, -21.178649099999962 ], [ 167.3586896, -21.186602 ], [ 167.3395191, -21.183058400000032 ], [ 167.331247499999989, -21.176428 ], [ 167.3157252, -21.1565623 ], [ 167.313951799999984, -21.151747799999988 ], [ 167.3157239, -21.142253499999967 ], [ 167.312153099999989, -21.1370282 ], [ 167.2886097, -21.131531 ], [ 167.2803447, -21.1255816 ], [ 167.2693166, -21.1268087 ], [ 167.2662753, -21.120804 ], [ 167.2706561, -21.1032419 ], [ 167.2633534, -21.0917919 ], [ 167.229103, -21.087960299999974 ], [ 167.215088, -21.0913578 ], [ 167.1775759, -21.083422499999976 ], [ 167.165035499999988, -21.0836829 ], [ 167.157449900000017, -21.08672420000001 ], [ 167.135259, -21.0771715 ], [ 167.127221099999986, -21.070509099999978 ], [ 167.112127, -21.0500655 ], [ 167.0965036, -21.0428916 ], [ 167.0912979, -21.0354596 ], [ 167.0870112, -21.01438880000002 ], [ 167.07486849999998, -21.002207399999985 ], [ 167.06693690000003, -20.998853400000023 ], [ 167.061772099999985, -20.990891200000025 ], [ 167.054349299999984, -20.987603400000015 ], [ 167.063651099999987, -20.9711229 ], [ 167.056424599999986, -20.9586147 ], [ 167.056341899999978, -20.9528541 ], [ 167.049395100000027, -20.94699719999997 ], [ 167.0267122, -20.9409989 ], [ 167.01949639999998, -20.9339925 ], [ 167.011412899999982, -20.916779 ], [ 167.0170415, -20.913704800000026 ], [ 167.0287851, -20.915298899999982 ], [ 167.0457003, -20.912494899999988 ], [ 167.048539799999986, -20.920281800000041 ], [ 167.071807899999982, -20.929490600000015 ], [ 167.0844463, -20.9264271 ], [ 167.092473900000016, -20.916767099999987 ], [ 167.105187299999983, -20.916141600000017 ], [ 167.113154399999985, -20.910315300000029 ], [ 167.1207277, -20.909564 ], [ 167.1341428, -20.892806599999979 ], [ 167.1409884, -20.872879 ], [ 167.1641759, -20.8570245 ], [ 167.165470299999981, -20.842365 ], [ 167.178323399999982, -20.831435499999987 ], [ 167.1798537, -20.812189100000012 ], [ 167.1705346, -20.792931900000053 ], [ 167.157266600000014, -20.7944298 ], [ 167.1493877, -20.7842056 ], [ 167.1338088, -20.7800356 ], [ 167.1257522, -20.783552600000014 ], [ 167.1226269, -20.7909207 ], [ 167.120944899999984, -20.7859591 ], [ 167.116764099999983, -20.785330800000011 ], [ 167.117895899999979, -20.781101900000028 ], [ 167.112462099999988, -20.772102799999981 ], [ 167.1018101, -20.765365700000014 ], [ 167.056322, -20.7730906 ], [ 167.0387529, -20.780548599999982 ], [ 167.034248599999984, -20.7786448 ] ] ], [ [ [ 166.581759793696733, -20.399521256234905 ], [ 166.579067399999985, -20.400914699999987 ], [ 166.5786924, -20.404809099999969 ], [ 166.5731898, -20.4103294 ], [ 166.5766631, -20.405706 ], [ 166.570917899999984, -20.408406499999966 ], [ 166.573380899999989, -20.4065587 ], [ 166.570425199999988, -20.4057965 ], [ 166.5673358, -20.413548 ], [ 166.567733799999985, -20.4092734 ], [ 166.563216, -20.403769300000022 ], [ 166.56552019999998, -20.4120555 ], [ 166.5615436, -20.4184925 ], [ 166.56405909999998, -20.4128003 ], [ 166.5610077, -20.415575100000023 ], [ 166.5632933, -20.4111656 ], [ 166.561088499999983, -20.412085900000019 ], [ 166.55814239999998, -20.40397620000001 ], [ 166.5603706, -20.4119649 ], [ 166.5594902, -20.41470719999997 ], [ 166.559476099999983, -20.412817500000024 ], [ 166.556289699999979, -20.4137814 ], [ 166.560257799999988, -20.4162404 ], [ 166.554645599999986, -20.4158944 ], [ 166.5604587, -20.41638039999998 ], [ 166.5606904, -20.421204400000018 ], [ 166.551865699999979, -20.418381499999963 ], [ 166.550773599999985, -20.4042814 ], [ 166.581759793696733, -20.399521256234905 ] ] ], [ [ [ 166.582128046431933, -20.39933066224561 ], [ 166.593653, -20.3896854 ], [ 166.6036689, -20.3915974 ], [ 166.6086843, -20.396221199999985 ], [ 166.625085900000016, -20.428637 ], [ 166.640121199999982, -20.441563 ], [ 166.661989, -20.4549377 ], [ 166.6665491, -20.460323599999978 ], [ 166.66600649999998, -20.467061899999965 ], [ 166.652345199999985, -20.478598200000039 ], [ 166.650112, -20.4784762 ], [ 166.6461894, -20.469163699999989 ], [ 166.640615299999979, -20.466475400000011 ], [ 166.6078722, -20.472209400000011 ], [ 166.6031227, -20.4790325 ], [ 166.6035573, -20.487116400000026 ], [ 166.5899751, -20.4995342 ], [ 166.575900599999983, -20.521393700000019 ], [ 166.5820459, -20.536908199999974 ], [ 166.574601799999982, -20.541761 ], [ 166.571009899999979, -20.549519799999985 ], [ 166.576023, -20.565842099999983 ], [ 166.5694422, -20.5788034 ], [ 166.5691789, -20.5878653 ], [ 166.572959699999984, -20.597149799999983 ], [ 166.578847299999978, -20.6032052 ], [ 166.584587, -20.6045386 ], [ 166.61835240000002, -20.595926700000014 ], [ 166.610080399999987, -20.6095104 ], [ 166.6086465, -20.6172081 ], [ 166.596008399999988, -20.629545400000019 ], [ 166.5920458, -20.6466883 ], [ 166.579541, -20.6626037 ], [ 166.577378899999985, -20.6716511 ], [ 166.5679332, -20.6883622 ], [ 166.552201299999979, -20.6911425 ], [ 166.537330199999985, -20.6998451 ], [ 166.5282384, -20.69725170000002 ], [ 166.5036973, -20.7067663 ], [ 166.492397899999986, -20.7053768 ], [ 166.4784491, -20.708181400000022 ], [ 166.505501899999985, -20.698651200000022 ], [ 166.5028838, -20.6973784 ], [ 166.507961099999989, -20.6935446 ], [ 166.505047199999979, -20.6923642 ], [ 166.509660199999985, -20.689750799999988 ], [ 166.509452399999986, -20.6923761 ], [ 166.511967299999981, -20.6892344 ], [ 166.5056696, -20.6893322 ], [ 166.5020906, -20.6920899 ], [ 166.5035882, -20.689588399999987 ], [ 166.4920118, -20.7013242 ], [ 166.4838494, -20.704213699999972 ], [ 166.4784613, -20.6994265 ], [ 166.4711858, -20.699770699999981 ], [ 166.489007599999979, -20.6923397 ], [ 166.516586099999984, -20.670604800000028 ], [ 166.534751199999988, -20.651044399999947 ], [ 166.5544444, -20.618848699999987 ], [ 166.560465599999986, -20.5948726 ], [ 166.562235800000025, -20.5519811 ], [ 166.574196199999989, -20.5142405 ], [ 166.5926469, -20.484665600000035 ], [ 166.5953035, -20.456242100000036 ], [ 166.5919542, -20.44195950000001 ], [ 166.5800355, -20.4281927 ], [ 166.562356, -20.419708500000016 ], [ 166.565335, -20.4174988 ], [ 166.5723759, -20.4204295 ], [ 166.5704773, -20.417995 ], [ 166.5801702, -20.422284199999982 ], [ 166.5674986, -20.4157374 ], [ 166.57404470000003, -20.413774499999985 ], [ 166.5742036, -20.4172607 ], [ 166.5815462, -20.4172202 ], [ 166.581883799999986, -20.4145611 ], [ 166.5768158, -20.412686899999979 ], [ 166.5832244, -20.411665900000013 ], [ 166.577694899999983, -20.4109114 ], [ 166.577265899999986, -20.407894299999988 ], [ 166.574964199999982, -20.4090873 ], [ 166.5843975, -20.400279700000016 ], [ 166.5844133, -20.403501099999982 ], [ 166.5880464, -20.4035469 ], [ 166.5895698, -20.39729389999998 ], [ 166.5871618, -20.402965900000037 ], [ 166.5850313, -20.397828 ], [ 166.582128046431933, -20.39933066224561 ] ], [ [ 166.586329899999981, -20.428415799999975 ], [ 166.5978882, -20.4500399 ], [ 166.59383219999998, -20.43626 ], [ 166.586329899999981, -20.428415799999975 ] ] ], [ [ [ 166.6548469, -20.4791938 ], [ 166.6585557, -20.477896399999988 ], [ 166.6569351, -20.4824349 ], [ 166.6496918, -20.481688199999986 ], [ 166.656434199999978, -20.481781 ], [ 166.6548469, -20.4791938 ] ] ], [ [ [ 166.5224499, -20.401691599999982 ], [ 166.5278026, -20.400575 ], [ 166.5240278, -20.407189699999975 ], [ 166.5300811, -20.408580099999963 ], [ 166.5329342, -20.4127705 ], [ 166.535338599999989, -20.410462299999974 ], [ 166.5320743, -20.408021099999971 ], [ 166.5338863, -20.403788 ], [ 166.532649599999985, -20.401997099999985 ], [ 166.531815699999981, -20.406368 ], [ 166.5284489, -20.4079168 ], [ 166.529176899999982, -20.4001166 ], [ 166.542484600000023, -20.4031921 ], [ 166.544463899999982, -20.406432 ], [ 166.547326799999979, -20.404771400000019 ], [ 166.5463397, -20.416791899999982 ], [ 166.5246684, -20.4150014 ], [ 166.5224499, -20.401691599999982 ] ] ], [ [ [ 166.4939741, -20.415928499999985 ], [ 166.499738500000035, -20.4146913 ], [ 166.5029854, -20.4195532 ], [ 166.4939741, -20.415928499999985 ] ] ], [ [ [ 166.49586, -20.4140531 ], [ 166.4987974, -20.4115593 ], [ 166.4984957, -20.414219599999985 ], [ 166.49586, -20.4140531 ] ] ], [ [ [ 166.4881593, -20.424225299999986 ], [ 166.490046, -20.422086100000012 ], [ 166.491622600000028, -20.4248865 ], [ 166.4881593, -20.424225299999986 ] ] ], [ [ [ 166.475026800000023, -20.4364041 ], [ 166.479426099999984, -20.431523299999959 ], [ 166.4796304, -20.4373593 ], [ 166.475026800000023, -20.4364041 ] ] ], [ [ [ 166.4762893, -20.4386131 ], [ 166.4706816, -20.440456 ], [ 166.4737108, -20.437007599999987 ], [ 166.4762893, -20.4386131 ] ] ], [ [ [ 166.4626237, -20.7131628 ], [ 166.469478899999984, -20.7049674 ], [ 166.4754294, -20.709268699999978 ], [ 166.4626237, -20.7131628 ] ] ], [ [ [ 166.470615899999984, -20.440510800000023 ], [ 166.469413299999985, -20.44490530000003 ], [ 166.4679625, -20.4427302 ], [ 166.4689828, -20.446004399999953 ], [ 166.4667676, -20.445646099999983 ], [ 166.4692289, -20.448053699999981 ], [ 166.4627468, -20.446258799999978 ], [ 166.468166, -20.441305800000034 ], [ 166.470615899999984, -20.440510800000023 ] ] ], [ [ [ 166.4171715, -20.734976499999981 ], [ 166.396032, -20.721926100000022 ], [ 166.3892472, -20.721634099999967 ], [ 166.391349199999979, -20.716066399999985 ], [ 166.410995200000031, -20.722159099999974 ], [ 166.426870799999989, -20.720633 ], [ 166.4530677, -20.7113782 ], [ 166.4685426, -20.6997619 ], [ 166.4702729, -20.700851600000018 ], [ 166.4439937, -20.727254700000014 ], [ 166.4284802, -20.7277762 ], [ 166.4171715, -20.734976499999981 ] ] ], [ [ [ 166.4513189, -20.451104899999979 ], [ 166.4538858, -20.448380499999985 ], [ 166.4536527, -20.4520038 ], [ 166.4513189, -20.451104899999979 ] ] ], [ [ [ 166.4331475, -20.453914800000014 ], [ 166.4425464, -20.452412700000018 ], [ 166.437869899999981, -20.456602699999976 ], [ 166.4331475, -20.453914800000014 ] ] ], [ [ [ 166.3981781, -20.4504658 ], [ 166.3987366, -20.4477483 ], [ 166.408809, -20.4484793 ], [ 166.4035843, -20.4486854 ], [ 166.4017251, -20.4523582 ], [ 166.3981781, -20.4504658 ] ] ], [ [ [ 166.395061699999985, -20.452016499999974 ], [ 166.404991699999982, -20.4532879 ], [ 166.3970855, -20.456079700000025 ], [ 166.3933217, -20.454379099999969 ], [ 166.395061699999985, -20.452016499999974 ] ] ], [ [ [ 166.37346359999998, -20.685563800000015 ], [ 166.3750039, -20.6814409 ], [ 166.3802015, -20.690924600000017 ], [ 166.37346359999998, -20.685563800000015 ] ] ], [ [ [ 166.373149899999987, -20.6730221 ], [ 166.369252, -20.669193 ], [ 166.372168099999982, -20.6668424 ], [ 166.37478, -20.6712775 ], [ 166.373149899999987, -20.6730221 ] ] ], [ [ [ 166.3376111, -20.637868 ], [ 166.33334259999998, -20.634430099999975 ], [ 166.337355299999984, -20.6342544 ], [ 166.3376111, -20.637868 ] ] ], [ [ [ 166.305581599999982, -20.628096899999985 ], [ 166.3036673, -20.6269291 ], [ 166.306227799999988, -20.6232125 ], [ 166.305581599999982, -20.628096899999985 ] ] ], [ [ [ 166.2915305, -20.630112600000018 ], [ 166.2865301, -20.6254145 ], [ 166.2934972, -20.627711699999963 ], [ 166.2915305, -20.630112600000018 ] ] ], [ [ [ 166.270621799999986, -20.619725 ], [ 166.277235, -20.618488200000019 ], [ 166.284068599999983, -20.624250700000019 ], [ 166.2772142, -20.6253879 ], [ 166.270621799999986, -20.619725 ] ] ], [ [ [ 166.2253265, -20.503829 ], [ 166.226672899999983, -20.4994919 ], [ 166.228547099999986, -20.5030766 ], [ 166.2253265, -20.503829 ] ] ], [ [ [ 166.150228699999985, -20.4067603 ], [ 166.135385300000024, -20.412609400000015 ], [ 166.1355994, -20.407562899999963 ], [ 166.150228699999985, -20.4067603 ] ] ] ] } },
{ "type": "Feature", "properties": { "province": "Province Sud" }, "geometry": { "type": "MultiPolygon", "coordinates": [ [ [ [ 167.4174492, -22.6379048 ], [ 167.4290747, -22.6306388 ], [ 167.427792300000021, -22.626710900000027 ], [ 167.4207562, -22.624113399999988 ], [ 167.4252659, -22.62141 ], [ 167.424086, -22.6152221 ], [ 167.4171891, -22.612706299999989 ], [ 167.4196847, -22.60717810000002 ], [ 167.4131691, -22.6046017 ], [ 167.4225674, -22.598041399999985 ], [ 167.424801699999989, -22.5928123 ], [ 167.424643299999985, -22.5874328 ], [ 167.416318500000017, -22.5704414 ], [ 167.416494299999982, -22.556393399999983 ], [ 167.423312, -22.549580399999989 ], [ 167.4300879, -22.548004799999987 ], [ 167.429757, -22.537237600000015 ], [ 167.435643, -22.538229700000024 ], [ 167.4346572, -22.5412577 ], [ 167.43741110000002, -22.5405225 ], [ 167.4457974, -22.547722899999986 ], [ 167.446321399999988, -22.5440436 ], [ 167.4432837, -22.543514599999945 ], [ 167.445964899999979, -22.5435104 ], [ 167.44430269999998, -22.5350958 ], [ 167.4487426, -22.538728700000025 ], [ 167.4664498, -22.542557399999986 ], [ 167.483998599999978, -22.5544948 ], [ 167.4883351, -22.553589500000012 ], [ 167.49486, -22.559454199999973 ], [ 167.5105137, -22.5572673 ], [ 167.5086139, -22.561986 ], [ 167.5105657, -22.5686478 ], [ 167.5163825, -22.5739955 ], [ 167.518190899999979, -22.581416 ], [ 167.526099887237763, -22.583296283864605 ], [ 167.5174164, -22.577832 ], [ 167.5248561, -22.5771457 ], [ 167.525261952248314, -22.578531572534729 ], [ 167.525094599999989, -22.574761 ], [ 167.5273948, -22.5760336 ], [ 167.5296309, -22.583468799999977 ], [ 167.52645068033388, -22.582590585415794 ], [ 167.526699074453688, -22.58343871753527 ], [ 167.5299628, -22.5842145 ], [ 167.5366697, -22.5908786 ], [ 167.5442559, -22.593411699999951 ], [ 167.5471277, -22.59635459999998 ], [ 167.547086899999982, -22.601671499999973 ], [ 167.552120799999983, -22.60526 ], [ 167.557839199999989, -22.6164208 ], [ 167.555979899999983, -22.625532 ], [ 167.558236199999982, -22.6305166 ], [ 167.555414, -22.630995300000023 ], [ 167.549808, -22.6418302 ], [ 167.552361599999983, -22.6420989 ], [ 167.5529588, -22.646412 ], [ 167.5423042, -22.647722200000018 ], [ 167.546438199999983, -22.6342653 ], [ 167.5438331, -22.6295172 ], [ 167.536905199999978, -22.6314277 ], [ 167.538702699999988, -22.6246992 ], [ 167.5292892, -22.6234964 ], [ 167.5283313, -22.6195863 ], [ 167.5339167, -22.602457 ], [ 167.529728399999982, -22.5991666 ], [ 167.525513, -22.601885 ], [ 167.518383299999982, -22.613224200000015 ], [ 167.514851800000031, -22.634020100000011 ], [ 167.5158218, -22.637262 ], [ 167.5221378, -22.63964630000001 ], [ 167.5229368, -22.6510969 ], [ 167.519652799999989, -22.6555271 ], [ 167.5082794, -22.65884220000002 ], [ 167.503422799999981, -22.66582559999998 ], [ 167.503878499999985, -22.670149 ], [ 167.4933426, -22.6750684 ], [ 167.481754199999983, -22.674638100000024 ], [ 167.453137699999985, -22.665725400000017 ], [ 167.4482482, -22.669740500000014 ], [ 167.4459326, -22.661615400000013 ], [ 167.441795, -22.662716400000019 ], [ 167.441567699999979, -22.669403699999989 ], [ 167.4390037, -22.668442399999989 ], [ 167.434577, -22.6635926 ], [ 167.442312900000019, -22.6613959 ], [ 167.441859099999988, -22.6536891 ], [ 167.4356982, -22.654835 ], [ 167.427579300000019, -22.6483062 ], [ 167.4195212, -22.6519038 ], [ 167.42161489999998, -22.646625099999962 ], [ 167.418050699999981, -22.644691700000017 ], [ 167.420723899999984, -22.6412962 ], [ 167.4174492, -22.6379048 ] ] ], [ [ [ 167.5051316, -22.688628499999989 ], [ 167.512360299999983, -22.683450500000028 ], [ 167.5319911, -22.687702199999965 ], [ 167.5352761, -22.68242710000003 ], [ 167.552325299999978, -22.6742753 ], [ 167.5482001, -22.665614100000049 ], [ 167.540062299999988, -22.6656195 ], [ 167.524693899999988, -22.673707900000011 ], [ 167.52176369999998, -22.684474700000028 ], [ 167.5214071, -22.6781982 ], [ 167.5178349, -22.67733890000002 ], [ 167.510465399999987, -22.668012699999984 ], [ 167.513169799999986, -22.664990700000011 ], [ 167.516074166028034, -22.667563844171593 ], [ 167.528002900000018, -22.6428627 ], [ 167.5340229, -22.6496224 ], [ 167.549610299999983, -22.6550283 ], [ 167.5548375, -22.661066300000012 ], [ 167.55731, -22.671104499999984 ], [ 167.5459832, -22.695075 ], [ 167.518900799999983, -22.691252499999987 ], [ 167.507747, -22.692125899999986 ], [ 167.5051316, -22.688628499999989 ] ] ], [ [ [ 167.5329676, -22.6453807 ], [ 167.534430499999985, -22.63729619999997 ], [ 167.5374593, -22.636333 ], [ 167.5374649, -22.6463822 ], [ 167.5329676, -22.6453807 ] ] ], [ [ [ 167.514350899999982, -22.562896 ], [ 167.5195841, -22.5619215 ], [ 167.518946199999988, -22.568203700000034 ], [ 167.514350899999982, -22.562896 ] ] ], [ [ [ 167.512218, -22.56827310000001 ], [ 167.5188526, -22.569227599999987 ], [ 167.5154016, -22.57095320000003 ], [ 167.512218, -22.56827310000001 ] ] ], [ [ [ 167.4541256, -22.7077367 ], [ 167.4623412, -22.7044112 ], [ 167.467134499999986, -22.705215 ], [ 167.4610408, -22.7114987 ], [ 167.455281499999984, -22.711394 ], [ 167.4541256, -22.7077367 ] ] ], [ [ [ 167.439327, -22.5387051 ], [ 167.4401804, -22.5342803 ], [ 167.44185779999998, -22.535498699999977 ], [ 167.439327, -22.5387051 ] ] ], [ [ [ 167.4289866, -22.5280367 ], [ 167.43147639999998, -22.52707130000001 ], [ 167.430761, -22.5313562 ], [ 167.4289866, -22.5280367 ] ] ], [ [ [ 167.4255762, -22.5279355 ], [ 167.427856699999978, -22.5267594 ], [ 167.4279689, -22.5320257 ], [ 167.4255762, -22.5279355 ] ] ], [ [ [ 167.420186799999982, -22.670675899999988 ], [ 167.423548499999981, -22.669024399999966 ], [ 167.4263947, -22.671579100000027 ], [ 167.4230053, -22.673143699999962 ], [ 167.420186799999982, -22.670675899999988 ] ] ], [ [ [ 167.4181868, -22.5252549 ], [ 167.4235324, -22.525870499999979 ], [ 167.419329399999981, -22.528969300000032 ], [ 167.4181868, -22.5252549 ] ] ], [ [ [ 167.416557, -22.5338823 ], [ 167.418586399999981, -22.532050800000043 ], [ 167.4210731, -22.53531 ], [ 167.416557, -22.5338823 ] ] ], [ [ [ 167.4088615, -22.540499 ], [ 167.410752399999978, -22.535798199999988 ], [ 167.41583, -22.534880200000035 ], [ 167.4088615, -22.540499 ] ] ], [ [ [ 167.4077412, -22.6226245 ], [ 167.4115989, -22.614107 ], [ 167.411384799999979, -22.6170784 ], [ 167.4158785, -22.618374 ], [ 167.410043699999989, -22.6241582 ], [ 167.4077412, -22.6226245 ] ] ], [ [ [ 167.4120748, -22.638775800000026 ], [ 167.4156348, -22.640493 ], [ 167.414379699999984, -22.6443369 ], [ 167.4120748, -22.638775800000026 ] ] ], [ [ [ 167.4106779, -22.516277600000031 ], [ 167.413029099999989, -22.516083899999956 ], [ 167.4129453, -22.518737400000028 ], [ 167.4106779, -22.516277600000031 ] ] ], [ [ [ 167.3935855, -22.6540904 ], [ 167.395524100000017, -22.649014400000013 ], [ 167.397181499999988, -22.651076400000022 ], [ 167.3935855, -22.6540904 ] ] ], [ [ [ 167.0392302, -22.280728699999983 ], [ 167.0370371, -22.277907300000049 ], [ 167.039925899999986, -22.280548199999973 ], [ 167.0382663, -22.2868378 ], [ 167.0392302, -22.280728699999983 ] ] ], [ [ [ 167.028671799999984, -22.269405700000018 ], [ 167.032895299999979, -22.268985 ], [ 167.0385382, -22.273256200000024 ], [ 167.0365789, -22.2784603 ], [ 167.026808499999987, -22.276021099999987 ], [ 167.030971, -22.276280100000015 ], [ 167.031587799999983, -22.270756499999965 ], [ 167.028671799999984, -22.269405700000018 ] ] ], [ [ [ 167.030750899999987, -22.256759100000025 ], [ 167.034889599999985, -22.2499375 ], [ 167.0368023, -22.2507166 ], [ 167.0380614, -22.2623071 ], [ 167.034028299999989, -22.263814499999988 ], [ 167.030750899999987, -22.256759100000025 ] ] ], [ [ [ 167.010074299999985, -22.226695600000017 ], [ 167.017952899999983, -22.2347298 ], [ 167.0245578, -22.237129400000015 ], [ 167.0332157, -22.2487413 ], [ 167.026082799999983, -22.2515307 ], [ 167.0231566, -22.249847599999981 ], [ 167.024138500000021, -22.2440571 ], [ 167.015277799999978, -22.2374718 ], [ 167.010074299999985, -22.226695600000017 ] ] ], [ [ [ 167.028887699999984, -22.2665792 ], [ 167.0304744, -22.2684735 ], [ 167.02760139999998, -22.268238399999984 ], [ 167.028887699999984, -22.2665792 ] ] ], [ [ [ 165.268452779835911, -21.553961442872207 ], [ 165.264871199999988, -21.549428 ], [ 165.261874400000011, -21.549697700000014 ], [ 165.2623556, -21.5365278 ], [ 165.260410899999982, -21.537722399999989 ], [ 165.2592707, -21.53367 ], [ 165.261766, -21.526188 ], [ 165.2626852, -21.528110499999968 ], [ 165.264463200000023, -21.5263123 ], [ 165.2628374, -21.5312999 ], [ 165.268105099999985, -21.530748 ], [ 165.283532399999984, -21.5211916 ], [ 165.284014499999984, -21.518016899999974 ], [ 165.2777159, -21.5184085 ], [ 165.2801086, -21.5166668 ], [ 165.2747038, -21.512270300000019 ], [ 165.26329, -21.5168601 ], [ 165.262211399999984, -21.5138947 ], [ 165.265555899999981, -21.508981200000012 ], [ 165.256388099999981, -21.507191399999986 ], [ 165.2551133, -21.5095548 ], [ 165.2490975, -21.5087556 ], [ 165.2505947, -21.513638100000041 ], [ 165.240151800000035, -21.511184599999979 ], [ 165.232336, -21.5149892 ], [ 165.234019499999988, -21.510271900000024 ], [ 165.23145, -21.4996032 ], [ 165.2371824, -21.49625120000001 ], [ 165.2368568, -21.4931989 ], [ 165.2422311, -21.49388470000001 ], [ 165.238872499999985, -21.4913095 ], [ 165.235576899999984, -21.4931552 ], [ 165.239692, -21.4900284 ], [ 165.233597799999984, -21.4892508 ], [ 165.2236163, -21.4976855 ], [ 165.224281199999979, -21.5002338 ], [ 165.2129258, -21.5026331 ], [ 165.2126807, -21.4950296 ], [ 165.2194902, -21.488326799999989 ], [ 165.215496699999989, -21.487942399999987 ], [ 165.2115948, -21.4922345 ], [ 165.2063292, -21.4931974 ], [ 165.1999611, -21.489144899999975 ], [ 165.1982674, -21.4844882 ], [ 165.1890142, -21.4873156 ], [ 165.183399, -21.485005600000015 ], [ 165.183463700000033, -21.4782289 ], [ 165.1776788, -21.47845079999998 ], [ 165.1710008, -21.470441 ], [ 165.1721015, -21.4777133 ], [ 165.165988299999981, -21.4739085 ], [ 165.1636345, -21.476343 ], [ 165.159192099999984, -21.4709529 ], [ 165.163671099999988, -21.47105220000001 ], [ 165.1584163, -21.468451299999959 ], [ 165.158865, -21.4712802 ], [ 165.1526767, -21.46418449999998 ], [ 165.155473, -21.462359100000015 ], [ 165.1522029, -21.46376039999998 ], [ 165.1478081, -21.460656300000029 ], [ 165.149507, -21.4571855 ], [ 165.1461208, -21.458226299999989 ], [ 165.145970299999988, -21.451058900000017 ], [ 165.143906, -21.451626599999976 ], [ 165.1370009, -21.4441387 ], [ 165.1372285, -21.4322622 ], [ 165.145279599999981, -21.4308866 ], [ 165.1472872, -21.4276119 ], [ 165.139298, -21.429057799999946 ], [ 165.1383294, -21.4241121 ], [ 165.1377091, -21.4283375 ], [ 165.1335919, -21.427813600000015 ], [ 165.137267899999983, -21.41963 ], [ 165.126567099999988, -21.421837899999957 ], [ 165.1233919, -21.417152700000049 ], [ 165.1265497, -21.4096189 ], [ 165.1252035, -21.4055069 ], [ 165.111336599999987, -21.4049601 ], [ 165.1111247, -21.4014927 ], [ 165.118294599999984, -21.398886199999975 ], [ 165.1281984, -21.3866708 ], [ 165.1364356, -21.3926762 ], [ 165.1521473, -21.3843636 ], [ 165.1480817, -21.3847869 ], [ 165.151731899999987, -21.379107900000012 ], [ 165.144752899999986, -21.3795576 ], [ 165.1430752, -21.374648799999989 ], [ 165.154081600000012, -21.359370100000028 ], [ 165.1604092, -21.3604312 ], [ 165.167564199999987, -21.355805400000033 ], [ 165.177016, -21.3577476 ], [ 165.1954739, -21.350725 ], [ 165.2019685, -21.3553733 ], [ 165.200236599999982, -21.3588003 ], [ 165.205568100000022, -21.36259780000001 ], [ 165.2162485, -21.362716100000014 ], [ 165.2197602, -21.360088700000027 ], [ 165.2309367, -21.3618222 ], [ 165.236917799999986, -21.3673927 ], [ 165.2428424, -21.369037500000019 ], [ 165.2635522, -21.3693652 ], [ 165.2772411, -21.354110700000017 ], [ 165.285786699999989, -21.3505861 ], [ 165.2876707, -21.3454867 ], [ 165.2956284, -21.343386 ], [ 165.303882499999986, -21.3467184 ], [ 165.3073023, -21.351168 ], [ 165.3115128, -21.349154300000016 ], [ 165.33295769999998, -21.3647903 ], [ 165.336865, -21.365894800000017 ], [ 165.3361927, -21.362594799999982 ], [ 165.3459186, -21.3607738 ], [ 165.35937, -21.3648923 ], [ 165.3633266, -21.370407799999988 ], [ 165.3639143, -21.37700730000001 ], [ 165.3704505, -21.382718699999987 ], [ 165.3741178, -21.393616899999987 ], [ 165.374512, -21.411793499999987 ], [ 165.383591599999988, -21.4181321 ], [ 165.39695949999998, -21.418742199999976 ], [ 165.414739, -21.426879 ], [ 165.4171024, -21.434026 ], [ 165.425093799999985, -21.436871300000021 ], [ 165.4277008, -21.4412855 ], [ 165.435485, -21.4442384 ], [ 165.442659400000025, -21.4317398 ], [ 165.450546200000019, -21.43295250000001 ], [ 165.456344799999982, -21.4305797 ], [ 165.458461199999988, -21.426822099999988 ], [ 165.4658069, -21.423964700000035 ], [ 165.4666991, -21.419510299999988 ], [ 165.479896699999983, -21.406679199999971 ], [ 165.486884899999978, -21.412540600000035 ], [ 165.491046399999988, -21.4101611 ], [ 165.500063499999982, -21.412931500000028 ], [ 165.5044686, -21.422679 ], [ 165.513565699999987, -21.430219499999978 ], [ 165.521859899999981, -21.4281923 ], [ 165.5263076, -21.420974899999969 ], [ 165.537951199999981, -21.419510500000015 ], [ 165.5490595, -21.426868 ], [ 165.55648069999998, -21.428163800000018 ], [ 165.556038199999989, -21.432546699999985 ], [ 165.561255499999987, -21.433334500000029 ], [ 165.559902099999988, -21.4380542 ], [ 165.5623022, -21.4443601 ], [ 165.5658718, -21.441543400000011 ], [ 165.573117199999984, -21.4464333 ], [ 165.5729225, -21.450647799999984 ], [ 165.562734, -21.461616599999974 ], [ 165.5714716, -21.4723325 ], [ 165.575517599999984, -21.4711596 ], [ 165.5831039, -21.4745135 ], [ 165.5911597, -21.470287399999979 ], [ 165.5987778, -21.471877500000012 ], [ 165.600497700000034, -21.4770015 ], [ 165.619388, -21.4883717 ], [ 165.6234938, -21.498726299999966 ], [ 165.636714499999982, -21.501979600000031 ], [ 165.6393395, -21.507661100000011 ], [ 165.6523056, -21.514071299999987 ], [ 165.66155150000003, -21.5237471 ], [ 165.6745675, -21.514224100000014 ], [ 165.685119, -21.5210841 ], [ 165.6991981, -21.5192209 ], [ 165.700255, -21.5157229 ], [ 165.7074041, -21.521172399999983 ], [ 165.715562299999988, -21.5205203 ], [ 165.7229647, -21.52788910000001 ], [ 165.7389426, -21.535917100000031 ], [ 165.7601077, -21.5335319 ], [ 165.7659937, -21.538165299999989 ], [ 165.771019, -21.538556299999975 ], [ 165.7764406, -21.5438943 ], [ 165.776181899999983, -21.5479937 ], [ 165.7910056, -21.54942680000001 ], [ 165.8046531, -21.567512 ], [ 165.8078212, -21.56603990000001 ], [ 165.8085592, -21.5574029 ], [ 165.8180132, -21.5590125 ], [ 165.843243, -21.588073099999978 ], [ 165.839655, -21.6009789 ], [ 165.8419715, -21.605998900000039 ], [ 165.855233, -21.60591260000005 ], [ 165.8656373, -21.601626099999987 ], [ 165.874114, -21.6121863 ], [ 165.8847255, -21.607544 ], [ 165.894191399999983, -21.6115548 ], [ 165.921427599999987, -21.6130341 ], [ 165.937962299999981, -21.5958851 ], [ 165.956817299999983, -21.5972234 ], [ 165.958659899999986, -21.6011613 ], [ 165.9679055, -21.602973700000021 ], [ 165.9745193, -21.612161599999986 ], [ 165.9804327, -21.61531 ], [ 165.987652, -21.6153763 ], [ 165.9961347, -21.627887500000018 ], [ 165.9990824, -21.627134 ], [ 166.027530499999983, -21.641632699999981 ], [ 166.0376052, -21.637875799999978 ], [ 166.044133, -21.63037640000001 ], [ 166.05519750000002, -21.624841900000021 ], [ 166.0529527, -21.5975618 ], [ 166.061062599999985, -21.584395 ], [ 166.066691699999978, -21.580208 ], [ 166.0752363, -21.581943699999982 ], [ 166.0990477, -21.5742781 ], [ 166.104971399999982, -21.563392900000025 ], [ 166.1032501, -21.5593574 ], [ 166.1073825, -21.559253300000044 ], [ 166.112404199999986, -21.552723600000043 ], [ 166.131504399999983, -21.550433900000048 ], [ 166.140505, -21.544163799999982 ], [ 166.1480929, -21.542411399999988 ], [ 166.161085500000013, -21.551383 ], [ 166.1725832, -21.565828 ], [ 166.17817359999998, -21.566285399999984 ], [ 166.1835883, -21.572895500000016 ], [ 166.1889478, -21.572035799999988 ], [ 166.198341299999981, -21.576824 ], [ 166.2089777, -21.5878483 ], [ 166.2024432, -21.5879808 ], [ 166.208781499999986, -21.5883436 ], [ 166.207460199999986, -21.5915871 ], [ 166.2195657, -21.601862900000029 ], [ 166.2169303, -21.6081119 ], [ 166.221663899999982, -21.607728 ], [ 166.2163612, -21.612588300000017 ], [ 166.2298083, -21.6025862 ], [ 166.2258984, -21.607321099999975 ], [ 166.229024830781469, -21.611579227984706 ], [ 166.228096, -21.6074216 ], [ 166.231379899999979, -21.6062537 ], [ 166.230301199999985, -21.609526 ], [ 166.233856299999985, -21.6062623 ], [ 166.2308847, -21.6054932 ], [ 166.2312368, -21.6009267 ], [ 166.238731699999988, -21.6139684 ], [ 166.254632, -21.617053699999971 ], [ 166.2631314, -21.6234488 ], [ 166.27171869999998, -21.625691099999965 ], [ 166.2709336, -21.627779700000012 ], [ 166.272147599999983, -21.626451 ], [ 166.2831085, -21.632119 ], [ 166.285137400000025, -21.635790900000014 ], [ 166.2959635, -21.639838100000027 ], [ 166.3001435, -21.638245 ], [ 166.303911299999982, -21.643724499999987 ], [ 166.323546199999981, -21.648777899999988 ], [ 166.3296484, -21.640471900000019 ], [ 166.333939499999985, -21.6445284 ], [ 166.3375302, -21.6442186 ], [ 166.3438329, -21.651245 ], [ 166.3497715, -21.649706 ], [ 166.356379799999985, -21.6535158 ], [ 166.3611099, -21.661234299999979 ], [ 166.3513849, -21.6607862 ], [ 166.3498117, -21.665185299999944 ], [ 166.332862399999982, -21.6561473 ], [ 166.329286299999978, -21.6589411 ], [ 166.3239568, -21.654819099999976 ], [ 166.3343947, -21.666055499999977 ], [ 166.337723499999981, -21.674606699999988 ], [ 166.3436362, -21.67468090000003 ], [ 166.341407899999979, -21.677556500000012 ], [ 166.3434733, -21.681752599999957 ], [ 166.341104, -21.682363799999983 ], [ 166.3462983, -21.682964800000015 ], [ 166.3382705, -21.6868611 ], [ 166.3484359, -21.683680800000019 ], [ 166.349793399999982, -21.6856703 ], [ 166.3421626, -21.686242900000021 ], [ 166.352678799999978, -21.6858371 ], [ 166.362147, -21.690279200000013 ], [ 166.3745482, -21.700981099999964 ], [ 166.3857126, -21.701349400000019 ], [ 166.3979272, -21.705956299999954 ], [ 166.4054818, -21.7035446 ], [ 166.410033, -21.6969357 ], [ 166.4124167, -21.705345699999974 ], [ 166.4254166, -21.720605499999966 ], [ 166.419917699999985, -21.720717499999957 ], [ 166.4225291, -21.7213356 ], [ 166.4193263, -21.7224869 ], [ 166.422672399999982, -21.7215546 ], [ 166.4201754, -21.72354330000001 ], [ 166.4141133, -21.72297660000001 ], [ 166.40736320000002, -21.716419399999989 ], [ 166.406572883753086, -21.716679191655935 ], [ 166.406721100000027, -21.716632800000014 ], [ 166.4027264, -21.71892 ], [ 166.4089701, -21.718134100000022 ], [ 166.4070022, -21.718639200000013 ], [ 166.4121811, -21.7232975 ], [ 166.4176982, -21.72522 ], [ 166.4265279, -21.721870600000024 ], [ 166.4273804, -21.723717600000011 ], [ 166.4276299, -21.7208183 ], [ 166.4281297, -21.7293937 ], [ 166.431686499999984, -21.7284352 ], [ 166.4441889, -21.732606099999973 ], [ 166.4652592, -21.749187 ], [ 166.4749522, -21.7607425 ], [ 166.472970899999979, -21.7652534 ], [ 166.4748711, -21.7692577 ], [ 166.46903949999998, -21.771376 ], [ 166.4654899, -21.7699664 ], [ 166.4624919, -21.776237500000011 ], [ 166.4386432, -21.770588499999981 ], [ 166.446523099999979, -21.775208399999983 ], [ 166.4593262, -21.776698 ], [ 166.4548337, -21.7775723 ], [ 166.460545599999989, -21.7781054 ], [ 166.467336099999983, -21.7733907 ], [ 166.469363168438008, -21.775482503968917 ], [ 166.4670107, -21.7719255 ], [ 166.4705751, -21.774201400000013 ], [ 166.469816617467501, -21.77595042245396 ], [ 166.47367650000001, -21.779933300000039 ], [ 166.4660906, -21.7798431 ], [ 166.4748463, -21.780166599999969 ], [ 166.4761901, -21.7842681 ], [ 166.4812428, -21.785621799999987 ], [ 166.482344600000033, -21.7925016 ], [ 166.49464, -21.796367199999988 ], [ 166.5053093, -21.8062066 ], [ 166.5104441, -21.806656 ], [ 166.509922099999983, -21.809667199999989 ], [ 166.5038602, -21.811820199999957 ], [ 166.495273900000029, -21.8092868 ], [ 166.494908200000026, -21.8164379 ], [ 166.4885672, -21.813810300000011 ], [ 166.493096499999979, -21.817642499999987 ], [ 166.496491099999986, -21.8159751 ], [ 166.496328, -21.8099684 ], [ 166.504423799999984, -21.8145549 ], [ 166.5079652, -21.811115600000026 ], [ 166.5083778, -21.815938 ], [ 166.5265699, -21.822202 ], [ 166.5279056, -21.8287914 ], [ 166.5339981, -21.830774 ], [ 166.551696199999981, -21.846921 ], [ 166.5600345, -21.866068299999981 ], [ 166.5663256, -21.8720972 ], [ 166.5636594, -21.875495800000014 ], [ 166.563623899999982, -21.871438200000025 ], [ 166.5619596, -21.872842 ], [ 166.5612908, -21.870976399999982 ], [ 166.56077239437667, -21.874243124023486 ], [ 166.5631301, -21.873317699999976 ], [ 166.5624569, -21.877743399999972 ], [ 166.5687015, -21.876717599999985 ], [ 166.581519899999989, -21.885690799999981 ], [ 166.5928759, -21.8883148 ], [ 166.6150451, -21.905443299999948 ], [ 166.620733, -21.901295800000025 ], [ 166.627503199999978, -21.902068699999973 ], [ 166.616224499999987, -21.90641470000002 ], [ 166.616809599999982, -21.915344499999971 ], [ 166.623140799999987, -21.921566099999968 ], [ 166.6294279, -21.919021 ], [ 166.6456976, -21.9237864 ], [ 166.639396, -21.9299678 ], [ 166.6434492, -21.9345468 ], [ 166.654442499999988, -21.9388787 ], [ 166.6565655, -21.9369373 ], [ 166.6631653, -21.9425659 ], [ 166.6710124, -21.9436588 ], [ 166.6735883, -21.94086 ], [ 166.666979199999986, -21.928765599999984 ], [ 166.669828099999989, -21.9231225 ], [ 166.6745982, -21.923648 ], [ 166.6841861, -21.930789599999965 ], [ 166.6878333, -21.9371386 ], [ 166.705111499999987, -21.9450914 ], [ 166.720056799999981, -21.9583906 ], [ 166.7156503, -21.963841500000012 ], [ 166.7094909, -21.961364399999972 ], [ 166.7068481, -21.964641199999978 ], [ 166.7034869, -21.962195700000013 ], [ 166.696953799999989, -21.9628061 ], [ 166.699474399999986, -21.967143499999985 ], [ 166.694297899999981, -21.9706982 ], [ 166.695639299999982, -21.972480899999972 ], [ 166.691065499999979, -21.9780564 ], [ 166.6836136, -21.9773129 ], [ 166.6822396, -21.973574099999965 ], [ 166.6774584, -21.9728188 ], [ 166.6757714, -21.970975299999974 ], [ 166.6789564, -21.967356699999961 ], [ 166.6753891, -21.968173599999982 ], [ 166.675541899999985, -21.970729899999984 ], [ 166.672083, -21.9633346 ], [ 166.6736607, -21.970793600000015 ], [ 166.677477, -21.974847600000015 ], [ 166.679037599999987, -21.9737632 ], [ 166.6741764, -21.98072590000001 ], [ 166.676210799999978, -21.9785467 ], [ 166.677511900000013, -21.981206199999974 ], [ 166.682023200000032, -21.97680040000002 ], [ 166.6809068, -21.98216919999998 ], [ 166.690718, -21.989027 ], [ 166.68936979999998, -21.987287799999983 ], [ 166.700704, -21.9814553 ], [ 166.705508399999985, -21.98277 ], [ 166.710833, -21.980266100000016 ], [ 166.726392, -21.9808483 ], [ 166.7332209, -21.9860158 ], [ 166.7353455, -21.98468120000004 ], [ 166.750077799999985, -21.991442 ], [ 166.7543995, -21.9914113 ], [ 166.754522499999979, -21.9871467 ], [ 166.7597197, -21.985067799999978 ], [ 166.759181399999989, -22.0027552 ], [ 166.756949099999986, -22.005928200000032 ], [ 166.758786499999985, -22.009621799999984 ], [ 166.7557765, -22.010211200000015 ], [ 166.757185599999985, -22.0136668 ], [ 166.7495993, -22.0239046 ], [ 166.7508685, -22.025384900000031 ], [ 166.758606300000025, -22.0137453 ], [ 166.769245399999988, -22.010358 ], [ 166.7777446, -22.015754200000011 ], [ 166.791470899999979, -22.015177 ], [ 166.812292899999989, -22.020343600000015 ], [ 166.8217958, -22.0262895 ], [ 166.836941599999989, -22.0265393 ], [ 166.844214, -22.029174 ], [ 166.844151905987161, -22.029216781449044 ], [ 166.8511868, -22.030639 ], [ 166.852890799999983, -22.0280229 ], [ 166.856103599999983, -22.028713599999982 ], [ 166.862573799999979, -22.0348664 ], [ 166.871368, -22.037956 ], [ 166.8822969, -22.048448 ], [ 166.8870751, -22.0504688 ], [ 166.8882443, -22.0472658 ], [ 166.890882299999987, -22.0513135 ], [ 166.886819399999979, -22.056359600000032 ], [ 166.891243799999984, -22.052819 ], [ 166.899624499999987, -22.0606208 ], [ 166.900466800000032, -22.058772200000011 ], [ 166.9030334, -22.060131699999985 ], [ 166.907763700000032, -22.0693804 ], [ 166.9160999, -22.074094399999989 ], [ 166.9197632, -22.07741590000002 ], [ 166.9183435, -22.0785857 ], [ 166.9318237, -22.0827365 ], [ 166.9362246, -22.0929397 ], [ 166.9432343, -22.093883 ], [ 166.9477349, -22.1000649 ], [ 166.942351300000013, -22.1079067 ], [ 166.9482205, -22.104514 ], [ 166.9515149, -22.1183942 ], [ 166.9478685, -22.118702600000017 ], [ 166.9451722, -22.1225322 ], [ 166.945443899999987, -22.1311684 ], [ 166.947838499999989, -22.1332412 ], [ 166.9453771, -22.1372047 ], [ 166.947225, -22.1484999 ], [ 166.941440799999981, -22.145972699999987 ], [ 166.9303721, -22.153700399999984 ], [ 166.9231226, -22.1522082 ], [ 166.918315399999983, -22.1552337 ], [ 166.9098649, -22.151199299999956 ], [ 166.908454299999988, -22.147712199999965 ], [ 166.908946, -22.1512052 ], [ 166.9165, -22.156918499999982 ], [ 166.9236934, -22.154447700000016 ], [ 166.936013, -22.156016700000016 ], [ 166.9240955, -22.163378800000011 ], [ 166.937178, -22.1569352 ], [ 166.9524084, -22.155760500000028 ], [ 166.9599882, -22.168629699999979 ], [ 166.9635256, -22.168881400000036 ], [ 166.973910099999983, -22.1787425 ], [ 166.9723057, -22.1822122 ], [ 166.9834645, -22.1977694 ], [ 166.9894512, -22.198960899999967 ], [ 166.989190899999983, -22.203501199999977 ], [ 166.992227499999984, -22.202729899999984 ], [ 166.9900304, -22.205942300000014 ], [ 166.9925902, -22.2112556 ], [ 166.9977113, -22.214268899999983 ], [ 167.0008752, -22.221952500000018 ], [ 167.0118071, -22.2349257 ], [ 167.012768599999987, -22.2605055 ], [ 167.0083277, -22.257112300000014 ], [ 167.00405809999998, -22.257832600000011 ], [ 167.0191021, -22.2642404 ], [ 167.0233443, -22.277237699999969 ], [ 167.0130522, -22.29359560000001 ], [ 167.0139533, -22.299362099999964 ], [ 167.0094555, -22.3098824 ], [ 167.0124133, -22.318280900000012 ], [ 167.005505, -22.323711299999982 ], [ 167.0077782, -22.325792899999986 ], [ 167.002832900000016, -22.329762299999974 ], [ 167.0017327, -22.3386431 ], [ 166.995905, -22.342001299999989 ], [ 166.9912387, -22.3406078 ], [ 166.989335499999981, -22.343257599999976 ], [ 166.985391600000014, -22.33920419999998 ], [ 166.9879166, -22.335133899999988 ], [ 166.9801674, -22.3295352 ], [ 166.9868525, -22.336636 ], [ 166.9828435, -22.335567500000039 ], [ 166.978836799999982, -22.3379543 ], [ 166.9744637, -22.3532345 ], [ 166.971356599999979, -22.349911 ], [ 166.963627299999985, -22.3481039 ], [ 166.9621723, -22.3372768 ], [ 166.9611588, -22.3399343 ], [ 166.9553957, -22.3413715 ], [ 166.9579278, -22.3447421 ], [ 166.95674649999998, -22.347768 ], [ 166.952407599999987, -22.3516522 ], [ 166.9481327, -22.3506901 ], [ 166.952329, -22.351892600000014 ], [ 166.9518918, -22.3547873 ], [ 166.9482199, -22.353217300000043 ], [ 166.95010929999998, -22.3546684 ], [ 166.9615286, -22.359752900000011 ], [ 166.9613099, -22.363138699999972 ], [ 166.9547332, -22.364973 ], [ 166.9509883, -22.3706261 ], [ 166.941462299999984, -22.3761509 ], [ 166.9353836, -22.386384 ], [ 166.9252941, -22.3951219 ], [ 166.906418399999978, -22.394751 ], [ 166.8957777, -22.389472400000031 ], [ 166.888954, -22.390409200000029 ], [ 166.89420819999998, -22.3852911 ], [ 166.897294, -22.386552399999989 ], [ 166.9012871, -22.3836948 ], [ 166.907931600000012, -22.386769900000015 ], [ 166.909419599999978, -22.381714600000016 ], [ 166.9163351, -22.3838198 ], [ 166.9142187, -22.377931099999959 ], [ 166.9213364, -22.3772167 ], [ 166.913089099999979, -22.370814500000026 ], [ 166.910764, -22.3745432 ], [ 166.8963049, -22.3727059 ], [ 166.888252599999987, -22.3748675 ], [ 166.8875502, -22.370489299999985 ], [ 166.8935037, -22.364861399999988 ], [ 166.9004526, -22.365180100000018 ], [ 166.9034226, -22.3628462 ], [ 166.8966728, -22.3579995 ], [ 166.8956981, -22.3547131 ], [ 166.8986793, -22.3546373 ], [ 166.891627299999982, -22.353756599999986 ], [ 166.8894623, -22.347344299999953 ], [ 166.8778136, -22.3398766 ], [ 166.879417, -22.333598599999974 ], [ 166.8765664, -22.3307887 ], [ 166.8764775, -22.324876100000036 ], [ 166.8789827, -22.3165132 ], [ 166.8689473, -22.3255709 ], [ 166.8623633, -22.320832 ], [ 166.8586044, -22.322338399999978 ], [ 166.855594199999985, -22.333832699999981 ], [ 166.865802399999978, -22.345915599999987 ], [ 166.8525912, -22.350575500000016 ], [ 166.8501743, -22.3392005 ], [ 166.852519, -22.3360923 ], [ 166.8404434, -22.328356899999982 ], [ 166.8426364, -22.32657380000003 ], [ 166.839751299999989, -22.3145113 ], [ 166.8485187, -22.3140581 ], [ 166.850585099999989, -22.30779 ], [ 166.86244929999998, -22.302261800000025 ], [ 166.8623369, -22.2973518 ], [ 166.8610444, -22.301376500000025 ], [ 166.8543392, -22.300663700000037 ], [ 166.8503102, -22.304837400000025 ], [ 166.838759899999985, -22.299788099999969 ], [ 166.8360116, -22.301286099999974 ], [ 166.839179900000033, -22.301197099999989 ], [ 166.8394002, -22.3039416 ], [ 166.831780399999985, -22.302531200000026 ], [ 166.838971499999985, -22.3064948 ], [ 166.8423697, -22.303973200000016 ], [ 166.847798, -22.307354300000021 ], [ 166.845090199999987, -22.310567099999975 ], [ 166.8372403, -22.309101699999978 ], [ 166.83354749999998, -22.3163762 ], [ 166.825436199999984, -22.3199864 ], [ 166.827559399999984, -22.324715 ], [ 166.820761, -22.328652800000025 ], [ 166.8203057, -22.332841 ], [ 166.8290544, -22.332814 ], [ 166.8210148, -22.345499 ], [ 166.8134024, -22.3441377 ], [ 166.811700299999984, -22.345918699999974 ], [ 166.8178322, -22.353409800000019 ], [ 166.8084465, -22.3605952 ], [ 166.8200348, -22.3613792 ], [ 166.8215693, -22.359026600000014 ], [ 166.833170599999988, -22.363094 ], [ 166.8301607, -22.3667305 ], [ 166.833145699999989, -22.3700156 ], [ 166.831969, -22.372318299999989 ], [ 166.8418552, -22.378989099999981 ], [ 166.8432109, -22.386667 ], [ 166.8314389, -22.3870121 ], [ 166.823348399999986, -22.376492199999987 ], [ 166.8095753, -22.372445699999975 ], [ 166.801044599999983, -22.3773987 ], [ 166.798209499999984, -22.376369099999984 ], [ 166.7980997, -22.382855500000016 ], [ 166.7861313, -22.389419199999978 ], [ 166.7717855, -22.3910952 ], [ 166.7673725, -22.3858666 ], [ 166.7426376, -22.382257099999968 ], [ 166.7301104, -22.373783899999989 ], [ 166.730580299999986, -22.363490499999976 ], [ 166.7460166, -22.3489063 ], [ 166.7574721, -22.34846270000002 ], [ 166.758028599999989, -22.3425945 ], [ 166.7483225, -22.3398132 ], [ 166.72666, -22.3446353 ], [ 166.700845099999981, -22.335286499999984 ], [ 166.7071823, -22.3115097 ], [ 166.702959599999986, -22.30843380000001 ], [ 166.698348900000013, -22.313219200000013 ], [ 166.695776, -22.3239194 ], [ 166.683895800000016, -22.3229849 ], [ 166.6796254, -22.318836800000017 ], [ 166.6833752, -22.316843400000018 ], [ 166.6843201, -22.306661500000018 ], [ 166.6831334, -22.3087935 ], [ 166.670625799999982, -22.3061691 ], [ 166.6642407, -22.297283599999986 ], [ 166.648993900000022, -22.2945316 ], [ 166.6466002, -22.2864084 ], [ 166.637982, -22.278269 ], [ 166.6300106, -22.2741287 ], [ 166.62500055266662, -22.275404091408785 ], [ 166.6245705, -22.2701263 ], [ 166.621336099999979, -22.285607 ], [ 166.5996246, -22.2927947 ], [ 166.590234399999986, -22.29233360000001 ], [ 166.5859515, -22.285406800000018 ], [ 166.573074, -22.2781727 ], [ 166.56888859999998, -22.272095099999969 ], [ 166.5558644, -22.271107199999985 ], [ 166.5597166, -22.268045 ], [ 166.557382200000035, -22.26811390000001 ], [ 166.557348499999989, -22.2645379 ], [ 166.562414, -22.266872700000015 ], [ 166.5637045, -22.2652278 ], [ 166.5602624, -22.2641492 ], [ 166.562247, -22.261879599999968 ], [ 166.55741519999998, -22.2625967 ], [ 166.5547023, -22.256599 ], [ 166.5592622, -22.256149 ], [ 166.559443099999982, -22.258879 ], [ 166.5617174, -22.2588649 ], [ 166.561144399999989, -22.255596 ], [ 166.567112499999979, -22.2497374 ], [ 166.5671815, -22.2460386 ], [ 166.568998, -22.246865899999968 ], [ 166.568821499999984, -22.244022899999969 ], [ 166.573070299999983, -22.2450663 ], [ 166.5739249, -22.2416643 ], [ 166.5714443, -22.2409552 ], [ 166.573422600000015, -22.2362887 ], [ 166.566729399999986, -22.239149800000011 ], [ 166.5687049, -22.2400913 ], [ 166.5664677, -22.242249199999979 ], [ 166.5632446, -22.238942200000015 ], [ 166.575510399999985, -22.234771900000013 ], [ 166.5799461, -22.2372001 ], [ 166.582778406910904, -22.235448755083009 ], [ 166.5732557, -22.2336725 ], [ 166.5635508, -22.235878799999988 ], [ 166.559560299999987, -22.233694499999988 ], [ 166.564506699999981, -22.2331962 ], [ 166.5589118, -22.2299301 ], [ 166.557231100000024, -22.2338199 ], [ 166.5532892, -22.234177100000021 ], [ 166.551661, -22.2298045 ], [ 166.549553799999984, -22.2338388 ], [ 166.552658799999989, -22.2350602 ], [ 166.5467559, -22.2378871 ], [ 166.546959499999986, -22.2421467 ], [ 166.5426867, -22.242557799999989 ], [ 166.5414897, -22.240302299999971 ], [ 166.544914299999988, -22.2399282 ], [ 166.5463016, -22.2361274 ], [ 166.5443951, -22.233773100000036 ], [ 166.542282900000032, -22.23688689999998 ], [ 166.5433027, -22.2329958 ], [ 166.54168869999998, -22.2379669 ], [ 166.5387213, -22.2367935 ], [ 166.5403637, -22.23990670000002 ], [ 166.5342359, -22.2374316 ], [ 166.5362595, -22.2364044 ], [ 166.530148199999985, -22.2388804 ], [ 166.534546399999982, -22.233558 ], [ 166.53547709999998, -22.2355394 ], [ 166.5382124, -22.233506200000022 ], [ 166.5346937, -22.233411799999974 ], [ 166.542496, -22.226256 ], [ 166.536302899999981, -22.2317418 ], [ 166.535528199999987, -22.229541199999982 ], [ 166.5338672, -22.232509300000025 ], [ 166.532456299999978, -22.229459399999982 ], [ 166.529686799999979, -22.231207200000028 ], [ 166.5319398, -22.2338412 ], [ 166.5270697, -22.240125699999943 ], [ 166.5286145, -22.23800730000001 ], [ 166.522120799999982, -22.2289255 ], [ 166.5206052, -22.2304896 ], [ 166.518357899999984, -22.229495499999988 ], [ 166.5199024, -22.228122599999985 ], [ 166.512601599999982, -22.228328799999989 ], [ 166.510813, -22.232385399999963 ], [ 166.5073033, -22.233169099999976 ], [ 166.505736428280471, -22.231416306451074 ], [ 166.5072481, -22.2255712 ], [ 166.5047482, -22.230002 ], [ 166.502280399999989, -22.229702300000014 ], [ 166.496590699999985, -22.225901100000023 ], [ 166.4990616, -22.2240634 ], [ 166.4970643, -22.225000100000013 ], [ 166.493153299999989, -22.221458200000026 ], [ 166.488863399999985, -22.2230634 ], [ 166.4940813, -22.2238453 ], [ 166.491574599999979, -22.227276699999962 ], [ 166.495364699999982, -22.2258014 ], [ 166.492568299999988, -22.2313322 ], [ 166.5039549, -22.2411267 ], [ 166.496555299999983, -22.2387492 ], [ 166.4927164, -22.240371199999966 ], [ 166.48793569999998, -22.234991299999951 ], [ 166.4857619, -22.2373302 ], [ 166.4888608, -22.239504 ], [ 166.4859588, -22.2389722 ], [ 166.4857867, -22.2411297 ], [ 166.4828153, -22.238840800000027 ], [ 166.4834788, -22.242489500000016 ], [ 166.490478100000018, -22.241993099999988 ], [ 166.48816260000001, -22.2443977 ], [ 166.4922167, -22.2436216 ], [ 166.490328399999981, -22.245504900000046 ], [ 166.4961185, -22.250122200000011 ], [ 166.4932672, -22.250909599999989 ], [ 166.4891916, -22.2459014 ], [ 166.4838208, -22.24733329999998 ], [ 166.489069699999988, -22.248086600000011 ], [ 166.487226199999981, -22.250264599999973 ], [ 166.4906604, -22.249716799999987 ], [ 166.4896623, -22.2521309 ], [ 166.4939391, -22.2534594 ], [ 166.4901505, -22.254426700000021 ], [ 166.4934883, -22.2568659 ], [ 166.4905913, -22.2597989 ], [ 166.486757899999986, -22.252062199999987 ], [ 166.4867538, -22.253707300000027 ], [ 166.4836886, -22.252497799999983 ], [ 166.4864154, -22.253947200000045 ], [ 166.485922599999981, -22.258840899999978 ], [ 166.480436699999984, -22.2576659 ], [ 166.4831312, -22.2545016 ], [ 166.4807351, -22.252682400000015 ], [ 166.4767722, -22.2558828 ], [ 166.47971320000002, -22.2568558 ], [ 166.475937, -22.258888300000017 ], [ 166.475408016322262, -22.25786744171825 ], [ 166.475860399999988, -22.2590231 ], [ 166.471980299999984, -22.267355 ], [ 166.48073119999998, -22.2769809 ], [ 166.478237, -22.279450799999985 ], [ 166.478766493467418, -22.280091255597632 ], [ 166.4765477, -22.2793353 ], [ 166.4748683, -22.28442 ], [ 166.4662094, -22.285795700000026 ], [ 166.466508, -22.2826018 ], [ 166.4701794, -22.282694 ], [ 166.472451104984174, -22.280642801853464 ], [ 166.4731033, -22.280935300000031 ], [ 166.4762485, -22.2777974 ], [ 166.469941799999987, -22.27905950000002 ], [ 166.471238100000022, -22.275715 ], [ 166.47214169999998, -22.277750400000013 ], [ 166.474625799999984, -22.275452299999987 ], [ 166.4719481, -22.275554 ], [ 166.4729906, -22.272157400000019 ], [ 166.471123799999987, -22.27369830000001 ], [ 166.469929799999989, -22.270657499999988 ], [ 166.4687907, -22.2805742 ], [ 166.460935399999983, -22.2792782 ], [ 166.458225699999986, -22.2817371 ], [ 166.45750959999998, -22.3010633 ], [ 166.4621272, -22.3066412 ], [ 166.4560488, -22.3118105 ], [ 166.4482003, -22.312444 ], [ 166.447002699999985, -22.3043079 ], [ 166.434397, -22.303703200000033 ], [ 166.4380224, -22.2970104 ], [ 166.4306814, -22.2938106 ], [ 166.4366082, -22.291470799999981 ], [ 166.437919599999987, -22.2941272 ], [ 166.4365587, -22.289799900000013 ], [ 166.4441626, -22.288092300000017 ], [ 166.4437662, -22.284157300000011 ], [ 166.439974799999987, -22.2841732 ], [ 166.440197, -22.286022199999973 ], [ 166.4398682, -22.283687100000019 ], [ 166.4324279, -22.2835522 ], [ 166.4363299, -22.2766644 ], [ 166.437135100000035, -22.2791902 ], [ 166.44088739999998, -22.275564399999986 ], [ 166.435798, -22.276330199999972 ], [ 166.4380138, -22.274847199999986 ], [ 166.4369447, -22.2683726 ], [ 166.427204599999982, -22.2683637 ], [ 166.423974499999986, -22.2658507 ], [ 166.426516599999985, -22.2632468 ], [ 166.4391392, -22.265564800000018 ], [ 166.4433617, -22.2617066 ], [ 166.4410015, -22.2591676 ], [ 166.438580299999984, -22.2618022 ], [ 166.43334969999998, -22.2548294 ], [ 166.4261956, -22.2526872 ], [ 166.4294119, -22.246012399999987 ], [ 166.431685900000019, -22.244669199999983 ], [ 166.449568199999987, -22.2489044 ], [ 166.4291633, -22.2403875 ], [ 166.423282199999989, -22.2418895 ], [ 166.4268119, -22.2464675 ], [ 166.4243956, -22.248898200000035 ], [ 166.4189006, -22.243642599999966 ], [ 166.4147754, -22.2478335 ], [ 166.4167139, -22.238766900000016 ], [ 166.4106222, -22.243302699999983 ], [ 166.4064967, -22.2401771 ], [ 166.407685099999981, -22.234617199999985 ], [ 166.399132400000013, -22.235081599999987 ], [ 166.393876299999988, -22.230631 ], [ 166.3989478, -22.2305912 ], [ 166.402674199999979, -22.227387499999985 ], [ 166.408874, -22.233366499999988 ], [ 166.4180614, -22.2278443 ], [ 166.4292908, -22.231429699999985 ], [ 166.4290744, -22.224116 ], [ 166.426599399999986, -22.2231574 ], [ 166.429241499999989, -22.222145700000027 ], [ 166.4302482, -22.2246961 ], [ 166.4351485, -22.2253304 ], [ 166.4326695, -22.229163400000012 ], [ 166.4381769, -22.232499900000018 ], [ 166.438609099999979, -22.224981 ], [ 166.4477676, -22.226117300000027 ], [ 166.4390345, -22.224756 ], [ 166.4391904, -22.2220431 ], [ 166.4451823, -22.2215776 ], [ 166.453927, -22.2252686 ], [ 166.4538044, -22.228276799999989 ], [ 166.447922399999982, -22.22619790000001 ], [ 166.4541913, -22.228914800000041 ], [ 166.456096623884036, -22.232859726664849 ], [ 166.4553694, -22.2292766 ], [ 166.460381600000034, -22.226400699999981 ], [ 166.4614906, -22.222233800000023 ], [ 166.4683168, -22.2228753 ], [ 166.464712099999986, -22.221114899999979 ], [ 166.4684484, -22.2188481 ], [ 166.467387114240779, -22.216669688319278 ], [ 166.461077, -22.218255 ], [ 166.4641258, -22.2174373 ], [ 166.46477, -22.214147099999984 ], [ 166.462198299999983, -22.215402099999988 ], [ 166.460560800000025, -22.21260250000001 ], [ 166.455766, -22.215041900000024 ], [ 166.4571695, -22.210645 ], [ 166.450635, -22.212442599999985 ], [ 166.447295199999985, -22.206679699999981 ], [ 166.4470907, -22.211165500000011 ], [ 166.440586599999989, -22.2079942 ], [ 166.441485199999988, -22.211863299999962 ], [ 166.439279199999987, -22.212050799999965 ], [ 166.421897199999989, -22.200155199999966 ], [ 166.4320988, -22.2006132 ], [ 166.437729, -22.206150899999969 ], [ 166.4369151, -22.2028217 ], [ 166.4408894, -22.203558800000014 ], [ 166.438724, -22.201243 ], [ 166.4414372, -22.197663400000014 ], [ 166.436502499999989, -22.1995977 ], [ 166.435826600000013, -22.195763900000014 ], [ 166.428678018257955, -22.194639840460212 ], [ 166.432783699999987, -22.192066800000021 ], [ 166.4420529, -22.192520200000015 ], [ 166.430981, -22.182717900000014 ], [ 166.4265737, -22.1827964 ], [ 166.4263848, -22.1777763 ], [ 166.431257500000015, -22.181712599999976 ], [ 166.433996600000029, -22.1809348 ], [ 166.4330492, -22.177842499999972 ], [ 166.4375775, -22.182222599999946 ], [ 166.446923, -22.179719 ], [ 166.4458344, -22.176515 ], [ 166.438492699999983, -22.176198 ], [ 166.442046316326611, -22.175079567426678 ], [ 166.437759799999981, -22.17241790000001 ], [ 166.427560500000027, -22.175747699999977 ], [ 166.435186499999986, -22.172167199999965 ], [ 166.431938, -22.1670899 ], [ 166.4380602, -22.1725774 ], [ 166.440955399999979, -22.1701423 ], [ 166.439673199999987, -22.1673139 ], [ 166.431643399999984, -22.1654169 ], [ 166.430919499999987, -22.1625042 ], [ 166.426886599999989, -22.162488100000015 ], [ 166.420128, -22.1709659 ], [ 166.419912, -22.175629899999986 ], [ 166.4165917, -22.173306500000013 ], [ 166.416473699999983, -22.1815427 ], [ 166.4136638, -22.1838073 ], [ 166.413302, -22.1795181 ], [ 166.406309099999987, -22.172082499999984 ], [ 166.3970704, -22.174206900000012 ], [ 166.3921972, -22.1715376 ], [ 166.3890485, -22.1743342 ], [ 166.3875607, -22.1720359 ], [ 166.390679, -22.170183800000039 ], [ 166.385648799999984, -22.1658876 ], [ 166.383507399999985, -22.168417600000016 ], [ 166.378382599999981, -22.162294 ], [ 166.376301, -22.1640332 ], [ 166.3803465, -22.1694461 ], [ 166.367307399999987, -22.167823599999966 ], [ 166.368180099999989, -22.1767409 ], [ 166.3800512, -22.190794899999982 ], [ 166.3779669, -22.198782500000014 ], [ 166.3737456, -22.200935200000011 ], [ 166.371816199999984, -22.207009599999981 ], [ 166.3677342, -22.204559099999983 ], [ 166.366993399999984, -22.201217900000024 ], [ 166.375746099999986, -22.193760799999982 ], [ 166.3743055, -22.1869072 ], [ 166.3701941, -22.188359099999982 ], [ 166.3612951, -22.200375499999982 ], [ 166.353897099999983, -22.2020986 ], [ 166.3569201, -22.210311700000016 ], [ 166.3551516, -22.21855930000001 ], [ 166.3461446, -22.2206777 ], [ 166.343195399999985, -22.2265868 ], [ 166.3346747, -22.221892200000017 ], [ 166.3312427, -22.215470100000022 ], [ 166.334298499999989, -22.212369200000015 ], [ 166.3414919, -22.2135456 ], [ 166.3460149, -22.2090491 ], [ 166.3472012, -22.19476359999998 ], [ 166.3453949, -22.192095 ], [ 166.339445499999982, -22.194516 ], [ 166.3393355, -22.192056599999979 ], [ 166.3390733, -22.196537099999976 ], [ 166.33373210000002, -22.1976034 ], [ 166.331589, -22.191527900000022 ], [ 166.320601399999987, -22.1854024 ], [ 166.3290073, -22.1818385 ], [ 166.325108299999982, -22.1748576 ], [ 166.3175014, -22.1724367 ], [ 166.313999699999982, -22.1752479 ], [ 166.3060853, -22.169957099999952 ], [ 166.3089593, -22.1663657 ], [ 166.3218934, -22.169822300000014 ], [ 166.3247357, -22.1662158 ], [ 166.320769499999983, -22.158655 ], [ 166.325371599999983, -22.160299299999981 ], [ 166.330825299999987, -22.1583219 ], [ 166.3321094, -22.1537279 ], [ 166.3338748, -22.159280099999979 ], [ 166.3374727, -22.1614162 ], [ 166.341760599999986, -22.1603942 ], [ 166.3476694, -22.164631 ], [ 166.361428499999988, -22.16731489999998 ], [ 166.3634285, -22.1631411 ], [ 166.3597665, -22.1598645 ], [ 166.365875, -22.1606401 ], [ 166.370057299999985, -22.1574139 ], [ 166.361667899999986, -22.1600615 ], [ 166.362788099999989, -22.1568965 ], [ 166.358944, -22.155028600000019 ], [ 166.353396299999986, -22.158859 ], [ 166.346202, -22.154417899999988 ], [ 166.3495814, -22.1533607 ], [ 166.346713, -22.15195380000003 ], [ 166.3490568, -22.149419399999989 ], [ 166.3444155, -22.148080799999981 ], [ 166.349339, -22.1461755 ], [ 166.3497559, -22.1382451 ], [ 166.352622299999979, -22.1357603 ], [ 166.349956699999979, -22.13567 ], [ 166.3527389, -22.1338381 ], [ 166.351003099999986, -22.131359600000028 ], [ 166.3449196, -22.133966 ], [ 166.345146699999987, -22.138566200000014 ], [ 166.344036599999981, -22.136569799999982 ], [ 166.339630799999981, -22.1371352 ], [ 166.3396099, -22.1461376 ], [ 166.3353148, -22.142131 ], [ 166.3380752, -22.132999 ], [ 166.3327447, -22.130063799999984 ], [ 166.3379314, -22.1333759 ], [ 166.3317016, -22.1394409 ], [ 166.3257499, -22.140852299999949 ], [ 166.328202799999985, -22.143206 ], [ 166.3239485, -22.1455737 ], [ 166.328770699999978, -22.1481157 ], [ 166.324139399999979, -22.149167299999974 ], [ 166.323501099999987, -22.152637899999974 ], [ 166.3131856, -22.154271 ], [ 166.307973, -22.1515511 ], [ 166.3054675, -22.159416300000025 ], [ 166.3010692, -22.1611593 ], [ 166.2931859, -22.1455638 ], [ 166.285480600000028, -22.1415579 ], [ 166.281681, -22.145814 ], [ 166.2874482, -22.152035 ], [ 166.2906314, -22.1582858 ], [ 166.28922369999998, -22.1627499 ], [ 166.2932946, -22.167102100000029 ], [ 166.2891919, -22.1647025 ], [ 166.2851029, -22.1679774 ], [ 166.2813324, -22.1655002 ], [ 166.2789903, -22.166728800000033 ], [ 166.2811667, -22.1630314 ], [ 166.278616, -22.1613102 ], [ 166.279555, -22.163728599999974 ], [ 166.276098499999989, -22.162105400000023 ], [ 166.2783556, -22.165836500000012 ], [ 166.2760562, -22.1687194 ], [ 166.269385799999981, -22.1701568 ], [ 166.2638575, -22.1629497 ], [ 166.254568899999981, -22.1599992 ], [ 166.2581597, -22.1574718 ], [ 166.255473205728691, -22.154908682585209 ], [ 166.255043, -22.1570429 ], [ 166.252105299999982, -22.157558 ], [ 166.2550273, -22.1575591 ], [ 166.254679899999985, -22.1594571 ], [ 166.2459931, -22.164644 ], [ 166.2472975, -22.155215 ], [ 166.2432612, -22.149233500000026 ], [ 166.2382395, -22.1463108 ], [ 166.2346096, -22.147723599999981 ], [ 166.229679799999985, -22.1445932 ], [ 166.218789099999981, -22.143417900000021 ], [ 166.222066399999989, -22.139364700000016 ], [ 166.2214572, -22.1337312 ], [ 166.2252234, -22.1337548 ], [ 166.221622299999979, -22.127824600000022 ], [ 166.198321199999981, -22.1106605 ], [ 166.1702731, -22.1036988 ], [ 166.170648699999987, -22.096731 ], [ 166.1722651, -22.102973200000012 ], [ 166.1753689, -22.10174 ], [ 166.175272799999988, -22.097320299999986 ], [ 166.1726237, -22.0937908 ], [ 166.1705122, -22.096202399999964 ], [ 166.1626287, -22.084541199999968 ], [ 166.150496299999986, -22.0827831 ], [ 166.1403263, -22.0894423 ], [ 166.137768699999981, -22.098269699999982 ], [ 166.1251517, -22.0992043 ], [ 166.1234038, -22.091754299999984 ], [ 166.1253395, -22.090598700000015 ], [ 166.114816199999979, -22.088469500000024 ], [ 166.1255382, -22.079072 ], [ 166.125645100000014, -22.0705968 ], [ 166.1209005, -22.067018499999989 ], [ 166.1212995, -22.063435100000021 ], [ 166.111868499999986, -22.0626338 ], [ 166.1141869, -22.0608505 ], [ 166.120139199999983, -22.0595106 ], [ 166.12961439999998, -22.062127 ], [ 166.128784599999989, -22.069968 ], [ 166.1332487, -22.0716413 ], [ 166.1379278, -22.0688457 ], [ 166.142976899999979, -22.0723914 ], [ 166.141977299999979, -22.07516 ], [ 166.1478545, -22.0760263 ], [ 166.147364899999985, -22.0788596 ], [ 166.1501892, -22.0780267 ], [ 166.147822099999985, -22.073909800000013 ], [ 166.157549499999988, -22.0766766 ], [ 166.162898899999988, -22.072247200000039 ], [ 166.1613683, -22.0753821 ], [ 166.1664999, -22.08747689999997 ], [ 166.166930899999983, -22.085219199999983 ], [ 166.1730934, -22.087647900000011 ], [ 166.16958409999998, -22.0823499 ], [ 166.1749477, -22.080893899999971 ], [ 166.1715782, -22.0803755 ], [ 166.175432199999989, -22.075201700000022 ], [ 166.168406899999979, -22.078019600000012 ], [ 166.168842, -22.0727622 ], [ 166.163218199999989, -22.0700835 ], [ 166.1609914, -22.060253 ], [ 166.1566329, -22.057784600000023 ], [ 166.163787, -22.0532321 ], [ 166.161464900000027, -22.0501393 ], [ 166.164208799999983, -22.050761 ], [ 166.1633919, -22.0459344 ], [ 166.156412, -22.0416555 ], [ 166.145945499999982, -22.042191199999987 ], [ 166.1453769, -22.0368332 ], [ 166.1310355, -22.040256400000029 ], [ 166.1187474, -22.0363539 ], [ 166.1148436, -22.031802400000043 ], [ 166.1178933, -22.030232500000018 ], [ 166.1149342, -22.027429800000021 ], [ 166.1168845, -22.025092900000011 ], [ 166.13652639999998, -22.03744559999998 ], [ 166.1415581, -22.036149899999984 ], [ 166.1453976, -22.030708399999973 ], [ 166.1592406, -22.0395085 ], [ 166.1653541, -22.0384674 ], [ 166.1673567, -22.0350969 ], [ 166.1722026, -22.0401376 ], [ 166.1738581, -22.039202200000016 ], [ 166.17149809999998, -22.033377700000017 ], [ 166.1757393, -22.03612720000001 ], [ 166.1764526, -22.040987 ], [ 166.191361799999981, -22.0416098 ], [ 166.197425, -22.04956120000001 ], [ 166.195918399999982, -22.0441955 ], [ 166.2029972, -22.04553569999997 ], [ 166.1978713, -22.043472299999976 ], [ 166.198374299999983, -22.039276500000032 ], [ 166.202837, -22.036238299999951 ], [ 166.2073155, -22.0389252 ], [ 166.2130843, -22.037903599999989 ], [ 166.21027429999998, -22.0358549 ], [ 166.207211, -22.0382182 ], [ 166.204248399999983, -22.0333016 ], [ 166.209830899999986, -22.0360074 ], [ 166.20617249999998, -22.034089399999953 ], [ 166.2074366, -22.0326941 ], [ 166.2129201, -22.0352518 ], [ 166.216615499999989, -22.0332745 ], [ 166.2093907, -22.0325811 ], [ 166.2088417, -22.0257864 ], [ 166.2078716, -22.0303405 ], [ 166.200548002679767, -22.02681859909713 ], [ 166.1984668, -22.029214 ], [ 166.2005173, -22.0309728 ], [ 166.1950382, -22.0300325 ], [ 166.200237496144922, -22.026669266319807 ], [ 166.199037, -22.026091899999987 ], [ 166.197964, -22.0219568 ], [ 166.2079678, -22.01950630000001 ], [ 166.202439699999985, -22.010545 ], [ 166.1991315, -22.009439099999984 ], [ 166.196221, -22.009602900000012 ], [ 166.2005058, -22.017151100000024 ], [ 166.2001933, -22.013453899999973 ], [ 166.2031412, -22.014449100000018 ], [ 166.2033825, -22.0193891 ], [ 166.197905847927302, -22.020980504598416 ], [ 166.1989791, -22.0179293 ], [ 166.1920964, -22.0072983 ], [ 166.1982755, -22.017235500000012 ], [ 166.1957272, -22.020612599999989 ], [ 166.1968066, -22.027442499999982 ], [ 166.193494, -22.027712199999968 ], [ 166.19497579999998, -22.0253366 ], [ 166.192901299999988, -22.02762 ], [ 166.1939916, -22.0245223 ], [ 166.192947299999986, -22.026083699999983 ], [ 166.19078589999998, -22.0235366 ], [ 166.19594189999998, -22.024288700000021 ], [ 166.191778199999987, -22.023100899999982 ], [ 166.1945169, -22.021802500000028 ], [ 166.19068919999998, -22.019363800000036 ], [ 166.1831139, -22.030660700000016 ], [ 166.1871277, -22.023901300000038 ], [ 166.183743199999981, -22.024186900000025 ], [ 166.1862841, -22.0211642 ], [ 166.182814399999984, -22.016244699999984 ], [ 166.1767561, -22.017332599999971 ], [ 166.173930099999978, -22.021221600000022 ], [ 166.1703742, -22.014522400000011 ], [ 166.1638356, -22.019614299999951 ], [ 166.1605663, -22.0158913 ], [ 166.1651297, -22.0154495 ], [ 166.165915499999983, -22.01118290000003 ], [ 166.1580679, -22.0087288 ], [ 166.153850299999988, -22.0153249 ], [ 166.148736899999989, -22.0164295 ], [ 166.150974599999984, -22.007605499999976 ], [ 166.146773599999989, -22.0025241 ], [ 166.1624881, -21.9947017 ], [ 166.161224799999985, -21.9926924 ], [ 166.14856229999998, -21.9977404 ], [ 166.1450056, -21.994345499999987 ], [ 166.148062983187089, -21.996602543771573 ], [ 166.15102060000001, -21.987601300000012 ], [ 166.1560289, -21.98877250000001 ], [ 166.1597717, -21.987590099999984 ], [ 166.1608363, -21.9840044 ], [ 166.163153, -21.985078 ], [ 166.163959299999988, -21.9742891 ], [ 166.169718599999982, -21.9750218 ], [ 166.167424499999981, -21.97282160000001 ], [ 166.168971299999981, -21.9707441 ], [ 166.1543814, -21.96544410000002 ], [ 166.150801299999983, -21.96116540000002 ], [ 166.143511499999988, -21.9622182 ], [ 166.1379383, -21.9599434 ], [ 166.1394446, -21.9527454 ], [ 166.1315749, -21.947868899999964 ], [ 166.1236432, -21.947925500000032 ], [ 166.1331145, -21.947579 ], [ 166.133432, -21.94570610000001 ], [ 166.1262653, -21.9458166 ], [ 166.1252059, -21.9414639 ], [ 166.1200146, -21.939229 ], [ 166.1218719, -21.937761099999989 ], [ 166.1193471, -21.939087799999943 ], [ 166.115580300000033, -21.933139600000022 ], [ 166.1133021, -21.933132400000019 ], [ 166.1145871, -21.936798099999958 ], [ 166.105555403520583, -21.935900789971118 ], [ 166.106270329572823, -21.933631424778756 ], [ 166.1040621, -21.9355324 ], [ 166.102595399999984, -21.9430248 ], [ 166.097687799999989, -21.9453613 ], [ 166.1019063, -21.94231150000001 ], [ 166.0993283, -21.9422221 ], [ 166.101503499999978, -21.941905 ], [ 166.0989036, -21.939107499999974 ], [ 166.1031189, -21.938022199999981 ], [ 166.0983118, -21.935770399999953 ], [ 166.10540229999998, -21.931174299999977 ], [ 166.1003648, -21.9321155 ], [ 166.10680050000002, -21.9308502 ], [ 166.1026354, -21.931391299999976 ], [ 166.1013839, -21.9281575 ], [ 166.099967099999986, -21.9305966 ], [ 166.102438899999981, -21.9314861 ], [ 166.0981452, -21.930905700000025 ], [ 166.1002843, -21.9249849 ], [ 166.0971027, -21.9296121 ], [ 166.089499741408048, -21.928844096562568 ], [ 166.089084635646174, -21.928297041289628 ], [ 166.092517099999981, -21.9181248 ], [ 166.091119699999979, -21.9208779 ], [ 166.090920029253539, -21.920391127719213 ], [ 166.088123698444662, -21.927030631364776 ], [ 166.0869362, -21.9254656 ], [ 166.0846656, -21.9275899 ], [ 166.0890398, -21.93389470000001 ], [ 166.086795599999988, -21.9368288 ], [ 166.080621799999989, -21.93683 ], [ 166.072342099999986, -21.9461587 ], [ 166.0708712, -21.930629599999989 ], [ 166.077966, -21.9341558 ], [ 166.077034799999979, -21.9371189 ], [ 166.0808806, -21.9363265 ], [ 166.079652399999986, -21.9326752 ], [ 166.084425, -21.9236523 ], [ 166.0783959, -21.913358200000012 ], [ 166.073759, -21.914159200000036 ], [ 166.076866599999988, -21.9076226 ], [ 166.069451499999985, -21.9141627 ], [ 166.06534929999998, -21.9111112 ], [ 166.0633253, -21.9062983 ], [ 166.0666872, -21.9004011 ], [ 166.065114199999982, -21.8964052 ], [ 166.0664821, -21.900319 ], [ 166.062836399999981, -21.906502799999988 ], [ 166.0666219, -21.889177499999985 ], [ 166.069467, -21.887038499999985 ], [ 166.066041399999989, -21.882829200000021 ], [ 166.068802299999987, -21.8802331 ], [ 166.066153, -21.881862900000016 ], [ 166.0625124, -21.878845 ], [ 166.0591497, -21.87996110000001 ], [ 166.059982099999985, -21.8765816 ], [ 166.054820299999989, -21.8756143 ], [ 166.0530651, -21.877934199999977 ], [ 166.058922699999982, -21.8867526 ], [ 166.0539358, -21.8797733 ], [ 166.05226159999998, -21.8820508 ], [ 166.051081, -21.879889899999988 ], [ 166.047843699999987, -21.883334500000021 ], [ 166.0512789, -21.8843156 ], [ 166.0486415, -21.884862300000012 ], [ 166.0499467, -21.8868368 ], [ 166.047629, -21.885611 ], [ 166.0470516, -21.890208099999988 ], [ 166.047695, -21.8800275 ], [ 166.045594599999987, -21.883909399999975 ], [ 166.0415395, -21.8778044 ], [ 166.0465893, -21.8873019 ], [ 166.040705299999985, -21.888125 ], [ 166.045466200000021, -21.8855601 ], [ 166.039767399999988, -21.885259399999985 ], [ 166.039284899999984, -21.880595599999968 ], [ 166.0322338, -21.880000900000024 ], [ 166.0308914, -21.8900873 ], [ 166.025762, -21.8922724 ], [ 166.0217508, -21.8895435 ], [ 166.0227396, -21.893636900000033 ], [ 166.0296444, -21.891809 ], [ 166.028172, -21.893495499999986 ], [ 166.0308126, -21.895731100000013 ], [ 166.0362269, -21.895217 ], [ 166.030204199999986, -21.8974248 ], [ 166.036429699999985, -21.8984501 ], [ 166.035677199999981, -21.9000035 ], [ 166.0306185, -21.8980906 ], [ 166.029298974237861, -21.90123922714286 ], [ 166.030207, -21.902515400000016 ], [ 166.032378199999982, -21.900326600000017 ], [ 166.030503871317762, -21.904148003821245 ], [ 166.02750469999998, -21.902761399999982 ], [ 166.026134600000034, -21.905893 ], [ 166.026064600000012, -21.902579 ], [ 166.024101799999983, -21.903113399999956 ], [ 166.026403605771719, -21.901492185949923 ], [ 166.022761, -21.899096 ], [ 166.020003800000012, -21.9003638 ], [ 166.0233025, -21.8998612 ], [ 166.023552200000012, -21.905344299999971 ], [ 166.0204396, -21.90708 ], [ 166.0272013, -21.908211299999966 ], [ 166.02822089999998, -21.9129578 ], [ 166.025261799999981, -21.9124428 ], [ 166.0255785, -21.915487899999963 ], [ 166.02873839999998, -21.9205921 ], [ 166.028615299999984, -21.9146273 ], [ 166.0310958, -21.9264593 ], [ 166.0362902, -21.9302262 ], [ 166.0334944, -21.934377200000018 ], [ 166.0349688, -21.9391655 ], [ 166.0301907, -21.941831 ], [ 166.0237141, -21.9372909 ], [ 166.0230894, -21.9290984 ], [ 166.024110899999982, -21.9323186 ], [ 166.026558100000017, -21.92910629999998 ], [ 166.024904, -21.925559300000018 ], [ 166.0178158, -21.928987900000024 ], [ 166.0181215, -21.9314774 ], [ 166.008978600000034, -21.9338384 ], [ 166.006254499999983, -21.9370574 ], [ 166.0056971, -21.945320799999987 ], [ 166.0108176, -21.9469828 ], [ 166.0108971, -21.9445437 ], [ 166.0136975, -21.948222 ], [ 166.0086229, -21.955742 ], [ 166.0052442, -21.953868200000027 ], [ 166.002299199999982, -21.9555325 ], [ 166.003115899999983, -21.959035799999985 ], [ 165.9998324, -21.961339600000013 ], [ 166.0051532, -21.9678887 ], [ 166.000172099999986, -21.9665344 ], [ 165.9904578, -21.9588769 ], [ 166.0014922, -21.956267300000018 ], [ 166.004666899999989, -21.9504037 ], [ 166.002508399999982, -21.946685 ], [ 165.998165799999981, -21.946944400000028 ], [ 165.9939659, -21.9406277 ], [ 165.9865288, -21.9372747 ], [ 165.9828056, -21.9394832 ], [ 165.9845748, -21.9475139 ], [ 165.975500899999986, -21.9422791 ], [ 165.9782127, -21.9419358 ], [ 165.9778466, -21.937506 ], [ 165.9801598, -21.940493399999987 ], [ 165.9824806, -21.9371543 ], [ 165.9825712, -21.931139400000017 ], [ 165.9786283, -21.928427900000049 ], [ 165.9754108, -21.931596199999962 ], [ 165.962238499999984, -21.922949799999984 ], [ 165.949307399999981, -21.925400200000023 ], [ 165.9454601, -21.92271580000002 ], [ 165.949690299999986, -21.9220354 ], [ 165.9454379, -21.917133499999984 ], [ 165.9415813, -21.920281 ], [ 165.937416334352093, -21.915961776233317 ], [ 165.9436986, -21.916421700000026 ], [ 165.94496909999998, -21.9131904 ], [ 165.9419, -21.9072718 ], [ 165.9441137, -21.9058361 ], [ 165.938837799999988, -21.905642799999981 ], [ 165.9243152, -21.88096319999995 ], [ 165.914107799999982, -21.8771394 ], [ 165.9158846, -21.873862500000037 ], [ 165.911606799999987, -21.8733221 ], [ 165.913654799999989, -21.8720513 ], [ 165.9110655, -21.8729372 ], [ 165.8999551, -21.8662992 ], [ 165.8869277, -21.8633786 ], [ 165.878321699999987, -21.867153500000047 ], [ 165.8755812, -21.8643929 ], [ 165.87865979999998, -21.861716499999964 ], [ 165.8779045, -21.8573215 ], [ 165.876651399999986, -21.859582 ], [ 165.8715607, -21.859195 ], [ 165.873994499999981, -21.860114399999986 ], [ 165.8701001, -21.8620396 ], [ 165.8684136, -21.8532928 ], [ 165.863648399999988, -21.8603365 ], [ 165.8615059, -21.857559599999963 ], [ 165.8533213, -21.8568938 ], [ 165.850136599999985, -21.8584171 ], [ 165.8475009, -21.865408900000013 ], [ 165.834562, -21.8653471 ], [ 165.8191985, -21.872526199999978 ], [ 165.8198664, -21.864635 ], [ 165.8078224, -21.857062099999972 ], [ 165.810602099999983, -21.848707200000014 ], [ 165.808481799999981, -21.8430187 ], [ 165.8141167, -21.847971399999981 ], [ 165.8110725, -21.85260989999998 ], [ 165.82383249999998, -21.850127400000023 ], [ 165.8261523, -21.854133800000017 ], [ 165.837999699999983, -21.8527878 ], [ 165.8392945, -21.8467592 ], [ 165.8437614, -21.845030800000035 ], [ 165.8353167, -21.845323300000036 ], [ 165.832954299999983, -21.837811599999981 ], [ 165.8366101, -21.835673500000038 ], [ 165.829860299999979, -21.8332089 ], [ 165.8324748, -21.8323543 ], [ 165.8302477, -21.829519899999976 ], [ 165.833536899999984, -21.8309074 ], [ 165.8323015, -21.829087800000035 ], [ 165.8347268, -21.828814400000031 ], [ 165.8312652, -21.8288088 ], [ 165.8280772, -21.8202882 ], [ 165.8327865, -21.8179295 ], [ 165.826606699999985, -21.816625299999977 ], [ 165.8249936, -21.8124414 ], [ 165.827701499999989, -21.811787300000024 ], [ 165.8236737, -21.8092952 ], [ 165.819352399999985, -21.8128138 ], [ 165.8201205, -21.820585 ], [ 165.813704, -21.816997799999967 ], [ 165.813963699999988, -21.812748200000012 ], [ 165.8098062, -21.814671100000012 ], [ 165.808552, -21.806660099999988 ], [ 165.8017557, -21.8105944 ], [ 165.7950315, -21.810818500000011 ], [ 165.8000984, -21.804386100000016 ], [ 165.7942358, -21.80171630000002 ], [ 165.800488, -21.804349299999988 ], [ 165.8017016, -21.795304800000011 ], [ 165.8120212, -21.7931319 ], [ 165.804225699999989, -21.791624399999989 ], [ 165.802769399999988, -21.7891645 ], [ 165.798947799999979, -21.790504899999984 ], [ 165.7972188, -21.787324799999968 ], [ 165.7939697, -21.789779899999964 ], [ 165.791304699999984, -21.7842275 ], [ 165.7887558, -21.7905145 ], [ 165.785130899999984, -21.787323599999983 ], [ 165.785735, -21.7888665 ], [ 165.7808154, -21.788185499999987 ], [ 165.7814606, -21.792342200000018 ], [ 165.7774598, -21.7899388 ], [ 165.7808239, -21.7994916 ], [ 165.7790938, -21.801454299999985 ], [ 165.7824699, -21.801332 ], [ 165.7837395, -21.8044384 ], [ 165.778207499999979, -21.8045349 ], [ 165.776660599999985, -21.809588199999983 ], [ 165.777113350258361, -21.810083998920067 ], [ 165.769940599999984, -21.80905669999996 ], [ 165.76868349999998, -21.8039234 ], [ 165.766028299999988, -21.801647100000029 ], [ 165.7653927, -21.804169599999984 ], [ 165.7618885, -21.7991564 ], [ 165.7633496, -21.7924603 ], [ 165.7529136, -21.7825673 ], [ 165.75682089999998, -21.781314800000025 ], [ 165.758712290303919, -21.782247914990094 ], [ 165.7622226, -21.781388300000021 ], [ 165.7612493, -21.7791653 ], [ 165.7624447, -21.781063 ], [ 165.7642109, -21.778806 ], [ 165.7654279, -21.781581799999987 ], [ 165.769507, -21.779670599999985 ], [ 165.7709113, -21.773772900000019 ], [ 165.7786887, -21.770451 ], [ 165.7792557, -21.7677533 ], [ 165.7732934, -21.769578 ], [ 165.77665589999998, -21.7651137 ], [ 165.7750021, -21.76410850000001 ], [ 165.7713331, -21.7677715 ], [ 165.755850800000019, -21.7583624 ], [ 165.7550037, -21.761042 ], [ 165.751681199999979, -21.7572466 ], [ 165.7487997, -21.757518 ], [ 165.7493244, -21.753742200000019 ], [ 165.7449121, -21.7553063 ], [ 165.7343511, -21.751529 ], [ 165.7266985, -21.74299030000002 ], [ 165.729262500000033, -21.738626399999976 ], [ 165.741176, -21.7418705 ], [ 165.745831, -21.746327199999985 ], [ 165.745438399999983, -21.740098299999971 ], [ 165.749081599999982, -21.7370614 ], [ 165.7425921, -21.729527800000032 ], [ 165.748504, -21.731980799999981 ], [ 165.7559057, -21.741242500000013 ], [ 165.759042599999987, -21.7410254 ], [ 165.7583098, -21.738700800000043 ], [ 165.7620451, -21.7367226 ], [ 165.766941299999985, -21.7370944 ], [ 165.7718437, -21.7471631 ], [ 165.7765439, -21.7422593 ], [ 165.7789727, -21.743537500000027 ], [ 165.794110099999983, -21.736838199999976 ], [ 165.795713299999989, -21.7337563 ], [ 165.7928389, -21.729614699999974 ], [ 165.798093, -21.7268487 ], [ 165.792951499999987, -21.7265725 ], [ 165.796474259337231, -21.72360305274227 ], [ 165.793063, -21.7249781 ], [ 165.795003799999989, -21.721546500000017 ], [ 165.7924619, -21.719192800000016 ], [ 165.7896979, -21.720516300000011 ], [ 165.790317, -21.724930200000028 ], [ 165.788705, -21.7205392 ], [ 165.7883248, -21.729402799999974 ], [ 165.7843321, -21.732447500000024 ], [ 165.787115799999981, -21.7259869 ], [ 165.7820305, -21.726189 ], [ 165.78343049999998, -21.731852199999988 ], [ 165.7764286, -21.7373427 ], [ 165.782266199999981, -21.7327024 ], [ 165.778879099999983, -21.7306837 ], [ 165.777520899999985, -21.725216100000036 ], [ 165.78135229999998, -21.7222974 ], [ 165.7762531, -21.7161405 ], [ 165.771596099999982, -21.721999300000011 ], [ 165.749928499999982, -21.7104721 ], [ 165.750017, -21.703123299999987 ], [ 165.756023299999981, -21.7023467 ], [ 165.754966199999984, -21.6993521 ], [ 165.751112799999987, -21.701548300000013 ], [ 165.7455832, -21.6959205 ], [ 165.7394779, -21.696485099999968 ], [ 165.7439329, -21.697157699999973 ], [ 165.7475115, -21.701998 ], [ 165.741726199999988, -21.7105916 ], [ 165.731258199999985, -21.706089400000028 ], [ 165.7294172, -21.70227 ], [ 165.7237322, -21.7028488 ], [ 165.7216009, -21.7074457 ], [ 165.711979099999979, -21.705930699999946 ], [ 165.712483, -21.7090413 ], [ 165.709806599999979, -21.7101146 ], [ 165.7066003, -21.707477400000013 ], [ 165.707551699999982, -21.711618399999956 ], [ 165.7132772, -21.710795299999987 ], [ 165.7186179, -21.714285099999987 ], [ 165.713539699999984, -21.718198 ], [ 165.714037800000028, -21.721186400000011 ], [ 165.709048599999988, -21.72102319999998 ], [ 165.714051, -21.7234402 ], [ 165.7130885, -21.7256573 ], [ 165.721300099999979, -21.726268599999976 ], [ 165.7202768, -21.723399 ], [ 165.7241895, -21.7190694 ], [ 165.7231122, -21.72378549999998 ], [ 165.727557199999978, -21.724394099999969 ], [ 165.719566500000013, -21.72715 ], [ 165.716368599999981, -21.735470499999966 ], [ 165.703588, -21.7409203 ], [ 165.7010755, -21.7509215 ], [ 165.7104266, -21.7541278 ], [ 165.6996433, -21.7607334 ], [ 165.6938845, -21.757777 ], [ 165.691760499999987, -21.753324499999959 ], [ 165.6935843, -21.7554028 ], [ 165.695765599999987, -21.7527459 ], [ 165.6944993, -21.746751699999979 ], [ 165.6975946, -21.7459314 ], [ 165.6953364, -21.7414966 ], [ 165.6932521, -21.74383360000002 ], [ 165.693808400000023, -21.740914599999989 ], [ 165.6898975, -21.742246299999987 ], [ 165.6885694, -21.7450202 ], [ 165.6734942, -21.7436593 ], [ 165.67606619999998, -21.7421698 ], [ 165.6741386, -21.7417254 ], [ 165.675315, -21.737694299999983 ], [ 165.679960199999982, -21.7355394 ], [ 165.6754599, -21.7308552 ], [ 165.687523299999981, -21.7301164 ], [ 165.689374599999979, -21.7269414 ], [ 165.681729099999984, -21.7227015 ], [ 165.677907399999981, -21.725073800000015 ], [ 165.6789748, -21.7231364 ], [ 165.678946270132968, -21.723132743638708 ], [ 165.6795857, -21.722588 ], [ 165.6698347, -21.721749400000025 ], [ 165.6800547, -21.7205741 ], [ 165.68487829999998, -21.7150937 ], [ 165.6768418, -21.717179799999982 ], [ 165.6745511, -21.7156192 ], [ 165.6769271, -21.713265700000022 ], [ 165.6744371, -21.7115659 ], [ 165.6763609, -21.7076023 ], [ 165.6703664, -21.7094968 ], [ 165.674443699999983, -21.70779629999997 ], [ 165.674765399999984, -21.7050879 ], [ 165.6705274, -21.7086605 ], [ 165.6709012, -21.7043715 ], [ 165.665694699999989, -21.707470500000014 ], [ 165.664261399999987, -21.701705299999986 ], [ 165.6614721, -21.703165300000038 ], [ 165.663197, -21.701190900000032 ], [ 165.657936299999989, -21.7035539 ], [ 165.6597907, -21.7049277 ], [ 165.6556496, -21.70579459999998 ], [ 165.663915299999985, -21.705090099999989 ], [ 165.661896399999989, -21.707294800000017 ], [ 165.663440399999985, -21.712996 ], [ 165.6586767, -21.7116059 ], [ 165.6557918, -21.715602 ], [ 165.653736899999984, -21.7109316 ], [ 165.651410199999987, -21.717162700000038 ], [ 165.6577105, -21.7203328 ], [ 165.6502543, -21.719953599999965 ], [ 165.643637899999987, -21.723595400000011 ], [ 165.6421215, -21.727619800000014 ], [ 165.640450499999986, -21.724956599999985 ], [ 165.636752299999984, -21.725696499999973 ], [ 165.635450099999986, -21.7220815 ], [ 165.627618, -21.73478840000001 ], [ 165.622658300000012, -21.7339662 ], [ 165.6271462, -21.726983 ], [ 165.6237108, -21.719976199999959 ], [ 165.6248029, -21.7150239 ], [ 165.627122899999989, -21.714890299999976 ], [ 165.6253917, -21.712373699999976 ], [ 165.627315, -21.708449899999987 ], [ 165.6162469, -21.7149585 ], [ 165.6140508, -21.720360899999978 ], [ 165.609550499999983, -21.722526800000026 ], [ 165.612835400000023, -21.7172082 ], [ 165.61176, -21.71039889999998 ], [ 165.6158031, -21.705755 ], [ 165.613561, -21.706066199999988 ], [ 165.6136119, -21.7032602 ], [ 165.6027905, -21.713000399999945 ], [ 165.5947621, -21.709113500000015 ], [ 165.589760100000035, -21.709818100000025 ], [ 165.585392899999988, -21.716257600000045 ], [ 165.576468899999981, -21.705773600000029 ], [ 165.57292, -21.7084356 ], [ 165.573860699999983, -21.7050341 ], [ 165.570353499999982, -21.7013856 ], [ 165.5639292, -21.7076074 ], [ 165.5601369, -21.70801 ], [ 165.557317, -21.706536899999978 ], [ 165.561167300000022, -21.700998600000027 ], [ 165.5601312, -21.6986015 ], [ 165.553364099999982, -21.70369190000002 ], [ 165.542887799999988, -21.7024963 ], [ 165.537481899999989, -21.697045900000013 ], [ 165.538853, -21.694161300000026 ], [ 165.5361833, -21.6948356 ], [ 165.5417027, -21.6926559 ], [ 165.5358182, -21.693615600000037 ], [ 165.5304562, -21.6887124 ], [ 165.5320731, -21.6858737 ], [ 165.5296414, -21.6880841 ], [ 165.5246176, -21.681554300000016 ], [ 165.524293, -21.684110100000016 ], [ 165.521639, -21.6851047 ], [ 165.5219313, -21.683298499999985 ], [ 165.5193214, -21.686268 ], [ 165.5024694, -21.675117200000027 ], [ 165.4969987, -21.677076400000018 ], [ 165.503077500000018, -21.6747753 ], [ 165.4969259, -21.676845 ], [ 165.5024996, -21.674694899999984 ], [ 165.4968446, -21.6728058 ], [ 165.490708499999982, -21.6629576 ], [ 165.485215, -21.6624745 ], [ 165.478725199999985, -21.65445769999997 ], [ 165.4702835, -21.6509835 ], [ 165.4698147, -21.6486747 ], [ 165.472890899999982, -21.648338199999987 ], [ 165.4692121, -21.648670300000013 ], [ 165.4676188, -21.6439508 ], [ 165.4760182, -21.6396925 ], [ 165.4840988, -21.643500900000017 ], [ 165.4824472, -21.641224800000035 ], [ 165.490615199999979, -21.6367961 ], [ 165.498548, -21.6409726 ], [ 165.5040946, -21.639111199999981 ], [ 165.5034374, -21.642312600000025 ], [ 165.506994599999985, -21.6412333 ], [ 165.5089252, -21.645074399999977 ], [ 165.512187, -21.636913900000025 ], [ 165.507857, -21.635910400000011 ], [ 165.512286, -21.63683930000003 ], [ 165.512485875153914, -21.637771701872779 ], [ 165.5125243, -21.6366893 ], [ 165.506014099999987, -21.630719900000024 ], [ 165.495889799999986, -21.629419 ], [ 165.4877721, -21.623281199999969 ], [ 165.484688, -21.626528399999973 ], [ 165.4830136, -21.622878799999985 ], [ 165.481342800000021, -21.628031 ], [ 165.4709316, -21.632501 ], [ 165.467299121748312, -21.631296133141245 ], [ 165.468982399999987, -21.6322685 ], [ 165.4599943, -21.63174519999998 ], [ 165.4587149, -21.6239591 ], [ 165.476714099999981, -21.6179459 ], [ 165.47462969999998, -21.610130800000011 ], [ 165.4760913, -21.607078300000012 ], [ 165.4788041, -21.607306100000017 ], [ 165.476017899999988, -21.606912800000011 ], [ 165.4789409, -21.6041071 ], [ 165.4825483, -21.603171900000014 ], [ 165.4796476, -21.603192799999984 ], [ 165.4831705, -21.60170159999997 ], [ 165.4868476, -21.604081 ], [ 165.483432199999982, -21.601528900000012 ], [ 165.48836559999998, -21.6032969 ], [ 165.4920377, -21.600714 ], [ 165.4813618, -21.600908 ], [ 165.4737022, -21.6053715 ], [ 165.457735899999989, -21.605112799999969 ], [ 165.469028899999984, -21.611677400000037 ], [ 165.4705725, -21.618648399999969 ], [ 165.4646579, -21.620965 ], [ 165.4636236, -21.613453299999986 ], [ 165.4576813, -21.606503100000037 ], [ 165.456761299999982, -21.608767799999967 ], [ 165.4509062, -21.605007 ], [ 165.447805499999987, -21.60668630000001 ], [ 165.4435054, -21.602952899999984 ], [ 165.43633029999998, -21.606755799999977 ], [ 165.4357163, -21.604058100000035 ], [ 165.433431399999989, -21.611360199999989 ], [ 165.436331599999988, -21.6165922 ], [ 165.4259079, -21.619715300000042 ], [ 165.382922399999984, -21.609274299999985 ], [ 165.37430305365254, -21.604275470825641 ], [ 165.3680133, -21.6030246 ], [ 165.360475499999978, -21.598092799999975 ], [ 165.3416679, -21.593370799999981 ], [ 165.3384136, -21.590201399999984 ], [ 165.3428825, -21.592287199999962 ], [ 165.34540389999998, -21.590804100000014 ], [ 165.341947799999986, -21.5916783 ], [ 165.337218799999988, -21.5877022 ], [ 165.3384771, -21.589899700000025 ], [ 165.2863566, -21.5730179 ], [ 165.2671872, -21.556812299999979 ], [ 165.2667442, -21.553803399999975 ], [ 165.268452779835911, -21.553961442872207 ] ], [ [ 165.269274213196809, -21.554037418750337 ], [ 165.2713598, -21.5542303 ], [ 165.271219308742559, -21.553653584283026 ], [ 165.269274213196809, -21.554037418750337 ] ], [ [ 165.270797593875187, -21.55192241913841 ], [ 165.270740099999983, -21.5516864 ], [ 165.2738865, -21.5542122 ], [ 165.272689, -21.5526127 ], [ 165.270634799999982, -21.5515868 ], [ 165.270797593875187, -21.55192241913841 ] ], [ [ 165.375351521637867, -21.604483959123343 ], [ 165.384841599999987, -21.6079353 ], [ 165.3771495, -21.6050001 ], [ 165.378366600000021, -21.603195400000011 ], [ 165.3805408, -21.6045868 ], [ 165.378282, -21.6027982 ], [ 165.3767121, -21.6047545 ], [ 165.375351521637867, -21.604483959123343 ] ], [ [ 165.512580201539322, -21.63821172277833 ], [ 165.51366969999998, -21.6432939 ], [ 165.514952199999982, -21.6380113 ], [ 165.5126937, -21.6371245 ], [ 165.512580201539322, -21.63821172277833 ] ], [ [ 166.148081816682605, -21.996616446778674 ], [ 166.148695, -21.9970691 ], [ 166.15216430000001, -21.9917214 ], [ 166.1552202, -21.993810499999984 ], [ 166.15449719999998, -21.9917631 ], [ 166.158162899999979, -21.992153299999988 ], [ 166.1521608, -21.991498800000048 ], [ 166.148081816682605, -21.996616446778674 ] ], [ [ 166.442390005441723, -22.174971392947125 ], [ 166.4451518, -22.1741021 ], [ 166.4462684, -22.1608935 ], [ 166.452936, -22.161334499999985 ], [ 166.449008802635433, -22.159762016299837 ], [ 166.4440985, -22.159964 ], [ 166.443365699999987, -22.155874899999986 ], [ 166.4423722, -22.158793300000017 ], [ 166.4451808, -22.1618704 ], [ 166.442390005441723, -22.174971392947125 ] ], [ [ 166.449000051549092, -22.159758512147942 ], [ 166.444680799999986, -22.158028899999977 ], [ 166.455176599999987, -22.152463099999988 ], [ 166.463220899999982, -22.152702700000017 ], [ 166.4652917, -22.1485067 ], [ 166.4622962, -22.1525352 ], [ 166.4527009, -22.1517324 ], [ 166.4443465, -22.157560299999989 ], [ 166.4448664, -22.1598528 ], [ 166.449000051549092, -22.159758512147942 ] ], [ [ 166.456767002515278, -22.236162606385484 ], [ 166.4563923, -22.240914699999976 ], [ 166.4519597, -22.239444 ], [ 166.4554134, -22.241953499999983 ], [ 166.4535813, -22.246831899999982 ], [ 166.46188189999998, -22.244301799999988 ], [ 166.4639939, -22.2482579 ], [ 166.4664096, -22.247036700000031 ], [ 166.463653699999981, -22.2455084 ], [ 166.4673047, -22.244561899999987 ], [ 166.4683187, -22.236532700000019 ], [ 166.471016599999984, -22.2378085 ], [ 166.469822800000031, -22.23522 ], [ 166.4661984, -22.2381788 ], [ 166.466234599999979, -22.235119499999989 ], [ 166.4623516, -22.24412 ], [ 166.45804, -22.244055399999976 ], [ 166.4556154, -22.2420955 ], [ 166.4577057, -22.2407872 ], [ 166.456767002515278, -22.236162606385484 ] ], [ [ 166.589110874687265, -22.236508738005718 ], [ 166.5898354, -22.2367174 ], [ 166.5909977, -22.232716300000014 ], [ 166.5961159, -22.23059970000002 ], [ 166.590954899999986, -22.232530499999967 ], [ 166.589110874687265, -22.236508738005718 ] ], [ [ 166.843900983245931, -22.029389661364885 ], [ 166.839684074160459, -22.032294894558756 ], [ 166.8448201, -22.029886199999989 ], [ 166.843900983245931, -22.029389661364885 ] ], [ [ 166.837400720178039, -22.033365665815644 ], [ 166.8334002, -22.032131599999968 ], [ 166.836598399999986, -22.033741899999988 ], [ 166.837400720178039, -22.033365665815644 ] ], [ [ 166.399180162715481, -21.718992907368786 ], [ 166.394941099999983, -21.71390869999998 ], [ 166.3986769, -21.7191504 ], [ 166.399180162715481, -21.718992907368786 ] ], [ [ 166.229134315683041, -21.612069287691842 ], [ 166.2252125, -21.612001 ], [ 166.2293746, -21.6131448 ], [ 166.229134315683041, -21.612069287691842 ] ], [ [ 166.474234188038054, -22.254868689244468 ], [ 166.47720080000002, -22.251983900000024 ], [ 166.47398, -22.251229400000035 ], [ 166.4769681, -22.249426900000014 ], [ 166.472645699999987, -22.2508104 ], [ 166.474234188038054, -22.254868689244468 ] ], [ [ 166.255482548445684, -22.154862333364935 ], [ 166.258533699999987, -22.1535944 ], [ 166.255765599999989, -22.153458100000034 ], [ 166.255482548445684, -22.154862333364935 ] ], [ [ 166.107230441488667, -21.932804878575688 ], [ 166.118116499999985, -21.930908799999965 ], [ 166.1154708, -21.9268502 ], [ 166.1096522, -21.9312644 ], [ 166.111947, -21.9165861 ], [ 166.117404599999986, -21.914901700000026 ], [ 166.11155549999998, -21.91667570000001 ], [ 166.1091801, -21.931126399999989 ], [ 166.107230441488667, -21.932804878575688 ] ], [ [ 166.090152892402983, -21.918520911142696 ], [ 166.088812, -21.915251800000032 ], [ 166.0925624, -21.912732900000016 ], [ 166.0896718, -21.913372199999969 ], [ 166.08595219999998, -21.9074474 ], [ 166.085886599999981, -21.910854200000045 ], [ 166.0828329, -21.912347100000012 ], [ 166.0863139, -21.913931199999976 ], [ 166.085788899999983, -21.917221300000019 ], [ 166.090152892402983, -21.918520911142696 ] ], [ [ 165.796628285355411, -21.723540964010834 ], [ 165.8014925, -21.7250656 ], [ 165.7997351, -21.7220807 ], [ 165.7977023, -21.7209162 ], [ 165.7978812, -21.723035900000021 ], [ 165.796628285355411, -21.723540964010834 ] ], [ [ 165.466782732175915, -21.630997828187791 ], [ 165.469579700000025, -21.629472700000033 ], [ 165.466910399999989, -21.6276357 ], [ 165.4662921, -21.630714399999981 ], [ 165.466782732175915, -21.630997828187791 ] ], [ [ 166.6729116, -21.9709192 ], [ 166.675923499999982, -21.975012 ], [ 166.6745884, -21.978641100000015 ], [ 166.6762448, -21.974824499999979 ], [ 166.6729116, -21.9709192 ] ], [ [ 166.19125440000002, -22.016913099999961 ], [ 166.193781699999988, -22.0170162 ], [ 166.192592599999983, -22.013035200000029 ], [ 166.19125440000002, -22.016913099999961 ] ], [ [ 166.1256459, -22.0910368 ], [ 166.126740600000034, -22.095862799999981 ], [ 166.129021699999981, -22.095872499999984 ], [ 166.1317833, -22.0872691 ], [ 166.1256459, -22.0910368 ] ], [ [ 165.822635199999979, -21.868271599999989 ], [ 165.826756599999982, -21.8659768 ], [ 165.824181399999986, -21.864731600000017 ], [ 165.822635199999979, -21.868271599999989 ] ], [ [ 165.822600699999981, -21.865620399999983 ], [ 165.821514399999984, -21.863505499999984 ], [ 165.819977099999988, -21.8651126 ], [ 165.822600699999981, -21.865620399999983 ] ] ], [ [ [ 165.780315915118507, -21.813590939266586 ], [ 165.781671599999981, -21.81507539999998 ], [ 165.7817001, -21.8130539 ], [ 165.781896499999988, -21.816227899999987 ], [ 165.780315915118507, -21.813590939266586 ] ] ], [ [ [ 166.030558571220439, -21.904173292423859 ], [ 166.0340689, -21.901948600000011 ], [ 166.0321002, -21.904886 ], [ 166.030558571220439, -21.904173292423859 ] ] ], [ [ [ 166.479594823720134, -22.281093158098003 ], [ 166.4814046, -22.2832821 ], [ 166.4790477, -22.283593100000019 ], [ 166.479594823720134, -22.281093158098003 ] ] ], [ [ [ 166.428492661190774, -22.194610690200367 ], [ 166.42321560000002, -22.1937807 ], [ 166.4262718, -22.1906093 ], [ 166.428492661190774, -22.194610690200367 ] ] ], [ [ [ 166.105518636444401, -21.936017496410198 ], [ 166.1087217, -21.938074400000037 ], [ 166.1057382, -21.9373822 ], [ 166.1052554, -21.9412735 ], [ 166.108830899999987, -21.9415012 ], [ 166.103739, -21.941666199999986 ], [ 166.105518636444401, -21.936017496410198 ] ] ], [ [ [ 166.089220644861967, -21.928815897249279 ], [ 166.088919799999985, -21.9287855 ], [ 166.088988676107249, -21.928581399338107 ], [ 166.089220644861967, -21.928815897249279 ] ] ], [ [ [ 165.936878386157872, -21.915922382035983 ], [ 165.9316408, -21.917680299999965 ], [ 165.9318571, -21.913606099999967 ], [ 165.9352518, -21.9111869 ], [ 165.933324699999986, -21.915662100000013 ], [ 165.936878386157872, -21.915922382035983 ] ] ], [ [ [ 166.843667399999987, -22.3786397 ], [ 166.8558574, -22.37831880000002 ], [ 166.8540054, -22.38189 ], [ 166.843667399999987, -22.3786397 ] ] ], [ [ [ 166.8525807, -22.72376 ], [ 166.8500555, -22.723514800000014 ], [ 166.8509747, -22.720414 ], [ 166.8525807, -22.72376 ] ] ], [ [ [ 166.7963892, -22.463325299999987 ], [ 166.7763913, -22.4594313 ], [ 166.7805731, -22.458926199999983 ], [ 166.781693499999989, -22.455317199999985 ], [ 166.771878499999985, -22.441455600000019 ], [ 166.784918299999987, -22.4340012 ], [ 166.785959800000029, -22.4286885 ], [ 166.7847171, -22.4178189 ], [ 166.7772378, -22.4112875 ], [ 166.778573099999988, -22.4050989 ], [ 166.7860412, -22.3985457 ], [ 166.797946, -22.4081657 ], [ 166.804149199999983, -22.4080754 ], [ 166.806407299999989, -22.4027987 ], [ 166.80457610000002, -22.3988552 ], [ 166.813781299999988, -22.393288299999952 ], [ 166.8181821, -22.3932319 ], [ 166.820884899999982, -22.3975568 ], [ 166.8253267, -22.39446059999997 ], [ 166.831788599999982, -22.3983191 ], [ 166.839257899999978, -22.39785089999998 ], [ 166.847584, -22.4154659 ], [ 166.8410738, -22.422452900000014 ], [ 166.842576399999984, -22.4325501 ], [ 166.8282246, -22.4286544 ], [ 166.822815500000019, -22.431486399999965 ], [ 166.81790909999998, -22.4399887 ], [ 166.8043396, -22.4342448 ], [ 166.800521574730823, -22.439676748701345 ], [ 166.807247099999984, -22.4475736 ], [ 166.8126858, -22.449463599999973 ], [ 166.8113334, -22.450540600000014 ], [ 166.815980599999989, -22.449250100000018 ], [ 166.816573100000028, -22.44614560000004 ], [ 166.832292199999983, -22.4456535 ], [ 166.832464099999981, -22.451872399999989 ], [ 166.8175339, -22.4665415 ], [ 166.813246099999986, -22.467654 ], [ 166.8092656, -22.4677024 ], [ 166.8043405, -22.4613552 ], [ 166.7963892, -22.463325299999987 ] ] ], [ [ [ 166.8460787, -22.351873 ], [ 166.8438562, -22.359511099999985 ], [ 166.8395448, -22.352689 ], [ 166.8460787, -22.351873 ] ] ], [ [ [ 166.8284788, -22.5318427 ], [ 166.8321564, -22.5318126 ], [ 166.829529700000023, -22.5334741 ], [ 166.8284788, -22.5318427 ] ] ], [ [ [ 166.609373299999987, -22.516564700000036 ], [ 166.612343100000032, -22.514661699999987 ], [ 166.612398500000012, -22.516818899999983 ], [ 166.609373299999987, -22.516564700000036 ] ] ], [ [ [ 166.5974919, -22.302742899999984 ], [ 166.5948977, -22.297075099999972 ], [ 166.5980109, -22.2996994 ], [ 166.5974919, -22.302742899999984 ] ] ], [ [ [ 166.58574969999998, -22.303221500000014 ], [ 166.576335799999981, -22.3049465 ], [ 166.575001, -22.2996997 ], [ 166.5772845, -22.2970124 ], [ 166.5782336, -22.301172500000011 ], [ 166.58574969999998, -22.303221500000014 ] ] ], [ [ [ 166.4972783, -22.2575404 ], [ 166.4978189, -22.250510600000016 ], [ 166.5019474, -22.259957599999989 ], [ 166.4972783, -22.2575404 ] ] ], [ [ [ 166.4804354, -22.288800800000036 ], [ 166.4834993, -22.288059700000012 ], [ 166.485713299999986, -22.2967537 ], [ 166.4885716, -22.297708599999989 ], [ 166.480693699999989, -22.310917 ], [ 166.4765865, -22.306893800000029 ], [ 166.48314510000003, -22.302433400000012 ], [ 166.481439099999989, -22.290189599999984 ], [ 166.4769162, -22.289289599999975 ], [ 166.480165299999982, -22.286956500000016 ], [ 166.4804354, -22.288800800000036 ] ] ], [ [ [ 166.482808799999987, -21.7853561 ], [ 166.4747243, -21.777197 ], [ 166.4756337, -21.7799347 ], [ 166.470212899999979, -21.7762961 ], [ 166.470959099999988, -21.774099699999958 ], [ 166.477709299999987, -21.7761762 ], [ 166.482808799999987, -21.7853561 ] ] ], [ [ [ 166.4730356, -22.316056399999965 ], [ 166.4740802, -22.3107713 ], [ 166.4755255, -22.3149445 ], [ 166.4789872, -22.312941199999969 ], [ 166.4812086, -22.314671800000013 ], [ 166.4730356, -22.316056399999965 ] ] ], [ [ [ 166.4765763, -21.773460700000019 ], [ 166.4721528, -21.772147 ], [ 166.476164399999988, -21.769305800000019 ], [ 166.4765763, -21.773460700000019 ] ] ], [ [ [ 166.438058899999987, -21.68834009999998 ], [ 166.4469923, -21.704372700000015 ], [ 166.4433746, -21.7063725 ], [ 166.4401823, -21.7056483 ], [ 166.4380237, -21.7002004 ], [ 166.432353799999987, -21.704441399999975 ], [ 166.4271483, -21.7011388 ], [ 166.4134627, -21.699477899999984 ], [ 166.4031664, -21.6889372 ], [ 166.4053779, -21.687586100000036 ], [ 166.410442599999982, -21.6914946 ], [ 166.4229517, -21.6913214 ], [ 166.426655, -21.6884935 ], [ 166.423216599999989, -21.6821075 ], [ 166.4271803, -21.6811831 ], [ 166.438058899999987, -21.68834009999998 ] ] ], [ [ [ 166.430228799999981, -22.29359450000004 ], [ 166.426130299999983, -22.292406 ], [ 166.4247222, -22.287818400000017 ], [ 166.430228799999981, -22.29359450000004 ] ] ], [ [ [ 166.412852499999985, -22.269016899999968 ], [ 166.4101168, -22.273942 ], [ 166.409068199999979, -22.271150799999987 ], [ 166.3991232, -22.2704399 ], [ 166.39001, -22.263667699999985 ], [ 166.386534899999987, -22.2590357 ], [ 166.3895771, -22.260561700000029 ], [ 166.391430499999984, -22.258309499999985 ], [ 166.385740299999981, -22.252555 ], [ 166.387197, -22.2483088 ], [ 166.392017899999985, -22.247195199999975 ], [ 166.4037683, -22.26124 ], [ 166.40968479999998, -22.2621412 ], [ 166.413522900000032, -22.2668607 ], [ 166.416212299999984, -22.2640257 ], [ 166.426564899999988, -22.268232499999982 ], [ 166.428342599999979, -22.2715122 ], [ 166.4266926, -22.282769800000018 ], [ 166.4241371, -22.280733800000014 ], [ 166.4257816, -22.274525199999978 ], [ 166.423547500000012, -22.2716897 ], [ 166.418248799999986, -22.2704921 ], [ 166.4165185, -22.273050499999957 ], [ 166.412852499999985, -22.269016899999968 ] ] ], [ [ [ 166.4095523, -22.215969 ], [ 166.4017978, -22.217980899999986 ], [ 166.3958836, -22.211709400000018 ], [ 166.401228299999985, -22.2130239 ], [ 166.4052576, -22.21010519999998 ], [ 166.4095523, -22.215969 ] ] ], [ [ [ 166.381253, -21.675238399999976 ], [ 166.388337800000016, -21.6704646 ], [ 166.396321199999988, -21.672506 ], [ 166.3894281, -21.6776733 ], [ 166.3829089, -21.67891 ], [ 166.3711424, -21.675330099999989 ], [ 166.3731731, -21.672351 ], [ 166.381253, -21.675238399999976 ] ] ], [ [ [ 166.389265699999982, -22.224529399999973 ], [ 166.3876515, -22.2272936 ], [ 166.3869551, -22.224849799999976 ], [ 166.389265699999982, -22.224529399999973 ] ] ], [ [ [ 166.2887805, -22.185923 ], [ 166.2822277, -22.176525 ], [ 166.284458799999982, -22.169943200000017 ], [ 166.2868018, -22.178495899999977 ], [ 166.2923413, -22.1837105 ], [ 166.2887805, -22.185923 ] ] ], [ [ [ 166.2090615, -21.587806700000026 ], [ 166.2192868, -21.5985872 ], [ 166.2285947, -21.602084399999981 ], [ 166.2245, -21.606207900000015 ], [ 166.2171205, -21.608059 ], [ 166.219682799999987, -21.6018812 ], [ 166.207633099999981, -21.591510899999975 ], [ 166.2113616, -21.5905578 ], [ 166.2090615, -21.587806700000026 ] ] ], [ [ [ 166.22621479999998, -22.2452481 ], [ 166.2234263, -22.2430319 ], [ 166.227354700000035, -22.241151 ], [ 166.22621479999998, -22.2452481 ] ] ], [ [ [ 166.199277599999988, -22.2132499 ], [ 166.2059181, -22.220055399999971 ], [ 166.201436600000022, -22.2189749 ], [ 166.199277599999988, -22.2132499 ] ] ], [ [ [ 166.199067099999979, -22.034373 ], [ 166.202614499999981, -22.0326643 ], [ 166.204034299999989, -22.0357555 ], [ 166.199067099999979, -22.034373 ] ] ], [ [ [ 166.1890479, -22.036641900000017 ], [ 166.1920546, -22.0361615 ], [ 166.193067899999988, -22.04016320000002 ], [ 166.1890479, -22.036641900000017 ] ] ], [ [ [ 166.159945099999987, -22.1189882 ], [ 166.1615444, -22.117694299999975 ], [ 166.16435580000001, -22.120116600000031 ], [ 166.159945099999987, -22.1189882 ] ] ], [ [ [ 166.146873699999986, -22.1148066 ], [ 166.1531137, -22.1142447 ], [ 166.1553055, -22.118097300000048 ], [ 166.146873699999986, -22.1148066 ] ] ], [ [ [ 166.11991, -22.095752600000012 ], [ 166.1210223, -22.1043256 ], [ 166.1190441, -22.105844899999973 ], [ 166.116307399999982, -22.1023697 ], [ 166.11872, -22.1019196 ], [ 166.1173091, -22.097529500000036 ], [ 166.11991, -22.095752600000012 ] ] ], [ [ [ 166.108156499999978, -22.079551400000025 ], [ 166.114404400000012, -22.0804492 ], [ 166.11018, -22.0830875 ], [ 166.1058526, -22.0928347 ], [ 166.09065529999998, -22.0908498 ], [ 166.0909308, -22.0870686 ], [ 166.099122699999981, -22.086464800000012 ], [ 166.108156499999978, -22.079551400000025 ] ] ], [ [ [ 166.111283, -21.981145099999967 ], [ 166.108673399999986, -21.985473899999985 ], [ 166.1090022, -21.982431399999967 ], [ 166.105300299999982, -21.9806004 ], [ 166.111283, -21.981145099999967 ] ] ], [ [ [ 166.101981334309642, -21.944465611494987 ], [ 166.10215119999998, -21.9472282 ], [ 166.1010186, -21.9454885 ], [ 166.101981334309642, -21.944465611494987 ] ] ], [ [ [ 166.102227569039883, -21.944203988129527 ], [ 166.1039672, -21.942355599999981 ], [ 166.1099073, -21.94185 ], [ 166.102227569039883, -21.944203988129527 ] ] ], [ [ [ 166.097718, -22.0547211 ], [ 166.099632899999989, -22.0500067 ], [ 166.109795599999984, -22.051027100000031 ], [ 166.1008751, -22.0515577 ], [ 166.097718, -22.0547211 ] ] ], [ [ [ 166.1049782, -21.9975764 ], [ 166.108911899999981, -22.000523300000012 ], [ 166.1078899, -22.004032100000011 ], [ 166.104834, -22.004446100000013 ], [ 166.1019699, -22.000159500000052 ], [ 166.1049782, -21.9975764 ] ] ], [ [ [ 166.0984431, -21.9458991 ], [ 166.101893599999983, -21.9471738 ], [ 166.0970082, -21.9480994 ], [ 166.0984431, -21.9458991 ] ] ], [ [ [ 166.101661600000028, -21.983287 ], [ 166.098094399999979, -21.986889399999985 ], [ 166.0943059, -21.981769 ], [ 166.101661600000028, -21.983287 ] ] ], [ [ [ 166.083219499999984, -21.9748072 ], [ 166.091163699999981, -21.9649487 ], [ 166.0899593, -21.960476299999986 ], [ 166.0831651, -21.959744100000044 ], [ 166.083309599999978, -21.957661600000012 ], [ 166.089867, -21.9584978 ], [ 166.0894597, -21.954486099999968 ], [ 166.0927338, -21.9538278 ], [ 166.0955535, -21.9558927 ], [ 166.092876599999983, -21.9596332 ], [ 166.1008531, -21.9639484 ], [ 166.093746899999985, -21.9681639 ], [ 166.094134699999984, -21.9784726 ], [ 166.083918399999988, -21.982340299999979 ], [ 166.0846717, -21.985894799999976 ], [ 166.076396, -21.9871113 ], [ 166.0757601, -21.976033 ], [ 166.083219499999984, -21.9748072 ] ] ], [ [ [ 166.0903054, -21.93155969999998 ], [ 166.091183699999988, -21.9293223 ], [ 166.093275799999986, -21.93255379999998 ], [ 166.0903054, -21.93155969999998 ] ] ], [ [ [ 166.092598399999986, -21.9450396 ], [ 166.0880397, -21.943179699999956 ], [ 166.088630200000011, -21.939388699999984 ], [ 166.0883188, -21.942081600000019 ], [ 166.0910434, -21.9415845 ], [ 166.092598399999986, -21.9450396 ] ] ], [ [ [ 166.081016299999987, -22.053148399999987 ], [ 166.088965799999983, -22.046113299999984 ], [ 166.0925499, -22.046691899999988 ], [ 166.0860706, -22.058866 ], [ 166.0846726, -22.054212799999984 ], [ 166.081016299999987, -22.053148399999987 ] ] ], [ [ [ 166.0556863, -21.9992389 ], [ 166.056507, -21.992729099999988 ], [ 166.0692028, -21.9952467 ], [ 166.0689083, -21.9998341 ], [ 166.07323169999998, -22.004885400000013 ], [ 166.0642933, -22.0032421 ], [ 166.060754, -22.0053083 ], [ 166.0625964, -22.011345199999987 ], [ 166.0675071, -22.0143792 ], [ 166.053373900000025, -22.0057802 ], [ 166.0527649, -22.0124433 ], [ 166.0468487, -22.010662099999987 ], [ 166.045189, -22.0223073 ], [ 166.0304146, -22.027532900000026 ], [ 166.0229946, -22.0100292 ], [ 166.0253416, -22.0021462 ], [ 166.0207671, -22.001099199999985 ], [ 166.025753899999984, -22.000144 ], [ 166.0193663, -21.9848684 ], [ 166.044242, -21.9909523 ], [ 166.0476036, -21.9958088 ], [ 166.045286399999981, -22.001665 ], [ 166.049208300000032, -22.003428800000023 ], [ 166.0518861, -22.0030865 ], [ 166.0525796, -21.99922680000002 ], [ 166.0556863, -21.9992389 ] ] ], [ [ [ 166.067129599999987, -21.977876400000017 ], [ 166.063939, -21.981014199999976 ], [ 166.0635414, -21.97767940000001 ], [ 166.067129599999987, -21.977876400000017 ] ] ], [ [ [ 166.0543585, -22.0324796 ], [ 166.0528998, -22.0445549 ], [ 166.056023399999987, -22.049377899999975 ], [ 166.053303699999987, -22.054705499999976 ], [ 166.05142, -22.052634799999989 ], [ 166.053379399999983, -22.0514049 ], [ 166.0466855, -22.0524493 ], [ 166.0486085, -22.05293959999997 ], [ 166.045131199999986, -22.059022 ], [ 166.0543031, -22.072015800000031 ], [ 166.063815, -22.078232 ], [ 166.0455077, -22.071323799999988 ], [ 166.040786, -22.066207 ], [ 166.037222, -22.053757300000012 ], [ 166.0310279, -22.051709900000024 ], [ 166.027200599999986, -22.045856399999984 ], [ 166.0298846, -22.040464400000022 ], [ 166.0331894, -22.0410453 ], [ 166.039728599999989, -22.036928199999984 ], [ 166.0427898, -22.027291900000019 ], [ 166.049846, -22.0284663 ], [ 166.0543585, -22.0324796 ] ] ], [ [ [ 166.0595716, -21.891112499999984 ], [ 166.0537692, -21.89098760000001 ], [ 166.0584255, -21.889497599999981 ], [ 166.0629284, -21.8917882 ], [ 166.059405, -21.8913175 ], [ 166.059107600000033, -21.894197399999985 ], [ 166.0587904, -21.8913392 ], [ 166.0553574, -21.891217300000026 ], [ 166.0595716, -21.891112499999984 ] ] ], [ [ [ 166.033873500000027, -21.949093399999963 ], [ 166.0344619, -21.953809300000017 ], [ 166.0270103, -21.9554102 ], [ 166.0287074, -21.951149900000011 ], [ 166.033873500000027, -21.949093399999963 ] ] ], [ [ [ 165.972109499999988, -21.9664664 ], [ 165.9721821, -21.9624031 ], [ 165.975945300000035, -21.9622241 ], [ 165.9948317, -21.9664612 ], [ 165.9976941, -21.97125170000005 ], [ 166.0069672, -21.973174 ], [ 166.014794699999982, -21.979086499999976 ], [ 166.003348499999987, -21.984040799999971 ], [ 166.0008741, -21.988571499999988 ], [ 165.9899996, -21.9897686 ], [ 165.997552499999983, -21.988545300000016 ], [ 165.972109499999988, -21.9664664 ] ] ], [ [ [ 165.968126, -21.969908600000029 ], [ 165.96842239999998, -21.9808731 ], [ 165.964084599999978, -21.981834 ], [ 165.9584955, -21.9761139 ], [ 165.950554499999981, -21.97528010000001 ], [ 165.9437165, -21.963266599999979 ], [ 165.957487499999985, -21.966218 ], [ 165.9639943, -21.964624200000046 ], [ 165.968126, -21.969908600000029 ] ] ], [ [ [ 165.9456605, -22.009706399999949 ], [ 165.936644, -22.0108538 ], [ 165.9359198, -22.0067401 ], [ 165.9456605, -22.009706399999949 ] ] ], [ [ [ 165.9293744, -21.919489 ], [ 165.92829, -21.92550030000001 ], [ 165.925967499999985, -21.921913100000015 ], [ 165.9293744, -21.919489 ] ] ], [ [ [ 165.9242686, -21.949296600000022 ], [ 165.9157483, -21.9422671 ], [ 165.9170306, -21.9376395 ], [ 165.9242686, -21.949296600000022 ] ] ], [ [ [ 165.910799, -21.9329219 ], [ 165.914853, -21.936157900000012 ], [ 165.9107472, -21.935729800000018 ], [ 165.910799, -21.9329219 ] ] ], [ [ [ 165.902280099999984, -21.9266566 ], [ 165.9100277, -21.9331269 ], [ 165.907481099999984, -21.934972200000015 ], [ 165.8992298, -21.927927699999987 ], [ 165.902280099999984, -21.9266566 ] ] ], [ [ [ 165.856285499999984, -21.8992652 ], [ 165.8427236, -21.8954396 ], [ 165.8430337, -21.893279499999981 ], [ 165.8456017, -21.891349 ], [ 165.856285499999984, -21.8992652 ] ] ], [ [ [ 165.775314399999985, -21.7407998 ], [ 165.7786427, -21.738829400000014 ], [ 165.77458249999998, -21.73845319999996 ], [ 165.7810595, -21.7375978 ], [ 165.779585, -21.741008399999984 ], [ 165.777532399999984, -21.740976100000015 ], [ 165.7800641, -21.738302900000029 ], [ 165.775314399999985, -21.7407998 ] ] ], [ [ [ 165.7724993, -21.729487100000018 ], [ 165.771335900000025, -21.7331115 ], [ 165.7699948, -21.7268827 ], [ 165.7724993, -21.729487100000018 ] ] ], [ [ [ 165.755528, -21.8101702 ], [ 165.7606246, -21.8137774 ], [ 165.7594368, -21.8160309 ], [ 165.7632083, -21.816654599999982 ], [ 165.7637906, -21.820917200000022 ], [ 165.7665829, -21.814764399999973 ], [ 165.7658145, -21.823809599999944 ], [ 165.761744199999981, -21.827369499999985 ], [ 165.7511782, -21.8199491 ], [ 165.7550233, -21.816147 ], [ 165.755528, -21.8101702 ] ] ], [ [ [ 165.6843524, -21.777225399999978 ], [ 165.6810377, -21.7791273 ], [ 165.677906799999988, -21.777152 ], [ 165.683214199999981, -21.7737356 ], [ 165.6832301, -21.776323899999987 ], [ 165.6874488, -21.774864199999978 ], [ 165.6881364, -21.771306300000017 ], [ 165.6843633, -21.76877 ], [ 165.6889421, -21.7658866 ], [ 165.6912054, -21.768315499999989 ], [ 165.688572, -21.7791831 ], [ 165.6843524, -21.777225399999978 ] ] ], [ [ [ 165.650541299999986, -21.7268855 ], [ 165.6526055, -21.7297284 ], [ 165.6504898, -21.732059599999985 ], [ 165.650541299999986, -21.7268855 ] ] ], [ [ [ 165.458200799999986, -21.6596039 ], [ 165.458674, -21.6571174 ], [ 165.461633899999981, -21.659291600000017 ], [ 165.458200799999986, -21.6596039 ] ] ], [ [ [ 165.166823099999988, -21.4772309 ], [ 165.170738299999982, -21.4795421 ], [ 165.1735069, -21.4782375 ], [ 165.170224499999989, -21.479798 ], [ 165.166823099999988, -21.4772309 ] ] ] ] } }
]
}
