{
"type": "FeatureCollection",
"name": "vote_context_secteurs",
"crs": { "type": "name", "properties": { "name": "urn:ogc:def:crs:OGC:1.3:CRS84" } },
"features": [
{ "type": "Feature", "properties": { "code_bv": "0001", "bureau_secteur": "MAIRIE 1", "site_regroupement": "HOTEL DE VILLE", "last_edited_date": 1782254723000.0, "bureau_nom_habituel": "MAIRIE 1", "inscrits_municipales": 874.0, "abstention_municipales": 56.636155606407321, "inscrits_provinciales": 630.0, "abstention_provinciales": 39.21 }, "geometry": { "type": "Polygon", "coordinates": [ [ [ 166.4412668, -22.266139900000038 ], [ 166.440605799999986, -22.265532 ], [ 166.440386099999984, -22.265497 ], [ 166.4397065, -22.265572800000037 ], [ 166.4378912, -22.266088599999989 ], [ 166.437397, -22.2664883 ], [ 166.437454299999985, -22.2682079 ], [ 166.436913299999986, -22.2682426 ], [ 166.437026299999985, -22.2690919 ], [ 166.4368772, -22.269281699999983 ], [ 166.4370209, -22.270926899999989 ], [ 166.4369313, -22.270969600000029 ], [ 166.437214, -22.273133 ], [ 166.438052, -22.2745921 ], [ 166.4379142, -22.27466080000001 ], [ 166.4380172, -22.2748425 ], [ 166.437625699999984, -22.2758609 ], [ 166.4360183, -22.2760084 ], [ 166.4357996, -22.276216699999981 ], [ 166.4358397, -22.276374900000025 ], [ 166.43597459999998, -22.276379099999989 ], [ 166.4360977, -22.2761427 ], [ 166.436254099999985, -22.276095300000016 ], [ 166.4393088, -22.275875299999978 ], [ 166.4393116, -22.2750575 ], [ 166.4404506, -22.2749733 ], [ 166.44044169999998, -22.274794500000027 ], [ 166.4428245, -22.274623700000014 ], [ 166.442329799999982, -22.268665100000018 ], [ 166.441478099999983, -22.2687288 ], [ 166.4412668, -22.266139900000038 ] ] ] } },
{ "type": "Feature", "properties": { "code_bv": "0002", "bureau_secteur": "MAIRIE 2", "site_regroupement": "HOTEL DE VILLE", "last_edited_date": 1782254723000.0, "bureau_nom_habituel": "MAIRIE 2", "inscrits_municipales": 1567.0, "abstention_municipales": 64.709636247606895, "inscrits_provinciales": 1192.0, "abstention_provinciales": 54.28 }, "geometry": { "type": "Polygon", "coordinates": [ [ [ 166.4450994, -22.271644800000036 ], [ 166.445082, -22.271323699999982 ], [ 166.444674099999986, -22.270330899999969 ], [ 166.4447059, -22.26856830000002 ], [ 166.4450397, -22.268541600000013 ], [ 166.445027499999981, -22.268401899999976 ], [ 166.4458813, -22.268339799999982 ], [ 166.445767099999983, -22.266910600000021 ], [ 166.4459295, -22.266781699999978 ], [ 166.4458893, -22.266674299999956 ], [ 166.44555459999998, -22.266757400000021 ], [ 166.4455236, -22.2670081 ], [ 166.444223800000032, -22.26686530000001 ], [ 166.444256199999984, -22.2663395 ], [ 166.441897899999987, -22.266118 ], [ 166.4414236, -22.2658759 ], [ 166.441537399999987, -22.265310099999986 ], [ 166.4411216, -22.26483 ], [ 166.440759599999978, -22.2651101 ], [ 166.439173899999986, -22.2655531 ], [ 166.4389818, -22.265479599999988 ], [ 166.4388042, -22.265086 ], [ 166.437794599999989, -22.265370699999963 ], [ 166.437583500000017, -22.2653186 ], [ 166.437546799999978, -22.265442900000014 ], [ 166.430489699999981, -22.263719800000022 ], [ 166.4299868, -22.263696400000011 ], [ 166.430083299999978, -22.2639691 ], [ 166.4298983, -22.2639962 ], [ 166.429845799999981, -22.263922799999978 ], [ 166.429975899999988, -22.26394070000001 ], [ 166.430010899999985, -22.263818 ], [ 166.429536499999983, -22.26384250000001 ], [ 166.429488099999986, -22.2637233 ], [ 166.429302899999982, -22.2638536 ], [ 166.429332499999987, -22.2637459 ], [ 166.428911, -22.263573599999983 ], [ 166.4286382, -22.263627199999988 ], [ 166.4282096, -22.2635226 ], [ 166.428165, -22.263642499999978 ], [ 166.4277023, -22.263769800000027 ], [ 166.427545200000026, -22.2635715 ], [ 166.427131799999984, -22.263401200000018 ], [ 166.427158699999978, -22.2632907 ], [ 166.426888599999984, -22.263373200000018 ], [ 166.4264915, -22.2632487 ], [ 166.4259841, -22.263325499999972 ], [ 166.4256006, -22.2636078 ], [ 166.4254904, -22.263874499999986 ], [ 166.425798, -22.264066600000046 ], [ 166.425660199999982, -22.2640499 ], [ 166.425694099999987, -22.264190400000018 ], [ 166.425463, -22.2639178 ], [ 166.42510489999998, -22.2649879 ], [ 166.424258399999985, -22.264859300000026 ], [ 166.4243698, -22.2649948 ], [ 166.4249807, -22.265144600000021 ], [ 166.424878799999988, -22.2658109 ], [ 166.4247598, -22.265929599999989 ], [ 166.4241466, -22.265781099999984 ], [ 166.4239775, -22.2658486 ], [ 166.424794599999984, -22.2661304 ], [ 166.4246866, -22.26633930000003 ], [ 166.424749599999984, -22.2664988 ], [ 166.4257293, -22.266835699999984 ], [ 166.426474099999979, -22.267923799999988 ], [ 166.4263378, -22.268066799999989 ], [ 166.425958799999989, -22.267814700000024 ], [ 166.425817599999988, -22.267923100000022 ], [ 166.425701, -22.267741299999983 ], [ 166.4248211, -22.267481 ], [ 166.4248524, -22.2673943 ], [ 166.421663599999988, -22.2665306 ], [ 166.4216217, -22.2663736 ], [ 166.420826399999982, -22.2660182 ], [ 166.4207788, -22.266104699999982 ], [ 166.418992299999985, -22.2651978 ], [ 166.418949699999985, -22.265279800000013 ], [ 166.418193699999989, -22.265020599999986 ], [ 166.4176819, -22.264657200000016 ], [ 166.4160458, -22.264015399999959 ], [ 166.415099199999986, -22.2658063 ], [ 166.4149871, -22.266307300000019 ], [ 166.414231, -22.266870099999988 ], [ 166.4138882, -22.2669389 ], [ 166.4134549, -22.266802899999984 ], [ 166.4128546, -22.2663122 ], [ 166.41233, -22.26555119999998 ], [ 166.4115325, -22.265180100000016 ], [ 166.4112278, -22.264858 ], [ 166.410374499999989, -22.263212499999987 ], [ 166.4097727, -22.262527199999983 ], [ 166.409690899999987, -22.262138299999972 ], [ 166.4095116, -22.2622011 ], [ 166.409224600000016, -22.2619344 ], [ 166.4084302, -22.2617895 ], [ 166.4079046, -22.2619975 ], [ 166.407461499999982, -22.261894499999965 ], [ 166.406052099999982, -22.261906599999978 ], [ 166.405717399999986, -22.261763099999978 ], [ 166.4055132, -22.2614127 ], [ 166.405175500000013, -22.2611718 ], [ 166.403932, -22.2613816 ], [ 166.403526699999986, -22.2609925 ], [ 166.4035371, -22.2607329 ], [ 166.4032293, -22.2602999 ], [ 166.403198299999985, -22.2600861 ], [ 166.4034192, -22.2596844 ], [ 166.4032647, -22.2594816 ], [ 166.4032479, -22.2584913 ], [ 166.402780299999989, -22.258172199999972 ], [ 166.4021808, -22.258223099999967 ], [ 166.4018886, -22.2584098 ], [ 166.401631399999985, -22.258316699999984 ], [ 166.4011447, -22.2584984 ], [ 166.400579100000016, -22.258258100000024 ], [ 166.3994472, -22.2566898 ], [ 166.399127199999981, -22.256408600000022 ], [ 166.3981954, -22.2548945 ], [ 166.397769899999986, -22.2539398 ], [ 166.3969385, -22.252793500000017 ], [ 166.3952366, -22.2510255 ], [ 166.394721799999985, -22.2503261 ], [ 166.392932299999984, -22.249299500000024 ], [ 166.3922876, -22.2487901 ], [ 166.3920717, -22.248285 ], [ 166.3920267, -22.2472153 ], [ 166.3918128, -22.247144900000034 ], [ 166.391137499999985, -22.247318600000018 ], [ 166.390390199999985, -22.2473181 ], [ 166.3890719, -22.247757599999986 ], [ 166.3884516, -22.24781440000001 ], [ 166.3874228, -22.2483809 ], [ 166.387209899999988, -22.2482981 ], [ 166.3872116, -22.2484741 ], [ 166.386900299999979, -22.248830899999962 ], [ 166.3868062, -22.249980900000011 ], [ 166.386432, -22.250644799999986 ], [ 166.3863466, -22.2513379 ], [ 166.38583509999998, -22.2522055 ], [ 166.3857773, -22.2525608 ], [ 166.3862416, -22.253244599999977 ], [ 166.3868771, -22.2538099 ], [ 166.3871809, -22.2543414 ], [ 166.387373599999989, -22.2544347 ], [ 166.387704899999989, -22.2550639 ], [ 166.3885084, -22.255590899999977 ], [ 166.389687399999985, -22.2561364 ], [ 166.389785, -22.2562848 ], [ 166.3899281, -22.256221299999989 ], [ 166.390172899999982, -22.2563443 ], [ 166.390455799999984, -22.256800800000018 ], [ 166.390602199999989, -22.2575197 ], [ 166.3910687, -22.25761390000001 ], [ 166.3914346, -22.2581297 ], [ 166.391364600000031, -22.2590762 ], [ 166.3911171, -22.2596675 ], [ 166.39064879999998, -22.260145800000021 ], [ 166.389698399999986, -22.260578 ], [ 166.389443700000015, -22.260572 ], [ 166.3892865, -22.260319100000022 ], [ 166.3886267, -22.2599894 ], [ 166.3885147, -22.259733899999983 ], [ 166.387641, -22.258900600000025 ], [ 166.386965, -22.258862500000017 ], [ 166.3865304, -22.258999399999986 ], [ 166.3871974, -22.259737500000014 ], [ 166.387455599999981, -22.2598618 ], [ 166.3885242, -22.2611453 ], [ 166.3889522, -22.261831799999982 ], [ 166.3888829, -22.2620769 ], [ 166.389013, -22.262323699999968 ], [ 166.389370899999989, -22.26246 ], [ 166.389722799999987, -22.2628284 ], [ 166.3900677, -22.2636668 ], [ 166.3909167, -22.263678799999983 ], [ 166.391893400000015, -22.2641962 ], [ 166.392302500000028, -22.2646282 ], [ 166.3923881, -22.2651676 ], [ 166.3928156, -22.265689599999988 ], [ 166.3933346, -22.2658149 ], [ 166.3938655, -22.2656829 ], [ 166.395317899999981, -22.266464 ], [ 166.396032199999979, -22.2669802 ], [ 166.397687199999979, -22.268583900000014 ], [ 166.398294, -22.269504799999986 ], [ 166.398499499999986, -22.270196400000014 ], [ 166.3987032, -22.2702933 ], [ 166.4009035, -22.270889899999979 ], [ 166.4013663, -22.271107900000018 ], [ 166.402715400000034, -22.2711964 ], [ 166.403445399999981, -22.271417700000026 ], [ 166.407747799999981, -22.270979600000022 ], [ 166.408579399999979, -22.271038899999958 ], [ 166.409645499999982, -22.271388299999984 ], [ 166.4101959, -22.2719347 ], [ 166.4101119, -22.2721397 ], [ 166.4102785, -22.272594 ], [ 166.410011199999985, -22.2727645 ], [ 166.409946599999984, -22.273054200000026 ], [ 166.410013699999979, -22.273450400000012 ], [ 166.410165399999983, -22.273617600000026 ], [ 166.4101014, -22.273931499999986 ], [ 166.410824099999985, -22.273596900000022 ], [ 166.41126, -22.2726349 ], [ 166.4107419, -22.272031699999985 ], [ 166.4107812, -22.271496900000024 ], [ 166.410435800000016, -22.271024 ], [ 166.4104973, -22.270758699999988 ], [ 166.4115884, -22.26978150000005 ], [ 166.4127976, -22.269044 ], [ 166.4142014, -22.2691529 ], [ 166.414890800000023, -22.269456 ], [ 166.415042199999988, -22.269783600000018 ], [ 166.4150841, -22.270306100000028 ], [ 166.4149654, -22.270827399999988 ], [ 166.415082499999983, -22.271082099999965 ], [ 166.415838, -22.27164489999997 ], [ 166.41631, -22.2721662 ], [ 166.416586099999989, -22.2726626 ], [ 166.4164702, -22.272818 ], [ 166.416563, -22.272902 ], [ 166.4168301, -22.272811900000029 ], [ 166.4169512, -22.27257590000001 ], [ 166.4169791, -22.272102900000011 ], [ 166.416811699999982, -22.271758100000014 ], [ 166.417180699999989, -22.2708793 ], [ 166.417992, -22.270506499999954 ], [ 166.418835299999984, -22.2703948 ], [ 166.4197115, -22.2705808 ], [ 166.419916, -22.270887100000039 ], [ 166.41978469999998, -22.2714509 ], [ 166.4200175, -22.271244599999985 ], [ 166.4205232, -22.2713066 ], [ 166.4213785, -22.270924199999982 ], [ 166.4222489, -22.2709744 ], [ 166.4228229, -22.271191800000032 ], [ 166.423728399999987, -22.2718074 ], [ 166.4243255, -22.2725071 ], [ 166.4250859, -22.273080200000024 ], [ 166.42578, -22.274364899999949 ], [ 166.4257692, -22.274603799999976 ], [ 166.4254158, -22.274787800000013 ], [ 166.425676, -22.2748519 ], [ 166.4257657, -22.275010499999983 ], [ 166.4257989, -22.2759714 ], [ 166.4256282, -22.2767626 ], [ 166.425430299999988, -22.2771638 ], [ 166.424771199999981, -22.27775670000003 ], [ 166.4245948, -22.278140500000013 ], [ 166.4244224, -22.278136399999969 ], [ 166.4243018, -22.2797682 ], [ 166.4240328, -22.2800991 ], [ 166.4241893, -22.280414400000012 ], [ 166.42414789999998, -22.2807443 ], [ 166.424760699999979, -22.281495299999957 ], [ 166.4251313, -22.2823148 ], [ 166.4257213, -22.2825743 ], [ 166.425715199999985, -22.282755399999989 ], [ 166.426121, -22.2827782 ], [ 166.426632899999987, -22.282633399999973 ], [ 166.427247199999982, -22.280528599999975 ], [ 166.4274285, -22.2803354 ], [ 166.427406499999989, -22.2802524 ], [ 166.4270679, -22.2803072 ], [ 166.4267605, -22.279782299999987 ], [ 166.4262885, -22.279297700000015 ], [ 166.4261553, -22.278232199999987 ], [ 166.4263997, -22.277172499999981 ], [ 166.4269056, -22.2764143 ], [ 166.4270391, -22.275043900000011 ], [ 166.4272378, -22.2748383 ], [ 166.4277167, -22.2748737 ], [ 166.42777959999998, -22.2741889 ], [ 166.427899699999983, -22.27404490000001 ], [ 166.4277486, -22.273879 ], [ 166.427837899999986, -22.273786399999977 ], [ 166.4280234, -22.273905400000015 ], [ 166.4281834, -22.2737048 ], [ 166.4277644, -22.2732111 ], [ 166.427880099999982, -22.273093199999977 ], [ 166.4282552, -22.2733387 ], [ 166.4283503, -22.2732056 ], [ 166.42820709999998, -22.27298129999998 ], [ 166.428346, -22.2714862 ], [ 166.42808, -22.270276600000013 ], [ 166.427948499999985, -22.270138600000013 ], [ 166.42782889999998, -22.270199 ], [ 166.427813, -22.2707197 ], [ 166.427644, -22.2706598 ], [ 166.427598599999982, -22.270782900000011 ], [ 166.427232299999986, -22.2706648 ], [ 166.4270874, -22.270217599999974 ], [ 166.4266017, -22.269961400000017 ], [ 166.4266398, -22.2698614 ], [ 166.4268859, -22.269944 ], [ 166.426621, -22.269796299999967 ], [ 166.4266663, -22.269666099999956 ], [ 166.4269524, -22.269762900000011 ], [ 166.4270918, -22.269345300000012 ], [ 166.426845899999989, -22.2685634 ], [ 166.4264622, -22.26816549999997 ], [ 166.426594099999988, -22.268029499999979 ], [ 166.427194899999989, -22.268369599999971 ], [ 166.433410700000024, -22.268333700000031 ], [ 166.4335659, -22.268384 ], [ 166.4335534, -22.268581900000019 ], [ 166.434209399999986, -22.2685859 ], [ 166.4341982, -22.2683861 ], [ 166.434340099999986, -22.268331900000021 ], [ 166.436952, -22.2683598 ], [ 166.436913299999986, -22.2682426 ], [ 166.437454299999985, -22.2682079 ], [ 166.4373531, -22.2666164 ], [ 166.4376365, -22.266218199999987 ], [ 166.4397065, -22.265572800000037 ], [ 166.440605799999986, -22.265532 ], [ 166.4412629, -22.2660828 ], [ 166.441478099999983, -22.2687288 ], [ 166.442329799999982, -22.268665100000018 ], [ 166.4428245, -22.274623700000014 ], [ 166.4403796, -22.274869699999986 ], [ 166.4408982, -22.275573400000045 ], [ 166.440805499999982, -22.275814199999974 ], [ 166.440922799999981, -22.275863199999986 ], [ 166.44103579999998, -22.277181499999951 ], [ 166.4411949, -22.2771177 ], [ 166.44124739999998, -22.277916299999973 ], [ 166.443056, -22.2777951 ], [ 166.443179499999985, -22.278731699999959 ], [ 166.443487299999987, -22.279017 ], [ 166.443668, -22.2790038 ], [ 166.4441847, -22.2786298 ], [ 166.4441406, -22.2781029 ], [ 166.4445221, -22.2780073 ], [ 166.4445122, -22.2778896 ], [ 166.444874699999986, -22.2775849 ], [ 166.4446276, -22.2774213 ], [ 166.444086400000032, -22.277460499999989 ], [ 166.444062399999979, -22.277190099999984 ], [ 166.4444363, -22.276998099999989 ], [ 166.444395499999985, -22.276513799999954 ], [ 166.443997599999989, -22.276411 ], [ 166.443981, -22.2762122 ], [ 166.444221400000032, -22.2760693 ], [ 166.4442038, -22.275902599999974 ], [ 166.444344, -22.275892299999988 ], [ 166.4443305, -22.2757301 ], [ 166.443950299999983, -22.2754315 ], [ 166.443939199999988, -22.275296300000022 ], [ 166.444025499999981, -22.275118199999962 ], [ 166.444267199999985, -22.2751005 ], [ 166.4442545, -22.27493 ], [ 166.444359, -22.2749224 ], [ 166.444344699999988, -22.274751899999945 ], [ 166.443850900000029, -22.274647499999983 ], [ 166.443816699999985, -22.27421860000003 ], [ 166.443979099999979, -22.2740372 ], [ 166.4441864, -22.2740138 ], [ 166.4441315, -22.2733596 ], [ 166.443898300000029, -22.273376600000017 ], [ 166.44378709999998, -22.272368600000025 ], [ 166.444313599999987, -22.2723372 ], [ 166.444565499999982, -22.2721238 ], [ 166.4447233, -22.272212199999984 ], [ 166.4450994, -22.271644800000036 ] ] ] } },
{ "type": "Feature", "properties": { "code_bv": "0003", "bureau_secteur": "ECOLE FRÉDÉRIC SURLEAU", "site_regroupement": "HOTEL DE VILLE", "last_edited_date": 1782254723000.0, "bureau_nom_habituel": "Ecole Frédéric SURLEAU", "inscrits_municipales": 1220.0, "abstention_municipales": 54.590163934426229, "inscrits_provinciales": 756.0, "abstention_provinciales": 33.33 }, "geometry": { "type": "Polygon", "coordinates": [ [ [ 166.447145, -22.2687117 ], [ 166.44708, -22.268941099999989 ], [ 166.446228099999985, -22.268769299999967 ], [ 166.446060300000028, -22.268837800000021 ], [ 166.4458191, -22.269523200000041 ], [ 166.4457458, -22.270287600000017 ], [ 166.4454206, -22.270675799999978 ], [ 166.445636899999982, -22.271405 ], [ 166.4462173, -22.272222199999984 ], [ 166.4462844, -22.273018399999962 ], [ 166.444565499999982, -22.2721238 ], [ 166.444313599999987, -22.2723372 ], [ 166.44378709999998, -22.272368600000025 ], [ 166.443898300000029, -22.273376600000017 ], [ 166.4441315, -22.2733596 ], [ 166.4441864, -22.2740138 ], [ 166.443979099999979, -22.2740372 ], [ 166.443816699999985, -22.27421860000003 ], [ 166.443850900000029, -22.274647499999983 ], [ 166.444344699999988, -22.274751899999945 ], [ 166.444359, -22.2749224 ], [ 166.4442545, -22.27493 ], [ 166.444267199999985, -22.2751005 ], [ 166.444025499999981, -22.275118199999962 ], [ 166.443939199999988, -22.275296300000022 ], [ 166.443950299999983, -22.2754315 ], [ 166.4443305, -22.2757301 ], [ 166.444344, -22.275892299999988 ], [ 166.4442038, -22.275902599999974 ], [ 166.444221400000032, -22.2760693 ], [ 166.443981, -22.2762122 ], [ 166.443997599999989, -22.276411 ], [ 166.444395499999985, -22.276513799999954 ], [ 166.4444363, -22.276998099999989 ], [ 166.444062399999979, -22.277190099999984 ], [ 166.444086400000032, -22.277460499999989 ], [ 166.4446276, -22.2774213 ], [ 166.444874699999986, -22.2775849 ], [ 166.4445122, -22.2778896 ], [ 166.4445221, -22.2780073 ], [ 166.4441406, -22.2781029 ], [ 166.4441172, -22.2786561 ], [ 166.444572, -22.2786015 ], [ 166.4447188, -22.278468 ], [ 166.4456425, -22.278521 ], [ 166.446296, -22.2777576 ], [ 166.4467434, -22.2777579 ], [ 166.447139600000014, -22.2782713 ], [ 166.447814699999981, -22.2778911 ], [ 166.447576199999986, -22.2775963 ], [ 166.4477507, -22.2771922 ], [ 166.4472475, -22.2765665 ], [ 166.4472082, -22.2757284 ], [ 166.4487225, -22.2756548 ], [ 166.4492343, -22.2759004 ], [ 166.450430899999986, -22.274800399999986 ], [ 166.450786099999988, -22.2741279 ], [ 166.451142299999987, -22.273839699999986 ], [ 166.4502368, -22.2732682 ], [ 166.449771, -22.272351499999989 ], [ 166.4487435, -22.272138400000021 ], [ 166.4488662, -22.2720192 ], [ 166.448606400000017, -22.271709599999976 ], [ 166.4480433, -22.2703876 ], [ 166.4484692, -22.270173699999972 ], [ 166.447940200000033, -22.269333299999985 ], [ 166.4480251, -22.26917520000001 ], [ 166.4476805, -22.268862099999989 ], [ 166.447145, -22.2687117 ] ] ] } },
{ "type": "Feature", "properties": { "code_bv": "0004", "bureau_secteur": "ECOLE MARGUERITE LEFRANÇOIS", "site_regroupement": "SALLE OMNISPORT ANSE VATA", "last_edited_date": 1782254723000.0, "bureau_nom_habituel": "Ecole Marguerite LEFRANCOIS", "inscrits_municipales": 1223.0, "abstention_municipales": 46.197874080130823, "inscrits_provinciales": 737.0, "abstention_provinciales": 23.2 }, "geometry": { "type": "Polygon", "coordinates": [ [ [ 166.4467434, -22.2777579 ], [ 166.446296, -22.2777576 ], [ 166.4456425, -22.278521 ], [ 166.4447188, -22.278468 ], [ 166.444572, -22.2786015 ], [ 166.4441172, -22.2786561 ], [ 166.4446279, -22.284706200000016 ], [ 166.4443023, -22.284570299999984 ], [ 166.444434299999983, -22.2857646 ], [ 166.4441789, -22.286824099999958 ], [ 166.4442363, -22.287748 ], [ 166.445216499999987, -22.287850599999977 ], [ 166.4452159, -22.28982479999998 ], [ 166.446109899999982, -22.289829800000017 ], [ 166.4460503, -22.2889273 ], [ 166.4462562, -22.288458600000016 ], [ 166.4465678, -22.288111699999988 ], [ 166.4468819, -22.2882827 ], [ 166.4469473, -22.2881191 ], [ 166.4477541, -22.2876785 ], [ 166.4479203, -22.2871826 ], [ 166.447677, -22.2871552 ], [ 166.4475649, -22.286587900000011 ], [ 166.4477981, -22.2866095 ], [ 166.447817499999985, -22.2864298 ], [ 166.4479059, -22.286437899999978 ], [ 166.4476029, -22.2858752 ], [ 166.447832, -22.285430500000015 ], [ 166.4484419, -22.2850351 ], [ 166.4482409, -22.284875199999977 ], [ 166.4478728, -22.2849431 ], [ 166.448077499999982, -22.284359100000017 ], [ 166.4479935, -22.284366599999981 ], [ 166.447897899999987, -22.283427 ], [ 166.447788, -22.283445199999989 ], [ 166.447685799999988, -22.2829217 ], [ 166.4480405, -22.2828324 ], [ 166.44792, -22.2826161 ], [ 166.4482108, -22.2824552 ], [ 166.4482405, -22.282171400000014 ], [ 166.447904800000032, -22.2820044 ], [ 166.4476129, -22.28204730000002 ], [ 166.4475783, -22.281810299999986 ], [ 166.447308699999979, -22.2818496 ], [ 166.4474701, -22.2812003 ], [ 166.4477444, -22.2806929 ], [ 166.447360299999986, -22.28046 ], [ 166.4475788, -22.280057 ], [ 166.4469038, -22.2798327 ], [ 166.447140599999983, -22.278906 ], [ 166.447139600000014, -22.2782713 ], [ 166.4467434, -22.2777579 ] ] ] } },
{ "type": "Feature", "properties": { "code_bv": "0005", "bureau_secteur": "ECOLE YVONNE DUPONT 1", "site_regroupement": "SALLE OMNISPORT ANSE VATA", "last_edited_date": 1782254723000.0, "bureau_nom_habituel": "Ecole Yvonne DUPONT 1", "inscrits_municipales": 1075.0, "abstention_municipales": 42.139534883720927, "inscrits_provinciales": 706.0, "abstention_provinciales": 20.96 }, "geometry": { "type": "Polygon", "coordinates": [ [ [ 166.445216499999987, -22.287850599999977 ], [ 166.4442363, -22.287748 ], [ 166.4440449, -22.2882819 ], [ 166.4424989, -22.289726700000028 ], [ 166.4422591, -22.2897773 ], [ 166.442005699999982, -22.289676699999962 ], [ 166.4417322, -22.2891186 ], [ 166.441249299999981, -22.2894255 ], [ 166.440838499999984, -22.2894392 ], [ 166.4407391, -22.289804100000019 ], [ 166.440842600000025, -22.2903428 ], [ 166.440745699999979, -22.290345899999988 ], [ 166.4407612, -22.290743 ], [ 166.4403648, -22.290756399999974 ], [ 166.4402086, -22.2910176 ], [ 166.4400274, -22.291038699999984 ], [ 166.4400507, -22.2921599 ], [ 166.4398577, -22.2925581 ], [ 166.439843299999978, -22.293289800000011 ], [ 166.440022, -22.2932711 ], [ 166.4400923, -22.2938243 ], [ 166.439555399999989, -22.294540800000021 ], [ 166.439582400000035, -22.2949204 ], [ 166.4397544, -22.2953918 ], [ 166.4402934, -22.295724200000048 ], [ 166.440425799999986, -22.2962799 ], [ 166.441055799999987, -22.2965486 ], [ 166.441055899999981, -22.296864799999963 ], [ 166.4397242, -22.297093600000039 ], [ 166.43973219999998, -22.2973624 ], [ 166.4395208, -22.2975836 ], [ 166.439403299999981, -22.297490800000016 ], [ 166.4391081, -22.297860100000015 ], [ 166.4397181, -22.2979426 ], [ 166.4403039, -22.298779200000013 ], [ 166.440447, -22.299378699999973 ], [ 166.440594299999987, -22.2993484 ], [ 166.4406214, -22.299435 ], [ 166.440769499999988, -22.29946 ], [ 166.440848, -22.299056200000024 ], [ 166.4410962, -22.298851899999974 ], [ 166.4409959, -22.298300199999986 ], [ 166.4412149, -22.2983442 ], [ 166.441948199999985, -22.296631 ], [ 166.4423625, -22.2954813 ], [ 166.4423324, -22.295121 ], [ 166.444210199999986, -22.294993500000029 ], [ 166.444263399999983, -22.2953146 ], [ 166.4452746, -22.2955152 ], [ 166.445613499999979, -22.2948629 ], [ 166.447257, -22.292581 ], [ 166.4458478, -22.292045399999953 ], [ 166.445399399999985, -22.2916456 ], [ 166.4452071, -22.2910449 ], [ 166.445216499999987, -22.287850599999977 ] ] ] } },
{ "type": "Feature", "properties": { "code_bv": "0006", "bureau_secteur": "ECOLE ELOI FRANC 1", "site_regroupement": "SALLE NOYANT", "last_edited_date": 1782254723000.0, "bureau_nom_habituel": "Ecole Eloi FRANC 1", "inscrits_municipales": 1371.0, "abstention_municipales": 49.452954048140043, "inscrits_provinciales": 913.0, "abstention_provinciales": 26.18 }, "geometry": { "type": "Polygon", "coordinates": [ [ [ 166.448448, -22.292545 ], [ 166.4485774, -22.2923523 ], [ 166.448239299999983, -22.292281 ], [ 166.448156899999987, -22.292394399999989 ], [ 166.4478158, -22.2923986 ], [ 166.447851, -22.2928011 ], [ 166.447257, -22.292581 ], [ 166.445378299999987, -22.295227900000011 ], [ 166.4451123, -22.2964278 ], [ 166.445820799999979, -22.2973459 ], [ 166.448724699999985, -22.2980477 ], [ 166.449583499999989, -22.295587 ], [ 166.4510287, -22.296303399999967 ], [ 166.4513848, -22.2967341 ], [ 166.451957599999986, -22.2946691 ], [ 166.452383, -22.293992599999957 ], [ 166.4529589, -22.294124300000025 ], [ 166.4523738, -22.2925588 ], [ 166.4508764, -22.2923764 ], [ 166.4502982, -22.292583099999987 ], [ 166.4502738, -22.2931839 ], [ 166.4497606, -22.2931065 ], [ 166.4496302, -22.2932909 ], [ 166.449147899999986, -22.292938899999964 ], [ 166.4489074, -22.2929272 ], [ 166.448846, -22.292715800000025 ], [ 166.448448, -22.292545 ] ] ] } },
{ "type": "Feature", "properties": { "code_bv": "0007", "bureau_secteur": "ECOLE ELOI FRANC 2", "site_regroupement": "SALLE NOYANT", "last_edited_date": 1782254723000.0, "bureau_nom_habituel": "Ecole Eloi FRANC 2", "inscrits_municipales": 1098.0, "abstention_municipales": 43.624772313296901, "inscrits_provinciales": 772.0, "abstention_provinciales": 25.39 }, "geometry": { "type": "Polygon", "coordinates": [ [ [ 166.447456499999987, -22.2898393 ], [ 166.4463197, -22.288377199999978 ], [ 166.4460503, -22.2889273 ], [ 166.446109899999982, -22.289829800000017 ], [ 166.4452159, -22.28982479999998 ], [ 166.4452298, -22.291209099999985 ], [ 166.445399399999985, -22.2916456 ], [ 166.445676, -22.2919541 ], [ 166.447851, -22.2928011 ], [ 166.4478158, -22.2923986 ], [ 166.448156899999987, -22.292394399999989 ], [ 166.448239299999983, -22.292281 ], [ 166.4485774, -22.2923523 ], [ 166.448448, -22.292545 ], [ 166.448846, -22.292715800000025 ], [ 166.4489074, -22.2929272 ], [ 166.449147899999986, -22.292938899999964 ], [ 166.4496302, -22.2932909 ], [ 166.4497606, -22.2931065 ], [ 166.4502738, -22.2931839 ], [ 166.4502982, -22.292583099999987 ], [ 166.4508764, -22.2923764 ], [ 166.4523738, -22.2925588 ], [ 166.4528091, -22.2909873 ], [ 166.4526639, -22.291038599999965 ], [ 166.4490576, -22.289723 ], [ 166.4486152, -22.289183799999986 ], [ 166.448128, -22.289707599999989 ], [ 166.4483631, -22.290741200000017 ], [ 166.448063499999989, -22.2907998 ], [ 166.44777209999998, -22.291104600000022 ], [ 166.447689299999979, -22.2904388 ], [ 166.447456499999987, -22.2898393 ] ] ] } },
{ "type": "Feature", "properties": { "code_bv": "0008", "bureau_secteur": "ECOLE FERNANDE LERICHE 1", "site_regroupement": "SALLE NOYANT", "last_edited_date": 1782254723000.0, "bureau_nom_habituel": "Ecole Fernande LERICHE 1", "inscrits_municipales": 1133.0, "abstention_municipales": 47.92586054721977, "inscrits_provinciales": 705.0, "abstention_provinciales": 23.4 }, "geometry": { "type": "Polygon", "coordinates": [ [ [ 166.451373099999984, -22.2968011 ], [ 166.4510287, -22.296303399999967 ], [ 166.449583499999989, -22.295587 ], [ 166.448724699999985, -22.2980477 ], [ 166.445820799999979, -22.2973459 ], [ 166.4451123, -22.2964278 ], [ 166.4447097, -22.2986893 ], [ 166.44489249999998, -22.300464399999964 ], [ 166.4461767, -22.300343200000029 ], [ 166.4462771, -22.3012628 ], [ 166.4476867, -22.303225399999988 ], [ 166.447683, -22.303401099999988 ], [ 166.4475158, -22.303398 ], [ 166.4475113, -22.303608 ], [ 166.447681099999983, -22.303675 ], [ 166.447878799999984, -22.304130699999984 ], [ 166.448301599999979, -22.3040217 ], [ 166.448298, -22.3047809 ], [ 166.448078399999986, -22.305416099999988 ], [ 166.448201, -22.305556100000025 ], [ 166.4494196, -22.305003400000032 ], [ 166.450279, -22.304892299999974 ], [ 166.4503828, -22.305045 ], [ 166.450770800000015, -22.3048253 ], [ 166.450614100000024, -22.304596899999979 ], [ 166.4506936, -22.304444699999969 ], [ 166.449883199999988, -22.303264700000039 ], [ 166.4509095, -22.302548299999955 ], [ 166.4530088, -22.298808099999977 ], [ 166.4530599, -22.2983001 ], [ 166.4528406, -22.2978077 ], [ 166.4524118, -22.2974726 ], [ 166.451279, -22.2974125 ], [ 166.451373099999984, -22.2968011 ] ] ] } },
{ "type": "Feature", "properties": { "code_bv": "0009", "bureau_secteur": "ECOLE FERNANDE LERICHE 2", "site_regroupement": "SALLE NOYANT", "last_edited_date": 1782254723000.0, "bureau_nom_habituel": "Ecole Fernande LERICHE 2", "inscrits_municipales": 1105.0, "abstention_municipales": 43.257918552036202, "inscrits_provinciales": 812.0, "abstention_provinciales": 24.26 }, "geometry": { "type": "Polygon", "coordinates": [ [ [ 166.452383, -22.293992599999957 ], [ 166.451957599999986, -22.2946691 ], [ 166.451279, -22.2974125 ], [ 166.4518637, -22.297397400000012 ], [ 166.4526118, -22.2975687 ], [ 166.4529885, -22.2980534 ], [ 166.453059299999978, -22.2986154 ], [ 166.4509095, -22.302548299999955 ], [ 166.455579299999982, -22.299380200000034 ], [ 166.4566094, -22.297648600000027 ], [ 166.4563475, -22.297523199999972 ], [ 166.456202300000029, -22.297789900000016 ], [ 166.45607339999998, -22.2977271 ], [ 166.4560152, -22.297320799999962 ], [ 166.4556622, -22.297152500000017 ], [ 166.4553349, -22.297541 ], [ 166.455214399999988, -22.297482399999971 ], [ 166.455297799999983, -22.2972171 ], [ 166.4551687, -22.297154500000012 ], [ 166.455259, -22.296992600000038 ], [ 166.4551372, -22.296757299999975 ], [ 166.454140699999982, -22.2959995 ], [ 166.453450299999986, -22.2949038 ], [ 166.4534089, -22.2945913 ], [ 166.4530824, -22.2940711 ], [ 166.452383, -22.293992599999957 ] ] ] } },
{ "type": "Feature", "properties": { "code_bv": "0010", "bureau_secteur": "ECOLE JEAN MERMOUD 1", "site_regroupement": "SALLE NOYANT", "last_edited_date": 1782254723000.0, "bureau_nom_habituel": "Ecole Jean MERMOUD 1", "inscrits_municipales": 1273.0, "abstention_municipales": 43.51924587588374, "inscrits_provinciales": 806.0, "abstention_provinciales": 22.08 }, "geometry": { "type": "Polygon", "coordinates": [ [ [ 166.4585789, -22.3031995 ], [ 166.458099399999981, -22.303269 ], [ 166.4576707, -22.3018564 ], [ 166.457516, -22.3010198 ], [ 166.457616, -22.3006166 ], [ 166.455579299999982, -22.299380200000034 ], [ 166.449883199999988, -22.303264700000039 ], [ 166.4506936, -22.304444699999969 ], [ 166.450614100000024, -22.304596899999979 ], [ 166.450770800000015, -22.3048253 ], [ 166.4503828, -22.305045 ], [ 166.450279, -22.304892299999974 ], [ 166.4494196, -22.305003400000032 ], [ 166.448201, -22.305556100000025 ], [ 166.4484909, -22.306693900000017 ], [ 166.4490892, -22.3069575 ], [ 166.4494943, -22.3069239 ], [ 166.450108699999987, -22.3065158 ], [ 166.45032470000001, -22.306215799999972 ], [ 166.4512134, -22.306769700000011 ], [ 166.451351, -22.306612300000033 ], [ 166.4519196, -22.3066985 ], [ 166.4520067, -22.306979399999985 ], [ 166.451593399999979, -22.307966700000012 ], [ 166.4508868, -22.3091934 ], [ 166.45114959999998, -22.309489300000013 ], [ 166.450942799999979, -22.3097182 ], [ 166.4504006, -22.309662899999989 ], [ 166.4499276, -22.309978499999986 ], [ 166.4485465, -22.309914099999983 ], [ 166.4481552, -22.312419800000011 ], [ 166.448664799999989, -22.3124859 ], [ 166.44885320000003, -22.3115953 ], [ 166.4495891, -22.311271899999973 ], [ 166.4498226, -22.3112425 ], [ 166.4499945, -22.311374599999986 ], [ 166.4513101, -22.31118339999998 ], [ 166.4524231, -22.311227499999987 ], [ 166.453193199999987, -22.311398799999971 ], [ 166.4545316, -22.311974100000015 ], [ 166.455423299999978, -22.311981799999973 ], [ 166.455944599999981, -22.311865399999988 ], [ 166.456447199999985, -22.311579 ], [ 166.4575878, -22.310353100000018 ], [ 166.458209899999986, -22.310695699999965 ], [ 166.4584463, -22.310687299999984 ], [ 166.4591278, -22.3097045 ], [ 166.45935609999998, -22.3095988 ], [ 166.458582399999983, -22.3097928 ], [ 166.458301299999988, -22.309552 ], [ 166.4583829, -22.309396 ], [ 166.458734599999985, -22.309132399999989 ], [ 166.458961499999987, -22.309417 ], [ 166.4593505, -22.3090986 ], [ 166.461007599999988, -22.3069508 ], [ 166.4620243, -22.3067441 ], [ 166.462168599999984, -22.306545 ], [ 166.4615369, -22.306073099999978 ], [ 166.461391599999985, -22.305714 ], [ 166.461263699999989, -22.3060051 ], [ 166.4610094, -22.3059749 ], [ 166.460814, -22.305810800000021 ], [ 166.46067739999998, -22.3054433 ], [ 166.460922399999987, -22.304835199999982 ], [ 166.460854, -22.3046509 ], [ 166.4607102, -22.304694 ], [ 166.460652400000015, -22.3050174 ], [ 166.460520699999989, -22.305079699999986 ], [ 166.459910899999983, -22.30481379999998 ], [ 166.460021899999987, -22.304505 ], [ 166.4598114, -22.304026200000013 ], [ 166.4598723, -22.303627199999987 ], [ 166.459772, -22.30367769999997 ], [ 166.4596838, -22.3041707 ], [ 166.4593973, -22.304331 ], [ 166.4589072, -22.304036 ], [ 166.458997600000032, -22.303763899999989 ], [ 166.4587536, -22.303817499999987 ], [ 166.4585065, -22.3034144 ], [ 166.4585789, -22.3031995 ] ] ] } },
{ "type": "Feature", "properties": { "code_bv": "0011", "bureau_secteur": "ECOLE JEAN MERMOUD 2", "site_regroupement": "SALLE NOYANT", "last_edited_date": 1782254723000.0, "bureau_nom_habituel": "Ecole Jean MERMOUD 2", "inscrits_municipales": 1303.0, "abstention_municipales": 37.989255564082889, "inscrits_provinciales": 965.0, "abstention_provinciales": 15.13 }, "geometry": { "type": "Polygon", "coordinates": [ [ [ 166.4538557, -22.2887934 ], [ 166.4535612, -22.290060400000016 ], [ 166.45333549999998, -22.290350700000026 ], [ 166.45345709999998, -22.290540599999961 ], [ 166.4531017, -22.2907377 ], [ 166.4529393, -22.290678400000012 ], [ 166.4523738, -22.2925588 ], [ 166.4529589, -22.294124300000025 ], [ 166.4530824, -22.2940711 ], [ 166.4532173, -22.294277100000016 ], [ 166.453450299999986, -22.2949038 ], [ 166.454140699999982, -22.2959995 ], [ 166.4551372, -22.296757299999975 ], [ 166.455259, -22.296992600000038 ], [ 166.4551687, -22.297154500000012 ], [ 166.455297799999983, -22.2972171 ], [ 166.455214399999988, -22.297482399999971 ], [ 166.4553349, -22.297541 ], [ 166.4556622, -22.297152500000017 ], [ 166.4560152, -22.297320799999962 ], [ 166.45607339999998, -22.2977271 ], [ 166.456202300000029, -22.297789900000016 ], [ 166.4563475, -22.297523199999972 ], [ 166.4566094, -22.297648600000027 ], [ 166.455579299999982, -22.299380200000034 ], [ 166.457616, -22.3006166 ], [ 166.4580349, -22.299598699999969 ], [ 166.4590567, -22.297995 ], [ 166.459200900000013, -22.2966676 ], [ 166.458567, -22.2956259 ], [ 166.458494, -22.2952773 ], [ 166.4591781, -22.293859200000021 ], [ 166.4595081, -22.292446699999982 ], [ 166.457398499999982, -22.292004100000018 ], [ 166.456031699999983, -22.2914888 ], [ 166.4555102, -22.289515799999972 ], [ 166.4552842, -22.289567599999987 ], [ 166.4546358, -22.2891958 ], [ 166.45447919999998, -22.2887057 ], [ 166.4542931, -22.288748300000016 ], [ 166.4542595, -22.28844770000002 ], [ 166.4538557, -22.2887934 ] ] ] } },
{ "type": "Feature", "properties": { "code_bv": "0012", "bureau_secteur": "ECOLE ERNEST RISBEC 1", "site_regroupement": "SALLE OMNISPORT ANSE VATA", "last_edited_date": 1782254723000.0, "bureau_nom_habituel": "Ecole Ernest RISBEC 1", "inscrits_municipales": 1351.0, "abstention_municipales": 47.372316802368616, "inscrits_provinciales": 851.0, "abstention_provinciales": 27.26 }, "geometry": { "type": "Polygon", "coordinates": [ [ [ 166.4491392, -22.2821538 ], [ 166.4483229, -22.2820235 ], [ 166.4482179, -22.28213010000005 ], [ 166.4482108, -22.2824552 ], [ 166.44792, -22.2826161 ], [ 166.4480405, -22.2828324 ], [ 166.447685799999988, -22.2829217 ], [ 166.447788, -22.283445199999989 ], [ 166.447897899999987, -22.283427 ], [ 166.4479935, -22.284366599999981 ], [ 166.448077499999982, -22.284359100000017 ], [ 166.4478728, -22.2849431 ], [ 166.4482409, -22.284875199999977 ], [ 166.4484419, -22.2850351 ], [ 166.447832, -22.285430500000015 ], [ 166.4476029, -22.2858752 ], [ 166.4479059, -22.286437899999978 ], [ 166.447817499999985, -22.2864298 ], [ 166.4477981, -22.2866095 ], [ 166.4475649, -22.286587900000011 ], [ 166.447677, -22.2871552 ], [ 166.4479203, -22.2871826 ], [ 166.447891199999987, -22.2874068 ], [ 166.4477541, -22.2876785 ], [ 166.4469473, -22.2881191 ], [ 166.4468819, -22.2882827 ], [ 166.4465678, -22.288111699999988 ], [ 166.4463197, -22.288377199999978 ], [ 166.447456499999987, -22.2898393 ], [ 166.447689299999979, -22.2904388 ], [ 166.44777209999998, -22.291104600000022 ], [ 166.448063499999989, -22.2907998 ], [ 166.4483631, -22.290741200000017 ], [ 166.448128, -22.289707599999989 ], [ 166.4486152, -22.289183799999986 ], [ 166.4490576, -22.289723 ], [ 166.4495111, -22.2898885 ], [ 166.4497796, -22.289020700000016 ], [ 166.4493259, -22.2888552 ], [ 166.4496306, -22.287870700000017 ], [ 166.451738, -22.287441599999983 ], [ 166.452108, -22.287115500000017 ], [ 166.452341499999989, -22.287344900000019 ], [ 166.4525992, -22.2870599 ], [ 166.4526012, -22.286362 ], [ 166.4510014, -22.2865093 ], [ 166.45090639999998, -22.2854681 ], [ 166.4513814, -22.285426500000021 ], [ 166.4512904, -22.2845296 ], [ 166.45140139999998, -22.284519799999977 ], [ 166.4515413, -22.2841726 ], [ 166.4514413, -22.283738199999959 ], [ 166.451811699999979, -22.2835127 ], [ 166.451597099999987, -22.2828005 ], [ 166.4512646, -22.282855499999989 ], [ 166.4505174, -22.282249300000011 ], [ 166.449263299999984, -22.282305 ], [ 166.4491392, -22.2821538 ] ] ] } },
{ "type": "Feature", "properties": { "code_bv": "0013", "bureau_secteur": "ECOLE ERNEST RISBEC 2", "site_regroupement": "SALLE OMNISPORT ANSE VATA", "last_edited_date": 1782254723000.0, "bureau_nom_habituel": "Ecole Ernest RISBEC 2", "inscrits_municipales": 1067.0, "abstention_municipales": 47.703842549203372, "inscrits_provinciales": 798.0, "abstention_provinciales": 26.82 }, "geometry": { "type": "Polygon", "coordinates": [ [ [ 166.458857199999983, -22.280579299999978 ], [ 166.456367199999988, -22.279762399999981 ], [ 166.455581699999982, -22.279891699999986 ], [ 166.455107, -22.2801737 ], [ 166.4554632, -22.280662900000024 ], [ 166.4555416, -22.2812848 ], [ 166.454910499999983, -22.281566199999975 ], [ 166.454501099999987, -22.281386 ], [ 166.4542538, -22.281041 ], [ 166.4539299, -22.2812508 ], [ 166.45364619999998, -22.2809226 ], [ 166.453272699999985, -22.2811643 ], [ 166.453159, -22.2809436 ], [ 166.4514246, -22.2815922 ], [ 166.45080249999998, -22.281960300000012 ], [ 166.450544899999983, -22.2822718 ], [ 166.4512646, -22.282855499999989 ], [ 166.451597099999987, -22.2828005 ], [ 166.451811699999979, -22.2835127 ], [ 166.4514413, -22.283738199999959 ], [ 166.4515413, -22.2841726 ], [ 166.45140139999998, -22.284519799999977 ], [ 166.4512904, -22.2845296 ], [ 166.4513814, -22.285426500000021 ], [ 166.45090639999998, -22.2854681 ], [ 166.4510014, -22.2865093 ], [ 166.4526012, -22.286362 ], [ 166.4536072, -22.2850977 ], [ 166.454127699999987, -22.285466700000015 ], [ 166.4551395, -22.284212799999978 ], [ 166.4559367, -22.2839999 ], [ 166.459124399999979, -22.2847039 ], [ 166.458756099999988, -22.2831312 ], [ 166.458568400000019, -22.2830006 ], [ 166.458228099999985, -22.2818112 ], [ 166.4586103, -22.2808175 ], [ 166.458857199999983, -22.280579299999978 ] ] ] } },
{ "type": "Feature", "properties": { "code_bv": "0014", "bureau_secteur": "ECOLE PAUL BOYER 1", "site_regroupement": "SALLE OMNISPORT ANSE VATA", "last_edited_date": 1782254723000.0, "bureau_nom_habituel": "Ecole Paul BOYER 1", "inscrits_municipales": 1092.0, "abstention_municipales": 52.289377289377292, "inscrits_provinciales": 706.0, "abstention_provinciales": 33.14 }, "geometry": { "type": "Polygon", "coordinates": [ [ [ 166.4511963, -22.275646100000021 ], [ 166.45130709999998, -22.27549269999998 ], [ 166.4511293, -22.275421699999985 ], [ 166.4514589, -22.275024600000016 ], [ 166.4506893, -22.2743279 ], [ 166.450430899999986, -22.274800399999986 ], [ 166.4492343, -22.2759004 ], [ 166.4487225, -22.2756548 ], [ 166.4472082, -22.2757284 ], [ 166.4472475, -22.2765665 ], [ 166.4477507, -22.2771922 ], [ 166.447576199999986, -22.2775963 ], [ 166.447814699999981, -22.2778911 ], [ 166.447139600000014, -22.2782713 ], [ 166.447140599999983, -22.278906 ], [ 166.4469038, -22.2798327 ], [ 166.4475788, -22.280057 ], [ 166.447360299999986, -22.28046 ], [ 166.4477444, -22.2806929 ], [ 166.4474701, -22.2812003 ], [ 166.447308699999979, -22.2818496 ], [ 166.4475783, -22.281810299999986 ], [ 166.4476129, -22.28204730000002 ], [ 166.447904800000032, -22.2820044 ], [ 166.4482179, -22.28213010000005 ], [ 166.4483229, -22.2820235 ], [ 166.448484899999983, -22.2821333 ], [ 166.449187699999982, -22.282166299999968 ], [ 166.449263299999984, -22.282305 ], [ 166.450544899999983, -22.2822718 ], [ 166.45080249999998, -22.281960300000012 ], [ 166.4513607, -22.2816228 ], [ 166.45263319999998, -22.281105099999987 ], [ 166.452451699999983, -22.2807323 ], [ 166.452619699999985, -22.280657299999984 ], [ 166.4524926, -22.280410600000021 ], [ 166.452317699999981, -22.28048870000001 ], [ 166.452212799999984, -22.280285 ], [ 166.4529399, -22.2800238 ], [ 166.451155699999987, -22.276397299999957 ], [ 166.4515365, -22.2761621 ], [ 166.451344399999982, -22.2757283 ], [ 166.4512484, -22.275783399999963 ], [ 166.4511963, -22.275646100000021 ] ] ] } },
{ "type": "Feature", "properties": { "code_bv": "0015", "bureau_secteur": "ECOLE LES CAPUCINES", "site_regroupement": "COLLEGE JEAN LÈQUES", "last_edited_date": 1782254723000.0, "bureau_nom_habituel": "Ecole Les CAPUCINES", "inscrits_municipales": 951.0, "abstention_municipales": 42.060988433228182, "inscrits_provinciales": 761.0, "abstention_provinciales": 24.97 }, "geometry": { "type": "Polygon", "coordinates": [ [ [ 166.459863399999989, -22.2755245 ], [ 166.4586122, -22.2740327 ], [ 166.4578436, -22.274099 ], [ 166.4573302, -22.2746927 ], [ 166.4563421, -22.275503899999968 ], [ 166.456487399999986, -22.2757357 ], [ 166.4563626, -22.2758206 ], [ 166.4564935, -22.275821 ], [ 166.456828799999982, -22.276218299999968 ], [ 166.457011199999982, -22.2766884 ], [ 166.456757899999985, -22.277057299999978 ], [ 166.4570508, -22.277192 ], [ 166.45689489999998, -22.2774343 ], [ 166.456711, -22.2773533 ], [ 166.4565122, -22.277493599999989 ], [ 166.4565328, -22.27772939999997 ], [ 166.4570716, -22.278014900000031 ], [ 166.4574589, -22.278010600000016 ], [ 166.457581299999987, -22.278077399999987 ], [ 166.4575178, -22.278251500000017 ], [ 166.457779599999981, -22.2783894 ], [ 166.4571704, -22.2785163 ], [ 166.4564538, -22.279388099999984 ], [ 166.456367199999988, -22.279762399999981 ], [ 166.458857199999983, -22.280579299999978 ], [ 166.459567599999986, -22.279913099999952 ], [ 166.4604846, -22.279497 ], [ 166.460487799999981, -22.279277 ], [ 166.460626499999989, -22.2792369 ], [ 166.4607125, -22.279362100000036 ], [ 166.461852599999986, -22.279216600000016 ], [ 166.4626146, -22.2793101 ], [ 166.4658221, -22.2805503 ], [ 166.465974499999987, -22.2801631 ], [ 166.4658517, -22.2798212 ], [ 166.466037, -22.2793288 ], [ 166.463713399999989, -22.277424 ], [ 166.4635448, -22.277645199999988 ], [ 166.4632761, -22.277680599999975 ], [ 166.462869399999988, -22.2774971 ], [ 166.4631771, -22.2767028 ], [ 166.4631397, -22.2764827 ], [ 166.4624437, -22.2756781 ], [ 166.4621386, -22.27565879999996 ], [ 166.461164299999979, -22.27634960000001 ], [ 166.460721299999989, -22.2761994 ], [ 166.4608268, -22.276135299999968 ], [ 166.460614, -22.2758992 ], [ 166.460478, -22.2759579 ], [ 166.4603146, -22.2755945 ], [ 166.459863399999989, -22.2755245 ] ] ] } },
{ "type": "Feature", "properties": { "code_bv": "0016", "bureau_secteur": "ECOLE CANDIDE KOCH 1", "site_regroupement": "COLLEGE JEAN LÈQUES", "last_edited_date": 1782254723000.0, "bureau_nom_habituel": "Ecole Candide KOCH 1", "inscrits_municipales": 1081.0, "abstention_municipales": 50.323774283071231, "inscrits_provinciales": 811.0, "abstention_provinciales": 29.22 }, "geometry": { "type": "Polygon", "coordinates": [ [ [ 166.453727099999981, -22.270829399999961 ], [ 166.4533157, -22.2709987 ], [ 166.4534093, -22.2711386 ], [ 166.4532188, -22.2712468 ], [ 166.4531251, -22.271106700000029 ], [ 166.4529331, -22.2712156 ], [ 166.4523682, -22.2710303 ], [ 166.449789, -22.2724517 ], [ 166.4502368, -22.2732682 ], [ 166.451134599999989, -22.2738069 ], [ 166.4506893, -22.2743279 ], [ 166.4514589, -22.275024600000016 ], [ 166.4516454, -22.275034399999985 ], [ 166.452678699999979, -22.274320899999957 ], [ 166.452898799999986, -22.274535900000018 ], [ 166.453165899999988, -22.2745576 ], [ 166.4531197, -22.2747517 ], [ 166.4539771, -22.274892799999975 ], [ 166.455129199999988, -22.2759891 ], [ 166.455282, -22.275884899999983 ], [ 166.4557642, -22.2764484 ], [ 166.4558629, -22.276956599999941 ], [ 166.455970899999983, -22.276994499999962 ], [ 166.456239, -22.2767467 ], [ 166.4555416, -22.2757082 ], [ 166.455766, -22.2755556 ], [ 166.4566418, -22.2765029 ], [ 166.456801099999979, -22.2769323 ], [ 166.45701219999998, -22.276773499999983 ], [ 166.4569774, -22.2765083 ], [ 166.4564935, -22.275821 ], [ 166.4563626, -22.2758206 ], [ 166.456487399999986, -22.2757357 ], [ 166.4563421, -22.275503899999968 ], [ 166.4573302, -22.2746927 ], [ 166.457763, -22.2741162 ], [ 166.4554737, -22.271768 ], [ 166.4551981, -22.271866 ], [ 166.455051699999984, -22.271713 ], [ 166.454873599999985, -22.271859900000017 ], [ 166.4540853, -22.270866199999986 ], [ 166.4538126, -22.27096 ], [ 166.453727099999981, -22.270829399999961 ] ] ] } },
{ "type": "Feature", "properties": { "code_bv": "0017", "bureau_secteur": "ECOLE CANDIDE KOCH 2", "site_regroupement": "COLLEGE JEAN LÈQUES", "last_edited_date": 1782254723000.0, "bureau_nom_habituel": "Ecole Candide KOCH 2", "inscrits_municipales": 1177.0, "abstention_municipales": 43.925233644859816, "inscrits_provinciales": 884.0, "abstention_provinciales": 23.42 }, "geometry": { "type": "Polygon", "coordinates": [ [ [ 166.4578707, -22.268794 ], [ 166.457558, -22.268378300000013 ], [ 166.4566481, -22.269870799999978 ], [ 166.456428100000011, -22.269803499999988 ], [ 166.4561598, -22.2700736 ], [ 166.4559047, -22.269935300000032 ], [ 166.455258599999979, -22.271003100000026 ], [ 166.455543, -22.2712873 ], [ 166.4554737, -22.271768 ], [ 166.457658399999985, -22.274066600000015 ], [ 166.458651, -22.2740562 ], [ 166.459863399999989, -22.2755245 ], [ 166.4603146, -22.2755945 ], [ 166.460478, -22.2759579 ], [ 166.460614, -22.2758992 ], [ 166.4608268, -22.276135299999968 ], [ 166.460772699999978, -22.276231799999952 ], [ 166.461164299999979, -22.27634960000001 ], [ 166.4621386, -22.27565879999996 ], [ 166.4624437, -22.2756781 ], [ 166.4625916, -22.275962199999977 ], [ 166.4630144, -22.2763232 ], [ 166.463304599999987, -22.2760115 ], [ 166.463095399999986, -22.275808099999988 ], [ 166.4628138, -22.27518 ], [ 166.4618916, -22.275071300000022 ], [ 166.4616445, -22.274700800000023 ], [ 166.4613832, -22.2745449 ], [ 166.4612765, -22.274416499999983 ], [ 166.461185699999987, -22.273329 ], [ 166.460443699999985, -22.272690399999977 ], [ 166.4606952, -22.272452600000022 ], [ 166.46012589999998, -22.271891 ], [ 166.459735599999988, -22.2717829 ], [ 166.4594735, -22.2718318 ], [ 166.459557, -22.271651500000019 ], [ 166.4593715, -22.27158110000002 ], [ 166.459524499999986, -22.271291800000014 ], [ 166.459322599999979, -22.271364299999988 ], [ 166.4590426, -22.271156900000015 ], [ 166.459225800000013, -22.2708301 ], [ 166.4590457, -22.2706992 ], [ 166.4591012, -22.270483900000023 ], [ 166.458928499999985, -22.2702232 ], [ 166.4590744, -22.270156400000026 ], [ 166.458786, -22.269769 ], [ 166.459296199999983, -22.269465600000011 ], [ 166.458127199999979, -22.268539 ], [ 166.4578707, -22.268794 ] ] ] } },
{ "type": "Feature", "properties": { "code_bv": "0018", "bureau_secteur": "ECOLE SUZANNE RUSSIER 1", "site_regroupement": "HOTEL DE VILLE", "last_edited_date": 1782254723000.0, "bureau_nom_habituel": "Ecole Suzanne RUSSIER 1", "inscrits_municipales": 1038.0, "abstention_municipales": 47.880539499036608, "inscrits_provinciales": 774.0, "abstention_provinciales": 29.72 }, "geometry": { "type": "Polygon", "coordinates": [ [ [ 166.4544852, -22.2648571 ], [ 166.454127699999987, -22.264837900000042 ], [ 166.453871599999985, -22.2653603 ], [ 166.454428, -22.265355199999984 ], [ 166.454206299999981, -22.266290699999985 ], [ 166.4541925, -22.267071599999973 ], [ 166.4522859, -22.2672562 ], [ 166.452757099999985, -22.2679767 ], [ 166.4528699, -22.268415699999945 ], [ 166.452875, -22.2692693 ], [ 166.4531021, -22.270616900000032 ], [ 166.4523682, -22.2710303 ], [ 166.4529331, -22.2712156 ], [ 166.4531251, -22.271106700000029 ], [ 166.4532188, -22.2712468 ], [ 166.4534093, -22.2711386 ], [ 166.4533157, -22.2709987 ], [ 166.4536967, -22.270782899999983 ], [ 166.4538126, -22.27096 ], [ 166.4540853, -22.270866199999986 ], [ 166.454873599999985, -22.271859900000017 ], [ 166.455051699999984, -22.271713 ], [ 166.455360899999988, -22.271871599999987 ], [ 166.4555624, -22.271557399999974 ], [ 166.455543, -22.2712873 ], [ 166.455258599999979, -22.271003100000026 ], [ 166.4559047, -22.269935300000032 ], [ 166.4561598, -22.2700736 ], [ 166.456428100000011, -22.269803499999988 ], [ 166.4566481, -22.269870799999978 ], [ 166.457558, -22.268378300000013 ], [ 166.45774609999998, -22.268477 ], [ 166.4578707, -22.268794 ], [ 166.458127199999979, -22.268539 ], [ 166.458577099999985, -22.268848199999947 ], [ 166.4588894, -22.268401200000024 ], [ 166.4580134, -22.267435 ], [ 166.4573035, -22.267003 ], [ 166.457170599999984, -22.2666609 ], [ 166.457342, -22.2665842 ], [ 166.4567102, -22.265463500000013 ], [ 166.455411699999985, -22.2652085 ], [ 166.45519539999998, -22.265082299999982 ], [ 166.4552439, -22.264982699999965 ], [ 166.45503770000002, -22.2648625 ], [ 166.454988899999989, -22.2649621 ], [ 166.454520699999989, -22.264548400000013 ], [ 166.4544852, -22.2648571 ] ] ] } },
{ "type": "Feature", "properties": { "code_bv": "0019", "bureau_secteur": "ECOLE SUZANNE RUSSIER 2", "site_regroupement": "HOTEL DE VILLE", "last_edited_date": 1782254723000.0, "bureau_nom_habituel": "Ecole Suzanne RUSSIER 2", "inscrits_municipales": 1171.0, "abstention_municipales": 48.761742100768572, "inscrits_provinciales": 887.0, "abstention_provinciales": 32.69 }, "geometry": { "type": "Polygon", "coordinates": [ [ [ 166.453780599999988, -22.264665 ], [ 166.452372, -22.2645816 ], [ 166.4523551, -22.264857899999956 ], [ 166.4524831, -22.265011 ], [ 166.452352199999979, -22.267010900000013 ], [ 166.452222899999981, -22.267308 ], [ 166.4518448, -22.267619899999975 ], [ 166.45198689999998, -22.268346099999977 ], [ 166.4517727, -22.2690677 ], [ 166.4517713, -22.2694992 ], [ 166.451225, -22.2701004 ], [ 166.451186, -22.270013099999975 ], [ 166.451639299999982, -22.269567899999984 ], [ 166.4513648, -22.2688268 ], [ 166.451428599999986, -22.2684499 ], [ 166.451868599999983, -22.2684653 ], [ 166.451818800000012, -22.267553799999988 ], [ 166.452213699999987, -22.267094400000015 ], [ 166.452292799999981, -22.266281099999986 ], [ 166.45200939999998, -22.266061299999986 ], [ 166.452329599999985, -22.2659022 ], [ 166.45238089999998, -22.265729499999981 ], [ 166.452345799999989, -22.2656112 ], [ 166.4521277, -22.2656697 ], [ 166.4518075, -22.2653056 ], [ 166.451543499999985, -22.265387299999979 ], [ 166.451490299999989, -22.265805 ], [ 166.4511382, -22.266022799999984 ], [ 166.4510305, -22.2662926 ], [ 166.4504153, -22.2662381 ], [ 166.4508155, -22.2670501 ], [ 166.450978, -22.2678771 ], [ 166.44881060000003, -22.2689911 ], [ 166.449077099999982, -22.269459900000022 ], [ 166.4482329, -22.268822599999986 ], [ 166.447218099999986, -22.268452699999955 ], [ 166.447145, -22.2687117 ], [ 166.4476805, -22.268862099999989 ], [ 166.4480251, -22.26917520000001 ], [ 166.447940200000033, -22.269333299999985 ], [ 166.4484692, -22.270173699999972 ], [ 166.4480433, -22.2703876 ], [ 166.448606400000017, -22.271709599999976 ], [ 166.4488662, -22.2720192 ], [ 166.4487435, -22.272138400000021 ], [ 166.449771, -22.272351499999989 ], [ 166.449789, -22.2724517 ], [ 166.4531021, -22.270616900000032 ], [ 166.452875, -22.2692693 ], [ 166.4528699, -22.268415699999945 ], [ 166.452757099999985, -22.2679767 ], [ 166.4522859, -22.2672562 ], [ 166.4541925, -22.267071599999973 ], [ 166.454206299999981, -22.266290699999985 ], [ 166.454428, -22.265355199999984 ], [ 166.453871599999985, -22.2653603 ], [ 166.454127699999987, -22.264837900000042 ], [ 166.4537915, -22.264819800000023 ], [ 166.453780599999988, -22.264665 ] ] ] } },
{ "type": "Feature", "properties": { "code_bv": "0020", "bureau_secteur": "ECOLE ANTOINETTE CHARBONNEAUX", "site_regroupement": "COLLEGE JEAN LÈQUES", "last_edited_date": 1782254723000.0, "bureau_nom_habituel": "Ecole Antoinette CHARBONNEAUX", "inscrits_municipales": 981.0, "abstention_municipales": 39.449541284403672, "inscrits_provinciales": 766.0, "abstention_provinciales": 20.89 }, "geometry": { "type": "Polygon", "coordinates": [ [ [ 166.4609581, -22.2716687 ], [ 166.460213499999981, -22.2716986 ], [ 166.460125799999986, -22.271891 ], [ 166.4606952, -22.272452600000022 ], [ 166.460443699999985, -22.272690399999977 ], [ 166.461185699999987, -22.273329 ], [ 166.4612765, -22.274416499999983 ], [ 166.4618916, -22.275071300000022 ], [ 166.4628138, -22.27518 ], [ 166.463095399999986, -22.275808099999988 ], [ 166.463304599999987, -22.2760115 ], [ 166.4630144, -22.2763232 ], [ 166.4631771, -22.2767028 ], [ 166.462869399999988, -22.2774971 ], [ 166.463042699999988, -22.2776345 ], [ 166.4635448, -22.277645199999988 ], [ 166.463713399999989, -22.277424 ], [ 166.465438399999982, -22.2789138 ], [ 166.465571900000015, -22.2787705 ], [ 166.4656819, -22.278832 ], [ 166.466102, -22.2774565 ], [ 166.4665623, -22.277118700000017 ], [ 166.4665248, -22.2767688 ], [ 166.468036900000016, -22.2764537 ], [ 166.468328700000029, -22.2767475 ], [ 166.4685786, -22.276807 ], [ 166.468758799999989, -22.2767101 ], [ 166.4692718, -22.274552900000018 ], [ 166.4686946, -22.273997799999968 ], [ 166.468878099999984, -22.2733724 ], [ 166.468407099999979, -22.272250199999984 ], [ 166.46802, -22.272221399999989 ], [ 166.4677011, -22.2717539 ], [ 166.4671841, -22.2718105 ], [ 166.4668484, -22.271685800000025 ], [ 166.4660915, -22.27228030000002 ], [ 166.4659866, -22.2726447 ], [ 166.4640346, -22.2722992 ], [ 166.463864199999989, -22.272409799999988 ], [ 166.4630564, -22.2723007 ], [ 166.4614906, -22.2732353 ], [ 166.4615958, -22.2728773 ], [ 166.4612905, -22.272567499999962 ], [ 166.4611495, -22.2719355 ], [ 166.4609581, -22.2716687 ] ] ] } },
{ "type": "Feature", "properties": { "code_bv": "0021", "bureau_secteur": "ECOLE MARIE HAVET 1", "site_regroupement": "COLLEGE JEAN LÈQUES", "last_edited_date": 1782254723000.0, "bureau_nom_habituel": "Ecole Marie HAVET 1", "inscrits_municipales": 1270.0, "abstention_municipales": 45.748031496062993, "inscrits_provinciales": 896.0, "abstention_provinciales": 24.78 }, "geometry": { "type": "Polygon", "coordinates": [ [ [ 166.4750785, -22.2700453 ], [ 166.4748347, -22.2698325 ], [ 166.4748247, -22.270076 ], [ 166.4745413, -22.2700701 ], [ 166.4742594, -22.270226800000017 ], [ 166.473890499999982, -22.270148100000032 ], [ 166.4724721, -22.2708257 ], [ 166.4724344, -22.271102299999988 ], [ 166.47230380000002, -22.271163399999981 ], [ 166.4719921, -22.271060700000014 ], [ 166.471765399999981, -22.2711743 ], [ 166.4722755, -22.2717341 ], [ 166.472632, -22.271699799999979 ], [ 166.4725378, -22.2726739 ], [ 166.4726758, -22.2729222 ], [ 166.4729616, -22.27309589999998 ], [ 166.473078099999981, -22.273645 ], [ 166.472976, -22.275066899999974 ], [ 166.4725039, -22.2752255 ], [ 166.47201579999998, -22.2741591 ], [ 166.4724483, -22.275275 ], [ 166.471890700000017, -22.275560500000015 ], [ 166.472449399999988, -22.2753246 ], [ 166.4728446, -22.276215399999977 ], [ 166.474217, -22.276079099999954 ], [ 166.475214699999981, -22.2766796 ], [ 166.476801400000028, -22.276833599999975 ], [ 166.4769107, -22.277405300000016 ], [ 166.4773917, -22.277636100000013 ], [ 166.4776124, -22.2781835 ], [ 166.4781769, -22.277986 ], [ 166.478377, -22.2780807 ], [ 166.4785427, -22.2776332 ], [ 166.4791984, -22.277108 ], [ 166.4794455, -22.277090800000028 ], [ 166.479941699999983, -22.2773852 ], [ 166.480549199999984, -22.2774409 ], [ 166.4807547, -22.2771657 ], [ 166.4806805, -22.276921499999975 ], [ 166.479360499999984, -22.2757084 ], [ 166.4788648, -22.274065900000036 ], [ 166.478108099999986, -22.27327039999998 ], [ 166.478184299999981, -22.273057200000014 ], [ 166.477817499999986, -22.273067799999978 ], [ 166.4778131, -22.2727946 ], [ 166.47753609999998, -22.272297 ], [ 166.4771206, -22.271874799999985 ], [ 166.4766464, -22.271533099999985 ], [ 166.475605500000029, -22.2711593 ], [ 166.475654599999984, -22.270539099999972 ], [ 166.4759319, -22.2702977 ], [ 166.4750785, -22.2700453 ] ] ] } },
{ "type": "Feature", "properties": { "code_bv": "0022", "bureau_secteur": "ECOLE MARIE HAVET 2", "site_regroupement": "COLLEGE JEAN LÈQUES", "last_edited_date": 1782254723000.0, "bureau_nom_habituel": "Ecole Marie HAVET 2", "inscrits_municipales": 1364.0, "abstention_municipales": 46.62756598240469, "inscrits_provinciales": 944.0, "abstention_provinciales": 24.79 }, "geometry": { "type": "Polygon", "coordinates": [ [ [ 166.4717062, -22.276805200000016 ], [ 166.471378, -22.2758905 ], [ 166.4712241, -22.2757773 ], [ 166.471632799999981, -22.276845499999975 ], [ 166.471139099999988, -22.2770021 ], [ 166.471093, -22.2771058 ], [ 166.4716841, -22.276899 ], [ 166.47209490000003, -22.277784799999981 ], [ 166.4719969, -22.277994800000023 ], [ 166.471094699999981, -22.2784395 ], [ 166.470708799999983, -22.277893799999976 ], [ 166.4710221, -22.278499900000039 ], [ 166.4698794, -22.2790937 ], [ 166.4710498, -22.2785454 ], [ 166.471388199999978, -22.279036599999973 ], [ 166.47109660000001, -22.278522200000019 ], [ 166.472024, -22.278021 ], [ 166.4718053, -22.2782549 ], [ 166.4720393, -22.2786732 ], [ 166.4729265, -22.278447800000013 ], [ 166.4737026, -22.278412900000024 ], [ 166.473775599999982, -22.2786892 ], [ 166.473478, -22.278979599999985 ], [ 166.4734986, -22.2791414 ], [ 166.474236599999983, -22.2793982 ], [ 166.474547299999983, -22.2797171 ], [ 166.474014900000014, -22.280147599999953 ], [ 166.4738212, -22.2800241 ], [ 166.473687899999987, -22.280088700000011 ], [ 166.473868399999986, -22.280253699999985 ], [ 166.4731133, -22.280953899999989 ], [ 166.4726521, -22.280652 ], [ 166.4725487, -22.279841600000012 ], [ 166.4724602, -22.2797637 ], [ 166.4717842, -22.2795125 ], [ 166.471770599999985, -22.279361300000012 ], [ 166.470787299999984, -22.279881699999972 ], [ 166.470933500000029, -22.280212 ], [ 166.471170799999982, -22.28038530000002 ], [ 166.470849, -22.2799351 ], [ 166.4711479, -22.2797354 ], [ 166.471661499999982, -22.279513800000011 ], [ 166.4724168, -22.2797798 ], [ 166.4725273, -22.2798634 ], [ 166.4724928, -22.28032450000001 ], [ 166.471344, -22.2803313 ], [ 166.4712596, -22.280369400000012 ], [ 166.472515, -22.2803456 ], [ 166.4725268, -22.2805511 ], [ 166.4719782, -22.2806223 ], [ 166.4719069, -22.2805348 ], [ 166.471536599999979, -22.2810357 ], [ 166.4707224, -22.281033299999986 ], [ 166.4715022, -22.2811462 ], [ 166.471263599999986, -22.2816344 ], [ 166.470692599999978, -22.2822766 ], [ 166.4705103, -22.282339 ], [ 166.4704476, -22.2825464 ], [ 166.470056299999982, -22.2827053 ], [ 166.4691573, -22.2826315 ], [ 166.4689249, -22.281691399999982 ], [ 166.4685878, -22.281567499999984 ], [ 166.4684231, -22.28161 ], [ 166.4683101, -22.2819116 ], [ 166.4678687, -22.282311 ], [ 166.4674755, -22.282002200000019 ], [ 166.4671468, -22.28207 ], [ 166.4670736, -22.282300299999989 ], [ 166.466377099999988, -22.2827161 ], [ 166.4665551, -22.283187900000016 ], [ 166.466304900000011, -22.28363029999997 ], [ 166.4663239, -22.2838996 ], [ 166.4660642, -22.2846885 ], [ 166.4662166, -22.285777 ], [ 166.4666172, -22.285821099999989 ], [ 166.4676609, -22.285651700000017 ], [ 166.467961, -22.285996099999984 ], [ 166.4683437, -22.286160900000016 ], [ 166.4689553, -22.2857051 ], [ 166.46924869999998, -22.284993 ], [ 166.4698555, -22.284874900000013 ], [ 166.469968200000011, -22.2847286 ], [ 166.4703393, -22.2846415 ], [ 166.4711006, -22.284176799999969 ], [ 166.47124359999998, -22.283883799999977 ], [ 166.471555099999989, -22.283635 ], [ 166.472549499999985, -22.283326499999976 ], [ 166.47394509999998, -22.283311899999955 ], [ 166.4743135, -22.283705599999976 ], [ 166.474277700000016, -22.284074199999967 ], [ 166.474713899999983, -22.284441199999954 ], [ 166.4748419, -22.284428700000024 ], [ 166.4749132, -22.2841201 ], [ 166.4741406, -22.28328609999998 ], [ 166.4741464, -22.282776299999977 ], [ 166.474527099999989, -22.2821657 ], [ 166.475042299999984, -22.281687200000011 ], [ 166.475562900000028, -22.281475500000024 ], [ 166.4757818, -22.2815343 ], [ 166.475886399999979, -22.281917300000011 ], [ 166.4760111, -22.2819365 ], [ 166.476219, -22.280991 ], [ 166.476659900000016, -22.280604699999987 ], [ 166.4770379, -22.280928800000016 ], [ 166.4767075, -22.2805536 ], [ 166.477016699999979, -22.2802981 ], [ 166.477173099999987, -22.280316899999971 ], [ 166.477684899999986, -22.2810318 ], [ 166.477270799999985, -22.2803597 ], [ 166.477529899999979, -22.2802564 ], [ 166.47708590000002, -22.2802264 ], [ 166.477344499999987, -22.2799588 ], [ 166.4766252, -22.280499 ], [ 166.476513499999982, -22.279783200000015 ], [ 166.476247699999988, -22.2796964 ], [ 166.4765113, -22.27933590000001 ], [ 166.4769096, -22.279348699999986 ], [ 166.47711769999998, -22.279506200000021 ], [ 166.4771369, -22.2796761 ], [ 166.477007499999985, -22.2797685 ], [ 166.4768039, -22.2796873 ], [ 166.4769502, -22.279557299999986 ], [ 166.4766105, -22.279661299999987 ], [ 166.4764491, -22.279493499999973 ], [ 166.476689099999987, -22.280026400000029 ], [ 166.4766397, -22.279701499999987 ], [ 166.4770536, -22.2798395 ], [ 166.476984, -22.28014109999998 ], [ 166.4771284, -22.27989560000001 ], [ 166.4779155, -22.2801255 ], [ 166.4783505, -22.28002479999995 ], [ 166.4783778, -22.280267700000014 ], [ 166.4775584, -22.280291399999971 ], [ 166.478358599999979, -22.280339699999988 ], [ 166.478420699999987, -22.280720900000038 ], [ 166.4784946, -22.280608799999985 ], [ 166.4786546, -22.280705499999989 ], [ 166.478781, -22.2809907 ], [ 166.478719899999987, -22.2806817 ], [ 166.478514099999984, -22.280506700000029 ], [ 166.47887369999998, -22.280469300000036 ], [ 166.479134499999986, -22.280665 ], [ 166.4797389, -22.280430600000017 ], [ 166.479744899999986, -22.280834599999981 ], [ 166.4800019, -22.2812099 ], [ 166.4798935, -22.281769600000015 ], [ 166.4799658, -22.28162780000002 ], [ 166.480254699999989, -22.281800600000018 ], [ 166.4801635, -22.2819389 ], [ 166.4799932, -22.2819324 ], [ 166.480195899999984, -22.2820275 ], [ 166.480220399999979, -22.282247199999972 ], [ 166.479900599999979, -22.2826066 ], [ 166.4791234, -22.282519 ], [ 166.4792771, -22.2818548 ], [ 166.4794589, -22.2821151 ], [ 166.479453799999987, -22.2819085 ], [ 166.4797843, -22.2820105 ], [ 166.4796761, -22.282567399999987 ], [ 166.4799721, -22.281938699999955 ], [ 166.4799195, -22.281800100000012 ], [ 166.4797911, -22.281895200000022 ], [ 166.479298299999982, -22.2817632 ], [ 166.47932849999998, -22.2815852 ], [ 166.4792072, -22.281674500000012 ], [ 166.479084199999988, -22.281583900000012 ], [ 166.4789327, -22.2812016 ], [ 166.4796749, -22.28084 ], [ 166.478907199999981, -22.281114800000029 ], [ 166.478825699999987, -22.2810088 ], [ 166.4788199, -22.281157 ], [ 166.4780563, -22.2814174 ], [ 166.478108699999979, -22.28152709999997 ], [ 166.478845899999982, -22.2812153 ], [ 166.4789496, -22.2814954 ], [ 166.478655799999984, -22.2815513 ], [ 166.479020099999985, -22.281571 ], [ 166.4792187, -22.281785 ], [ 166.4790405, -22.2824823 ], [ 166.4786743, -22.282462 ], [ 166.4789884, -22.282595600000011 ], [ 166.478806099999986, -22.283427899999985 ], [ 166.479300199999983, -22.2837596 ], [ 166.479689899999983, -22.283826700000024 ], [ 166.4804326, -22.2833931 ], [ 166.4814017, -22.283309299999981 ], [ 166.481391299999984, -22.282950199999977 ], [ 166.4811737, -22.2824168 ], [ 166.4805187, -22.281832599999976 ], [ 166.4803097, -22.2812384 ], [ 166.4799976, -22.280884 ], [ 166.479902399999986, -22.2805033 ], [ 166.479417, -22.2797276 ], [ 166.479091, -22.279730699999988 ], [ 166.4791902, -22.279838599999977 ], [ 166.478687399999984, -22.279907 ], [ 166.478327799999988, -22.2796206 ], [ 166.4782835, -22.2792144 ], [ 166.4784716, -22.279170300000029 ], [ 166.478296, -22.279167400000013 ], [ 166.4784177, -22.2788922 ], [ 166.478377, -22.2780807 ], [ 166.4781769, -22.277986 ], [ 166.4776124, -22.2781835 ], [ 166.4773917, -22.277636100000013 ], [ 166.4769107, -22.277405300000016 ], [ 166.476801400000028, -22.276833599999975 ], [ 166.475214699999981, -22.2766796 ], [ 166.474217, -22.276079099999954 ], [ 166.4728446, -22.276215399999977 ], [ 166.4729604, -22.276490199999962 ], [ 166.472156499999983, -22.2777366 ], [ 166.471753299999989, -22.276909600000025 ], [ 166.472428, -22.276604299999985 ], [ 166.4717062, -22.276805200000016 ] ] ] } },
{ "type": "Feature", "properties": { "code_bv": "0023", "bureau_secteur": "ECOLE CHRISTINE BOLETTI 1", "site_regroupement": "COLLEGE JEAN LÈQUES", "last_edited_date": 1782254723000.0, "bureau_nom_habituel": "Ecole Christine BOLETTI 1", "inscrits_municipales": 1235.0, "abstention_municipales": 46.963562753036435, "inscrits_provinciales": 902.0, "abstention_provinciales": 27.16 }, "geometry": { "type": "Polygon", "coordinates": [ [ [ 166.4721476, -22.263760599999987 ], [ 166.4720864, -22.262967399999972 ], [ 166.4713071, -22.262711100000011 ], [ 166.47009749999998, -22.262711600000014 ], [ 166.469176, -22.262336500000025 ], [ 166.46885469999998, -22.262053100000021 ], [ 166.4686275, -22.262128300000033 ], [ 166.468496, -22.2623543 ], [ 166.4657259, -22.262429699999988 ], [ 166.4654071, -22.263410700000019 ], [ 166.464388099999979, -22.263541399999987 ], [ 166.4643208, -22.26335149999996 ], [ 166.464583799999986, -22.2632706 ], [ 166.464436, -22.26286 ], [ 166.463502399999982, -22.263147099999966 ], [ 166.4634309, -22.26323589999998 ], [ 166.4637132, -22.263968700000024 ], [ 166.4644562, -22.2647378 ], [ 166.464666599999987, -22.2654255 ], [ 166.464440599999989, -22.2661354 ], [ 166.4637348, -22.266974799999986 ], [ 166.4634835, -22.267452800000019 ], [ 166.463998799999985, -22.267460100000012 ], [ 166.464535, -22.267154299999984 ], [ 166.46685309999998, -22.266573200000018 ], [ 166.4670573, -22.2666204 ], [ 166.4688414, -22.267932300000012 ], [ 166.469264, -22.2678237 ], [ 166.470253099999979, -22.2668472 ], [ 166.4709867, -22.266743 ], [ 166.4717751, -22.267358200000022 ], [ 166.4720249, -22.267411099999986 ], [ 166.471913799999982, -22.266375500000013 ], [ 166.4721851, -22.265183499999988 ], [ 166.4724137, -22.2647897 ], [ 166.471954, -22.2644567 ], [ 166.4721476, -22.263760599999987 ] ] ] } },
{ "type": "Feature", "properties": { "code_bv": "0024", "bureau_secteur": "ECOLE CHRISTINE BOLETTI 2", "site_regroupement": "COLLEGE JEAN LÈQUES", "last_edited_date": 1782254723000.0, "bureau_nom_habituel": "Ecole Christine BOLETTI 2", "inscrits_municipales": 1210.0, "abstention_municipales": 61.15702479338843, "inscrits_provinciales": 1070.0, "abstention_provinciales": 45.61 }, "geometry": { "type": "Polygon", "coordinates": [ [ [ 166.46685309999998, -22.266573200000018 ], [ 166.464535, -22.267154299999984 ], [ 166.463998799999985, -22.267460100000012 ], [ 166.4634835, -22.267452800000019 ], [ 166.4633576, -22.26825950000001 ], [ 166.463983099999979, -22.2707246 ], [ 166.4639072, -22.2708409 ], [ 166.463202199999984, -22.271052799999978 ], [ 166.461055499999986, -22.2703297 ], [ 166.4608283, -22.271683 ], [ 166.4609581, -22.2716687 ], [ 166.4611495, -22.2719355 ], [ 166.4612905, -22.272567499999962 ], [ 166.4615958, -22.2728773 ], [ 166.4614906, -22.2732353 ], [ 166.4630564, -22.2723007 ], [ 166.463864199999989, -22.272409799999988 ], [ 166.4640346, -22.2722992 ], [ 166.4659866, -22.2726447 ], [ 166.4660915, -22.27228030000002 ], [ 166.4668484, -22.271685800000025 ], [ 166.4671841, -22.2718105 ], [ 166.4677011, -22.2717539 ], [ 166.46802, -22.272221399999989 ], [ 166.4682058, -22.2722029 ], [ 166.466765, -22.268377200000014 ], [ 166.4670573, -22.2666204 ], [ 166.46685309999998, -22.266573200000018 ] ] ] } },
{ "type": "Feature", "properties": { "code_bv": "0025", "bureau_secteur": "ECOLE MICHEL CACOT 1", "site_regroupement": "COLLEGE JEAN LÈQUES", "last_edited_date": 1782254723000.0, "bureau_nom_habituel": "Ecole Michel CACOT 1", "inscrits_municipales": 1288.0, "abstention_municipales": 45.031055900621119, "inscrits_provinciales": 969.0, "abstention_provinciales": 25.7 }, "geometry": { "type": "Polygon", "coordinates": [ [ [ 166.4537894, -22.2591757 ], [ 166.453564799999981, -22.260185200000013 ], [ 166.4537915, -22.2607372 ], [ 166.4543645, -22.2611241 ], [ 166.454624600000017, -22.261177299999961 ], [ 166.45571289999998, -22.2620282 ], [ 166.4563876, -22.262357799999972 ], [ 166.4580201, -22.2642646 ], [ 166.4578639, -22.264647300000011 ], [ 166.4586822, -22.2644951 ], [ 166.458805399999989, -22.265349199999989 ], [ 166.4586778, -22.265743 ], [ 166.45878, -22.2661177 ], [ 166.45898219999998, -22.266334699999987 ], [ 166.459269399999982, -22.266193 ], [ 166.4595498, -22.2662658 ], [ 166.459874899999988, -22.2661228 ], [ 166.460226299999988, -22.2661344 ], [ 166.461089499999986, -22.266474200000022 ], [ 166.461403599999983, -22.267042600000014 ], [ 166.461612399999979, -22.267201799999988 ], [ 166.462113599999981, -22.2671655 ], [ 166.4634835, -22.267452800000019 ], [ 166.4637348, -22.266974799999986 ], [ 166.464440599999989, -22.2661354 ], [ 166.464666599999987, -22.2654255 ], [ 166.464545499999986, -22.264888 ], [ 166.4637473, -22.26402960000004 ], [ 166.4634309, -22.26323589999998 ], [ 166.4624885, -22.2635061 ], [ 166.461531700000023, -22.263542799999986 ], [ 166.461388699999986, -22.2636553 ], [ 166.460191899999984, -22.2635505 ], [ 166.460150100000021, -22.262959799999969 ], [ 166.4598642, -22.2628345 ], [ 166.4579022, -22.260997 ], [ 166.4578153, -22.260665399999983 ], [ 166.4576179, -22.2604826 ], [ 166.456835899999987, -22.2601429 ], [ 166.456673, -22.2597729 ], [ 166.4560864, -22.259586400000039 ], [ 166.4556025, -22.259238700000015 ], [ 166.4537894, -22.2591757 ] ] ] } },
{ "type": "Feature", "properties": { "code_bv": "0026", "bureau_secteur": "ECOLE MICHEL CACOT 2", "site_regroupement": "COLLEGE JEAN LÈQUES", "last_edited_date": 1782254723000.0, "bureau_nom_habituel": "Ecole Michel CACOT 2", "inscrits_municipales": 1313.0, "abstention_municipales": 48.210205635948213, "inscrits_provinciales": 872.0, "abstention_provinciales": 25.69 }, "geometry": { "type": "Polygon", "coordinates": [ [ [ 166.458805399999989, -22.265349199999989 ], [ 166.4586822, -22.2644951 ], [ 166.457757099999981, -22.2646395 ], [ 166.457340499999987, -22.2648137 ], [ 166.4567102, -22.265463500000013 ], [ 166.457342, -22.2665842 ], [ 166.457170599999984, -22.2666609 ], [ 166.4573035, -22.267003 ], [ 166.4580134, -22.267435 ], [ 166.458855199999988, -22.2683 ], [ 166.458605899999981, -22.2688448 ], [ 166.459296199999983, -22.269465600000011 ], [ 166.458786, -22.269769 ], [ 166.4590744, -22.270156400000026 ], [ 166.458928499999985, -22.2702232 ], [ 166.4591012, -22.270483900000023 ], [ 166.4590457, -22.2706992 ], [ 166.459225800000013, -22.2708301 ], [ 166.4590426, -22.271156900000015 ], [ 166.459322599999979, -22.271364299999988 ], [ 166.459524499999986, -22.271291800000014 ], [ 166.4593715, -22.27158110000002 ], [ 166.459557, -22.271651500000019 ], [ 166.4594735, -22.2718318 ], [ 166.459735599999988, -22.2717829 ], [ 166.460125799999986, -22.271891 ], [ 166.460213499999981, -22.2716986 ], [ 166.4608283, -22.271683 ], [ 166.461055499999986, -22.2703297 ], [ 166.463202199999984, -22.271052799999978 ], [ 166.4639072, -22.2708409 ], [ 166.463983099999979, -22.2707246 ], [ 166.4633576, -22.26825950000001 ], [ 166.4634835, -22.267452800000019 ], [ 166.462113599999981, -22.2671655 ], [ 166.461612399999979, -22.267201799999988 ], [ 166.461403599999983, -22.267042600000014 ], [ 166.461089499999986, -22.266474200000022 ], [ 166.460226299999988, -22.2661344 ], [ 166.459874899999988, -22.2661228 ], [ 166.4595498, -22.2662658 ], [ 166.459240599999987, -22.2661978 ], [ 166.4589977, -22.2663466 ], [ 166.45878, -22.2661177 ], [ 166.4586778, -22.265743 ], [ 166.458805399999989, -22.265349199999989 ] ] ] } },
{ "type": "Feature", "properties": { "code_bv": "0027", "bureau_secteur": "ECOLE CÉLINE TEYSSANDIER DE LAUBARÈDE", "site_regroupement": "ECOLE C.T. DE LAUBARÈDE (EX PETIT POUCET)", "last_edited_date": 1782254723000.0, "bureau_nom_habituel": "Ex-Ecole Céline TEYSSANDIER DE LAUBAREDE", "inscrits_municipales": 1139.0, "abstention_municipales": 59.525899912203684, "inscrits_provinciales": 997.0, "abstention_provinciales": 47.04 }, "geometry": { "type": "Polygon", "coordinates": [ [ [ 166.4498908, -22.2572188 ], [ 166.4492407, -22.256817200000011 ], [ 166.4489797, -22.2568051 ], [ 166.44894560000003, -22.2565756 ], [ 166.4487562, -22.256562299999988 ], [ 166.446571799999987, -22.258053500000042 ], [ 166.4448128, -22.2600524 ], [ 166.4443631, -22.2602571 ], [ 166.4411216, -22.26483 ], [ 166.441537399999987, -22.265310099999986 ], [ 166.4414236, -22.2658759 ], [ 166.441897899999987, -22.266118 ], [ 166.444256199999984, -22.2663395 ], [ 166.444223800000032, -22.26686530000001 ], [ 166.4455236, -22.2670081 ], [ 166.44555459999998, -22.266757400000021 ], [ 166.4458893, -22.266674299999956 ], [ 166.4459295, -22.266781699999978 ], [ 166.4463762, -22.266645699999987 ], [ 166.4470489, -22.26615229999997 ], [ 166.446876, -22.2652824 ], [ 166.446321399999988, -22.264954500000027 ], [ 166.446368299999989, -22.264818899999952 ], [ 166.444702899999982, -22.2643574 ], [ 166.445212699999985, -22.263784499999979 ], [ 166.4460819, -22.2634802 ], [ 166.446458399999983, -22.2635986 ], [ 166.44653409999998, -22.2633897 ], [ 166.446798199999989, -22.263240299999971 ], [ 166.446811700000012, -22.2628897 ], [ 166.4469829, -22.2627316 ], [ 166.447680599999984, -22.2608091 ], [ 166.4473743, -22.260713399999972 ], [ 166.4474913, -22.260420399999969 ], [ 166.447638399999988, -22.2604663 ], [ 166.4479154, -22.2601623 ], [ 166.4478517, -22.2598676 ], [ 166.447579099999984, -22.259677399999983 ], [ 166.44767, -22.2594265 ], [ 166.4474411, -22.259351099999989 ], [ 166.447473200000019, -22.2592625 ], [ 166.4471892, -22.25912970000001 ], [ 166.447158, -22.259006499999987 ], [ 166.447537399999987, -22.258901200000015 ], [ 166.4478981, -22.2590139 ], [ 166.4484405, -22.2585621 ], [ 166.449027699999988, -22.2582333 ], [ 166.449178, -22.258276300000027 ], [ 166.4502014, -22.2576341 ], [ 166.4498908, -22.2572188 ] ] ] } },
{ "type": "Feature", "properties": { "code_bv": "0028", "bureau_secteur": "ECOLE GUSTAVE MOUCHET 1", "site_regroupement": "ECOLE C.T. DE LAUBARÈDE (EX PETIT POUCET)", "last_edited_date": 1782254723000.0, "bureau_nom_habituel": "Ecole Gustave MOUCHET 1", "inscrits_municipales": 1101.0, "abstention_municipales": 62.03451407811081, "inscrits_provinciales": 1075.0, "abstention_provinciales": 50.51 }, "geometry": { "type": "Polygon", "coordinates": [ [ [ 166.440742699999987, -22.2478 ], [ 166.4316613, -22.2446793 ], [ 166.4293916, -22.246031100000017 ], [ 166.427902499999988, -22.247970899999984 ], [ 166.4280109, -22.248348799999984 ], [ 166.427949399999989, -22.2485553 ], [ 166.4275355, -22.248774900000015 ], [ 166.426548600000018, -22.2503828 ], [ 166.426098199999984, -22.25258280000001 ], [ 166.426218899999981, -22.252761 ], [ 166.428072599999979, -22.253260699999963 ], [ 166.4288473, -22.2538305 ], [ 166.4306173, -22.2540525 ], [ 166.432175400000034, -22.254587499999989 ], [ 166.4327811, -22.254588200000011 ], [ 166.43330659999998, -22.254783199999963 ], [ 166.434237699999983, -22.25594980000001 ], [ 166.434278399999982, -22.256131 ], [ 166.434022299999981, -22.2564138 ], [ 166.434358799999984, -22.25627 ], [ 166.4344649, -22.256327 ], [ 166.434634499999987, -22.2567614 ], [ 166.4344353, -22.2568985 ], [ 166.4366991, -22.259734699999985 ], [ 166.436780299999981, -22.259689500000025 ], [ 166.437061799999981, -22.2599906 ], [ 166.436846, -22.2597161 ], [ 166.4368518, -22.25967840000002 ], [ 166.4369911, -22.259757200000038 ], [ 166.437540900000016, -22.260657500000022 ], [ 166.438568299999986, -22.2617967 ], [ 166.440106499999985, -22.261064799999986 ], [ 166.4398946, -22.25994349999997 ], [ 166.4406635, -22.2593969 ], [ 166.440923799999979, -22.2596231 ], [ 166.441061599999983, -22.2595344 ], [ 166.440866799999981, -22.259248900000017 ], [ 166.4409933, -22.259169399999948 ], [ 166.4415496, -22.259420499999987 ], [ 166.4427858, -22.261119100000013 ], [ 166.443371, -22.2616949 ], [ 166.4443631, -22.2602571 ], [ 166.4448128, -22.2600524 ], [ 166.446571799999987, -22.258053500000042 ], [ 166.4487562, -22.256562299999988 ], [ 166.44894560000003, -22.2565756 ], [ 166.4489797, -22.2568051 ], [ 166.449716099999989, -22.257047299999989 ], [ 166.4502014, -22.2576341 ], [ 166.4513364, -22.257706100000011 ], [ 166.452042, -22.257461500000019 ], [ 166.4530092, -22.256806799999985 ], [ 166.453621799999979, -22.256231300000021 ], [ 166.4539039, -22.256169199999974 ], [ 166.454966899999988, -22.2564093 ], [ 166.4554302, -22.256341499999976 ], [ 166.4562257, -22.256440700000013 ], [ 166.4567001, -22.256160600000012 ], [ 166.457863399999979, -22.2560213 ], [ 166.45825259999998, -22.2562897 ], [ 166.459050199999979, -22.2558185 ], [ 166.459483, -22.2552666 ], [ 166.459992699999987, -22.253426699999984 ], [ 166.459646699999979, -22.253547 ], [ 166.458937699999979, -22.2531737 ], [ 166.4588253, -22.253358599999981 ], [ 166.458642799999978, -22.2532599 ], [ 166.45875909999998, -22.2531895 ], [ 166.4587267, -22.253056600000011 ], [ 166.457968199999982, -22.2527138 ], [ 166.4578172, -22.252716699999986 ], [ 166.4576544, -22.252986600000035 ], [ 166.4550692, -22.251900899999988 ], [ 166.452124199999986, -22.2505539 ], [ 166.4518756, -22.250210400000011 ], [ 166.4515994, -22.2500733 ], [ 166.4507401, -22.249938 ], [ 166.45002359999998, -22.2490834 ], [ 166.4495748, -22.2489714 ], [ 166.4488313, -22.2492675 ], [ 166.4477688, -22.2493531 ], [ 166.447104699999983, -22.249977 ], [ 166.4461307, -22.249258 ], [ 166.4430581, -22.247946699999989 ], [ 166.4425694, -22.24780190000002 ], [ 166.440742699999987, -22.2478 ] ] ] } },
{ "type": "Feature", "properties": { "code_bv": "0029", "bureau_secteur": "ECOLE GUSTAVE MOUCHET 2", "site_regroupement": "ECOLE C.T. DE LAUBARÈDE (EX PETIT POUCET)", "last_edited_date": 1782254723000.0, "bureau_nom_habituel": "Ecole Gustave MOUCHET 2", "inscrits_municipales": 1044.0, "abstention_municipales": 66.858237547892713, "inscrits_provinciales": 959.0, "abstention_provinciales": 52.66 }, "geometry": { "type": "Polygon", "coordinates": [ [ [ 166.445188, -22.2354578 ], [ 166.444352, -22.2351749 ], [ 166.4444259, -22.234997 ], [ 166.4435531, -22.2345968 ], [ 166.4425206, -22.2347562 ], [ 166.44240259999998, -22.2352088 ], [ 166.442074, -22.2354574 ], [ 166.4415763, -22.235480800000015 ], [ 166.441539799999987, -22.2358495 ], [ 166.4408738, -22.2367274 ], [ 166.4405303, -22.237514 ], [ 166.4413693, -22.238835400000028 ], [ 166.442206500000026, -22.238806900000032 ], [ 166.442231400000026, -22.238598 ], [ 166.44295, -22.238287600000032 ], [ 166.44333709999998, -22.2383654 ], [ 166.4434923, -22.238709 ], [ 166.4433717, -22.238984300000038 ], [ 166.4426536, -22.239304499999971 ], [ 166.4419637, -22.2402653 ], [ 166.4419422, -22.2405165 ], [ 166.4423238, -22.2417147 ], [ 166.443693599999989, -22.241803 ], [ 166.444105899999983, -22.2422187 ], [ 166.4446495, -22.2430669 ], [ 166.444664099999983, -22.243602 ], [ 166.4444076, -22.244263900000036 ], [ 166.4433674, -22.2442879 ], [ 166.4421767, -22.243565699999962 ], [ 166.4418546, -22.244391 ], [ 166.4414531, -22.2448431 ], [ 166.4416345, -22.245012899999953 ], [ 166.4417579, -22.245445699999973 ], [ 166.4420155, -22.245528 ], [ 166.4422409, -22.2454677 ], [ 166.442254, -22.24536 ], [ 166.4423852, -22.2454238 ], [ 166.4424033, -22.245614299999982 ], [ 166.442576, -22.2456406 ], [ 166.4424152, -22.246788599999984 ], [ 166.443182899999982, -22.24662019999996 ], [ 166.4434468, -22.246680700000017 ], [ 166.444155699999982, -22.2472164 ], [ 166.445154699999989, -22.247150699999967 ], [ 166.4461854, -22.2486058 ], [ 166.449171, -22.248681399999953 ], [ 166.4493598, -22.2489961 ], [ 166.449565399999983, -22.2488946 ], [ 166.45002359999998, -22.2490834 ], [ 166.4507401, -22.249938 ], [ 166.4515994, -22.2500733 ], [ 166.4518756, -22.250210400000011 ], [ 166.452169799999979, -22.2505768 ], [ 166.4576544, -22.252986600000035 ], [ 166.457818, -22.2527161 ], [ 166.458055299999984, -22.2527506 ], [ 166.4587267, -22.253056600000011 ], [ 166.45875909999998, -22.2531895 ], [ 166.458642799999978, -22.2532599 ], [ 166.4588253, -22.253358599999981 ], [ 166.458937699999979, -22.2531737 ], [ 166.459646699999979, -22.253547 ], [ 166.4600279, -22.2534145 ], [ 166.4614894, -22.25354750000001 ], [ 166.462437199999982, -22.2537122 ], [ 166.462648299999984, -22.2539037 ], [ 166.463166, -22.2534287 ], [ 166.4635759, -22.2526404 ], [ 166.4640254, -22.252828 ], [ 166.4651783, -22.252899 ], [ 166.4651662, -22.253101299999983 ], [ 166.4654084, -22.253114 ], [ 166.4654204, -22.25291379999998 ], [ 166.4657949, -22.25293689999998 ], [ 166.4659317, -22.252834799999984 ], [ 166.464905, -22.251958400000014 ], [ 166.4650165, -22.25161839999997 ], [ 166.4647321, -22.251614 ], [ 166.4647603, -22.2505167 ], [ 166.464479, -22.2504832 ], [ 166.4645036, -22.2503405 ], [ 166.464235799999983, -22.250299399999989 ], [ 166.464331099999981, -22.2497485 ], [ 166.464717899999982, -22.2496234 ], [ 166.4645004, -22.248759299999978 ], [ 166.4647448, -22.2489036 ], [ 166.465630799999985, -22.248574399999967 ], [ 166.46566009999998, -22.248678499999968 ], [ 166.4666373, -22.2483945 ], [ 166.466744299999988, -22.2489369 ], [ 166.467322699999983, -22.2486931 ], [ 166.4681282, -22.247729899999989 ], [ 166.4688677, -22.247792399999959 ], [ 166.4690546, -22.246815 ], [ 166.468602899999979, -22.246410799999989 ], [ 166.4686609, -22.2463409 ], [ 166.468185399999982, -22.246052 ], [ 166.468300299999981, -22.245408 ], [ 166.4676671, -22.2447922 ], [ 166.4670544, -22.2446396 ], [ 166.4665521, -22.244727899999965 ], [ 166.464945, -22.245609199999983 ], [ 166.462783900000034, -22.245535199999956 ], [ 166.4623287, -22.2453607 ], [ 166.461917799999981, -22.244937 ], [ 166.4615064, -22.2431249 ], [ 166.4606528, -22.24246129999997 ], [ 166.4600355, -22.2421876 ], [ 166.4580872, -22.2420556 ], [ 166.4537311, -22.241996100000016 ], [ 166.453297699999979, -22.241086 ], [ 166.4493606, -22.2359445 ], [ 166.4486315, -22.2355709 ], [ 166.447486699999985, -22.23537 ], [ 166.447455099999985, -22.235546800000026 ], [ 166.4465782, -22.2356487 ], [ 166.4464706, -22.2355388 ], [ 166.4464835, -22.2352562 ], [ 166.4460953, -22.2357949 ], [ 166.4451861, -22.2356214 ], [ 166.445188, -22.2354578 ] ] ] } },
{ "type": "Feature", "properties": { "code_bv": "0030", "bureau_secteur": "ECOLE MATHILDE BROQUET 1", "site_regroupement": "COLLEGE FRANÇOIS OLLIVAUD", "last_edited_date": 1782254723000.0, "bureau_nom_habituel": "Ecole Mathilde BROQUET 1", "inscrits_municipales": 1357.0, "abstention_municipales": 51.731761238025058, "inscrits_provinciales": 1165.0, "abstention_provinciales": 37.34 }, "geometry": { "type": "Polygon", "coordinates": [ [ [ 166.467082299999987, -22.2505289 ], [ 166.4666373, -22.2483945 ], [ 166.46566009999998, -22.248678499999968 ], [ 166.465630799999985, -22.248574399999967 ], [ 166.4647448, -22.2489036 ], [ 166.4645004, -22.248759299999978 ], [ 166.464717899999982, -22.2496234 ], [ 166.464331099999981, -22.2497485 ], [ 166.464235799999983, -22.250299399999989 ], [ 166.4645036, -22.2503405 ], [ 166.464479, -22.2504832 ], [ 166.4647603, -22.2505167 ], [ 166.4647321, -22.251614 ], [ 166.4650165, -22.25161839999997 ], [ 166.464905, -22.251958400000014 ], [ 166.4659317, -22.252834799999984 ], [ 166.4657949, -22.25293689999998 ], [ 166.4654204, -22.25291379999998 ], [ 166.4654084, -22.253114 ], [ 166.4651662, -22.253101299999983 ], [ 166.4651783, -22.252899 ], [ 166.4640254, -22.252828 ], [ 166.4635759, -22.2526404 ], [ 166.463166, -22.2534287 ], [ 166.4626242, -22.2539237 ], [ 166.462411, -22.2542827 ], [ 166.4624469, -22.255434299999955 ], [ 166.462137899999988, -22.256518600000014 ], [ 166.4626351, -22.256983199999969 ], [ 166.4636865, -22.256993 ], [ 166.4642341, -22.2565549 ], [ 166.4644784, -22.256774299999989 ], [ 166.464368799999988, -22.2569015 ], [ 166.4643757, -22.257257599999978 ], [ 166.4655315, -22.257294799999961 ], [ 166.4661811, -22.2562224 ], [ 166.4663649, -22.25625520000002 ], [ 166.4666139, -22.256121 ], [ 166.4667615, -22.25635070000002 ], [ 166.467242699999986, -22.256657 ], [ 166.4673881, -22.2569678 ], [ 166.467610900000011, -22.2569158 ], [ 166.4677049, -22.256385299999977 ], [ 166.468098199999986, -22.255955199999974 ], [ 166.467964699999982, -22.255634899999983 ], [ 166.468128899999982, -22.2553176 ], [ 166.4682736, -22.253466399999976 ], [ 166.46881639999998, -22.252229 ], [ 166.4687937, -22.252026199999953 ], [ 166.4678305, -22.251679800000051 ], [ 166.467681, -22.2515135 ], [ 166.467683, -22.2502671 ], [ 166.4673508, -22.250540199999985 ], [ 166.467264799999981, -22.250400299999967 ], [ 166.467082299999987, -22.2505289 ] ] ] } },
{ "type": "Feature", "properties": { "code_bv": "0031", "bureau_secteur": "ECOLE MARIE COURTOT 1", "site_regroupement": "ECOLES COURTOT/GERVOLINO", "last_edited_date": 1782254723000.0, "bureau_nom_habituel": "Ecole Marie COURTOT 1", "inscrits_municipales": 1443.0, "abstention_municipales": 49.549549549549546, "inscrits_provinciales": 1250.0, "abstention_provinciales": 36.16 }, "geometry": { "type": "Polygon", "coordinates": [ [ [ 166.473020199999979, -22.234898699999988 ], [ 166.4730466, -22.2344522 ], [ 166.4728787, -22.234380800000011 ], [ 166.472440400000011, -22.234465699999987 ], [ 166.4721578, -22.2347095 ], [ 166.471874, -22.23442380000003 ], [ 166.471064399999989, -22.235042 ], [ 166.4707733, -22.2350748 ], [ 166.470531699999981, -22.2349105 ], [ 166.470001299999979, -22.2351328 ], [ 166.470013, -22.2353596 ], [ 166.4693632, -22.235490799999976 ], [ 166.4692226, -22.2356444 ], [ 166.469524299999989, -22.2366767 ], [ 166.470077, -22.236844899999987 ], [ 166.4704257, -22.236767699999987 ], [ 166.4704515, -22.2371112 ], [ 166.4702993, -22.2369616 ], [ 166.4701105, -22.23701770000001 ], [ 166.4701388, -22.2373731 ], [ 166.4708119, -22.237657500000012 ], [ 166.470896399999987, -22.2375762 ], [ 166.470854799999984, -22.237669900000018 ], [ 166.471331599999985, -22.2380901 ], [ 166.471470499999981, -22.240183700000021 ], [ 166.472835, -22.2390525 ], [ 166.4739524, -22.2378833 ], [ 166.473956, -22.2380152 ], [ 166.4742699, -22.23799709999998 ], [ 166.4763777, -22.239544099999989 ], [ 166.4767544, -22.239987799999966 ], [ 166.478794099999988, -22.23990670000002 ], [ 166.4799686, -22.2407511 ], [ 166.4798624, -22.241924699999974 ], [ 166.4804883, -22.2424128 ], [ 166.4807295, -22.242891 ], [ 166.4813888, -22.2409934 ], [ 166.4825208, -22.239453500000018 ], [ 166.4829265, -22.239519799999989 ], [ 166.482782599999979, -22.2393714 ], [ 166.4828775, -22.239025699999988 ], [ 166.48330439999998, -22.239076099999988 ], [ 166.4837633, -22.239445 ], [ 166.484234099999981, -22.240448 ], [ 166.48536439999998, -22.2408278 ], [ 166.485820499999988, -22.2411438 ], [ 166.485958, -22.241095 ], [ 166.4862111, -22.2406065 ], [ 166.4873499, -22.240574899999988 ], [ 166.486361500000015, -22.239838500000015 ], [ 166.485888100000011, -22.2390777 ], [ 166.485935899999987, -22.239001400000017 ], [ 166.4866475, -22.2388237 ], [ 166.487214599999987, -22.239238699999952 ], [ 166.488194599999986, -22.239241200000045 ], [ 166.488540799999981, -22.2395799 ], [ 166.4887512, -22.2395559 ], [ 166.4891044, -22.239272599999989 ], [ 166.4891079, -22.2390606 ], [ 166.4888497, -22.238838399999985 ], [ 166.4884961, -22.237899200000012 ], [ 166.48705529999998, -22.237463900000034 ], [ 166.486530499999986, -22.237540800000023 ], [ 166.4858226, -22.23741769999998 ], [ 166.4860237, -22.2368975 ], [ 166.4862202, -22.2367749 ], [ 166.48644059999998, -22.236796900000012 ], [ 166.4869506, -22.236496200000019 ], [ 166.4867423, -22.236029099999989 ], [ 166.4864474, -22.2358289 ], [ 166.484557199999983, -22.237063700000022 ], [ 166.483773600000035, -22.237237 ], [ 166.4834042, -22.236646099999959 ], [ 166.482947599999989, -22.2362238 ], [ 166.4819738, -22.2356511 ], [ 166.4816482, -22.235816499999981 ], [ 166.480660799999981, -22.2367171 ], [ 166.479055800000026, -22.2345464 ], [ 166.4785297, -22.23489789999995 ], [ 166.477250199999986, -22.2352737 ], [ 166.476302, -22.235015 ], [ 166.4758764, -22.235647 ], [ 166.4755424, -22.235625 ], [ 166.474651099999988, -22.2358823 ], [ 166.474505599999986, -22.236034199999978 ], [ 166.4738161, -22.23594869999997 ], [ 166.4737872, -22.235704799999983 ], [ 166.473020199999979, -22.234898699999988 ] ] ] } },
{ "type": "Feature", "properties": { "code_bv": "0032", "bureau_secteur": "ECOLE MARIE COURTOT 2", "site_regroupement": "ECOLES COURTOT/GERVOLINO", "last_edited_date": 1782254723000.0, "bureau_nom_habituel": "Ecole Marie COURTOT 2", "inscrits_municipales": 1074.0, "abstention_municipales": 37.988826815642462, "inscrits_provinciales": 880.0, "abstention_provinciales": 21.93 }, "geometry": { "type": "Polygon", "coordinates": [ [ [ 166.4709408, -22.237765499999977 ], [ 166.4699525, -22.2374164 ], [ 166.4700736, -22.237591100000014 ], [ 166.4696514, -22.237582700000026 ], [ 166.4688368, -22.237943400000024 ], [ 166.467495899999989, -22.2391515 ], [ 166.467051799999979, -22.2408261 ], [ 166.4670164, -22.2416069 ], [ 166.4668122, -22.24169580000002 ], [ 166.4665593, -22.242394199999989 ], [ 166.466865, -22.2425521 ], [ 166.4679267, -22.2423612 ], [ 166.467982299999989, -22.2424151 ], [ 166.4672424, -22.242529600000022 ], [ 166.466875099999982, -22.2427357 ], [ 166.467011899999989, -22.2431315 ], [ 166.4676183, -22.243238299999984 ], [ 166.4676968, -22.243391500000012 ], [ 166.4667422, -22.2434723 ], [ 166.466329800000011, -22.243809900000024 ], [ 166.4664589, -22.2438146 ], [ 166.4665736, -22.244038 ], [ 166.4665684, -22.244495800000017 ], [ 166.466875499999986, -22.2443537 ], [ 166.467035, -22.2444241 ], [ 166.4676671, -22.2447922 ], [ 166.468300299999981, -22.245408 ], [ 166.468185399999982, -22.246052 ], [ 166.4686609, -22.2463409 ], [ 166.468602899999979, -22.246410799999989 ], [ 166.4690546, -22.246815 ], [ 166.4688229, -22.248169899999986 ], [ 166.4689817, -22.248139199999951 ], [ 166.4690606, -22.2484928 ], [ 166.4695662, -22.2485661 ], [ 166.4695879, -22.248746 ], [ 166.4692177, -22.2491972 ], [ 166.4693274, -22.2493986 ], [ 166.4694882, -22.249322799999963 ], [ 166.469616799999983, -22.2495731 ], [ 166.4697855, -22.2494838 ], [ 166.4699191, -22.249711199999989 ], [ 166.4701308, -22.2495992 ], [ 166.470447299999989, -22.24992929999998 ], [ 166.470563799999979, -22.2497813 ], [ 166.4725914, -22.248772599999977 ], [ 166.473131600000016, -22.247351 ], [ 166.473032800000027, -22.246721300000033 ], [ 166.475108399999982, -22.2460684 ], [ 166.4750123, -22.2458034 ], [ 166.4758531, -22.245620699999982 ], [ 166.4762017, -22.245481299999966 ], [ 166.476180199999988, -22.245394099999988 ], [ 166.477842, -22.2453301 ], [ 166.4788548, -22.2450208 ], [ 166.479748, -22.244355599999988 ], [ 166.480729599999989, -22.242891 ], [ 166.4804883, -22.2424128 ], [ 166.4798624, -22.241924699999974 ], [ 166.4799686, -22.2407511 ], [ 166.478794099999988, -22.23990670000002 ], [ 166.4767544, -22.239987799999966 ], [ 166.4763777, -22.239544099999989 ], [ 166.4742699, -22.23799709999998 ], [ 166.473956, -22.2380152 ], [ 166.4739524, -22.2378833 ], [ 166.472835, -22.2390525 ], [ 166.471470499999981, -22.240183700000021 ], [ 166.4713127, -22.2380965 ], [ 166.4709408, -22.237765499999977 ] ] ] } },
{ "type": "Feature", "properties": { "code_bv": "0033", "bureau_secteur": "ECOLE ROBERT BURCK", "site_regroupement": "SALLES VEYRET/KAFOA", "last_edited_date": 1782254723000.0, "bureau_nom_habituel": "Ecole Robert BURCK", "inscrits_municipales": 1023.0, "abstention_municipales": 55.52297165200391, "inscrits_provinciales": 960.0, "abstention_provinciales": 38.02 }, "geometry": { "type": "Polygon", "coordinates": [ [ [ 166.4425206, -22.2347562 ], [ 166.4435531, -22.2345968 ], [ 166.4444259, -22.234997 ], [ 166.444352, -22.2351749 ], [ 166.445188, -22.2354578 ], [ 166.4451861, -22.2356214 ], [ 166.4460953, -22.2357949 ], [ 166.4464835, -22.2352562 ], [ 166.4464706, -22.2355388 ], [ 166.4465782, -22.2356487 ], [ 166.447455099999985, -22.235546800000026 ], [ 166.447486699999985, -22.23537 ], [ 166.4485943, -22.2355599 ], [ 166.4492372, -22.23585610000001 ], [ 166.449743399999988, -22.236323900000023 ], [ 166.453297699999979, -22.241086 ], [ 166.4537311, -22.241996100000016 ], [ 166.459596, -22.2421196 ], [ 166.4606528, -22.24246129999997 ], [ 166.4620162, -22.2406941 ], [ 166.4627303, -22.238774399999983 ], [ 166.463478899999984, -22.23755320000004 ], [ 166.462245400000029, -22.237082599999972 ], [ 166.4621036, -22.2368302 ], [ 166.462166600000018, -22.235965700000023 ], [ 166.4620248, -22.2356251 ], [ 166.4617319, -22.2355978 ], [ 166.461486, -22.2359099 ], [ 166.461127799999986, -22.235868299999982 ], [ 166.460788399999984, -22.236211599999972 ], [ 166.4609438, -22.236344799999983 ], [ 166.4607642, -22.236411699999984 ], [ 166.460619899999983, -22.236291 ], [ 166.460185699999982, -22.2367413 ], [ 166.4602169, -22.237264799999988 ], [ 166.4592193, -22.237939900000022 ], [ 166.4591906, -22.2380729 ], [ 166.457109299999985, -22.238458799999986 ], [ 166.4574001, -22.2352771 ], [ 166.4573048, -22.2344378 ], [ 166.4563427, -22.232930099999979 ], [ 166.456105, -22.232933799999973 ], [ 166.4542496, -22.2289734 ], [ 166.4534265, -22.228615800000011 ], [ 166.4531422, -22.2283026 ], [ 166.4528081, -22.2282168 ], [ 166.4526143, -22.22829879999998 ], [ 166.451891, -22.227895500000013 ], [ 166.4510966, -22.227636 ], [ 166.450535, -22.2272444 ], [ 166.4489744, -22.2266494 ], [ 166.4488483, -22.226750100000032 ], [ 166.448768199999989, -22.226551399999984 ], [ 166.447936299999981, -22.226188599999983 ], [ 166.4495842, -22.2268374 ], [ 166.449845399999987, -22.2268859 ], [ 166.4499583, -22.226765600000014 ], [ 166.450896199999988, -22.2273851 ], [ 166.451394500000021, -22.2274639 ], [ 166.452469899999983, -22.227967 ], [ 166.453300399999989, -22.2280561 ], [ 166.4538155, -22.2282836 ], [ 166.45395019999998, -22.228077300000013 ], [ 166.453856699999989, -22.2277155 ], [ 166.453999, -22.2267097 ], [ 166.4537475, -22.2259405 ], [ 166.453992100000022, -22.225487600000022 ], [ 166.453920600000032, -22.2251861 ], [ 166.4532504, -22.224862699999985 ], [ 166.4523934, -22.2247126 ], [ 166.452218599999981, -22.224555300000016 ], [ 166.449041, -22.223334300000019 ], [ 166.4479312, -22.222694599999983 ], [ 166.4474031, -22.2225585 ], [ 166.447093099999989, -22.222302599999988 ], [ 166.4466191, -22.2222293 ], [ 166.4451666, -22.221570499999977 ], [ 166.4394174, -22.221816099999977 ], [ 166.439175799999987, -22.222052599999984 ], [ 166.438658799999985, -22.223398299999985 ], [ 166.438791499999979, -22.22458289999998 ], [ 166.439176299999986, -22.224828 ], [ 166.440763299999986, -22.22487420000002 ], [ 166.444148099999978, -22.2246272 ], [ 166.4446848, -22.2247481 ], [ 166.4462413, -22.2254108 ], [ 166.4466861, -22.2254423 ], [ 166.447042400000015, -22.2258349 ], [ 166.447754299999986, -22.2260702 ], [ 166.447705, -22.226178399999988 ], [ 166.447415399999983, -22.2261022 ], [ 166.4463548, -22.2255329 ], [ 166.444929799999983, -22.2249786 ], [ 166.443727100000018, -22.22472770000002 ], [ 166.4414914, -22.225008700000011 ], [ 166.4385761, -22.2250074 ], [ 166.4383536, -22.226624299999987 ], [ 166.43794, -22.2275922 ], [ 166.437935399999986, -22.227966200000015 ], [ 166.4380721, -22.228206400000012 ], [ 166.437985799999979, -22.2283674 ], [ 166.4383791, -22.2287171 ], [ 166.4389047, -22.2294973 ], [ 166.439107, -22.2306406 ], [ 166.439407, -22.2308027 ], [ 166.439842, -22.230651799999979 ], [ 166.4403786, -22.231720200000012 ], [ 166.4403213, -22.231999200000015 ], [ 166.4419973, -22.2344001 ], [ 166.4425206, -22.2347562 ] ] ] } },
{ "type": "Feature", "properties": { "code_bv": "0034", "bureau_secteur": "ECOLE LES ROSES", "site_regroupement": "SALLES VEYRET/KAFOA", "last_edited_date": 1782254723000.0, "bureau_nom_habituel": "Ecole Les ROSES", "inscrits_municipales": 953.0, "abstention_municipales": 51.311647429171039, "inscrits_provinciales": 909.0, "abstention_provinciales": 36.63 }, "geometry": { "type": "Polygon", "coordinates": [ [ [ 166.463078699999983, -22.232503 ], [ 166.4629745, -22.232785899999971 ], [ 166.4610256, -22.2327086 ], [ 166.4607753, -22.232547200000024 ], [ 166.4606326, -22.2325723 ], [ 166.4605283, -22.2328238 ], [ 166.460619899999983, -22.233819499999978 ], [ 166.4613669, -22.23430050000006 ], [ 166.460975500000018, -22.234535500000014 ], [ 166.4609327, -22.2350831 ], [ 166.461281, -22.235316 ], [ 166.4615638, -22.235721299999987 ], [ 166.4617319, -22.2355978 ], [ 166.4620248, -22.2356251 ], [ 166.462184799999989, -22.236049 ], [ 166.46211169999998, -22.236891900000014 ], [ 166.4622971, -22.237140399999987 ], [ 166.463478899999984, -22.23755320000004 ], [ 166.4627303, -22.238774399999983 ], [ 166.4620162, -22.2406941 ], [ 166.4606528, -22.24246129999997 ], [ 166.4615064, -22.2431249 ], [ 166.461685, -22.243581199999959 ], [ 166.461837399999979, -22.244746 ], [ 166.46218589999998, -22.245261100000025 ], [ 166.462783900000034, -22.245535199999956 ], [ 166.464712800000029, -22.245642800000024 ], [ 166.4652308, -22.245517899999975 ], [ 166.4665521, -22.244727899999965 ], [ 166.467372, -22.2446885 ], [ 166.466875499999986, -22.2443537 ], [ 166.4665684, -22.244495800000017 ], [ 166.4665736, -22.244038 ], [ 166.4663361, -22.2437623 ], [ 166.4667422, -22.2434723 ], [ 166.4676968, -22.243391500000012 ], [ 166.4676183, -22.243238299999984 ], [ 166.467011899999989, -22.2431315 ], [ 166.466875099999982, -22.2427357 ], [ 166.4672424, -22.242529600000022 ], [ 166.467982299999989, -22.2424151 ], [ 166.466865, -22.2425521 ], [ 166.4665724, -22.242450400000013 ], [ 166.4668122, -22.24169580000002 ], [ 166.4670164, -22.2416069 ], [ 166.467051799999979, -22.2408261 ], [ 166.467372899999987, -22.2393683 ], [ 166.467287900000031, -22.237871300000027 ], [ 166.4666963, -22.238038500000023 ], [ 166.466478, -22.237880600000029 ], [ 166.466429399999981, -22.237691 ], [ 166.4665942, -22.2373026 ], [ 166.4665154, -22.2372611 ], [ 166.467621499999979, -22.235438499999987 ], [ 166.4676555, -22.234172899999976 ], [ 166.467849299999983, -22.2335396 ], [ 166.467482499999988, -22.2331191 ], [ 166.465853399999986, -22.2336995 ], [ 166.4645984, -22.232688399999986 ], [ 166.4643824, -22.232967399999989 ], [ 166.463078699999983, -22.232503 ] ] ] } },
{ "type": "Feature", "properties": { "code_bv": "0035", "bureau_secteur": "ECOLE LES OEILLETS", "site_regroupement": "SALLES VEYRET/KAFOA", "last_edited_date": 1782254723000.0, "bureau_nom_habituel": "Ecole Les OEILLETS", "inscrits_municipales": 952.0, "abstention_municipales": 52.100840336134453, "inscrits_provinciales": 894.0, "abstention_provinciales": 34.12 }, "geometry": { "type": "Polygon", "coordinates": [ [ [ 166.4618285, -22.2260503 ], [ 166.4617815, -22.2272002 ], [ 166.4610734, -22.227520400000042 ], [ 166.461062699999985, -22.227778199999985 ], [ 166.4612469, -22.22788669999996 ], [ 166.4618328, -22.227818099999986 ], [ 166.4634772, -22.228289300000032 ], [ 166.463661, -22.228470099999974 ], [ 166.4639769, -22.2294141 ], [ 166.463658, -22.230307299999975 ], [ 166.462806, -22.231411699999988 ], [ 166.463078699999983, -22.232503 ], [ 166.4643824, -22.232967399999989 ], [ 166.4645984, -22.232688399999986 ], [ 166.465853399999986, -22.2336995 ], [ 166.467482499999988, -22.2331191 ], [ 166.4673831, -22.232839700000039 ], [ 166.4675605, -22.2323838 ], [ 166.467423699999983, -22.2323273 ], [ 166.4672486, -22.23181080000003 ], [ 166.467356199999983, -22.2314648 ], [ 166.4675211, -22.2317021 ], [ 166.467736399999978, -22.2317668 ], [ 166.468020199999984, -22.231624599999957 ], [ 166.4684502, -22.230914900000013 ], [ 166.468652099999986, -22.230939799999987 ], [ 166.468967699999979, -22.230145 ], [ 166.4680428, -22.2298147 ], [ 166.46781, -22.2294187 ], [ 166.468354299999987, -22.2293158 ], [ 166.468845499999986, -22.227835299999988 ], [ 166.469969, -22.227007799999981 ], [ 166.4698704, -22.226512 ], [ 166.469435899999979, -22.226538699999967 ], [ 166.468113, -22.2276269 ], [ 166.467636699999986, -22.2274694 ], [ 166.4672637, -22.227033 ], [ 166.465392700000024, -22.226542 ], [ 166.4649805, -22.22677240000003 ], [ 166.463726899999983, -22.22606949999998 ], [ 166.4635174, -22.22606949999998 ], [ 166.4628725, -22.2264156 ], [ 166.462567899999982, -22.226273899999963 ], [ 166.462106899999981, -22.2263376 ], [ 166.4618285, -22.2260503 ] ] ] } },
{ "type": "Feature", "properties": { "code_bv": "0036", "bureau_secteur": "ECOLE JACQUES TROUILLOT", "site_regroupement": "SALLES VEYRET/KAFOA", "last_edited_date": 1782254723000.0, "bureau_nom_habituel": "Ecole Jacques TROUILLOT", "inscrits_municipales": 917.0, "abstention_municipales": 53.217011995637947, "inscrits_provinciales": 871.0, "abstention_provinciales": 33.87 }, "geometry": { "type": "Polygon", "coordinates": [ [ [ 166.473644799999988, -22.2318118 ], [ 166.4740373, -22.2308414 ], [ 166.4739252, -22.2305475 ], [ 166.4740134, -22.230187199999975 ], [ 166.4744001, -22.2296733 ], [ 166.4742358, -22.228932 ], [ 166.474340400000017, -22.2286864 ], [ 166.4742636, -22.228273700000031 ], [ 166.4748984, -22.2273074 ], [ 166.4750747, -22.2273829 ], [ 166.475188, -22.227153100000013 ], [ 166.4750401, -22.2270202 ], [ 166.475109, -22.226880700000031 ], [ 166.4755384, -22.2267975 ], [ 166.477299, -22.227466699999976 ], [ 166.477796, -22.227110300000017 ], [ 166.4776038, -22.226550400000018 ], [ 166.4769354, -22.2262059 ], [ 166.4769531, -22.225851299999988 ], [ 166.4767788, -22.2256227 ], [ 166.4753384, -22.2253613 ], [ 166.474354299999987, -22.2261202 ], [ 166.4737692, -22.2261345 ], [ 166.4733172, -22.226350700000015 ], [ 166.4724196, -22.2270778 ], [ 166.471781, -22.227350700000027 ], [ 166.4709691, -22.227347800000025 ], [ 166.470633699999979, -22.22658359999998 ], [ 166.4698704, -22.226512 ], [ 166.469969, -22.227007799999981 ], [ 166.468845499999986, -22.227835299999988 ], [ 166.468354299999987, -22.2293158 ], [ 166.46781, -22.2294187 ], [ 166.4680428, -22.2298147 ], [ 166.468967699999979, -22.230145 ], [ 166.468652099999986, -22.230939799999987 ], [ 166.4684502, -22.230914900000013 ], [ 166.467850799999979, -22.231739 ], [ 166.4675211, -22.2317021 ], [ 166.467356199999983, -22.2314648 ], [ 166.4672486, -22.23181080000003 ], [ 166.467423699999983, -22.2323273 ], [ 166.4675605, -22.2323838 ], [ 166.4673831, -22.232839700000039 ], [ 166.467482499999988, -22.2331191 ], [ 166.4684842, -22.2335429 ], [ 166.469950899999986, -22.231082900000018 ], [ 166.4716604, -22.2312676 ], [ 166.473644799999988, -22.2318118 ] ] ] } },
{ "type": "Feature", "properties": { "code_bv": "0037", "bureau_secteur": "ECOLE LES HIBISCUS 1", "site_regroupement": "SALLES VEYRET/KAFOA", "last_edited_date": 1782254723000.0, "bureau_nom_habituel": "Ecole LES HIBISCUS 1", "inscrits_municipales": 1459.0, "abstention_municipales": 61.480466072652504, "inscrits_provinciales": 1378.0, "abstention_provinciales": 50.29 }, "geometry": { "type": "Polygon", "coordinates": [ [ [ 166.4740865, -22.231942299999989 ], [ 166.4716604, -22.2312676 ], [ 166.469950899999986, -22.231082900000018 ], [ 166.4684842, -22.2335429 ], [ 166.467485399999987, -22.233120599999971 ], [ 166.467849299999983, -22.2335396 ], [ 166.4676555, -22.234172899999976 ], [ 166.467621499999979, -22.235438499999987 ], [ 166.4665154, -22.2372611 ], [ 166.4665942, -22.2373026 ], [ 166.4664295, -22.237587099999978 ], [ 166.466478, -22.237880600000029 ], [ 166.4666963, -22.238038500000023 ], [ 166.467287900000031, -22.237871300000027 ], [ 166.467372899999987, -22.2393683 ], [ 166.4686384, -22.2380752 ], [ 166.4696514, -22.237582700000026 ], [ 166.4700736, -22.237591100000014 ], [ 166.4699525, -22.2374164 ], [ 166.470684399999982, -22.237635799999989 ], [ 166.471329199999985, -22.238096299999974 ], [ 166.470854799999984, -22.237669900000018 ], [ 166.470896399999987, -22.2375762 ], [ 166.4708119, -22.237657500000012 ], [ 166.4701388, -22.2373731 ], [ 166.4701105, -22.23701770000001 ], [ 166.4702993, -22.2369616 ], [ 166.4704515, -22.2371112 ], [ 166.4704257, -22.236767699999987 ], [ 166.470077, -22.236844899999987 ], [ 166.469524299999989, -22.2366767 ], [ 166.4692138, -22.2357231 ], [ 166.4693389, -22.235504300000013 ], [ 166.470013, -22.2353596 ], [ 166.470001299999979, -22.2351328 ], [ 166.470531699999981, -22.2349105 ], [ 166.4707733, -22.2350748 ], [ 166.471064399999989, -22.235042 ], [ 166.471874, -22.23442380000003 ], [ 166.4721578, -22.2347095 ], [ 166.472440400000011, -22.234465699999987 ], [ 166.4728297, -22.234377800000022 ], [ 166.4730466, -22.2344522 ], [ 166.473020199999979, -22.234898699999988 ], [ 166.473327499999982, -22.235121699999986 ], [ 166.4735144, -22.235472800000018 ], [ 166.4736255, -22.235563400000018 ], [ 166.4739937, -22.235397299999985 ], [ 166.4739697, -22.2347741 ], [ 166.474439, -22.2336687 ], [ 166.47381249999998, -22.23320810000002 ], [ 166.4739343, -22.2326708 ], [ 166.473688899999985, -22.232497299999988 ], [ 166.4740865, -22.231942299999989 ] ] ] } },
{ "type": "Feature", "properties": { "code_bv": "0038", "bureau_secteur": "ECOLE LES HIBISCUS 2", "site_regroupement": "SALLES VEYRET/KAFOA", "last_edited_date": 1782254723000.0, "bureau_nom_habituel": "Ecole LES HIBISCUS 2", "inscrits_municipales": 1299.0, "abstention_municipales": 50.500384911470363, "inscrits_provinciales": 1110.0, "abstention_provinciales": 34.59 }, "geometry": { "type": "Polygon", "coordinates": [ [ [ 166.477305699999988, -22.227467700000012 ], [ 166.4755384, -22.2267975 ], [ 166.475109, -22.226880700000031 ], [ 166.4750401, -22.2270202 ], [ 166.475188, -22.227153100000013 ], [ 166.4750747, -22.2273829 ], [ 166.4748984, -22.2273074 ], [ 166.4742636, -22.228273700000031 ], [ 166.474340400000017, -22.2286864 ], [ 166.4742358, -22.228932 ], [ 166.4744001, -22.2296733 ], [ 166.4740134, -22.230187199999975 ], [ 166.4739252, -22.2305475 ], [ 166.4740373, -22.2308414 ], [ 166.473644799999988, -22.2318118 ], [ 166.4740865, -22.231942299999989 ], [ 166.473688899999985, -22.232497299999988 ], [ 166.4739343, -22.2326708 ], [ 166.47381249999998, -22.23320810000002 ], [ 166.474439, -22.2336687 ], [ 166.4739697, -22.2347741 ], [ 166.4739937, -22.235397299999985 ], [ 166.4736255, -22.235563400000018 ], [ 166.4738006, -22.2357242 ], [ 166.4738334, -22.2359584 ], [ 166.474505599999986, -22.236034199999978 ], [ 166.474651099999988, -22.2358823 ], [ 166.4755424, -22.235625 ], [ 166.4758764, -22.235647 ], [ 166.476302, -22.235015 ], [ 166.477250199999986, -22.2352737 ], [ 166.4785297, -22.23489789999995 ], [ 166.479055800000026, -22.2345464 ], [ 166.480660799999981, -22.2367171 ], [ 166.4816482, -22.235816499999981 ], [ 166.4819738, -22.2356511 ], [ 166.4815519, -22.2342372 ], [ 166.482053399999984, -22.2334244 ], [ 166.4819467, -22.23267210000003 ], [ 166.4820216, -22.2324121 ], [ 166.4826286, -22.231855900000017 ], [ 166.481840299999988, -22.2316719 ], [ 166.4814271, -22.2310012 ], [ 166.4807127, -22.2315721 ], [ 166.480419899999987, -22.23122889999998 ], [ 166.480133699999982, -22.2312013 ], [ 166.4796283, -22.2308669 ], [ 166.4794388, -22.2304426 ], [ 166.4794493, -22.2302634 ], [ 166.4796762, -22.2301717 ], [ 166.4796637, -22.229848 ], [ 166.479388299999982, -22.229935599999987 ], [ 166.478904, -22.2293454 ], [ 166.4781985, -22.2295854 ], [ 166.477896, -22.2298714 ], [ 166.477980699999989, -22.2299594 ], [ 166.477593399999989, -22.230305099999981 ], [ 166.477456099999984, -22.23022610000001 ], [ 166.477373799999981, -22.2303508 ], [ 166.477293299999985, -22.230846200000016 ], [ 166.4779892, -22.231075099999977 ], [ 166.4781626, -22.230959699999975 ], [ 166.478394499999979, -22.2312348 ], [ 166.478073, -22.2315133 ], [ 166.4785943, -22.232050299999987 ], [ 166.478364199999987, -22.2330383 ], [ 166.477970199999987, -22.2328851 ], [ 166.4780759, -22.231973 ], [ 166.476957699999986, -22.2306851 ], [ 166.4771184, -22.2301298 ], [ 166.4778478, -22.229149800000016 ], [ 166.477872599999984, -22.2287685 ], [ 166.4771893, -22.227618200000016 ], [ 166.477305699999988, -22.227467700000012 ] ] ] } },
{ "type": "Feature", "properties": { "code_bv": "0039", "bureau_secteur": "ECOLE ADRIENNE LOMONT 1", "site_regroupement": "ECOLES COURTOT/GERVOLINO", "last_edited_date": 1782254723000.0, "bureau_nom_habituel": "Ecole Adrienne LOMONT 1", "inscrits_municipales": 731.0, "abstention_municipales": 57.729138166894664, "inscrits_provinciales": 705.0, "abstention_provinciales": 44.54 }, "geometry": { "type": "Polygon", "coordinates": [ [ [ 166.4870896, -22.2187668 ], [ 166.486858499999983, -22.2184041 ], [ 166.4867142, -22.217774 ], [ 166.4868296, -22.2173108 ], [ 166.486541099999982, -22.21665 ], [ 166.4843425, -22.216728799999974 ], [ 166.4837589, -22.217179899999962 ], [ 166.482623099999984, -22.217224699999981 ], [ 166.4816266, -22.217417399999984 ], [ 166.4817765, -22.218807099999989 ], [ 166.4815413, -22.218892 ], [ 166.4804806, -22.218874899999978 ], [ 166.4795787, -22.2191824 ], [ 166.4794139, -22.2192728 ], [ 166.478987599999982, -22.22014 ], [ 166.4796648, -22.2204367 ], [ 166.4800742, -22.220785100000015 ], [ 166.4800505, -22.2213428 ], [ 166.481019899999978, -22.2221026 ], [ 166.481357299999985, -22.2222125 ], [ 166.481661799999983, -22.2203463 ], [ 166.4825464, -22.220336 ], [ 166.4845163, -22.221018399999942 ], [ 166.4845176, -22.220716099999979 ], [ 166.484829499999989, -22.2208352 ], [ 166.48490529999998, -22.220314300000023 ], [ 166.485219299999983, -22.2203129 ], [ 166.4848834, -22.219044900000029 ], [ 166.4872292, -22.219677900000022 ], [ 166.4870896, -22.2187668 ] ] ] } },
{ "type": "Feature", "properties": { "code_bv": "0040", "bureau_secteur": "ECOLE ADRIENNE LOMONT 2", "site_regroupement": "ECOLES COURTOT/GERVOLINO", "last_edited_date": 1782254723000.0, "bureau_nom_habituel": "Ecole Adrienne LOMONT 2", "inscrits_municipales": 1781.0, "abstention_municipales": 55.474452554744524, "inscrits_provinciales": 1463.0, "abstention_provinciales": 39.1 }, "geometry": { "type": "MultiPolygon", "coordinates": [ [ [ [ 166.4825722, -22.220343400000022 ], [ 166.481661799999983, -22.2203463 ], [ 166.481357299999985, -22.2222125 ], [ 166.481019899999978, -22.2221026 ], [ 166.4800505, -22.2213428 ], [ 166.4800742, -22.220785100000015 ], [ 166.4795044, -22.2216774 ], [ 166.4781338, -22.2231754 ], [ 166.4783301, -22.2243489 ], [ 166.4774962, -22.2247239 ], [ 166.477115199999986, -22.2251846 ], [ 166.4769354, -22.2262059 ], [ 166.4776038, -22.226550400000018 ], [ 166.477796, -22.227110300000017 ], [ 166.4776305, -22.227297100000015 ], [ 166.477470100000033, -22.227273700000023 ], [ 166.4771893, -22.227618200000016 ], [ 166.4775919, -22.2281573 ], [ 166.4778909, -22.2289797 ], [ 166.4771184, -22.2301298 ], [ 166.476957699999986, -22.2306851 ], [ 166.4780759, -22.231973 ], [ 166.477970199999987, -22.2328851 ], [ 166.478364199999987, -22.2330383 ], [ 166.4784807, -22.232730500000027 ], [ 166.478369499999985, -22.2326941 ], [ 166.4785943, -22.232050299999987 ], [ 166.478073, -22.2315133 ], [ 166.478394499999979, -22.2312348 ], [ 166.4781626, -22.230959699999975 ], [ 166.4779892, -22.231075099999977 ], [ 166.477293299999985, -22.230846200000016 ], [ 166.477306199999987, -22.2306075 ], [ 166.477456099999984, -22.23022610000001 ], [ 166.477593399999989, -22.230305099999981 ], [ 166.4781985, -22.2295854 ], [ 166.478904, -22.2293454 ], [ 166.479388299999982, -22.229935599999987 ], [ 166.4796637, -22.229848 ], [ 166.4796762, -22.2301717 ], [ 166.4794493, -22.2302634 ], [ 166.4795277, -22.23074860000003 ], [ 166.480133699999982, -22.2312013 ], [ 166.480419899999987, -22.23122889999998 ], [ 166.4807127, -22.2315721 ], [ 166.4814271, -22.2310012 ], [ 166.481440699999979, -22.230689400000021 ], [ 166.48175, -22.2305465 ], [ 166.4822582, -22.230862700000039 ], [ 166.483223399999986, -22.230862400000028 ], [ 166.483159199999989, -22.2304694 ], [ 166.4841688, -22.230342200000017 ], [ 166.484337499999981, -22.229396400000017 ], [ 166.484880299999986, -22.2287822 ], [ 166.48758429999998, -22.231184799999983 ], [ 166.4880139, -22.231787699999973 ], [ 166.488120399999985, -22.232366699999982 ], [ 166.4893452, -22.2322417 ], [ 166.4899207, -22.2333498 ], [ 166.491423699999984, -22.2343725 ], [ 166.4931023, -22.234833 ], [ 166.4947144, -22.233909399999987 ], [ 166.494627499999979, -22.233787299999989 ], [ 166.494787299999984, -22.233684500000013 ], [ 166.494879799999978, -22.233814700000021 ], [ 166.496043499999985, -22.2331552 ], [ 166.495855, -22.2330847 ], [ 166.495841899999988, -22.2328483 ], [ 166.4956589, -22.232928200000014 ], [ 166.49512009999998, -22.2328734 ], [ 166.494369, -22.2326697 ], [ 166.493499899999989, -22.2321397 ], [ 166.4933642, -22.2319174 ], [ 166.4928865, -22.2317481 ], [ 166.492564, -22.2313708 ], [ 166.492497499999985, -22.230773400000015 ], [ 166.492701499999981, -22.2302306 ], [ 166.4929158, -22.230116 ], [ 166.4933896, -22.2301521 ], [ 166.4940833, -22.22973 ], [ 166.4942816, -22.2292741 ], [ 166.49431340000001, -22.228755 ], [ 166.494583899999981, -22.2285843 ], [ 166.4944386, -22.227991 ], [ 166.4939326, -22.2275477 ], [ 166.4938352, -22.2271332 ], [ 166.492541599999981, -22.226542099999978 ], [ 166.492142600000022, -22.22682330000001 ], [ 166.4920033, -22.227139799999989 ], [ 166.49172489999998, -22.227190300000029 ], [ 166.4915168, -22.2270566 ], [ 166.4917395, -22.226903099999987 ], [ 166.4918223, -22.2263607 ], [ 166.4913669, -22.2268144 ], [ 166.491928699999988, -22.2261865 ], [ 166.492207, -22.226349199999966 ], [ 166.492378100000025, -22.2260769 ], [ 166.4922507, -22.2259658 ], [ 166.4922997, -22.2258774 ], [ 166.492833800000028, -22.225588600000023 ], [ 166.4935696, -22.2254002 ], [ 166.493629799999979, -22.2252924 ], [ 166.494891199999984, -22.2253121 ], [ 166.495732899999979, -22.225489199999988 ], [ 166.4960671, -22.2257801 ], [ 166.496432299999981, -22.2256277 ], [ 166.496109499999989, -22.225396699999962 ], [ 166.4950577, -22.225110700000013 ], [ 166.4939388, -22.2250632 ], [ 166.493616600000024, -22.225181 ], [ 166.4935609, -22.2250869 ], [ 166.4939435, -22.224796800000039 ], [ 166.4942663, -22.2242136 ], [ 166.494004800000027, -22.2237575 ], [ 166.4921192, -22.2230807 ], [ 166.491666800000019, -22.22326 ], [ 166.49181489999998, -22.223818100000013 ], [ 166.4912704, -22.223296399999974 ], [ 166.490818499999989, -22.2225924 ], [ 166.490029099999987, -22.222377 ], [ 166.489755699999989, -22.2225064 ], [ 166.4890058, -22.2220699 ], [ 166.487554599999982, -22.2226623 ], [ 166.487356399999982, -22.2221393 ], [ 166.487356299999988, -22.221589900000023 ], [ 166.486894899999982, -22.2209288 ], [ 166.485404, -22.2225733 ], [ 166.484814400000033, -22.2227405 ], [ 166.484814, -22.222854500000015 ], [ 166.4845081, -22.222867 ], [ 166.4845163, -22.221018399999942 ], [ 166.4825722, -22.220343400000022 ] ] ], [ [ [ 166.494187, -22.226802200000019 ], [ 166.49429, -22.2267561 ], [ 166.494222, -22.226715700000028 ], [ 166.494187, -22.226802200000019 ] ] ], [ [ [ 166.494563299999982, -22.226166 ], [ 166.4937008, -22.2266517 ], [ 166.493655499999988, -22.2268835 ], [ 166.493889599999989, -22.227137 ], [ 166.494149099999987, -22.226997400000016 ], [ 166.4941225, -22.226733300000014 ], [ 166.49443789999998, -22.226348 ], [ 166.4946359, -22.226343700000019 ], [ 166.494563299999982, -22.226166 ] ] ], [ [ [ 166.494508, -22.226137900000015 ], [ 166.4943773, -22.226059699999976 ], [ 166.494263, -22.226161 ], [ 166.4942984, -22.2262112 ], [ 166.494508, -22.226137900000015 ] ] ], [ [ [ 166.495144499999981, -22.2259019 ], [ 166.4953578, -22.2255282 ], [ 166.4950442, -22.2259051 ], [ 166.4947187, -22.225993699999986 ], [ 166.494688800000034, -22.22624039999998 ], [ 166.495334599999978, -22.2258429 ], [ 166.495144499999981, -22.2259019 ] ] ], [ [ [ 166.491829599999988, -22.222309199999987 ], [ 166.491704699999985, -22.222238199999957 ], [ 166.4912951, -22.222333299999985 ], [ 166.4910022, -22.2226365 ], [ 166.4911301, -22.222732199999989 ], [ 166.491080499999981, -22.222606 ], [ 166.491239399999984, -22.2224304 ], [ 166.491592299999979, -22.222330299999978 ], [ 166.4917955, -22.22241510000001 ], [ 166.491829599999988, -22.222309199999987 ] ] ] ] } },
{ "type": "Feature", "properties": { "code_bv": "0041", "bureau_secteur": "ECOLE GUSTAVE LODS 1", "site_regroupement": "COLLEGE DE KAMERE", "last_edited_date": 1782254723000.0, "bureau_nom_habituel": "Ex-Ecole Gustave LODS 1", "inscrits_municipales": 1173.0, "abstention_municipales": 58.226768968456945, "inscrits_provinciales": 1068.0, "abstention_provinciales": 43.16 }, "geometry": { "type": "Polygon", "coordinates": [ [ [ 166.433147199999979, -22.2391791 ], [ 166.432695400000028, -22.2389362 ], [ 166.4315215, -22.23739810000005 ], [ 166.4307728, -22.236623 ], [ 166.430601699999983, -22.236277599999966 ], [ 166.4296827, -22.236074899999984 ], [ 166.427835, -22.2367061 ], [ 166.4265164, -22.2373249 ], [ 166.425974299999979, -22.237773 ], [ 166.4243471, -22.24045540000003 ], [ 166.424495900000011, -22.240747800000012 ], [ 166.4244104, -22.2410858 ], [ 166.4246741, -22.241288799999985 ], [ 166.4250222, -22.2410623 ], [ 166.426215899999988, -22.24079459999998 ], [ 166.426979599999981, -22.241151100000021 ], [ 166.4279391, -22.240629299999974 ], [ 166.4292893, -22.2403572 ], [ 166.4292308, -22.2405729 ], [ 166.429541, -22.240789499999988 ], [ 166.4294715, -22.241104500000013 ], [ 166.429793200000034, -22.241125299999979 ], [ 166.429916699999978, -22.241284199999971 ], [ 166.4302022, -22.241225399999969 ], [ 166.430377, -22.2420898 ], [ 166.4312998, -22.2421065 ], [ 166.432001899999989, -22.2424547 ], [ 166.433946599999985, -22.242509399999975 ], [ 166.4344501, -22.2427474 ], [ 166.434792499999986, -22.243278899999989 ], [ 166.4350873, -22.2443274 ], [ 166.435333599999979, -22.24474040000003 ], [ 166.435697399999981, -22.244547399999988 ], [ 166.4361908, -22.2438439 ], [ 166.4368968, -22.2434251 ], [ 166.4370748, -22.243113 ], [ 166.437174199999987, -22.243177599999974 ], [ 166.4377565, -22.242894300000035 ], [ 166.4382219, -22.2429722 ], [ 166.438434799999982, -22.24316220000004 ], [ 166.438550099999986, -22.2428421 ], [ 166.4389147, -22.2426664 ], [ 166.438917, -22.2429478 ], [ 166.4391094, -22.242913500000032 ], [ 166.439328, -22.243266599999984 ], [ 166.4400804, -22.2437232 ], [ 166.4406448, -22.244284499999985 ], [ 166.4411225, -22.2443785 ], [ 166.4414827, -22.244732399999979 ], [ 166.44174289999998, -22.2445809 ], [ 166.4421767, -22.243565699999962 ], [ 166.4433674, -22.2442879 ], [ 166.4444076, -22.244263900000036 ], [ 166.444664099999983, -22.243602 ], [ 166.444678899999985, -22.2432254 ], [ 166.444105899999983, -22.2422187 ], [ 166.443693599999989, -22.241803 ], [ 166.442517899999984, -22.241736800000037 ], [ 166.441868, -22.241928600000012 ], [ 166.4416654, -22.2418751 ], [ 166.441304, -22.24114710000002 ], [ 166.441325399999982, -22.2401671 ], [ 166.441175, -22.239445900000018 ], [ 166.4395731, -22.238459599999974 ], [ 166.438944599999985, -22.238411 ], [ 166.438458699999984, -22.238535600000017 ], [ 166.437740099999985, -22.2390485 ], [ 166.4371698, -22.2392229 ], [ 166.43576969999998, -22.24006240000001 ], [ 166.434546399999988, -22.2396787 ], [ 166.434471, -22.2397368 ], [ 166.4339058, -22.239166100000027 ], [ 166.433147199999979, -22.2391791 ] ] ] } },
{ "type": "Feature", "properties": { "code_bv": "0042", "bureau_secteur": "ECOLE GUSTAVE LODS 2", "site_regroupement": "COLLEGE DE KAMERE", "last_edited_date": 1782254723000.0, "bureau_nom_habituel": "Ex-Ecole Gustave LODS 2", "inscrits_municipales": 1364.0, "abstention_municipales": 59.530791788856305, "inscrits_provinciales": 1257.0, "abstention_provinciales": 43.2 }, "geometry": { "type": "Polygon", "coordinates": [ [ [ 166.4425206, -22.2347562 ], [ 166.4412217, -22.2344857 ], [ 166.440855199999987, -22.2342726 ], [ 166.440820399999978, -22.234348500000014 ], [ 166.440606299999985, -22.234276299999966 ], [ 166.4405588, -22.2343813 ], [ 166.4395092, -22.233967899999982 ], [ 166.43917829999998, -22.234011799999987 ], [ 166.439065199999987, -22.2344275 ], [ 166.439968100000016, -22.234939 ], [ 166.439372099999986, -22.235488 ], [ 166.4388265, -22.2354567 ], [ 166.4380583, -22.2346784 ], [ 166.438119199999988, -22.2346323 ], [ 166.437317899999982, -22.2342314 ], [ 166.437044599999979, -22.234312099999986 ], [ 166.4371004, -22.234383 ], [ 166.4369772, -22.2344755 ], [ 166.4366894, -22.2342812 ], [ 166.436219600000015, -22.233723099999967 ], [ 166.436015, -22.233183599999975 ], [ 166.4352735, -22.2333578 ], [ 166.433295, -22.2328764 ], [ 166.4320453, -22.2340197 ], [ 166.4318442, -22.2350003 ], [ 166.431448099999983, -22.2353501 ], [ 166.4312816, -22.236426 ], [ 166.4315877, -22.2369528 ], [ 166.431944099999981, -22.237151199999964 ], [ 166.431704199999984, -22.237691599999987 ], [ 166.432695400000028, -22.2389362 ], [ 166.4330775, -22.239170099999978 ], [ 166.4339133, -22.2391688 ], [ 166.434471, -22.2397368 ], [ 166.434546399999988, -22.2396787 ], [ 166.43576969999998, -22.24006240000001 ], [ 166.4371698, -22.2392229 ], [ 166.437740099999985, -22.2390485 ], [ 166.438458699999984, -22.238535600000017 ], [ 166.438944599999985, -22.238411 ], [ 166.4395731, -22.238459599999974 ], [ 166.441175, -22.239445900000018 ], [ 166.441321599999981, -22.240117599999966 ], [ 166.4413223, -22.241220700000049 ], [ 166.441631199999989, -22.241840299999982 ], [ 166.441868, -22.241928600000012 ], [ 166.442517899999984, -22.241736800000037 ], [ 166.4423238, -22.2417147 ], [ 166.4419422, -22.2405165 ], [ 166.4419637, -22.2402653 ], [ 166.4426536, -22.239304499999971 ], [ 166.4433717, -22.238984300000038 ], [ 166.4434923, -22.238709 ], [ 166.44333709999998, -22.2383654 ], [ 166.44295, -22.238287600000032 ], [ 166.442231400000026, -22.238598 ], [ 166.442206500000026, -22.238806900000032 ], [ 166.4413693, -22.238835400000028 ], [ 166.4405303, -22.237514 ], [ 166.4408738, -22.2367274 ], [ 166.441539799999987, -22.2358495 ], [ 166.441585899999978, -22.2354681 ], [ 166.442074, -22.2354574 ], [ 166.44240259999998, -22.2352088 ], [ 166.4425206, -22.2347562 ] ] ] } },
{ "type": "Feature", "properties": { "code_bv": "0043", "bureau_secteur": "ECOLE DANIEL TALON", "site_regroupement": "COLLEGE DE KAMERE", "last_edited_date": 1782254723000.0, "bureau_nom_habituel": "Ecole Daniel TALON", "inscrits_municipales": 2004.0, "abstention_municipales": 61.626746506986031, "inscrits_provinciales": 1848.0, "abstention_provinciales": 43.29 }, "geometry": { "type": "Polygon", "coordinates": [ [ [ 166.4290732, -22.222131199999971 ], [ 166.4279568, -22.2226986 ], [ 166.426889, -22.222608100000024 ], [ 166.4266716, -22.222831900000017 ], [ 166.42658, -22.223329 ], [ 166.426752199999981, -22.2236168 ], [ 166.4270085, -22.2236367 ], [ 166.427564599999982, -22.222946100000016 ], [ 166.4280839, -22.222825199999988 ], [ 166.4284414, -22.2230141 ], [ 166.4290734, -22.224140199999983 ], [ 166.4289722, -22.225097599999966 ], [ 166.429291899999981, -22.225402300000027 ], [ 166.4291906, -22.226052 ], [ 166.4287803, -22.2267942 ], [ 166.428833699999984, -22.226945899999983 ], [ 166.4286938, -22.227022500000011 ], [ 166.42877009999998, -22.2271171 ], [ 166.4286818, -22.2273404 ], [ 166.428190699999988, -22.227993399999985 ], [ 166.428557899999987, -22.2283151 ], [ 166.4290494, -22.228319399999947 ], [ 166.4287775, -22.228124699999988 ], [ 166.428757, -22.2279427 ], [ 166.4294396, -22.227573499999981 ], [ 166.4297417, -22.2277309 ], [ 166.4301601, -22.228201599999984 ], [ 166.42974719999998, -22.2284879 ], [ 166.429923299999984, -22.22914560000002 ], [ 166.4299321, -22.2299501 ], [ 166.429588599999988, -22.230720599999984 ], [ 166.4296497, -22.231300599999969 ], [ 166.4289063, -22.231510399999987 ], [ 166.428665699999982, -22.2314136 ], [ 166.4283427, -22.231492499999984 ], [ 166.4280747, -22.2316555 ], [ 166.428175899999985, -22.232079399999986 ], [ 166.4280756, -22.2321766 ], [ 166.4278788, -22.2321015 ], [ 166.4275075, -22.23226159999998 ], [ 166.4266699, -22.232221199999984 ], [ 166.4263207, -22.232317299999977 ], [ 166.425581199999982, -22.233120599999971 ], [ 166.4243129, -22.233648499999987 ], [ 166.423730799999987, -22.234645499999981 ], [ 166.4222786, -22.235622 ], [ 166.421846099999982, -22.2357602 ], [ 166.421032700000012, -22.2357335 ], [ 166.4204311, -22.235576699999989 ], [ 166.4193259, -22.234010099999988 ], [ 166.4182855, -22.233706400000013 ], [ 166.417968799999983, -22.2338629 ], [ 166.417292899999978, -22.233876 ], [ 166.4158166, -22.233091300000023 ], [ 166.415105499999981, -22.233009899999974 ], [ 166.4138127, -22.234215300000013 ], [ 166.4127282, -22.2345813 ], [ 166.411617, -22.236487 ], [ 166.4105577, -22.237724500000038 ], [ 166.4103747, -22.238326299999976 ], [ 166.4096481, -22.2385996 ], [ 166.409165799999982, -22.241049799999974 ], [ 166.408894299999986, -22.2413343 ], [ 166.4088047, -22.2418582 ], [ 166.409406, -22.2419895 ], [ 166.40979249999998, -22.242228900000033 ], [ 166.4103312, -22.242741799999973 ], [ 166.410626899999983, -22.2433318 ], [ 166.411568599999981, -22.2425566 ], [ 166.4117377, -22.2418896 ], [ 166.411952, -22.241537 ], [ 166.4120901, -22.241595700000016 ], [ 166.4125307, -22.24083109999998 ], [ 166.4122706, -22.2407247 ], [ 166.4122741, -22.2406113 ], [ 166.412423499999989, -22.240426 ], [ 166.4126593, -22.240415899999984 ], [ 166.412723799999981, -22.240156199999983 ], [ 166.4126315, -22.2399654 ], [ 166.4131051, -22.239449299999983 ], [ 166.4133933, -22.239385800000012 ], [ 166.4134478, -22.239535 ], [ 166.413611799999984, -22.239506599999981 ], [ 166.413700299999988, -22.2393032 ], [ 166.4139783, -22.239242699999977 ], [ 166.413993399999981, -22.239404 ], [ 166.414388, -22.2393651 ], [ 166.414378199999987, -22.239133399999989 ], [ 166.414497, -22.2391144 ], [ 166.4146989, -22.2393379 ], [ 166.4148425, -22.2391141 ], [ 166.414914, -22.2392709 ], [ 166.4152407, -22.2392636 ], [ 166.4152248, -22.239357600000016 ], [ 166.4153835, -22.239286 ], [ 166.415535799999986, -22.239369799999977 ], [ 166.4156074, -22.2391833 ], [ 166.4159563, -22.2393524 ], [ 166.4161119, -22.239276099999984 ], [ 166.4162355, -22.239523 ], [ 166.4167325, -22.2387802 ], [ 166.4163553, -22.239549099999966 ], [ 166.416552, -22.2397988 ], [ 166.416555300000027, -22.2399172 ], [ 166.416388499999982, -22.2399221 ], [ 166.4163953, -22.2402587 ], [ 166.4165218, -22.24042420000001 ], [ 166.416387899999989, -22.240478 ], [ 166.4164381, -22.2410025 ], [ 166.416557899999987, -22.24106249999997 ], [ 166.4163968, -22.241084899999976 ], [ 166.4162652, -22.241299899999984 ], [ 166.416183599999982, -22.2418993 ], [ 166.4162852, -22.2419728 ], [ 166.416073899999986, -22.241981299999988 ], [ 166.415920699999987, -22.2425201 ], [ 166.415874399999979, -22.2428854 ], [ 166.41609889999998, -22.2430054 ], [ 166.415867099999986, -22.242956199999973 ], [ 166.4158104, -22.243094899999981 ], [ 166.4160794, -22.243286500000032 ], [ 166.415754599999985, -22.243332 ], [ 166.415552, -22.243912299999973 ], [ 166.415629, -22.244226899999983 ], [ 166.4158548, -22.2443208 ], [ 166.4158521, -22.2445072 ], [ 166.4156231, -22.2445531 ], [ 166.4156164, -22.2447538 ], [ 166.4157581, -22.2448286 ], [ 166.415616, -22.2451301 ], [ 166.4157085, -22.2451906 ], [ 166.415560299999981, -22.245224599999965 ], [ 166.415695199999988, -22.245304600000015 ], [ 166.415411299999988, -22.245222 ], [ 166.415397099999979, -22.245433700000035 ], [ 166.41514, -22.245693700000025 ], [ 166.415011, -22.2460409 ], [ 166.4147505, -22.2461616 ], [ 166.414644899999985, -22.2468886 ], [ 166.414843199999979, -22.2470372 ], [ 166.4147121, -22.247261200000011 ], [ 166.414754499999987, -22.247829399999972 ], [ 166.4151096, -22.247787899999974 ], [ 166.4166129, -22.2466874 ], [ 166.4169013, -22.2462385 ], [ 166.4165664, -22.245950899999979 ], [ 166.4169239, -22.2450824 ], [ 166.416826900000018, -22.244784400000015 ], [ 166.417025599999988, -22.2445091 ], [ 166.418016099999988, -22.2438027 ], [ 166.4188283, -22.243630799999959 ], [ 166.4192395, -22.2437206 ], [ 166.4196495, -22.244035899999989 ], [ 166.419790299999988, -22.244993400000034 ], [ 166.420351499999981, -22.2450623 ], [ 166.420976599999989, -22.245795700000023 ], [ 166.4215941, -22.2462631 ], [ 166.421503799999982, -22.2462836 ], [ 166.421703899999983, -22.246730899999978 ], [ 166.421607199999983, -22.2470767 ], [ 166.422161499999987, -22.247041899999989 ], [ 166.4225951, -22.247190600000032 ], [ 166.423258299999986, -22.247223800000018 ], [ 166.423856, -22.247481399999977 ], [ 166.4242298, -22.2480437 ], [ 166.4243473, -22.248915900000029 ], [ 166.4254961, -22.248133799999984 ], [ 166.425580599999989, -22.2476576 ], [ 166.4259122, -22.247104800000056 ], [ 166.4268095, -22.246442099999989 ], [ 166.426182399999988, -22.245574900000019 ], [ 166.4254967, -22.245294599999987 ], [ 166.4246827, -22.2444609 ], [ 166.4246997, -22.243520599999979 ], [ 166.423906599999981, -22.2424399 ], [ 166.4240131, -22.242134500000013 ], [ 166.4237518, -22.242037699999948 ], [ 166.4239641, -22.242013500000013 ], [ 166.42444949999998, -22.2411992 ], [ 166.4245838, -22.2412852 ], [ 166.4244104, -22.2410858 ], [ 166.424495900000011, -22.240747800000012 ], [ 166.4243471, -22.24045540000003 ], [ 166.425974299999979, -22.237773 ], [ 166.4265164, -22.2373249 ], [ 166.428242, -22.2365281 ], [ 166.4296827, -22.236074899999984 ], [ 166.430601699999983, -22.236277599999966 ], [ 166.4307728, -22.236623 ], [ 166.4317619, -22.237678 ], [ 166.431944099999981, -22.237151199999964 ], [ 166.4315877, -22.2369528 ], [ 166.4312816, -22.236426 ], [ 166.431448099999983, -22.2353501 ], [ 166.4318442, -22.2350003 ], [ 166.4320453, -22.2340197 ], [ 166.433295, -22.2328764 ], [ 166.4352735, -22.2333578 ], [ 166.436015, -22.233183599999975 ], [ 166.436219600000015, -22.233723099999967 ], [ 166.4366894, -22.2342812 ], [ 166.4369772, -22.2344755 ], [ 166.4371004, -22.234383 ], [ 166.437044599999979, -22.234312099999986 ], [ 166.437317899999982, -22.2342314 ], [ 166.438119199999988, -22.2346323 ], [ 166.4380583, -22.2346784 ], [ 166.4388265, -22.2354567 ], [ 166.439372099999986, -22.235488 ], [ 166.439968100000016, -22.234939 ], [ 166.439065199999987, -22.2344275 ], [ 166.43917829999998, -22.234011799999987 ], [ 166.4395092, -22.233967899999982 ], [ 166.4405588, -22.2343813 ], [ 166.440606299999985, -22.234276299999966 ], [ 166.440820399999978, -22.234348500000014 ], [ 166.440855199999987, -22.2342726 ], [ 166.4412217, -22.2344857 ], [ 166.4425206, -22.2347562 ], [ 166.4419973, -22.2344001 ], [ 166.4403213, -22.231999200000015 ], [ 166.4403786, -22.231720200000012 ], [ 166.439842, -22.230651799999979 ], [ 166.439407, -22.2308027 ], [ 166.439107, -22.2306406 ], [ 166.438673199999982, -22.231462499999978 ], [ 166.4384466, -22.2323258 ], [ 166.43823949999998, -22.232482 ], [ 166.437923899999987, -22.2324703 ], [ 166.4374355, -22.231981699999988 ], [ 166.4367768, -22.231560800000036 ], [ 166.436646599999989, -22.230830200000021 ], [ 166.435246399999983, -22.23067319999997 ], [ 166.434718799999985, -22.2304013 ], [ 166.4334867, -22.2301704 ], [ 166.4332594, -22.230011 ], [ 166.4331235, -22.229823 ], [ 166.433471, -22.229551599999983 ], [ 166.4330502, -22.2297151 ], [ 166.4326696, -22.229162099999989 ], [ 166.432598, -22.228747499999983 ], [ 166.4324638, -22.228728400000033 ], [ 166.43266939999998, -22.228663700000023 ], [ 166.4326304, -22.228505 ], [ 166.4329344, -22.2281488 ], [ 166.4327812, -22.2279842 ], [ 166.433496599999984, -22.2273452 ], [ 166.434026499999987, -22.22693660000003 ], [ 166.4345778, -22.226919399999964 ], [ 166.4348623, -22.22674970000002 ], [ 166.434910799999983, -22.226574 ], [ 166.4346971, -22.226198799999974 ], [ 166.434710300000035, -22.2258951 ], [ 166.435190399999982, -22.2253758 ], [ 166.4339051, -22.224908299999964 ], [ 166.433224599999988, -22.224460899999979 ], [ 166.4324959, -22.224201400000027 ], [ 166.4316954, -22.2242037 ], [ 166.4313137, -22.2243469 ], [ 166.430935799999986, -22.224675199999972 ], [ 166.430239699999987, -22.224704299999985 ], [ 166.4302011, -22.224158799999987 ], [ 166.429917599999982, -22.223725600000019 ], [ 166.4298791, -22.2233451 ], [ 166.430016, -22.223064600000047 ], [ 166.429874399999989, -22.222810599999974 ], [ 166.43014, -22.222780299999982 ], [ 166.430354699999981, -22.222965399999982 ], [ 166.4306346, -22.2229693 ], [ 166.430846699999989, -22.222647400000024 ], [ 166.430323, -22.222671399999989 ], [ 166.429346, -22.222156 ], [ 166.4290732, -22.222131199999971 ] ] ] } },
{ "type": "Feature", "properties": { "code_bv": "0044", "bureau_secteur": "ECOLE MAURICE FONROBERT", "site_regroupement": "COLLEGE DE KAMERE", "last_edited_date": 1782254723000.0, "bureau_nom_habituel": "Ecole Maurice FONROBERT", "inscrits_municipales": 1068.0, "abstention_municipales": 63.014981273408239, "inscrits_provinciales": 1058.0, "abstention_provinciales": 45.65 }, "geometry": { "type": "MultiPolygon", "coordinates": [ [ [ [ 166.4039329, -22.228075299999976 ], [ 166.4026424, -22.22740819999996 ], [ 166.401464399999981, -22.228011300000013 ], [ 166.4010659, -22.2289004 ], [ 166.4006942, -22.2294114 ], [ 166.399806399999989, -22.230137499999984 ], [ 166.398771, -22.230659599999985 ], [ 166.397958, -22.230741799999954 ], [ 166.396961, -22.230398299999976 ], [ 166.396415900000022, -22.229800600000022 ], [ 166.3960133, -22.2297238 ], [ 166.3955169, -22.2292636 ], [ 166.395285799999982, -22.2293581 ], [ 166.395076599999982, -22.2292853 ], [ 166.3942567, -22.229562 ], [ 166.394018, -22.2300165 ], [ 166.394040100000012, -22.230537 ], [ 166.3938723, -22.230613600000019 ], [ 166.394090399999982, -22.230675 ], [ 166.394325899999984, -22.2310173 ], [ 166.396006699999987, -22.2324177 ], [ 166.3970354, -22.2328476 ], [ 166.397758499999981, -22.233327100000032 ], [ 166.399126199999984, -22.235095 ], [ 166.399495799999983, -22.234823299999977 ], [ 166.400079299999987, -22.234777199999979 ], [ 166.4014483, -22.2353532 ], [ 166.4026091, -22.235224799999962 ], [ 166.4029425, -22.235338 ], [ 166.403205, -22.2356011 ], [ 166.4035174, -22.2356255 ], [ 166.4035671, -22.2357367 ], [ 166.4043864, -22.2357093 ], [ 166.4048861, -22.2352616 ], [ 166.405022800000012, -22.2349011 ], [ 166.4055172, -22.2347174 ], [ 166.405902, -22.2343081 ], [ 166.4061925, -22.2341752 ], [ 166.406957299999988, -22.2342365 ], [ 166.407723399999981, -22.234654599999967 ], [ 166.40823709999998, -22.2353203 ], [ 166.4084594, -22.235442599999971 ], [ 166.408860299999986, -22.2364634 ], [ 166.408949799999988, -22.237021199999987 ], [ 166.408704, -22.237581200000012 ], [ 166.4080367, -22.2379877 ], [ 166.40796469999998, -22.2378082 ], [ 166.407861699999984, -22.237892500000015 ], [ 166.4079601, -22.238229299999986 ], [ 166.40742179999998, -22.2389425 ], [ 166.4074349, -22.2392411 ], [ 166.407236, -22.239254400000014 ], [ 166.4072018, -22.239101200000015 ], [ 166.4071171, -22.239329100000031 ], [ 166.406877499999979, -22.239159199999989 ], [ 166.4067609, -22.23981 ], [ 166.4066262, -22.2398262 ], [ 166.4065995, -22.2401421 ], [ 166.4064869, -22.2401449 ], [ 166.406645500000025, -22.240323899999982 ], [ 166.4075102, -22.240605 ], [ 166.4081347, -22.241016200000033 ], [ 166.4082522, -22.241286799999958 ], [ 166.40843719999998, -22.241291199999981 ], [ 166.4085714, -22.241961199999988 ], [ 166.4088047, -22.2418582 ], [ 166.408894299999986, -22.2413343 ], [ 166.409165799999982, -22.241049799999974 ], [ 166.4096481, -22.2385996 ], [ 166.4103747, -22.238326299999976 ], [ 166.4105577, -22.237724500000038 ], [ 166.411617, -22.236487 ], [ 166.4127282, -22.2345813 ], [ 166.4138127, -22.234215300000013 ], [ 166.415105499999981, -22.233009899999974 ], [ 166.4158166, -22.233091300000023 ], [ 166.417292899999978, -22.233876 ], [ 166.417968799999983, -22.2338629 ], [ 166.4182855, -22.233706400000013 ], [ 166.4193259, -22.234010099999988 ], [ 166.4204311, -22.235576699999989 ], [ 166.421032700000012, -22.2357335 ], [ 166.421846099999982, -22.2357602 ], [ 166.4222786, -22.235622 ], [ 166.423730799999987, -22.234645499999981 ], [ 166.4243129, -22.233648499999987 ], [ 166.425581199999982, -22.233120599999971 ], [ 166.4263207, -22.232317299999977 ], [ 166.4266699, -22.232221199999984 ], [ 166.4275075, -22.23226159999998 ], [ 166.428175899999985, -22.232079399999986 ], [ 166.4280747, -22.2316555 ], [ 166.4274302, -22.23149259999996 ], [ 166.4271158, -22.2315844 ], [ 166.4263114, -22.231425100000013 ], [ 166.4257538, -22.231443899999956 ], [ 166.4255833, -22.231818 ], [ 166.4256701, -22.231425500000054 ], [ 166.4252501, -22.231200800000011 ], [ 166.425263799999982, -22.2310577 ], [ 166.425192, -22.23116349999998 ], [ 166.424905099999989, -22.231107 ], [ 166.4244373, -22.2306622 ], [ 166.424102100000027, -22.2301254 ], [ 166.4239475, -22.2300708 ], [ 166.423878699999989, -22.229627700000023 ], [ 166.4240513, -22.228901 ], [ 166.423604399999988, -22.2286891 ], [ 166.4231844, -22.228764200000018 ], [ 166.4227655, -22.229287500000027 ], [ 166.422437, -22.2294553 ], [ 166.4220828, -22.229475699999984 ], [ 166.4219113, -22.229634 ], [ 166.421224599999988, -22.229809400000011 ], [ 166.4207321, -22.229674 ], [ 166.420674, -22.2297757 ], [ 166.4203221, -22.229310600000012 ], [ 166.4201407, -22.229261899999972 ], [ 166.419913799999989, -22.2285979 ], [ 166.420294399999989, -22.2280695 ], [ 166.419475399999982, -22.2278863 ], [ 166.418016599999987, -22.227848 ], [ 166.417137299999979, -22.2280073 ], [ 166.4168388, -22.228243599999985 ], [ 166.4163226, -22.228385 ], [ 166.415255299999984, -22.2283974 ], [ 166.4148935, -22.2285719 ], [ 166.413912, -22.229947 ], [ 166.412454, -22.231128299999956 ], [ 166.411116099999987, -22.232501399999986 ], [ 166.4093245, -22.2333211 ], [ 166.408888599999983, -22.233363099999981 ], [ 166.4074046, -22.23268670000002 ], [ 166.4066411, -22.231303599999976 ], [ 166.4061505, -22.2309574 ], [ 166.405543699999981, -22.2302417 ], [ 166.4053348, -22.2297202 ], [ 166.404430599999984, -22.228851 ], [ 166.4039329, -22.228075299999976 ] ] ], [ [ [ 166.4036849, -22.2358865 ], [ 166.4036064, -22.23574559999998 ], [ 166.4035327, -22.2358082 ], [ 166.4036849, -22.2358865 ] ] ] ] } },
{ "type": "Feature", "properties": { "code_bv": "0045", "bureau_secteur": "ECOLE MATHILDE BROQUET 2", "site_regroupement": "COLLEGE FRANÇOIS OLLIVAUD", "last_edited_date": 1782254723000.0, "bureau_nom_habituel": "Ecole Mathilde BROQUET 2", "inscrits_municipales": 1647.0, "abstention_municipales": 52.337583485124469, "inscrits_provinciales": 1338.0, "abstention_provinciales": 34.68 }, "geometry": { "type": "Polygon", "coordinates": [ [ [ 166.4829265, -22.239519799999989 ], [ 166.4825208, -22.239453500000018 ], [ 166.4813888, -22.2409934 ], [ 166.4806973, -22.2429659 ], [ 166.479572599999983, -22.2445302 ], [ 166.478471, -22.2451811 ], [ 166.4777346, -22.2453429 ], [ 166.476180199999988, -22.245394099999988 ], [ 166.4762017, -22.245481299999966 ], [ 166.4758531, -22.245620699999982 ], [ 166.4750123, -22.2458034 ], [ 166.475108399999982, -22.2460684 ], [ 166.473032800000027, -22.246721300000033 ], [ 166.473131600000016, -22.247351 ], [ 166.4725914, -22.248772599999977 ], [ 166.470563799999979, -22.2497813 ], [ 166.470447299999989, -22.24992929999998 ], [ 166.4701308, -22.2495992 ], [ 166.4699191, -22.249711199999989 ], [ 166.4697855, -22.2494838 ], [ 166.469616799999983, -22.2495731 ], [ 166.4694882, -22.249322799999963 ], [ 166.4693274, -22.2493986 ], [ 166.4692177, -22.2491972 ], [ 166.4695879, -22.248746 ], [ 166.4695662, -22.2485661 ], [ 166.4690606, -22.2484928 ], [ 166.4689817, -22.248139199999951 ], [ 166.4688229, -22.248169899999986 ], [ 166.4688677, -22.247792399999959 ], [ 166.4681282, -22.247729899999989 ], [ 166.467322699999983, -22.2486931 ], [ 166.466744299999988, -22.2489369 ], [ 166.467082299999987, -22.2505289 ], [ 166.467264799999981, -22.250400299999967 ], [ 166.4673508, -22.250540199999985 ], [ 166.467683, -22.2502671 ], [ 166.467681, -22.2515135 ], [ 166.4678305, -22.251679800000051 ], [ 166.4687937, -22.252026199999953 ], [ 166.46881639999998, -22.252229 ], [ 166.4682736, -22.253466399999976 ], [ 166.468128899999982, -22.2553176 ], [ 166.467964699999982, -22.255634899999983 ], [ 166.468114499999984, -22.2558533 ], [ 166.468618699999979, -22.2554493 ], [ 166.469768499999986, -22.2556782 ], [ 166.4699027, -22.256735 ], [ 166.4706359, -22.2566459 ], [ 166.4723789, -22.2570362 ], [ 166.472326, -22.2555547 ], [ 166.4720187, -22.2547804 ], [ 166.472069, -22.252552500000011 ], [ 166.472377599999987, -22.252402 ], [ 166.4729956, -22.2525201 ], [ 166.473158899999987, -22.252903199999974 ], [ 166.473149300000017, -22.2536216 ], [ 166.4734832, -22.253681099999984 ], [ 166.47349890000001, -22.2558397 ], [ 166.4741981, -22.255884 ], [ 166.474352899999985, -22.2572708 ], [ 166.4755223, -22.2586313 ], [ 166.4759971, -22.258932 ], [ 166.4768483, -22.258384500000041 ], [ 166.478844899999984, -22.25742890000004 ], [ 166.479095299999983, -22.2571634 ], [ 166.4796867, -22.256866300000013 ], [ 166.479328399999986, -22.2569664 ], [ 166.4790313, -22.256712599999986 ], [ 166.478759, -22.256993 ], [ 166.4781676, -22.257174299999988 ], [ 166.477959699999985, -22.257100500000018 ], [ 166.477924299999984, -22.257218200000029 ], [ 166.477743799999985, -22.2571129 ], [ 166.477797399999986, -22.25695649999998 ], [ 166.478603, -22.2565712 ], [ 166.4786504, -22.256409499999975 ], [ 166.478340399999979, -22.2563775 ], [ 166.4772017, -22.256655800000019 ], [ 166.4767833, -22.255918 ], [ 166.4769387, -22.2556994 ], [ 166.4774127, -22.255446299999971 ], [ 166.478033, -22.2560037 ], [ 166.4782672, -22.256047399999979 ], [ 166.4784851, -22.25594060000001 ], [ 166.4785997, -22.25565970000002 ], [ 166.4784914, -22.2546768 ], [ 166.4782521, -22.254223600000014 ], [ 166.478305299999988, -22.253256700000051 ], [ 166.478699, -22.2530245 ], [ 166.4793779, -22.253176199999984 ], [ 166.4806441, -22.252733700000011 ], [ 166.4817712, -22.253790599999956 ], [ 166.4826898, -22.2542424 ], [ 166.4829374, -22.2545199 ], [ 166.4826664, -22.255192599999987 ], [ 166.4820901, -22.255615099999986 ], [ 166.481238700000034, -22.255486400000027 ], [ 166.4810685, -22.25558670000002 ], [ 166.480576, -22.255261800000024 ], [ 166.481018299999988, -22.2556146 ], [ 166.4811909, -22.256064899999981 ], [ 166.4809788, -22.2564073 ], [ 166.480569, -22.256521 ], [ 166.4803249, -22.2568422 ], [ 166.480134099999987, -22.2567107 ], [ 166.4800512, -22.2571162 ], [ 166.4804532, -22.257713699999979 ], [ 166.4819129, -22.257118 ], [ 166.4827166, -22.2570119 ], [ 166.48304349999998, -22.257143199999959 ], [ 166.483156899999983, -22.257588299999973 ], [ 166.483557, -22.2578293 ], [ 166.4839513, -22.258337399999988 ], [ 166.484749099999988, -22.258233899999979 ], [ 166.4852175, -22.2585911 ], [ 166.485899400000022, -22.2588482 ], [ 166.48611409999998, -22.2582615 ], [ 166.4858371, -22.2579447 ], [ 166.486144599999989, -22.257385099999986 ], [ 166.4870561, -22.2571351 ], [ 166.487680499999982, -22.257135 ], [ 166.4877469, -22.257293 ], [ 166.4880851, -22.25732989999997 ], [ 166.4890155, -22.25810569999998 ], [ 166.489342, -22.258210200000018 ], [ 166.4890596, -22.2584715 ], [ 166.488803499999989, -22.258501300000013 ], [ 166.4888823, -22.2586523 ], [ 166.488673899999981, -22.2597755 ], [ 166.489172900000028, -22.25987929999997 ], [ 166.4900379, -22.259756400000018 ], [ 166.490598899999981, -22.25980029999997 ], [ 166.4905488, -22.259485699999978 ], [ 166.490974, -22.2593611 ], [ 166.4907541, -22.259405100000016 ], [ 166.4905856, -22.259274499999982 ], [ 166.4906739, -22.2589213 ], [ 166.4913709, -22.258103299999984 ], [ 166.4920291, -22.2578579 ], [ 166.492279299999979, -22.257930899999987 ], [ 166.4924495, -22.257742900000011 ], [ 166.49271779999998, -22.2578989 ], [ 166.4931446, -22.258451800000035 ], [ 166.493488099999979, -22.2571827 ], [ 166.49350579999998, -22.256761900000022 ], [ 166.4930972, -22.256424 ], [ 166.491570400000029, -22.2561211 ], [ 166.490975699999979, -22.255715 ], [ 166.491121900000024, -22.2548579 ], [ 166.491060899999979, -22.2545958 ], [ 166.490882400000032, -22.2545626 ], [ 166.491342299999985, -22.254548 ], [ 166.491598, -22.2544213 ], [ 166.4919033, -22.2548658 ], [ 166.4919405, -22.255153 ], [ 166.4921885, -22.255319 ], [ 166.4923531, -22.255296399999985 ], [ 166.492576, -22.255084 ], [ 166.492753099999987, -22.254259500000018 ], [ 166.4931181, -22.25417130000001 ], [ 166.4935255, -22.2545451 ], [ 166.493698699999982, -22.2544298 ], [ 166.4938903, -22.2541736 ], [ 166.49394, -22.253457 ], [ 166.49363, -22.2532253 ], [ 166.493227599999983, -22.252465200000017 ], [ 166.492052, -22.252354700000016 ], [ 166.491652099999982, -22.252408699999972 ], [ 166.4915594, -22.2525315 ], [ 166.4915543, -22.252273900000013 ], [ 166.49131509999998, -22.2521 ], [ 166.4900055, -22.252137799999968 ], [ 166.489805499999989, -22.252256499999977 ], [ 166.4896382, -22.252086499999979 ], [ 166.489789799999983, -22.2513509 ], [ 166.490083199999987, -22.251093199999968 ], [ 166.4903737, -22.251202 ], [ 166.490133599999979, -22.251057100000015 ], [ 166.4904824, -22.2508031 ], [ 166.4904704, -22.250392400000024 ], [ 166.490862300000032, -22.2501205 ], [ 166.490847299999984, -22.249908800000011 ], [ 166.4906499, -22.2496894 ], [ 166.4893425, -22.249697499999982 ], [ 166.4887927, -22.2495625 ], [ 166.4881589, -22.249625199999976 ], [ 166.4872976, -22.250107900000014 ], [ 166.4874567, -22.249481900000013 ], [ 166.487661100000025, -22.2493757 ], [ 166.4874424, -22.2493772 ], [ 166.4873523, -22.2489291 ], [ 166.487783, -22.249093899999977 ], [ 166.4884313, -22.248854099999967 ], [ 166.4890936, -22.248958100000014 ], [ 166.489270799999986, -22.2487123 ], [ 166.489296, -22.248338700000026 ], [ 166.4890777, -22.248078400000026 ], [ 166.4879646, -22.247583799999987 ], [ 166.4868301, -22.247671199999989 ], [ 166.486404100000016, -22.247831300000019 ], [ 166.485498399999983, -22.248593300000042 ], [ 166.485227, -22.248435700000016 ], [ 166.485542399999986, -22.248468 ], [ 166.485745, -22.248322200000022 ], [ 166.4857863, -22.2480752 ], [ 166.4856768, -22.2478753 ], [ 166.4845554, -22.2478567 ], [ 166.4837498, -22.247371499999989 ], [ 166.484943, -22.247726900000046 ], [ 166.4852804, -22.247587800000044 ], [ 166.48551089999998, -22.247163599999979 ], [ 166.486120199999988, -22.2471937 ], [ 166.4863124, -22.246799400000015 ], [ 166.4865159, -22.246939099999988 ], [ 166.4868573, -22.2468205 ], [ 166.48679, -22.246397 ], [ 166.4866447, -22.2462452 ], [ 166.48582780000001, -22.2466154 ], [ 166.485397299999988, -22.2463828 ], [ 166.4849208, -22.246354500000027 ], [ 166.484888499999983, -22.246227799999964 ], [ 166.4861822, -22.246333499999988 ], [ 166.4864623, -22.2462599 ], [ 166.4866137, -22.2460321 ], [ 166.48706679999998, -22.245898500000031 ], [ 166.487365499999981, -22.2460891 ], [ 166.4880267, -22.2458705 ], [ 166.4885315, -22.246141599999962 ], [ 166.489069, -22.245912800000017 ], [ 166.4893088, -22.2460975 ], [ 166.4895898, -22.246602200000037 ], [ 166.49032459999998, -22.2466098 ], [ 166.4906804, -22.247084 ], [ 166.491320799999983, -22.24703490000002 ], [ 166.4916313, -22.2476376 ], [ 166.491402, -22.2483427 ], [ 166.4922307, -22.248548 ], [ 166.492389300000013, -22.249173 ], [ 166.4928347, -22.249629399999979 ], [ 166.49286, -22.2502234 ], [ 166.4932318, -22.250907299999962 ], [ 166.4935171, -22.250912199999973 ], [ 166.493929799999989, -22.250369699999968 ], [ 166.494312, -22.250206199999973 ], [ 166.4946204, -22.250238599999989 ], [ 166.495125699999988, -22.250792100000051 ], [ 166.4953696, -22.250832299999988 ], [ 166.496066899999988, -22.250555 ], [ 166.4961425, -22.2501229 ], [ 166.495414499999981, -22.2492911 ], [ 166.494537799999989, -22.2492941 ], [ 166.493167, -22.2484634 ], [ 166.4927832, -22.2472822 ], [ 166.4929118, -22.2468624 ], [ 166.4935247, -22.2465906 ], [ 166.493486099999984, -22.2462419 ], [ 166.492879499999987, -22.24615779999996 ], [ 166.4922339, -22.2464819 ], [ 166.4918156, -22.2465371 ], [ 166.4915556, -22.2463931 ], [ 166.491312199999982, -22.245852299999989 ], [ 166.490384899999981, -22.245505300000016 ], [ 166.49029539999998, -22.2451702 ], [ 166.4904156, -22.2448925 ], [ 166.4915758, -22.2446387 ], [ 166.4918731, -22.24447850000001 ], [ 166.4921984, -22.2439244 ], [ 166.4922181, -22.2435929 ], [ 166.4919271, -22.2435158 ], [ 166.4915653, -22.243641 ], [ 166.490179900000015, -22.2445605 ], [ 166.489104199999986, -22.244895099999987 ], [ 166.488833199999988, -22.2448522 ], [ 166.4881548, -22.2442679 ], [ 166.488145299999985, -22.244158399999989 ], [ 166.4888627, -22.2439961 ], [ 166.489020200000027, -22.243709099999986 ], [ 166.490232, -22.2427943 ], [ 166.4904583, -22.2424555 ], [ 166.4904822, -22.241976800000021 ], [ 166.4896632, -22.241782399999988 ], [ 166.4884587, -22.242534300000031 ], [ 166.4875346, -22.2429556 ], [ 166.4869947, -22.24291710000001 ], [ 166.4863063, -22.243139 ], [ 166.485414099999986, -22.242868700000013 ], [ 166.4846844, -22.242330199999966 ], [ 166.48404, -22.242524699999965 ], [ 166.4834878, -22.242411699999987 ], [ 166.4833902, -22.242233500000015 ], [ 166.4836713, -22.2417034 ], [ 166.4832169, -22.2409856 ], [ 166.4822826, -22.2407421 ], [ 166.4823228, -22.2405771 ], [ 166.4827565, -22.2403332 ], [ 166.4830638, -22.2398234 ], [ 166.4830747, -22.239650100000016 ], [ 166.4829265, -22.239519799999989 ] ] ] } },
{ "type": "Feature", "properties": { "code_bv": "0046", "bureau_secteur": "ECOLE YVONNE DUPONT 2", "site_regroupement": "SALLE OMNISPORT ANSE VATA", "last_edited_date": 1782254723000.0, "bureau_nom_habituel": "Ecole Yvonne DUPONT 2", "inscrits_municipales": 907.0, "abstention_municipales": 46.857772877618523, "inscrits_provinciales": 585.0, "abstention_provinciales": 22.39 }, "geometry": { "type": "MultiPolygon", "coordinates": [ [ [ [ 166.4261936, -22.2876164 ], [ 166.4253819, -22.2878921 ], [ 166.424733, -22.2878106 ], [ 166.4245516, -22.28806029999998 ], [ 166.4249288, -22.288752400000014 ], [ 166.425290599999983, -22.2902885 ], [ 166.426012599999979, -22.29226229999998 ], [ 166.426454399999983, -22.292654899999977 ], [ 166.4275389, -22.293129600000039 ], [ 166.4279257, -22.2936241 ], [ 166.42849769999998, -22.293759600000019 ], [ 166.4290083, -22.2936675 ], [ 166.4304189, -22.2938496 ], [ 166.4306431, -22.293773 ], [ 166.430804, -22.293882 ], [ 166.4315018, -22.293957900000017 ], [ 166.4319083, -22.2941294 ], [ 166.4323511, -22.2946054 ], [ 166.434022, -22.295060299999978 ], [ 166.434517, -22.295098100000036 ], [ 166.435616499999981, -22.2947423 ], [ 166.4366813, -22.29522280000004 ], [ 166.437400199999985, -22.295751 ], [ 166.4377012, -22.2953899 ], [ 166.437922499999985, -22.295586500000024 ], [ 166.4380538, -22.2954864 ], [ 166.4381597, -22.295659 ], [ 166.438046, -22.2957317 ], [ 166.438329, -22.2960319 ], [ 166.43844679999998, -22.295968899999981 ], [ 166.43884079999998, -22.296600299999966 ], [ 166.4391081, -22.297860100000015 ], [ 166.439403299999981, -22.297490800000016 ], [ 166.4395208, -22.2975836 ], [ 166.43973219999998, -22.2973624 ], [ 166.4397242, -22.297093600000039 ], [ 166.441055899999981, -22.296864799999963 ], [ 166.441055799999987, -22.2965486 ], [ 166.440425799999986, -22.2962799 ], [ 166.4402934, -22.295724200000048 ], [ 166.4396554, -22.295245300000015 ], [ 166.439555399999989, -22.294540800000021 ], [ 166.4400923, -22.2938243 ], [ 166.440022, -22.2932711 ], [ 166.439843299999978, -22.293289800000011 ], [ 166.4398577, -22.2925581 ], [ 166.4400507, -22.2921599 ], [ 166.4400274, -22.291038699999984 ], [ 166.4402086, -22.2910176 ], [ 166.4403648, -22.290756399999974 ], [ 166.4407612, -22.290743 ], [ 166.4407948, -22.289517900000032 ], [ 166.441249299999981, -22.2894255 ], [ 166.4417322, -22.2891186 ], [ 166.441735699999981, -22.288868699999973 ], [ 166.441358899999983, -22.2889331 ], [ 166.4402761, -22.288482699999985 ], [ 166.4401785, -22.2887285 ], [ 166.440605299999987, -22.288927100000027 ], [ 166.440197399999988, -22.289716899999984 ], [ 166.4396855, -22.289619 ], [ 166.439687600000013, -22.288514100000015 ], [ 166.4393953, -22.288455 ], [ 166.4391501, -22.288866500000015 ], [ 166.4392715, -22.289006299999961 ], [ 166.439272100000011, -22.290012399999984 ], [ 166.4391712, -22.290027899999988 ], [ 166.4368786, -22.289987800000024 ], [ 166.4364287, -22.2897075 ], [ 166.4369778, -22.288990099999975 ], [ 166.438614199999989, -22.28896730000001 ], [ 166.4387798, -22.2888669 ], [ 166.4387035, -22.2887473 ], [ 166.436978499999981, -22.2888104 ], [ 166.435706100000033, -22.2902471 ], [ 166.4357211, -22.2903911 ], [ 166.4358747, -22.2904191 ], [ 166.4363324, -22.2897864 ], [ 166.4365312, -22.289832 ], [ 166.4369419, -22.2901576 ], [ 166.436799799999989, -22.290335400000025 ], [ 166.437745, -22.291765899999987 ], [ 166.4388602, -22.2925497 ], [ 166.438652199999979, -22.292796500000012 ], [ 166.43895089999998, -22.2930131 ], [ 166.4387542, -22.293415299999989 ], [ 166.4379213, -22.294127900000028 ], [ 166.437211400000024, -22.293429599999989 ], [ 166.4368509, -22.2932763 ], [ 166.4361147, -22.29262610000001 ], [ 166.436608799999988, -22.2914674 ], [ 166.436448099999978, -22.2916269 ], [ 166.436210599999981, -22.291541 ], [ 166.436353900000029, -22.2917337 ], [ 166.4359758, -22.2924049 ], [ 166.4353639, -22.29277489999998 ], [ 166.4353049, -22.292675099999979 ], [ 166.4349556, -22.292833 ], [ 166.435062, -22.2930969 ], [ 166.434958199999983, -22.2929745 ], [ 166.434347, -22.2930328 ], [ 166.4326299, -22.2928525 ], [ 166.4323211, -22.2929676 ], [ 166.4313861, -22.2937405 ], [ 166.4306579, -22.2936986 ], [ 166.4293535, -22.293484 ], [ 166.428589599999981, -22.2925858 ], [ 166.4279972, -22.292233399999983 ], [ 166.4278951, -22.2920155 ], [ 166.428123, -22.291796300000051 ], [ 166.4288421, -22.291846499999956 ], [ 166.4287989, -22.2911527 ], [ 166.428759499999984, -22.291729 ], [ 166.42820039999998, -22.29176 ], [ 166.4282053, -22.2912265 ], [ 166.4285219, -22.291187300000029 ], [ 166.4278745, -22.291068499999977 ], [ 166.428209399999986, -22.2900453 ], [ 166.4285042, -22.2897291 ], [ 166.4285061, -22.289460599999984 ], [ 166.4275429, -22.2888803 ], [ 166.427175, -22.288262099999965 ], [ 166.4261936, -22.2876164 ] ] ], [ [ [ 166.436600699999985, -22.291414799999984 ], [ 166.436432199999985, -22.291000499999981 ], [ 166.4363893, -22.2909792 ], [ 166.4364491, -22.291251 ], [ 166.436600699999985, -22.291414799999984 ] ] ] ] } },
{ "type": "Feature", "properties": { "code_bv": "0047", "bureau_secteur": "ECOLE PAUL BOYER 2", "site_regroupement": "SALLE OMNISPORT ANSE VATA", "last_edited_date": 1782254723000.0, "bureau_nom_habituel": "Ecole Paul BOYER 2", "inscrits_municipales": 985.0, "abstention_municipales": 44.263959390862944, "inscrits_provinciales": 706.0, "abstention_provinciales": 24.65 }, "geometry": { "type": "Polygon", "coordinates": [ [ [ 166.4539771, -22.274892799999975 ], [ 166.4531197, -22.2747517 ], [ 166.453165899999988, -22.2745576 ], [ 166.452898799999986, -22.274535900000018 ], [ 166.452678699999979, -22.274320899999957 ], [ 166.4516454, -22.275034399999985 ], [ 166.4514589, -22.275024600000016 ], [ 166.4511293, -22.275421699999985 ], [ 166.45130709999998, -22.27549269999998 ], [ 166.451159599999983, -22.275594600000012 ], [ 166.4512484, -22.275783399999963 ], [ 166.451344399999982, -22.2757283 ], [ 166.4515365, -22.2761621 ], [ 166.451155699999987, -22.276397299999957 ], [ 166.452831299999986, -22.279657300000014 ], [ 166.4529399, -22.2800238 ], [ 166.452212799999984, -22.280285 ], [ 166.452317699999981, -22.28048870000001 ], [ 166.4524926, -22.280410600000021 ], [ 166.452619699999985, -22.280657299999984 ], [ 166.452451699999983, -22.2807323 ], [ 166.45263319999998, -22.281105099999987 ], [ 166.453159, -22.2809436 ], [ 166.453272699999985, -22.2811643 ], [ 166.45364619999998, -22.2809226 ], [ 166.4539299, -22.2812508 ], [ 166.4542538, -22.281041 ], [ 166.454501099999987, -22.281386 ], [ 166.454910499999983, -22.281566199999975 ], [ 166.4555416, -22.2812848 ], [ 166.4554632, -22.280662900000024 ], [ 166.455107, -22.2801737 ], [ 166.455551499999984, -22.2799001 ], [ 166.456321299999985, -22.279803 ], [ 166.4564538, -22.279388099999984 ], [ 166.4571704, -22.2785163 ], [ 166.457779599999981, -22.2783894 ], [ 166.4575178, -22.278251500000017 ], [ 166.457581299999987, -22.278077399999987 ], [ 166.4574589, -22.278010600000016 ], [ 166.4570716, -22.278014900000031 ], [ 166.4565328, -22.27772939999997 ], [ 166.4565122, -22.277493599999989 ], [ 166.456711, -22.2773533 ], [ 166.45689489999998, -22.2774343 ], [ 166.4570508, -22.277192 ], [ 166.456757899999985, -22.277057299999978 ], [ 166.4566418, -22.2765029 ], [ 166.455766, -22.2755556 ], [ 166.4555416, -22.2757082 ], [ 166.456239, -22.2767467 ], [ 166.455970899999983, -22.276994499999962 ], [ 166.4558629, -22.276956599999941 ], [ 166.4557642, -22.2764484 ], [ 166.455282, -22.275884899999983 ], [ 166.455129199999988, -22.2759891 ], [ 166.4539771, -22.274892799999975 ] ] ] } },
{ "type": "Feature", "properties": { "code_bv": "0048", "bureau_secteur": "ECOLE MARGUERITE ARSAPIN", "site_regroupement": "SALLES VEYRET/KAFOA", "last_edited_date": 1782254723000.0, "bureau_nom_habituel": "Ecole Marguerite ARSAPIN", "inscrits_municipales": 965.0, "abstention_municipales": 57.409326424870464, "inscrits_provinciales": 925.0, "abstention_provinciales": 42.05 }, "geometry": { "type": "Polygon", "coordinates": [ [ [ 166.4617815, -22.2272002 ], [ 166.4618285, -22.2260503 ], [ 166.46023169999998, -22.224919300000021 ], [ 166.459610699999985, -22.224346 ], [ 166.459296099999989, -22.224265499999984 ], [ 166.4593614, -22.2244449 ], [ 166.4597049, -22.2246477 ], [ 166.4597991, -22.225289700000022 ], [ 166.460196199999984, -22.225486199999981 ], [ 166.460381600000034, -22.226042700000011 ], [ 166.460326900000013, -22.226336299999968 ], [ 166.4588201, -22.22738049999997 ], [ 166.458700099999987, -22.2273151 ], [ 166.458370299999984, -22.2264668 ], [ 166.4581062, -22.2263509 ], [ 166.4582599, -22.226785799999988 ], [ 166.457895799999989, -22.22777970000001 ], [ 166.45814009999998, -22.227758 ], [ 166.4584705, -22.228116499999988 ], [ 166.457715, -22.229413 ], [ 166.45748260000002, -22.2295386 ], [ 166.457297499999981, -22.2298921 ], [ 166.4569558, -22.229906800000016 ], [ 166.4553464, -22.2292532 ], [ 166.457091599999984, -22.2301111 ], [ 166.4569467, -22.2304797 ], [ 166.4564374, -22.230929300000014 ], [ 166.4559994, -22.2310959 ], [ 166.455805199999986, -22.2308315 ], [ 166.4560243, -22.2315829 ], [ 166.456029500000028, -22.2321418 ], [ 166.4563427, -22.232930099999979 ], [ 166.4572996, -22.2344214 ], [ 166.4573766, -22.2347221 ], [ 166.457109299999985, -22.238458799999986 ], [ 166.4591906, -22.2380729 ], [ 166.4592193, -22.237939900000022 ], [ 166.4602169, -22.237264799999988 ], [ 166.460185699999982, -22.2367413 ], [ 166.460619899999983, -22.236291 ], [ 166.4607642, -22.236411699999984 ], [ 166.4609438, -22.236344799999983 ], [ 166.460788399999984, -22.236211599999972 ], [ 166.461127799999986, -22.235868299999982 ], [ 166.4615473, -22.2358426 ], [ 166.461281, -22.235316 ], [ 166.4610634, -22.235216699999988 ], [ 166.4608671, -22.234929200000018 ], [ 166.460975500000018, -22.234535500000014 ], [ 166.4613669, -22.23430050000006 ], [ 166.460619899999983, -22.233819499999978 ], [ 166.4605058, -22.2334026 ], [ 166.4606326, -22.2325723 ], [ 166.4610256, -22.2327086 ], [ 166.4629745, -22.232785899999971 ], [ 166.463078699999983, -22.232503 ], [ 166.462806, -22.231411699999988 ], [ 166.463658, -22.230307299999975 ], [ 166.4639769, -22.2294141 ], [ 166.463661, -22.228470099999974 ], [ 166.4634772, -22.228289300000032 ], [ 166.4618328, -22.227818099999986 ], [ 166.4611016, -22.2278213 ], [ 166.4610734, -22.227520400000042 ], [ 166.4617815, -22.2272002 ] ] ] } },
{ "type": "Feature", "properties": { "code_bv": "0049", "bureau_secteur": "ECOLE LES PERVENCHES", "site_regroupement": "COLLEGE FRANÇOIS OLLIVAUD", "last_edited_date": 1782254723000.0, "bureau_nom_habituel": "Ex-Ecole Les PERVENCHES", "inscrits_municipales": 1174.0, "abstention_municipales": 48.040885860306645, "inscrits_provinciales": 896.0, "abstention_provinciales": 27.68 }, "geometry": { "type": "Polygon", "coordinates": [ [ [ 166.462137899999988, -22.256518600000014 ], [ 166.4624469, -22.255434299999955 ], [ 166.462411, -22.2542827 ], [ 166.462648299999984, -22.2539037 ], [ 166.462437199999982, -22.2537122 ], [ 166.4600279, -22.2534145 ], [ 166.459483, -22.2552666 ], [ 166.459050199999979, -22.2558185 ], [ 166.45825259999998, -22.2562897 ], [ 166.457863399999979, -22.2560213 ], [ 166.4567001, -22.256160600000012 ], [ 166.4562257, -22.256440700000013 ], [ 166.4554302, -22.256341499999976 ], [ 166.454966899999988, -22.2564093 ], [ 166.4539039, -22.256169199999974 ], [ 166.453621799999979, -22.256231300000021 ], [ 166.4523199, -22.2572562 ], [ 166.4529958, -22.2585861 ], [ 166.4535488, -22.2590601 ], [ 166.4537894, -22.2591757 ], [ 166.4556025, -22.259238700000015 ], [ 166.4560864, -22.259586400000039 ], [ 166.456673, -22.2597729 ], [ 166.456835899999987, -22.2601429 ], [ 166.4576179, -22.2604826 ], [ 166.4578153, -22.260665399999983 ], [ 166.4579022, -22.260997 ], [ 166.4598642, -22.2628345 ], [ 166.460150100000021, -22.262959799999969 ], [ 166.460191899999984, -22.2635505 ], [ 166.461388699999986, -22.2636553 ], [ 166.4616227, -22.2635283 ], [ 166.4624885, -22.2635061 ], [ 166.464436, -22.26286 ], [ 166.4641255, -22.2620045 ], [ 166.4641254, -22.261607600000016 ], [ 166.4639033, -22.261368800000028 ], [ 166.4640751, -22.2611921 ], [ 166.464523499999984, -22.261263199999977 ], [ 166.4644381, -22.25989120000002 ], [ 166.46466719999998, -22.258885399999979 ], [ 166.464058, -22.2589074 ], [ 166.4634912, -22.2587416 ], [ 166.4630305, -22.2583599 ], [ 166.4632317, -22.2578779 ], [ 166.463994499999984, -22.258179 ], [ 166.464474599999988, -22.2581319 ], [ 166.4643577, -22.2571268 ], [ 166.4644784, -22.256774299999989 ], [ 166.4642341, -22.2565549 ], [ 166.4636865, -22.256993 ], [ 166.4626351, -22.256983199999969 ], [ 166.462137899999988, -22.256518600000014 ] ] ] } },
{ "type": "Feature", "properties": { "code_bv": "0050", "bureau_secteur": "ECOLE ALBERT PERRAUD", "site_regroupement": "COLLEGE FRANÇOIS OLLIVAUD", "last_edited_date": 1782254723000.0, "bureau_nom_habituel": "Ecole Albert PERRAUD", "inscrits_municipales": 1711.0, "abstention_municipales": 60.95850379894798, "inscrits_provinciales": 1545.0, "abstention_provinciales": 48.67 }, "geometry": { "type": "Polygon", "coordinates": [ [ [ 166.472377599999987, -22.252402 ], [ 166.472069, -22.252552500000011 ], [ 166.4720187, -22.2547804 ], [ 166.472326, -22.2555547 ], [ 166.4723789, -22.2570362 ], [ 166.4706359, -22.2566459 ], [ 166.4699027, -22.256735 ], [ 166.469768499999986, -22.2556782 ], [ 166.468618699999979, -22.2554493 ], [ 166.468114499999984, -22.2558533 ], [ 166.4677049, -22.256385299999977 ], [ 166.467610900000011, -22.2569158 ], [ 166.4673881, -22.2569678 ], [ 166.467242699999986, -22.256657 ], [ 166.4667615, -22.25635070000002 ], [ 166.4666139, -22.256121 ], [ 166.4663649, -22.25625520000002 ], [ 166.4661811, -22.2562224 ], [ 166.4655315, -22.257294799999961 ], [ 166.4643757, -22.257257599999978 ], [ 166.464474599999988, -22.2581319 ], [ 166.463994499999984, -22.258179 ], [ 166.4632317, -22.2578779 ], [ 166.4630402, -22.258436 ], [ 166.4633507, -22.258537100000026 ], [ 166.4634912, -22.2587416 ], [ 166.464058, -22.2589074 ], [ 166.4646688, -22.2588918 ], [ 166.4644381, -22.25989120000002 ], [ 166.464523499999984, -22.261263199999977 ], [ 166.4640751, -22.2611921 ], [ 166.4639033, -22.261368800000028 ], [ 166.4641254, -22.261607600000016 ], [ 166.4641255, -22.2620045 ], [ 166.464583799999986, -22.2632706 ], [ 166.4643208, -22.26335149999996 ], [ 166.464388099999979, -22.263541399999987 ], [ 166.4654071, -22.263410700000019 ], [ 166.4657322, -22.2624274 ], [ 166.468496, -22.2623543 ], [ 166.4686275, -22.262128300000033 ], [ 166.46885469999998, -22.262053100000021 ], [ 166.469176, -22.262336500000025 ], [ 166.47009749999998, -22.262711600000014 ], [ 166.4713071, -22.262711100000011 ], [ 166.4720864, -22.262967399999972 ], [ 166.4721476, -22.263760599999987 ], [ 166.471954, -22.2644567 ], [ 166.4724137, -22.2647897 ], [ 166.472505899999987, -22.264680399999978 ], [ 166.4737017, -22.2646845 ], [ 166.473924, -22.264502 ], [ 166.473888099999982, -22.2619666 ], [ 166.47398339999998, -22.261593499999989 ], [ 166.4751291, -22.259881400000015 ], [ 166.475854199999986, -22.25901240000001 ], [ 166.474352899999985, -22.2572708 ], [ 166.4741981, -22.255884 ], [ 166.47349890000001, -22.2558397 ], [ 166.4734832, -22.253681099999984 ], [ 166.473149300000017, -22.2536216 ], [ 166.473188099999987, -22.253124 ], [ 166.473020199999979, -22.2525342 ], [ 166.472377599999987, -22.252402 ] ] ] } },
{ "type": "Feature", "properties": { "code_bv": "0051", "bureau_secteur": "ECOLE MICHEL AMIOT", "site_regroupement": "COLLEGE JEAN LÈQUES", "last_edited_date": 1782254723000.0, "bureau_nom_habituel": "Ecole Michel AMIOT", "inscrits_municipales": 1256.0, "abstention_municipales": 44.824840764331213, "inscrits_provinciales": 1032.0, "abstention_provinciales": 27.13 }, "geometry": { "type": "Polygon", "coordinates": [ [ [ 166.4688414, -22.267932300000012 ], [ 166.4670573, -22.2666204 ], [ 166.466765, -22.268377200000014 ], [ 166.4680674, -22.271933099999988 ], [ 166.4682058, -22.2722029 ], [ 166.468407099999979, -22.272250199999984 ], [ 166.468691799999988, -22.2731196 ], [ 166.4688587, -22.273274 ], [ 166.4686946, -22.273997799999968 ], [ 166.4692718, -22.274552900000018 ], [ 166.469140400000015, -22.2754306 ], [ 166.468758799999989, -22.2767101 ], [ 166.4685786, -22.276807 ], [ 166.4682513, -22.276701200000034 ], [ 166.468036900000016, -22.2764537 ], [ 166.4665248, -22.2767688 ], [ 166.4665623, -22.277118700000017 ], [ 166.466102, -22.2774565 ], [ 166.4656819, -22.278832 ], [ 166.465571900000015, -22.2787705 ], [ 166.465438399999982, -22.2789138 ], [ 166.466037, -22.2793288 ], [ 166.4658517, -22.2798212 ], [ 166.465974499999987, -22.2801631 ], [ 166.4658221, -22.2805503 ], [ 166.467401, -22.280860699999966 ], [ 166.4682655, -22.2808843 ], [ 166.468795600000021, -22.280578600000023 ], [ 166.4690516, -22.280129099999989 ], [ 166.4693895, -22.2788038 ], [ 166.4691057, -22.2768437 ], [ 166.469155, -22.2765153 ], [ 166.46965, -22.2756246 ], [ 166.4695338, -22.275235399999982 ], [ 166.4696222, -22.274872499999969 ], [ 166.469511899999986, -22.274681 ], [ 166.46955029999998, -22.274263300000023 ], [ 166.4695653, -22.2745689 ], [ 166.4697821, -22.2747656 ], [ 166.47029569999998, -22.274863800000031 ], [ 166.4705941, -22.274345799999981 ], [ 166.4706859, -22.273798 ], [ 166.470269799999983, -22.273679799999947 ], [ 166.4697516, -22.273771100000015 ], [ 166.4695586, -22.274184499999979 ], [ 166.469914499999987, -22.2715911 ], [ 166.46992659999998, -22.2706633 ], [ 166.469982, -22.271443299999987 ], [ 166.470887, -22.2728343 ], [ 166.470813199999981, -22.273524900000016 ], [ 166.471229300000033, -22.273792400000012 ], [ 166.471661499999982, -22.273408 ], [ 166.4719031, -22.2722805 ], [ 166.472066499999983, -22.2718625 ], [ 166.4722755, -22.2717341 ], [ 166.471765399999981, -22.2711743 ], [ 166.4719921, -22.271060700000014 ], [ 166.47230380000002, -22.271163399999981 ], [ 166.4724344, -22.271102299999988 ], [ 166.4724721, -22.2708257 ], [ 166.473890499999982, -22.270148100000032 ], [ 166.4742594, -22.270226800000017 ], [ 166.4745413, -22.2700701 ], [ 166.4748247, -22.270076 ], [ 166.4748347, -22.2698325 ], [ 166.475327400000026, -22.270129800000014 ], [ 166.4759319, -22.2702977 ], [ 166.4760072, -22.2702062 ], [ 166.475551199999984, -22.269590800000021 ], [ 166.47562689999998, -22.268982 ], [ 166.475385599999981, -22.268638 ], [ 166.4748778, -22.268800599999977 ], [ 166.4742436, -22.268628 ], [ 166.4737739, -22.268945 ], [ 166.473599899999982, -22.2689124 ], [ 166.473158499999982, -22.2686173 ], [ 166.4720249, -22.267411099999986 ], [ 166.4717751, -22.267358200000022 ], [ 166.4709867, -22.266743 ], [ 166.470253099999979, -22.2668472 ], [ 166.469264, -22.2678237 ], [ 166.4688414, -22.267932300000012 ] ] ] } },
{ "type": "Feature", "properties": { "code_bv": "0052", "bureau_secteur": "ECOLE CHARLES BICHON", "site_regroupement": "SALLE OMNISPORT ANSE VATA", "last_edited_date": 1782254723000.0, "bureau_nom_habituel": "Ecole Charles BICHON", "inscrits_municipales": 1265.0, "abstention_municipales": 53.043478260869563, "inscrits_provinciales": 679.0, "abstention_provinciales": 30.63 }, "geometry": { "type": "Polygon", "coordinates": [ [ [ 166.4441172, -22.2786561 ], [ 166.443487299999987, -22.279017 ], [ 166.443179499999985, -22.278731699999959 ], [ 166.443056, -22.2777951 ], [ 166.44124739999998, -22.277916299999973 ], [ 166.4411949, -22.2771177 ], [ 166.4382096, -22.278761200000044 ], [ 166.4381128, -22.2786243 ], [ 166.43778469999998, -22.2788242 ], [ 166.4376705, -22.278661199999984 ], [ 166.4371267, -22.278988099999975 ], [ 166.4372319, -22.279138899999975 ], [ 166.4371248, -22.279204899999975 ], [ 166.437019099999986, -22.2790541 ], [ 166.436874700000033, -22.279140499999968 ], [ 166.436033200000026, -22.277867600000015 ], [ 166.4361601, -22.277376 ], [ 166.4362835, -22.2773729 ], [ 166.4363938, -22.277097099999967 ], [ 166.4363017, -22.277019399999972 ], [ 166.4365101, -22.2767838 ], [ 166.436356499999988, -22.276650199999963 ], [ 166.4358881, -22.277830499999972 ], [ 166.4364745, -22.2788759 ], [ 166.4350259, -22.2798039 ], [ 166.4352563, -22.280455599999982 ], [ 166.4350787, -22.2806277 ], [ 166.434901699999983, -22.280628300000043 ], [ 166.434660499999978, -22.2808269 ], [ 166.4346124, -22.280728100000012 ], [ 166.433974, -22.280882900000034 ], [ 166.4334278, -22.2814393 ], [ 166.432466399999981, -22.282858099999984 ], [ 166.432391, -22.2833713 ], [ 166.4325533, -22.2838929 ], [ 166.4327683, -22.284089600000019 ], [ 166.4332172, -22.284210399999989 ], [ 166.433390299999985, -22.284150200000017 ], [ 166.4334814, -22.284268299999972 ], [ 166.4334993, -22.284124 ], [ 166.433936300000028, -22.284008700000012 ], [ 166.434669, -22.2842082 ], [ 166.435024699999985, -22.2838603 ], [ 166.4349943, -22.2837881 ], [ 166.434896899999984, -22.283772099999965 ], [ 166.4349776, -22.283874699999963 ], [ 166.4346694, -22.28418150000001 ], [ 166.434229700000031, -22.2837902 ], [ 166.4345308, -22.283459 ], [ 166.4348353, -22.2837159 ], [ 166.4348947, -22.283280500000028 ], [ 166.435000399999979, -22.283318899999976 ], [ 166.434949499999988, -22.28318950000001 ], [ 166.4351474, -22.282932 ], [ 166.4354874, -22.2827616 ], [ 166.43659420000003, -22.2827685 ], [ 166.4381281, -22.283701599999986 ], [ 166.4398794, -22.283722799999982 ], [ 166.4398233, -22.2841022 ], [ 166.439364899999987, -22.284751499999974 ], [ 166.439308, -22.2851054 ], [ 166.439469800000012, -22.285433799999982 ], [ 166.4401915, -22.2860171 ], [ 166.4403021, -22.285964100000012 ], [ 166.4402603, -22.285798499999984 ], [ 166.439584699999983, -22.285388 ], [ 166.439432100000033, -22.28508350000002 ], [ 166.439521899999988, -22.2847157 ], [ 166.439969, -22.284174299999989 ], [ 166.4406525, -22.2844949 ], [ 166.441616, -22.2844751 ], [ 166.4429585, -22.2846773 ], [ 166.442972, -22.284008399999976 ], [ 166.4430648, -22.2839788 ], [ 166.443734, -22.284115300000014 ], [ 166.4446279, -22.284706200000016 ], [ 166.4441172, -22.2786561 ] ] ] } },
{ "type": "Feature", "properties": { "code_bv": "0053", "bureau_secteur": "ECOLE LES LYS", "site_regroupement": "SALLE OMNISPORT ANSE VATA", "last_edited_date": 1782254723000.0, "bureau_nom_habituel": "Ecole Les LYS", "inscrits_municipales": 1371.0, "abstention_municipales": 48.796498905908095, "inscrits_provinciales": 777.0, "abstention_provinciales": 21.11 }, "geometry": { "type": "Polygon", "coordinates": [ [ [ 166.4447097, -22.2986893 ], [ 166.4452746, -22.2955152 ], [ 166.444263399999983, -22.2953146 ], [ 166.444210199999986, -22.294993500000029 ], [ 166.4423324, -22.295121 ], [ 166.4423625, -22.2954813 ], [ 166.441948199999985, -22.296631 ], [ 166.4412149, -22.2983442 ], [ 166.4409959, -22.298300199999986 ], [ 166.4410962, -22.298851899999974 ], [ 166.440848, -22.299056200000024 ], [ 166.440769499999988, -22.29946 ], [ 166.440447, -22.299378699999973 ], [ 166.4403039, -22.298779200000013 ], [ 166.4397181, -22.2979426 ], [ 166.4391081, -22.297860100000015 ], [ 166.4388118, -22.2965452 ], [ 166.43844679999998, -22.295968899999981 ], [ 166.438329, -22.2960319 ], [ 166.438046, -22.2957317 ], [ 166.4381597, -22.295659 ], [ 166.4380538, -22.2954864 ], [ 166.437922499999985, -22.295586500000024 ], [ 166.4377012, -22.2953899 ], [ 166.437400199999985, -22.295751 ], [ 166.4377173, -22.2961538 ], [ 166.438033600000011, -22.2968657 ], [ 166.438307499999979, -22.298329799999976 ], [ 166.4382583, -22.299471299999972 ], [ 166.43799629999998, -22.300461899999977 ], [ 166.4376006, -22.301173 ], [ 166.437114899999983, -22.30158859999997 ], [ 166.4360854, -22.301559899999976 ], [ 166.435254, -22.301728600000011 ], [ 166.4348736, -22.301964399999989 ], [ 166.4344285, -22.302546700000018 ], [ 166.434346200000022, -22.3028461 ], [ 166.434536799999989, -22.303373299999976 ], [ 166.4343533, -22.303676099999983 ], [ 166.4349828, -22.303768199999979 ], [ 166.4352929, -22.303598799999971 ], [ 166.435663299999987, -22.3035782 ], [ 166.435873, -22.303414600000036 ], [ 166.4364171, -22.303425599999979 ], [ 166.436886, -22.3036136 ], [ 166.436729599999978, -22.30398389999997 ], [ 166.437245499999989, -22.303458399999982 ], [ 166.438388899999978, -22.303236199999979 ], [ 166.4393072, -22.3028659 ], [ 166.4408234, -22.3026944 ], [ 166.4438013, -22.3029354 ], [ 166.4454481, -22.303370100000027 ], [ 166.446241900000018, -22.303738 ], [ 166.446981599999987, -22.30427259999998 ], [ 166.4475069, -22.305275600000019 ], [ 166.4476656, -22.3052601 ], [ 166.4474617, -22.3054011 ], [ 166.4476852, -22.3058795 ], [ 166.447702599999985, -22.3070311 ], [ 166.4484885, -22.3085273 ], [ 166.4485465, -22.309914099999983 ], [ 166.4499276, -22.309978499999986 ], [ 166.4504006, -22.309662899999989 ], [ 166.45086809999998, -22.3097593 ], [ 166.45114959999998, -22.309489300000013 ], [ 166.4508868, -22.3091934 ], [ 166.4519406, -22.3072425 ], [ 166.4519938, -22.3067874 ], [ 166.451867, -22.306677300000025 ], [ 166.451351, -22.306612300000033 ], [ 166.4512134, -22.306769700000011 ], [ 166.45032470000001, -22.306215799999972 ], [ 166.450108699999987, -22.3065158 ], [ 166.4494943, -22.3069239 ], [ 166.4490892, -22.3069575 ], [ 166.4484909, -22.306693900000017 ], [ 166.448078399999986, -22.305416099999988 ], [ 166.448298, -22.3047809 ], [ 166.448301599999979, -22.3040217 ], [ 166.447878799999984, -22.304130699999984 ], [ 166.447681099999983, -22.303675 ], [ 166.4475113, -22.303608 ], [ 166.4475158, -22.303398 ], [ 166.447683, -22.303401099999988 ], [ 166.4476867, -22.303225399999988 ], [ 166.4462771, -22.3012628 ], [ 166.4461767, -22.300343200000029 ], [ 166.44489249999998, -22.300464399999964 ], [ 166.4447097, -22.2986893 ] ] ] } },
{ "type": "Feature", "properties": { "code_bv": "0054", "bureau_secteur": "ECOLE LE PETIT POUCET", "site_regroupement": "ECOLE C.T. DE LAUBARÈDE (EX PETIT POUCET)", "last_edited_date": 1782254723000.0, "bureau_nom_habituel": "Ecole Céline TEYSSANDIER DE LAUBAREDE", "inscrits_municipales": 1283.0, "abstention_municipales": 53.390491036632895, "inscrits_provinciales": 1023.0, "abstention_provinciales": 37.93 }, "geometry": { "type": "Polygon", "coordinates": [ [ [ 166.4529958, -22.2585861 ], [ 166.4523199, -22.2572562 ], [ 166.4516491, -22.2576526 ], [ 166.4513364, -22.257706100000011 ], [ 166.4502014, -22.2576341 ], [ 166.449178, -22.258276300000027 ], [ 166.449027699999988, -22.2582333 ], [ 166.4484405, -22.2585621 ], [ 166.4478981, -22.2590139 ], [ 166.447537399999987, -22.258901200000015 ], [ 166.447158, -22.259006499999987 ], [ 166.4471892, -22.25912970000001 ], [ 166.447473200000019, -22.2592625 ], [ 166.4474411, -22.259351099999989 ], [ 166.44767, -22.2594265 ], [ 166.447579099999984, -22.259677399999983 ], [ 166.4478517, -22.2598676 ], [ 166.4479154, -22.2601623 ], [ 166.447638399999988, -22.2604663 ], [ 166.4474913, -22.260420399999969 ], [ 166.4473743, -22.260713399999972 ], [ 166.447680599999984, -22.2608091 ], [ 166.4469829, -22.2627316 ], [ 166.446811700000012, -22.2628897 ], [ 166.446798199999989, -22.263240299999971 ], [ 166.44653409999998, -22.2633897 ], [ 166.446458399999983, -22.2635986 ], [ 166.4460819, -22.2634802 ], [ 166.445212699999985, -22.263784499999979 ], [ 166.444702899999982, -22.2643574 ], [ 166.446368299999989, -22.264818899999952 ], [ 166.446321399999988, -22.264954500000027 ], [ 166.4468339, -22.2652095 ], [ 166.4469627, -22.265533699999953 ], [ 166.4470489, -22.26615229999997 ], [ 166.4463762, -22.266645699999987 ], [ 166.445767099999983, -22.266910600000021 ], [ 166.4458813, -22.268339799999982 ], [ 166.445027499999981, -22.268401899999976 ], [ 166.4450397, -22.268541600000013 ], [ 166.4447059, -22.26856830000002 ], [ 166.444674099999986, -22.270330899999969 ], [ 166.445082, -22.271323699999982 ], [ 166.4450994, -22.271644800000036 ], [ 166.4447233, -22.272212199999984 ], [ 166.4462844, -22.273018399999962 ], [ 166.4462173, -22.272222199999984 ], [ 166.445636899999982, -22.271405 ], [ 166.4454206, -22.270675799999978 ], [ 166.4457458, -22.270287600000017 ], [ 166.4458426, -22.2694163 ], [ 166.446086799999989, -22.2688104 ], [ 166.44708, -22.268941099999989 ], [ 166.447218099999986, -22.268452699999955 ], [ 166.447697, -22.2685549 ], [ 166.4485719, -22.269020400000024 ], [ 166.449077099999982, -22.269459900000022 ], [ 166.44881060000003, -22.2689911 ], [ 166.450978, -22.2678771 ], [ 166.4508155, -22.2670501 ], [ 166.4504153, -22.2662381 ], [ 166.4510305, -22.2662926 ], [ 166.4511382, -22.266022799999984 ], [ 166.451490299999989, -22.265805 ], [ 166.451543499999985, -22.265387299999979 ], [ 166.451803499999983, -22.265304499999974 ], [ 166.4521277, -22.2656697 ], [ 166.452345799999989, -22.2656112 ], [ 166.45238089999998, -22.265729499999981 ], [ 166.452329599999985, -22.2659022 ], [ 166.45200939999998, -22.266061299999986 ], [ 166.452292799999981, -22.266281099999986 ], [ 166.452213699999987, -22.267094400000015 ], [ 166.451818800000012, -22.267553799999988 ], [ 166.451868599999983, -22.2684653 ], [ 166.451428599999986, -22.2684499 ], [ 166.4513648, -22.2688268 ], [ 166.451639299999982, -22.269567899999984 ], [ 166.451186, -22.270013099999975 ], [ 166.451225, -22.2701004 ], [ 166.4517713, -22.2694992 ], [ 166.4517727, -22.2690677 ], [ 166.45198689999998, -22.268346099999977 ], [ 166.451845699999978, -22.267620299999983 ], [ 166.452222899999981, -22.267308 ], [ 166.452352199999979, -22.267010900000013 ], [ 166.4524831, -22.265011 ], [ 166.4523551, -22.264857899999956 ], [ 166.452372, -22.2645816 ], [ 166.453780599999988, -22.264665 ], [ 166.4537915, -22.264819800000023 ], [ 166.4544852, -22.2648571 ], [ 166.454520699999989, -22.264548400000013 ], [ 166.454988899999989, -22.2649621 ], [ 166.45503770000002, -22.2648625 ], [ 166.4552439, -22.264982699999965 ], [ 166.45519539999998, -22.265082299999982 ], [ 166.455411699999985, -22.2652085 ], [ 166.4567102, -22.265463500000013 ], [ 166.457340499999987, -22.2648137 ], [ 166.4578639, -22.264647300000011 ], [ 166.457996399999985, -22.2644374 ], [ 166.4580201, -22.2642646 ], [ 166.4563876, -22.262357799999972 ], [ 166.45571289999998, -22.2620282 ], [ 166.454624600000017, -22.261177299999961 ], [ 166.4543645, -22.2611241 ], [ 166.4537915, -22.2607372 ], [ 166.453564799999981, -22.260185200000013 ], [ 166.4537894, -22.2591757 ], [ 166.4529958, -22.2585861 ] ] ] } },
{ "type": "Feature", "properties": { "code_bv": "0055", "bureau_secteur": "ECOLE SERGE LAIGLE", "site_regroupement": "ECOLES COURTOT/GERVOLINO", "last_edited_date": 1782254723000.0, "bureau_nom_habituel": "Ecole Serge LAIGLE", "inscrits_municipales": 1449.0, "abstention_municipales": 39.061421670117319, "inscrits_provinciales": 1071.0, "abstention_provinciales": 20.35 }, "geometry": { "type": "Polygon", "coordinates": [ [ [ 166.484880299999986, -22.2287822 ], [ 166.484337499999981, -22.229396400000017 ], [ 166.4841688, -22.230342200000017 ], [ 166.483159199999989, -22.2304694 ], [ 166.483223399999986, -22.230862400000028 ], [ 166.4822582, -22.230862700000039 ], [ 166.48175, -22.2305465 ], [ 166.481440699999979, -22.230689400000021 ], [ 166.4814271, -22.2310012 ], [ 166.4816932, -22.23155 ], [ 166.48205, -22.2317691 ], [ 166.4826286, -22.231855900000017 ], [ 166.4820216, -22.2324121 ], [ 166.4819467, -22.23267210000003 ], [ 166.482053399999984, -22.2334244 ], [ 166.4815519, -22.2342372 ], [ 166.4819248, -22.235578900000025 ], [ 166.482947599999989, -22.2362238 ], [ 166.4834042, -22.236646099999959 ], [ 166.483773600000035, -22.237237 ], [ 166.484557199999983, -22.237063700000022 ], [ 166.486209699999989, -22.236045400000023 ], [ 166.486310799999984, -22.235849399999989 ], [ 166.486713899999984, -22.2360029 ], [ 166.4869306, -22.2363142 ], [ 166.48745, -22.235831 ], [ 166.4877333, -22.235370799999973 ], [ 166.487920399999979, -22.23529060000001 ], [ 166.4879297, -22.235011299999979 ], [ 166.4879977, -22.235331 ], [ 166.48816309999998, -22.235357099999977 ], [ 166.488837, -22.2360195 ], [ 166.4888991, -22.2365128 ], [ 166.489859699999982, -22.236589499999983 ], [ 166.4907929, -22.237351 ], [ 166.49062840000002, -22.237782500000012 ], [ 166.4907475, -22.237845299999989 ], [ 166.490768799999984, -22.238120199999983 ], [ 166.490284799999984, -22.239123 ], [ 166.4927069, -22.240362 ], [ 166.493757, -22.2400091 ], [ 166.4965483, -22.238772400000013 ], [ 166.498268599999989, -22.2391844 ], [ 166.5001388, -22.2402841 ], [ 166.500945799999982, -22.240462900000015 ], [ 166.502052699999979, -22.2410321 ], [ 166.503431799999987, -22.241355299999988 ], [ 166.503926600000028, -22.24117870000001 ], [ 166.504070499999983, -22.240851899999988 ], [ 166.5038595, -22.2404783 ], [ 166.5039591, -22.240171499999988 ], [ 166.503245099999987, -22.238793300000015 ], [ 166.5014828, -22.238365200000011 ], [ 166.498459699999984, -22.235747600000014 ], [ 166.498031199999986, -22.23482910000001 ], [ 166.497515199999981, -22.2344706 ], [ 166.4967055, -22.233470500000031 ], [ 166.4960231, -22.2331597 ], [ 166.494879799999978, -22.233814700000021 ], [ 166.494787299999984, -22.233684500000013 ], [ 166.494627499999979, -22.233787299999989 ], [ 166.4947144, -22.233909399999987 ], [ 166.4931023, -22.234833 ], [ 166.491423699999984, -22.2343725 ], [ 166.4899207, -22.2333498 ], [ 166.4893452, -22.2322417 ], [ 166.488120399999985, -22.232366699999982 ], [ 166.4880139, -22.231787699999973 ], [ 166.48758429999998, -22.231184799999983 ], [ 166.484880299999986, -22.2287822 ] ] ] } },
{ "type": "Feature", "properties": { "code_bv": "0056", "bureau_secteur": "ECOLE GUY CHAMPMOREAU", "site_regroupement": "SALLE OMNISPORT ANSE VATA", "last_edited_date": 1782254723000.0, "bureau_nom_habituel": "Ecole Guy CHAMPMOREAU", "inscrits_municipales": 1674.0, "abstention_municipales": 52.867383512544805, "inscrits_provinciales": 1306.0, "abstention_provinciales": 37.44 }, "geometry": { "type": "Polygon", "coordinates": [ [ [ 166.457997899999981, -22.2857287 ], [ 166.45902959999998, -22.2849094 ], [ 166.459124399999979, -22.2847039 ], [ 166.4559367, -22.2839999 ], [ 166.4551395, -22.284212799999978 ], [ 166.454127699999987, -22.285466700000015 ], [ 166.4536072, -22.2850977 ], [ 166.4526012, -22.286362 ], [ 166.4525992, -22.2870599 ], [ 166.452341499999989, -22.287344900000019 ], [ 166.452108, -22.287115500000017 ], [ 166.451738, -22.287441599999983 ], [ 166.4496306, -22.287870700000017 ], [ 166.4493259, -22.2888552 ], [ 166.4497796, -22.289020700000016 ], [ 166.4495111, -22.2898885 ], [ 166.4526639, -22.291038599999965 ], [ 166.452809, -22.2909873 ], [ 166.4529393, -22.290678400000012 ], [ 166.4531017, -22.2907377 ], [ 166.45345709999998, -22.290540599999961 ], [ 166.45333549999998, -22.290350700000026 ], [ 166.4535612, -22.290060400000016 ], [ 166.4538557, -22.2887934 ], [ 166.4542595, -22.28844770000002 ], [ 166.4542931, -22.288748300000016 ], [ 166.45447919999998, -22.2887057 ], [ 166.4546358, -22.2891958 ], [ 166.4552842, -22.289567599999987 ], [ 166.4555102, -22.289515799999972 ], [ 166.456031699999983, -22.2914888 ], [ 166.457398499999982, -22.292004100000018 ], [ 166.4595081, -22.292446699999982 ], [ 166.459433099999984, -22.289376099999977 ], [ 166.4592501, -22.288975499999982 ], [ 166.4589642, -22.288701200000023 ], [ 166.4589833, -22.288281199999972 ], [ 166.4591212, -22.288039200000014 ], [ 166.4586869, -22.288414 ], [ 166.458530199999984, -22.288424700000014 ], [ 166.4578888, -22.287979100000022 ], [ 166.457714899999985, -22.2876643 ], [ 166.457604299999986, -22.286542599999983 ], [ 166.457469799999984, -22.28644580000001 ], [ 166.457997899999981, -22.2857287 ] ] ] } },
{ "type": "Feature", "properties": { "code_bv": "0057", "bureau_secteur": "MAIRIE 3", "site_regroupement": "HOTEL DE VILLE", "last_edited_date": 1782254723000.0, "bureau_nom_habituel": "Ecole MAIRIE 3 - Bureau Dérogatoire", "inscrits_municipales": 83.0, "abstention_municipales": 96.385542168674704, "inscrits_provinciales": 62.0, "abstention_provinciales": 95.16 }, "geometry": { "type": "Polygon", "coordinates": [ [ [ 166.4397645, -22.2708323 ], [ 166.43976619999998, -22.2708337 ], [ 166.439766, -22.2708321 ], [ 166.4397645, -22.2708323 ] ] ] } }
]
}
